ts,open,high,low,close,volume
1787285640,74849.3,74866.8,74825.7,74866.8,10.07202800
1787285700,74866.8,74892.8,74856.2,74892.7,4.86725200
1787285760,74892.7,74918.9,74829.2,74844.9,10.94186300
1787285820,74844.9,74845,74807.8,74829.2,10.70728100
1787285880,74829.2,74904.5,74829.2,74904.4,8.29436000
1787285940,74899.4,74920.6,74860.8,74860.8,10.92278200
1787286000,74860.8,74881.4,74860.8,74881.4,4.04569500
1787286060,74881.4,74906.3,74881.3,74882,0.37699600
1787286120,74894.1,74911.6,74885.7,74888.8,0.27904100
1787286180,74897,74944.3,74889.5,74903.2,0.88947100
1787286240,74903.2,74908.3,74857.2,74857.2,0.28136600
1787286300,74851.8,74859.3,74802,74803.2,3.36509600
1787286360,74803.2,74889.4,74791.3,74844.3,5.60538600
1787286420,74843.7,74843.7,74821.4,74839.7,3.06423300
1787286480,74842,74851.4,74825.9,74825.9,2.55135000
1787286540,74825.7,74825.7,74784.2,74818.8,2.89043600
1787286600,74818.8,74818.8,74784.2,74784.5,4.07664000
1787286660,74798.5,74919.4,74798.5,74919.4,5.33365900
1787286720,74919.5,74993.7,74919.4,74960.6,5.65245800
1787286780,74960.6,74995.3,74911.7,74922.6,6.35979500
1787286840,74931,74968.2,74931,74968.1,4.77773700
1787286900,74968.2,74991.9,74952.3,74977.5,9.31363000
1787286960,74977.5,74989.1,74961.1,74961.1,5.97206400
1787287020,74957.2,74972.3,74952.9,74972.3,5.88291800
1787287080,74977.5,74977.6,74944.4,74962.1,6.47870500
1787287140,74962.1,74962.2,74927.5,74927.5,6.74643000
1787287200,74927.6,74938.7,74889.4,74892.4,4.21748500
1787287260,74904.4,74926.5,74904.4,74905.6,4.48275700
1787287320,74905.4,74905.4,74851.9,74896.9,6.02234800
1787287380,74896.8,74948.9,74893.6,74939,4.96424900
1787287440,74946.3,74961.8,74938.9,74961.7,3.23905300
1787287500,74961.7,74961.8,74925.5,74949.7,5.26130600
1787287560,74949.6,75025.2,74947.1,75017.6,7.30855500
1787287620,75017.6,75032.2,75010.2,75012.4,5.86549800
1787287680,75012.5,75035.5,75012.5,75025.2,4.74131000
1787287740,75028.1,75035.6,74984.7,74984.8,4.81074800
1787287800,74984.8,75002.6,74984.8,74997.8,5.97930600
1787287860,74997.8,75002.4,74936.2,74972.3,8.76940200
1787287920,74972.3,74985.9,74968,74976.4,6.74900600
1787287980,74976.4,75000,74954,74999.6,9.88011700
1787288040,74999.5,75037,74999.5,75030.6,7.63952600
1787288100,75030.7,75039.7,75030.6,75039.6,5.41515500
1787288160,75039.7,75044.5,74981.9,75002.4,5.86524300
1787288220,75002.4,75020,75000.5,75020,8.18122400
1787288280,75019.9,75020,74995,75001.6,4.16167200
1787288340,75001.7,75029.2,75001.5,75029.2,7.91318000
1787288400,75030.4,75030.4,74979.3,74979.3,6.22631100
1787288460,74979.4,75022.5,74979.3,75022.5,6.02560900
1787288520,75022.5,75042.9,75022.5,75042.8,3.90300400
1787288580,75042.8,75118.4,75031,75049.5,6.41906700
1787288640,75049.5,75057.7,74912.3,74961.4,9.85582100
1787288700,74961.5,75219.9,74958,75168.6,11.41461500
1787288760,75166,75167.1,75097.1,75102.7,11.69682100
1787288820,75103.8,75138.4,75097.2,75110.4,7.62392100
1787288880,75110.5,75127.7,75105.5,75105.5,10.01783500
1787288940,75108.7,75142.8,75088.3,75142.8,9.06251800
1787289000,75142.7,75249.9,75137.7,75249.9,10.25259100
1787289060,75250,75250,75188,75249,12.53645800
1787289120,75248.9,75264.1,75211,75214.5,12.35183700
1787289180,75214.6,75271.8,75214.5,75271.8,9.25810200
1787289240,75271.8,75362.1,75264.2,75322.5,16.07817400
1787289300,75322.4,75355.4,75198.5,75317.5,17.55967800
1787289360,75317.7,75362.5,75289.3,75340.2,11.97042500
1787289420,75362.6,75374.9,75338.5,75374.9,16.02782300
1787289480,75375,75499.8,75374.9,75435.9,13.74897000
1787289540,75445.2,75445.2,75372.7,75386,13.34055700
1787289600,75385.9,75499.8,75372.7,75417.4,16.40006900
1787289660,75417.4,75453.4,75386.1,75395.4,16.19796400
1787289720,75395.3,75445.2,75386.6,75417.6,15.54193100
1787289780,75417.6,75424.1,75276.2,75317.3,12.77334800
1787289840,75317.4,75331.3,75287,75298.9,13.80686700
1787289900,75304.5,75304.5,75203.5,75226.2,10.07749100
1787289960,75226.2,75257.4,75162.5,75162.5,12.02074200
1787290020,75162.4,75198.8,75059.5,75180,15.87700900
1787290080,75177.6,75283.1,75127.8,75283.1,13.07362700
1787290140,75283,75283,75201,75202.8,13.04797500
1787290200,75198.4,75198.4,75153.9,75157.1,17.36536500
1787290260,75157.1,75188.3,75144.2,75176.6,16.15911000
1787290320,75176.7,75181,75105,75109.6,14.53619200
1787290380,75109.5,75184.1,75100.8,75175.7,15.14982900
1787290440,75175.7,75271.8,75175.7,75219.7,14.54004200
1787290500,75223,75226.2,75177.9,75188.3,8.56392300
1787290560,75188.3,75233.8,75188.3,75233.8,11.64607300
1787290620,75233.8,75285,75232.9,75259.3,12.14847700
1787290680,75269.2,75269.2,75200.4,75261.7,10.02921100
1787290740,75261.7,75335.9,75261.6,75334.6,10.18355800
1787290800,75336,75384.4,75287,75287,10.79533200
1787290860,75285.8,75302.1,75205.5,75233.5,9.80697300
1787290920,75237.8,75340.3,75237.8,75285.8,8.05229000
1787290980,75285.8,75285.8,75249,75257.7,9.88139100
1787291040,75257.7,75305.7,75257.7,75278.5,9.61676000
1787291100,75279.4,75279.4,75238.5,75239.1,11.54408200
1787291160,75237.9,75249,75223.4,75223.5,9.86599300
1787291220,75223.6,75252.2,75213.8,75252.1,11.52339800
1787291280,75252.2,75275.3,75234.6,75270.9,10.26800700
1787291340,75271,75279.4,75256.6,75270,12.67239700
1787291400,75270,75366.5,75270,75366.5,10.52899200
1787291460,75366.6,75397.1,75279.4,75289,10.71018300
1787291520,75294.6,75366.6,75294.6,75366.6,11.51018300
1787291580,75366.6,75406,75348.7,75386,9.35361800
1787291640,75385.9,75393.5,75355.5,75358.3,11.44665200
1787291700,75358.3,75450.6,75358.3,75438.4,10.04661100
1787291760,75438.4,75438.4,75384.1,75406.2,11.37499400
1787291820,75402,75427.6,75393.6,75422.9,10.60539100
1787291880,75427.6,75452,75382.3,75393.6,12.10947700
1787291940,75399.9,75469.8,75399.9,75468,14.56581100
1787292000,75468.1,75468.1,75382.5,75391.7,12.37627500
1787292060,75405,75412.7,75378.1,75402.4,10.09543800
1787292120,75402.5,75420.5,75343.3,75343.3,11.98854900
1787292180,75351.9,75460.9,75351.9,75460.9,9.98571700
1787292240,75460.8,75470.6,75428.3,75435.1,11.05266400
1787292300,75435.2,75489.4,75393.9,75488.5,4.15649600
1787292360,75488.6,75488.6,75400,75466.1,7.48047100
1787292420,75466.2,75507.3,75466.2,75496.8,9.46388800
1787292480,75496.8,75525.4,75371.4,75428.3,9.94334700
1787292540,75428.2,75460.9,75412.9,75452.9,7.58087600
1787292600,75448.7,75448.7,75329.5,75329.5,18.61060100
1787292660,75329.5,75359.5,75283.6,75285.8,11.26636400
1787292720,75285.9,75321.4,75283.4,75289.2,10.48444900
1787292780,75301.2,75313.9,75273,75292.5,13.01680200
1787292840,75303,75306.8,75283.5,75292.4,14.21876800
1787292900,75294.4,75364.5,75294.4,75348.4,8.86380800
1787292960,75348.4,75370.5,75337.5,75344.3,8.57285300
1787293020,75349.6,75436.8,75349.6,75405.4,12.20009600
1787293080,75405.3,75405.3,75354.6,75360.1,11.69564800
1787293140,75360,75360,75268.5,75313.9,13.92395200
1787293200,75313.8,75313.8,75263.3,75283.4,3.65481100
1787293260,75268.3,75367.3,75266.6,75313.9,0.65335600
1787293320,75310.7,75310.7,75142.6,75142.6,3.87025100
1787293380,75148.6,75154.5,75102,75142.6,0.71787400
1787293440,75142.5,75237.8,75110.5,75237.8,1.34495600
1787293500,75236.7,75260.4,75196.6,75260.3,5.36098100
1787293560,75260.4,75427.3,75260.3,75412.9,9.81450800
1787293620,75405.4,75512.4,75405.4,75459,9.80225700
1787293680,75459,75459,75388.6,75388.6,9.40471600
1787293740,75388.6,75397.6,75336.8,75336.9,8.39048400
1787293800,75336.8,75405.3,75332.8,75405.3,5.26579400
1787293860,75412.7,75466.3,75412.7,75450.7,12.41690200
1787293920,75450.8,75585.6,75450.7,75577.5,15.63178000
1787293980,75585,75656.1,75566.7,75628.5,13.73273600
1787294040,75629.3,75644.7,75565.8,75631.6,11.13917900
1787294100,75631.6,75631.6,75557.5,75619.2,22.52633400
1787294160,75619.3,75619.3,75494,75548.7,13.19716300
1787294220,75548.7,75567.3,75519.8,75567.3,10.39824400
1787294280,75567.2,75604,75529.1,75603.6,14.82475900
1787294340,75604,75726.7,75604,75700.2,14.15979700
1787294400,75696.1,75741,75680.7,75681.6,11.48747500
1787294460,75681.5,75696.1,75566.5,75580.9,12.65378200
1787294520,75580.9,75581,75396,75396,15.13917300
1787294580,75396,75409.8,75323.6,75409.8,13.17123200
1787294640,75411.1,75499.9,75382.7,75401.4,14.17620200
1787294700,75397.8,75397.8,75290.8,75302.5,19.81274500
1787294760,75300.2,75329.1,75300.2,75308.3,17.62739100
1787294820,75308.3,75412.6,75306.3,75395.6,20.84147600
1787294880,75395.6,75475.1,75380.9,75468,21.50966500
1787294940,75468.1,75610.9,75468.1,75519.7,23.08231400
1787295000,75519.8,75550.4,75485,75488,10.10465700
1787295060,75488.1,75492.5,75470.7,75473,12.40828100
1787295120,75473,75531,75436.8,75436.8,17.49841900
1787295180,75435.8,75527.4,75420.5,75500,17.09373700
1787295240,75500,75570.2,75499.9,75546.2,16.55478000
1787295300,75546.2,75619,75533.4,75567.4,34.57434800
1787295360,75567.3,75627,75540,75625.9,24.57595900
1787295420,75625.9,75628.5,75573.4,75599.7,28.45275500
1787295480,75596.4,75596.4,75569,75588.6,24.83493500
1787295540,75588.7,75648,75588.6,75646.5,26.61249100
1787295600,75642.8,75703.3,75612.6,75703.3,14.55295600
1787295660,75704.8,75715.2,75650.1,75664.4,16.59191300
1787295720,75664.3,75874.2,75659.9,75832.7,21.49444200
1787295780,75832.7,75832.7,75758.3,75822.9,19.05403100
1787295840,75822.9,75822.9,75703.9,75730.8,14.73721600
1787295900,75730.8,75758.1,75648,75671.8,15.06460200
1787295960,75667.8,75769.1,75662.8,75709.7,18.86889300
1787296020,75719.5,75846,75719.4,75834.7,19.93153300
1787296080,75841,75895.5,75817.6,75888,19.17492000
1787296140,75887.9,75900,75855.6,75870.3,21.15322200
1787296200,75870.2,75974.8,75863.3,75953.2,20.45620400
1787296260,75953.2,76011.9,75907.8,76011.9,15.38367200
1787296320,76012,76020,75907.9,75917.9,20.43909600
1787296380,75931,75945.6,75915.6,75920.1,19.56210800
1787296440,75920,75969.7,75877.1,75969.7,14.93977200
1787296500,75969.6,76467.1,75936.3,76288.1,26.63942500
1787296560,76288.1,76917,76232.7,76635.5,34.14606900
1787296620,76635.4,76899.9,76494.7,76600.9,24.84959700
1787296680,76600.9,76666.5,76494.7,76542.7,23.94360800
1787296740,76532.2,76568.9,76460.4,76486,19.64413200
1787296800,76491.1,76527.3,76401,76457.5,82.88898100
1787296860,76466.9,76498.2,76370.9,76389.5,80.38392100
1787296920,76389.6,76431,76273.6,76277.7,93.54869900
1787296980,76277.7,76462.7,76260.1,76353.3,92.08526500
1787297040,76353.2,76420.3,76250,76250,98.70775200
1787297100,76250,76366.1,76249.9,76344.8,61.43798600
1787297160,76344.7,76363.7,76327.1,76333.7,46.76736300
1787297220,76333.7,76333.9,76272.2,76272.2,58.69255800
1787297280,76272.2,76384.9,76256.9,76384.9,56.13643200
1787297340,76384.9,76467.8,76384.8,76406.8,59.59624600
1787297400,76406.8,76507.4,76363.9,76447.4,28.91404700
1787297460,76447.5,76475.7,76401.1,76401.1,33.13315600
1787297520,76401.1,76491.4,76361.4,76491.4,28.26545400
1787297580,76491.3,76553.8,76306.5,76306.5,30.80241500
1787297640,76306.6,76402.1,76281.2,76375.7,26.57162600
1787297700,76375.8,76477.4,76368.9,76381.7,32.41866100
1787297760,76381.7,76436.4,76360.4,76389.6,36.48204600
1787297820,76389.6,76392.6,76293.6,76327,34.98249500
1787297880,76327.1,76426.9,76321.5,76397.4,32.55626100
1787297940,76397.5,76551.8,76387.2,76532.7,37.92260400
1787298000,76532.7,76585.3,76444.5,76547.4,11.94238500
1787298060,76561.9,76562,76496,76544.7,33.25274100
1787298120,76538.5,76704,76514.9,76704,38.83735600
1787298180,76704.4,76794.2,76633.1,76704,34.73867700
1787298240,76700.2,76700.2,76579.7,76593.6,35.58602500
1787298300,76593.5,76648.5,76502.1,76544.9,37.51908900
1787298360,76538.1,76585.6,76444.4,76554.3,37.90365600
1787298420,76554.3,76585.5,76517.9,76569,34.85767100
1787298480,76569.1,76593.9,76460.1,76493.8,37.36671600
1787298540,76493.9,76493.9,76411.5,76460,33.15239200
1787298600,76456.1,76490.8,76405.2,76406.1,36.11386400
1787298660,76406.1,76406.1,76347.7,76360.6,32.69096600
1787298720,76360.7,76367.9,76323.1,76344.3,37.02676500
1787298780,76344.3,76344.3,76305.2,76309.7,33.16664700
1787298840,76309.8,76366.1,76299.7,76327.2,33.51127800
1787298900,76327.1,76433.2,76324,76383.4,35.21653200
1787298960,76383.5,76445.1,76377.5,76431,31.96672100
1787299020,76431.1,76444.4,76362.8,76413.1,30.02404900
1787299080,76413.2,76413.3,76212,76231.1,29.36814200
1787299140,76231.1,76340.4,76223,76316.5,31.26951900
1787299200,76316.5,76387.2,76257.3,76357.8,58.59088700
1787299260,76357.7,76476.5,76338.5,76461.7,45.10685200
1787299320,76461.7,76500,76461.7,76499.9,54.25627500
1787299380,76499.9,76756.2,76499.9,76742.3,45.69674200
1787299440,76744.4,76744.4,76628.6,76636.3,42.58915200
1787299500,76636.2,76652,76582.9,76583,26.76709500
1787299560,76583,76583,76479.9,76505.4,27.42626500
1787299620,76505.5,76687.8,76501.4,76687.6,31.18336500
1787299680,76687.6,76847.4,76687.6,76843.6,34.78752400
1787299740,76843.6,76847.4,76648,76767.4,32.09795600
1787299800,76767.3,76767.4,76684.8,76722.8,19.22526100
1787299860,76722.8,76762.3,76700.3,76720.1,28.10228100
1787299920,76720,76950.2,76720,76885.5,28.73197600
1787299980,76893.1,77036.8,76888.8,77015.6,28.24821800
1787300040,77022.8,77194.6,76836,76902.3,23.94330000
1787300100,76902.3,76983.8,76851,76950.2,11.50700500
1787300160,76950.3,77190,76861.3,77018.3,35.57002800
1787300220,77015.8,77157.6,76975.9,77118,37.82029100
1787300280,77109.5,77230,77053.6,77204.7,38.04303600
1787300340,77204,77271.7,77101,77176.5,36.64582400
1787300400,77153.2,77201.9,77126.2,77143.4,34.38312500
1787300460,77131.6,77134.9,76988,77001.8,1.64009700
1787300520,76988.1,77111,76981.1,77111,1.66309300
1787300580,77111,77111,76937.1,77005.5,2.43615500
1787300640,77010.7,77075.9,76964.6,77028.4,2.33356600
1787300700,77031.5,77226.4,77031.5,77224.4,17.43457400
1787300760,77226.5,77428.5,77150,77150,25.50403200
1787300820,77141.9,77176.5,77030.9,77067.4,21.83891800
1787300880,77068.1,77230,77057.1,77080.7,18.11743600
1787300940,77087.1,77239.4,77050.7,77238.7,25.23877500
1787301000,77238.7,77289.9,77190.6,77267.9,23.00581300
1787301060,77262.7,77464.3,77176.6,77404.5,31.93728600
1787301120,77420.7,77487.5,77398.8,77464.7,27.84484600
1787301180,77464.7,77544.6,77389.6,77522.8,26.64333100
1787301240,77522.8,77567.5,77455.2,77565.3,27.26979600
1787301300,77565.4,77674.9,77539.6,77656.4,32.78076700
1787301360,77656.4,77656.4,77429.8,77506,33.58316900
1787301420,77506,77632.1,77455.3,77590.9,30.47685800
1787301480,77590.8,77676.2,77528.4,77537.5,30.09456900
1787301540,77540.3,77582.3,77456.8,77535.1,28.18970400
1787301600,77525.6,77613.5,77506.1,77542.9,32.58519300
1787301660,77532.9,77751.3,77529.2,77689.8,28.81572900
1787301720,77689.9,77800,77635.3,77729.9,30.02573700
1787301780,77736.8,77761.6,77611.3,77636.6,34.30128500
1787301840,77633.5,77761.3,77626.3,77654.2,33.33471300
1787301900,77654.3,77765.1,77580.7,77765,29.34089700
1787301960,77765.1,77876.6,77722.4,77839,35.64204000
1787302020,77839.1,78119.5,77839.1,77902.4,33.41448400
1787302080,77915.2,78082.3,77873.4,78008,34.22671700
1787302140,78003.3,78110.1,77941,77946.4,33.14667400
1787302200,77941,78244.6,77941,78140.7,39.31525500
1787302260,78161.1,78386.2,78141.1,78295.6,48.38020000
1787302320,78302.9,78500,78299.3,78467.3,46.88254000
1787302380,78467.4,78544.6,78423.1,78544.5,47.59878800
1787302440,78544.5,78688,78493.5,78663.9,47.29766300
1787302500,78663.9,78750,78589.7,78648.2,34.71734300
1787302560,78648.1,78808,78505.8,78791.6,58.97383100
1787302620,78784.4,79090.9,78720.7,79018.9,55.46921800
1787302680,79025.7,79345.9,78854.9,79271.4,55.35308700
1787302740,79271.4,79520,79128.3,79274.5,50.72850600
1787302800,79252.6,79379.8,78561.7,78751,53.89397000
1787302860,78750.5,78750.5,78282,78363.1,52.72051600
1787302920,78372.4,78429.1,78154.4,78369.6,61.54732300
1787302980,78369.5,78459.3,77612.2,77924.4,62.89450200
1787303040,77924.5,78076.9,77750.1,77866.6,56.43899900
1787303100,77857.1,78147,77689.9,77787.4,79.95105400
1787303160,77788.6,77793.8,77490.4,77714.7,91.14431000
1787303220,77708.6,77720.8,77262.1,77657.9,90.45704200
1787303280,77660.5,77732,77502,77693.7,80.18631600
1787303340,77668.2,77942.9,77668.2,77839.1,81.10514600
1787303400,77841.8,78025,77820.1,77933.7,77.74456200
1787303460,77923.6,78044.5,77840.7,78016.8,71.48311400
1787303520,78029.3,78162.1,77975.5,78133.6,68.23240000
1787303580,78139.8,78181.7,78035.9,78124.6,73.21772500
1787303640,78133.9,78151.8,77857.2,77883.9,75.02748000
1787303700,77883.8,77896.6,77472.3,77606.5,46.10903400
1787303760,77604.1,77788.7,77566.9,77752.1,40.86659000
1787303820,77752.1,77819,77606.3,77819,53.24843500
1787303880,77796.7,77954.6,77724.1,77724.1,33.36854900
1787303940,77724.1,77733,77581.4,77593.7,40.79969000
1787304000,77588.7,77793.7,77568.1,77779.2,18.18422000
1787304060,77768.9,77812.1,77620.4,77691.3,30.27623100
1787304120,77691.3,77716.9,77554.6,77657.6,33.49489100
1787304180,77657.7,77737.5,77614.9,77649.5,39.81354400
1787304240,77649.5,77715.9,77635.2,77658.1,31.82186200
1787304300,77656,77737.4,77589.3,77621.8,47.67854000
1787304360,77619,77703.2,77571.1,77571.1,26.48405700
1787304420,77571.1,77857,77571.1,77852,27.17491700
1787304480,77854.6,77867.6,77682.9,77788.8,22.77112100
1787304540,77788.8,77805,77667.5,77712.4,25.48219300
1787304600,77712.4,77726.5,77619.1,77707.5,19.01501100
1787304660,77707.5,77829.2,77653.4,77829.2,22.44055600
1787304720,77829.3,77964.2,77829.3,77926.7,21.95912600
1787304780,77926.7,77943,77802.6,77867.5,21.74846500
1787304840,77871.7,77960.6,77871.7,77910.5,21.80128700
1787304900,77919.3,77932.5,77804.3,77872.8,9.27374200
1787304960,77872.9,77896.5,77799.9,77896.5,18.95653800
1787305020,77896.5,78011.9,77896.5,77932.1,21.09914700
1787305080,77932,77967.3,77778.3,77862.6,17.29349600
1787305140,77858.7,77952,77858.7,77899.5,17.45417500
1787305200,77897.1,77926.3,77886.2,77894.2,27.46310300
1787305260,77896.9,77999.3,77896.9,77976.1,21.06556500
1787305320,77976.1,78070.6,77922.2,78057,20.54653300
1787305380,78057,78288.4,78040.8,78276.6,22.86719300
1787305440,78259,78350,78192.2,78197.6,21.03590700
1787305500,78197.7,78309.8,78190.2,78303.2,18.63289800
1787305560,78303.2,78363.7,78208,78233.4,30.28857900
1787305620,78233.4,78309.8,78113.2,78308.9,24.94330900
1787305680,78309,78354.8,78113.2,78158.5,25.48818000
1787305740,78158.5,78302.4,78135.2,78261.8,27.83353400
1787305800,78261.7,78283.9,77991.9,77991.9,27.16449600
1787305860,77993.4,78170.9,77973,78170.8,25.76536700
1787305920,78170.9,78244.9,78088.6,78126.8,24.68845600
1787305980,78126.7,78146.8,78025.2,78025.3,25.23037800
1787306040,78025.2,78180.2,78005.4,78081.5,24.54473000
1787306100,78105.9,78121,78016.2,78016.2,24.21455200
1787306160,78016.3,78070.2,77942.7,78070.2,21.66750200
1787306220,78062.8,78073.2,77580.6,77717,26.20011100
1787306280,77716.9,77819.3,77716.9,77742.6,23.15447800
1787306340,77723.1,77917,77721,77914.4,22.27174400
1787306400,77914.5,77941.3,77752.3,77848,27.82565100
1787306460,77848,77905.2,77800.7,77800.7,32.43216300
1787306520,77808.3,77919.4,77800.1,77824,30.62063600
1787306580,77824,77864.6,77727,77734,34.93240500
1787306640,77734.2,77774,77622.1,77665.2,33.03387600
1787306700,77670.4,77823,77656.1,77782.4,24.07977200
1787306760,77775.1,77775.2,77621.6,77759.2,25.02195100
1787306820,77759.2,77775,77662.3,77712.2,20.88845000
1787306880,77718.7,77735.8,77686.6,77686.6,22.19644300
1787306940,77686.6,77794.8,77678.5,77794.8,21.59366300
1787307000,77798.1,77962,77798.1,77923.1,13.22660000
1787307060,77937.6,78082.7,77929.5,78032.2,18.99077900
1787307120,78032.1,78045.8,77962,77982.5,16.47050500
1787307180,77978.3,78107.1,77970.2,78078.3,18.77050800
1787307240,78078.3,78108.1,78032.2,78049.1,15.69761100
1787307300,78043.4,78092.4,78032.1,78065.4,13.86585100
1787307360,78058.2,78246.7,78058.2,78213,18.09082800
1787307420,78213,78238.9,78157.7,78157.7,16.32067400
1787307480,78157.7,78202.1,78153.6,78170.2,13.99092900
1787307540,78165.9,78251.5,78165.9,78241.9,16.36546500
1787307600,78237.2,78244.2,78064.7,78064.7,4.93841400
1787307660,78064.5,78131,78020,78020.1,1.70393000
1787307720,78020.1,78094.5,77980.5,78010,6.13072400
1787307780,78010.9,78052.8,77980.6,78003.3,0.69470600
1787307840,78006,78043.4,77987.1,78019.3,0.41727000
1787307900,78023.6,78023.7,77941.3,78019.5,11.29680400
1787307960,78019.5,78021.2,77709.8,77753.7,12.46640000
1787308020,77752.4,77826.3,77668.3,77826.2,11.18961100
1787308080,77826.3,77876.7,77814.9,77861.3,10.05233700
1787308140,77861.3,77933.2,77850.5,77933.1,9.17464600
1787308200,77921.5,77970.6,77848.9,77859.5,8.94381800
1787308260,77864.4,77964,77848.7,77912.4,15.61841700
1787308320,77912.4,77923,77856.6,77872.7,12.74887100
1787308380,77864.7,77873.4,77702.3,77749.5,16.02070900
1787308440,77759,77759,77678.6,77688,14.70907700
1787308500,77686.6,77698.3,77625.3,77694.6,15.52255700
1787308560,77698.2,77791.7,77698.2,77743,14.47318700
1787308620,77743,77774.9,77718.9,77756.2,10.04405600
1787308680,77756.3,77775.5,77702.8,77726.8,12.23486100
1787308740,77726.8,77743.1,77681.5,77720.2,12.67074200
1787308800,77719.6,77834,77719.6,77811,13.00343600
1787308860,77813.6,77824,77766.9,77824,14.22441300
1787308920,77823.9,77828,77710.4,77710.4,12.34846400
1787308980,77707.1,77850,77707.1,77832.2,12.92635400
1787309040,77831.1,77853.5,77816,77849.1,10.75629800
1787309100,77849.1,77933.3,77849.1,77933.2,17.30428600
1787309160,77933.2,77995.6,77922.2,77970.8,16.04439900
1787309220,77984,77995.9,77945.8,77945.8,15.54941600
1787309280,77943.1,77968.4,77807.8,77807.8,15.81674200
1787309340,77807.9,77840.1,77791.6,77800.7,18.53082700
1787309400,77799.8,77799.8,77751.2,77751.2,8.01878000
1787309460,77751.3,77799.8,77741.5,77759.3,11.10071300
1787309520,77766,77838.8,77765.9,77838.7,14.13586700
1787309580,77838.8,77848.3,77791.8,77807.8,11.88154000
1787309640,77807.8,77855,77799.8,77828.6,10.21786500
1787309700,77828.6,77853.2,77826.3,77832.4,10.16634100
1787309760,77832.5,77888.9,77832.5,77856.5,7.62724500
1787309820,77856.5,77872.7,77856.5,77860.7,9.17008700
1787309880,77860.6,77895.2,77831.4,77831.4,9.86780300
1787309940,77831.5,77839,77778.8,77808.8,13.94469000
1787310000,77808.3,77834.8,77725.2,77739.3,12.15277300
1787310060,77739.2,77756.4,77683,77721.6,10.17301400
1787310120,77721.6,77721.6,77592.2,77606.8,10.31757300
1787310180,77607,77665.3,77572.5,77604,11.12029600
1787310240,77615.6,77824.9,77609.1,77824.9,10.39426000
1787310300,77810.5,77858.8,77782,77799.8,10.75396200
1787310360,77797.6,77802.8,77730.7,77760.6,11.67124600
1787310420,77760.6,77760.8,77714.3,77721.2,12.04244900
1787310480,77729.8,77768.9,77721.8,77759.4,14.50660400
1787310540,77759.5,77759.8,77734,77746,11.47119500
1787310600,77746,77791.1,77697.7,77778.4,12.47915400
1787310660,77778.4,77794.5,77762.2,77764.4,10.19170700
1787310720,77764.4,77764.4,77366,77451.7,13.45341900
1787310780,77452.4,77482.4,77344.7,77391.1,11.47055600
1787310840,77382.8,77552,77374.7,77552,12.25308400
1787310900,77551.9,77551.9,77450.3,77494.2,18.16796900
1787310960,77496.3,77544.5,77368.1,77368.1,23.22353900
1787311020,77368.1,77440.1,77368.1,77433.1,26.69170900
1787311080,77424.1,77496.2,77361.6,77367.9,22.24396000
1787311140,77367.9,77387.9,77300.1,77312,22.16568300
1787311200,77312,77477.2,77250,77454.5,23.51397000
1787311260,77454.4,77568,77424.2,77546.3,12.84005300
1787311320,77550,77659.9,77528.5,77609.2,13.58938100
1787311380,77628.4,77665.3,77592.8,77665.3,14.34129000
1787311440,77665.3,77679.1,77437.4,77527.4,13.73987400
1787311500,77533.1,77536.7,77411,77475.5,22.93883100
1787311560,77475.6,77524.1,77425.4,77425.4,24.78585000
1787311620,77425.3,77450.4,77370,77381.7,21.84915800
1787311680,77381.2,77399.5,77280.1,77399.4,25.22526600
1787311740,77399.4,77451.5,77399.4,77416,25.39954600
1787311800,77416.1,77444.9,77324.3,77339.7,12.68642900
1787311860,77342.5,77357.3,77168,77168.1,19.44904700
1787311920,77168,77168,76725.2,76851.3,29.53568500
1787311980,76863.2,76968.7,76667.8,76765.4,18.35963400
1787312040,76747.1,76809.4,76424,76508.7,22.02497500
1787312100,76498.3,76850,76498.3,76823.9,42.96887600
1787312160,76824,76945.9,76788.3,76888.5,49.79639000
1787312220,76888.4,76997.8,76888.4,76930.3,52.98875800
1787312280,76930.4,77101.2,76930.4,77030.9,43.88699900
1787312340,77030.9,77037.7,76982.9,76982.9,50.16820800
1787312400,76983,77048.7,76977.8,77035.7,41.41089300
1787312460,77035.7,77035.7,76959,76985.8,33.99614100
1787312520,76985.8,76997.4,76815.9,76826.4,36.00736400
1787312580,76830.4,76870.4,76800,76862.3,40.44292500
1787312640,76863.8,76884.8,76800,76843.4,33.50982200
1787312700,76843.5,76962,76827.6,76899,23.63082700
1787312760,76899,76922.5,76827.6,76827.6,22.20097000
1787312820,76827.6,76854.5,76647.2,76680.7,25.82149800
1787312880,76685.7,76720.4,76607.3,76712.8,20.11803800
1787312940,76712.8,76712.8,76638.7,76710.7,25.20909000
1787313000,76710.6,76795.3,76677.9,76795.3,44.12314900
1787313060,76795.4,76822.2,76717.3,76822.1,17.57284900
1787313120,76822.1,76906.6,76822.1,76906.6,17.28165700
1787313180,76908.3,76999,76908.3,76956.1,27.62149400
1787313240,76956,77037.3,76956,77016.5,20.79029600
1787313300,77016.6,77017.2,76914.6,76947,23.90217900
1787313360,76947,76954.1,76827.3,76830.7,20.87497300
1787313420,76830.7,76900.5,76803.7,76895.6,22.05210700
1787313480,76895.6,76914.5,76681.1,76745.2,25.22430800
1787313540,76745.2,76745.4,76680.1,76745.1,23.96107200
1787313600,76745.1,76775.7,76651,76658.9,28.53550200
1787313660,76658.9,76744.2,76658.9,76706.2,27.85953000
1787313720,76706.3,76734.4,76540.6,76650,29.71989900
1787313780,76652.6,76819.9,76652.6,76762.5,26.43102600
1787313840,76764.6,76778.2,76543.7,76675.8,29.17747000
1787313900,76675.9,76802.2,76675.9,76802.2,23.11669500
1787313960,76802.2,76908.4,76802.2,76908.3,28.38435400
1787314020,76908.4,76971.2,76902.3,76960.3,32.44288400
1787314080,76962.6,76971.5,76802.3,76840.2,30.97174900
1787314140,76840.3,76870.4,76788,76788,29.17340500
1787314200,76788.1,76821.3,76736.5,76736.5,54.40507700
1787314260,76736.4,76842.4,76736.4,76842.4,24.51802500
1787314320,76842.3,76860.4,76770.7,76830.8,23.71084800
1787314380,76830.9,76999.3,76820.3,76989.2,33.33170900
1787314440,76989.2,77002.4,76932.3,76932.3,31.60472800
1787314500,76931.7,76931.7,76838.8,76862.5,21.05205600
1787314560,76862.5,76862.5,76777.2,76799.2,25.78976500
1787314620,76799.4,76878.4,76768.5,76864.7,26.38304200
1787314680,76864.6,76902,76813.4,76834.5,28.78227100
1787314740,76829.8,76870.3,76815.2,76843.3,26.18933200
1787314800,76846.6,76862.5,76802.3,76813,13.51983500
1787314860,76813.4,76870,76760.3,76760.3,3.53873700
1787314920,76760.1,76794.2,76760.1,76786.4,1.45616700
1787314980,76786.4,76802.1,76668.7,76668.7,3.36136800
1787315040,76667.4,76830.8,76653.3,76793.9,3.27245300
1787315100,76793.9,76793.9,76673.6,76704,15.99958800
1787315160,76697.2,76787.9,76697.2,76752.1,12.63841300
1787315220,76745.9,76775.8,76712.9,76762.6,14.39991400
1787315280,76762.6,76798.3,76736.4,76736.4,12.91508800
1787315340,76736.5,76741.6,76673.5,76686.8,15.16794000
1787315400,76686.9,76688.4,76636.1,76688.4,16.90173700
1787315460,76688.3,76734.4,76654.4,76734.4,16.44466100
1787315520,76734.5,76734.5,76636.1,76727.3,14.11880800
1787315580,76727.3,76752.1,76681.4,76712.4,12.56032900
1787315640,76712.4,76712.5,76649.9,76687.8,13.80633000
1787315700,76687.9,76864.7,76687.9,76855.2,20.90900200
1787315760,76855.1,76935.4,76834.4,76902.1,19.18539100
1787315820,76902,76999.3,76896.2,76981.1,17.37624300
1787315880,76981,77065.8,76981,77033.2,15.74037900
1787315940,77033.2,77280.9,77026.7,77228.7,21.02788500
1787316000,77228.7,77307.8,77203.5,77307.8,14.26508600
1787316060,77308.5,77430.7,77291.2,77420.1,24.17475200
1787316120,77420.1,77420.7,77283.2,77312.5,23.93214000
1787316180,77312.6,77426.4,77301.4,77372.9,20.26494200
1787316240,77377.9,77438.4,77377.9,77433.4,18.62077600
1787316300,77433.4,77480,77381.1,77393.7,34.63374500
1787316360,77398.1,77398.1,77305.8,77307.8,19.01569800
1787316420,77307.7,77371,77307.7,77326.1,20.30298200
1787316480,77326.1,77392.5,77259.7,77392.5,23.58107400
1787316540,77392.4,77405.9,77347.2,77372.9,18.59956700
1787316600,77373.4,77450,77373.4,77390.8,28.09860500
1787316660,77387.5,77387.5,77315.1,77315.2,17.51732400
1787316720,77315.2,77363,77283.3,77301.9,17.21163600
1787316780,77301.9,77304.1,77275.2,77280.2,19.61636200
1787316840,77280.1,77280.2,77112.3,77171.5,17.96388300
1787316900,77171.6,77263.2,77171.5,77209,5.70681400
1787316960,77208.4,77208.4,77110.6,77139.9,13.51977200
1787317020,77139.8,77202.4,77134,77155.6,12.59841800
1787317080,77155.6,77187.6,77155.6,77179.4,14.41733000
1787317140,77179.4,77219.1,77179.4,77219.1,13.99226400
1787317200,77219.4,77257.3,77135,77178.6,12.37054200
1787317260,77181.9,77182.9,77106.9,77106.9,15.36591400
1787317320,77117,77135.1,77090.1,77127.1,11.47715600
1787317380,77127,77185.5,77084.7,77174.8,14.08659700
1787317440,77168.9,77304.1,77166.9,77304.1,11.92908700
1787317500,77304.1,77304.2,77243.6,77270.4,18.35959000
1787317560,77262.4,77383.9,77256.6,77357.5,12.58808300
1787317620,77366.7,77395.7,77337.3,77357.5,16.50865400
1787317680,77357.5,77382.1,77210.7,77217,15.20528100
1787317740,77222.3,77277.2,77210.7,77246.6,15.44325600
1787317800,77246.5,77246.5,77171,77171,10.60390300
1787317860,77181.6,77181.6,77050,77138.6,18.70086300
1787317920,77137.8,77182.8,77137.8,77145,13.01987100
1787317980,77145,77145,77071.5,77124.1,12.53395900
1787318040,77124.1,77198.7,77116.5,77198.6,13.94036000
1787318100,77198.6,77198.7,77087.5,77101.8,17.24579200
1787318160,77101.8,77119.2,77071.2,77073.8,12.13425300
1787318220,77073.8,77079.2,76924,76952.7,16.03232100
1787318280,76952.7,77008.1,76867.5,76883.9,18.67867100
1787318340,76883.9,76992.3,76873.7,76963.8,14.25784500
1787318400,76960.7,76960.7,76850,76874.3,18.58825800
1787318460,76874.2,76916.3,76852.9,76862,17.30206500
1787318520,76862.1,76928.9,76858,76913.2,18.73888900
1787318580,76913.2,76933.9,76858.9,76865.9,17.83596100
1787318640,76873.8,76966.5,76865.9,76966.4,18.79531500
1787318700,76966.4,77043.3,76909,77039.8,19.95000000
1787318760,77021.1,77134,77005.2,77109.1,15.36654600
1787318820,77110.7,77210.6,77091.2,77161.3,17.57621200
1787318880,77170.4,77170.4,77040.9,77087.5,22.55565500
1787318940,77087.4,77109.9,77076.3,77101.1,16.82215500
1787319000,77101.1,77101.1,76756.2,76933.9,13.60797600
1787319060,76933.9,76945.7,76662.2,76746.2,19.13300100
1787319120,76733.5,76759.3,76575.5,76721,19.90115400
1787319180,76749.2,76783.9,76625.8,76681.7,18.63897800
1787319240,76684.3,76728.3,76585.8,76608.7,17.67552400
1787319300,76619.2,76619.4,76271.7,76271.7,32.93966200
1787319360,76269.6,76549.4,76253.1,76529.7,29.13411200
1787319420,76541.5,76634.2,76520,76609.6,36.87645400
1787319480,76609.5,76858.8,76609.5,76811.3,35.01176900
1787319540,76809.8,76988.1,76742.6,76988.1,35.25895900
1787319600,76979.4,77102.2,76968.3,77048.8,42.93145000
1787319660,77055.4,77159.4,77016,77139.4,41.83130300
1787319720,77129.5,77330,77129.5,77290.2,41.01649500
1787319780,77287.4,77287.4,77145.8,77258.3,46.40491100
1787319840,77257.7,77318.3,77235.9,77318.3,39.95781600
1787319900,77315.9,77454.5,77281.3,77332.3,40.56152700
1787319960,77348.1,77348.1,77154.9,77235.9,33.95099200
1787320020,77235.8,77364.8,77210.7,77272.2,36.64398200
1787320080,77272.2,77425.2,77212.6,77400.8,35.87298300
1787320140,77400.9,77554.1,77400.9,77470.2,36.20815100
1787320200,77470.3,77672.4,77470.2,77656.4,29.55938400
1787320260,77667.7,77715.3,77595.4,77648.6,28.85993100
1787320320,77648.8,77658.5,77409.3,77449.5,31.51805700
1787320380,77449.6,77534.3,77406.7,77413.1,31.15454600
1787320440,77405.6,77420.7,77258,77327.1,34.48997300
1787320500,77327.2,77413,77255.5,77342.3,24.06910500
1787320560,77342.2,77406.6,77266.6,77406.6,26.88651600
1787320620,77406.5,77463.9,77291.2,77291.2,25.67640700
1787320680,77291.2,77291.2,77122.2,77206.6,28.65577700
1787320740,77206.6,77347.2,77206.6,77262.5,26.09344900
1787320800,77268.7,77268.7,77133.4,77133.4,25.19497000
1787320860,77133.3,77155,77059.9,77090.6,22.94896100
1787320920,77082.8,77090.6,76848.9,76911.2,24.59216400
1787320980,76916.6,76965.9,76852,76900.7,19.35476300
1787321040,76900.7,76900.8,76751,76761.9,24.83766900
1787321100,76751,76970,76751,76970,28.14069700
1787321160,76971.8,77144.7,76969.9,77080.5,24.09682400
1787321220,77085.8,77100.4,76965.9,76990.5,22.42602700
1787321280,76990.4,77133.3,76985.7,77100.6,19.71206400
1787321340,77100.7,77105.5,76972.5,76993.3,23.59918900
1787321400,76993.3,77087.9,76993.2,77054.6,16.90303300
1787321460,77051.1,77090.5,77000.2,77035.6,17.62364000
1787321520,77035.5,77097.7,76876,76876,18.39817000
1787321580,76877.1,76965.9,76840.7,76852.6,12.17829100
1787321640,76853.5,76861.3,76705,76776.2,20.35132600
1787321700,76776.2,76912.6,76776.2,76903.1,17.46801200
1787321760,76903,76972.5,76790.8,76884.8,23.28135700
1787321820,76884.9,76912.1,76741,76832.5,23.08793400
1787321880,76830.9,76853.4,76741.1,76774.6,22.60574100
1787321940,76766.7,76792.5,76554,76669,25.59045800
1787322000,76676,76676,76558.1,76601.1,11.89801300
1787322060,76616.6,76693.8,76594.2,76653.2,1.40181600
1787322120,76672.5,77097.2,76672.5,76993.5,6.66669800
1787322180,77009.1,77009.1,76866.6,76866.6,0.82982100
1787322240,76865.8,77056.6,76865.8,77045.6,2.13388900
1787322300,77017.9,77146.2,77017.9,77114.3,28.98058000
1787322360,77114.3,77118.2,76998.6,77082.8,33.43586600
1787322420,77082.9,77205.3,77082.8,77136.7,31.90042500
1787322480,77138.2,77175,77082.7,77116.7,30.51800100
1787322540,77128.4,77138.2,77051,77065.4,29.52552600
1787322600,77065.3,77156.8,77059.2,77135.1,25.23725700
1787322660,77135.2,77199.6,77106.6,77146.7,22.41389600
1787322720,77146.7,77210.4,77080.2,77197.9,21.57518500
1787322780,77198,77222.2,77140.8,77140.8,21.27418200
1787322840,77140.8,77145.8,77091.5,77094.8,21.63462000
1787322900,77094.7,77101.6,77027.2,77027.3,21.31983800
1787322960,77027.3,77242.8,77020.9,77209.9,19.42946000
1787323020,77220,77220,77069.2,77069.3,18.43654000
1787323080,77069.2,77069.2,76921.2,76960.8,22.36772800
1787323140,76960.9,77011.3,76862.4,76867.9,19.37039900
1787323200,76867.9,76965.9,76861.4,76922.1,15.56795900
1787323260,76922.2,77003.5,76916.4,76969.5,18.42639600
1787323320,76975.6,77035.1,76971.9,77016.4,21.73564400
1787323380,77016.4,77133.8,77013.4,77122.4,18.32385200
1787323440,77122.4,77141.8,77080.3,77141.8,16.86223200
1787323500,77138.2,77232.1,77117.8,77232.1,17.23459000
1787323560,77232.2,77315,77222.4,77311.3,17.71152900
1787323620,77310.2,77364.7,77294,77323.1,19.54273100
1787323680,77323,77327.7,77273.5,77297.4,17.07762000
1787323740,77297.4,77354.1,77289.6,77341,13.77286500
1787323800,77341.1,77438.6,77341.1,77438.6,16.26058700
1787323860,77438.7,77441.3,77394.6,77436.3,17.78823900
1787323920,77436.1,77436.1,77364.5,77397.7,15.41652600
1787323980,77397.7,77397.7,77337.4,77347.9,14.62244600
1787324040,77347.9,77377.3,77292.6,77302.8,16.74894200
1787324100,77301.9,77305.3,77265.5,77280,16.53955300
1787324160,77280,77385.2,77271,77385.2,16.60423500
1787324220,77385.2,77406.1,77321.4,77354.2,14.77356800
1787324280,77354.2,77377,77343.9,77352.4,11.72809300
1787324340,77352.5,77441.7,77352.4,77385.4,17.00049400
1787324400,77382.6,77409.3,77325.4,77389.7,11.08316200
1787324460,77394.7,77422.4,77325.4,77376.2,12.06661900
1787324520,77376.1,77502.7,77348.4,77468.3,11.63214000
1787324580,77468.4,77474.5,77428.4,77448.4,11.82274100
1787324640,77452.3,77594.4,77452.3,77524.4,13.35940200
1787324700,77524.4,77633.8,77472.3,77633.8,17.67152600
1787324760,77633.7,77720.1,77627.2,77649.8,18.21031900
1787324820,77649.9,77649.9,77540.4,77556.4,16.21516300
1787324880,77556.4,77607.7,77528.4,77607.7,18.13907000
1787324940,77604.7,77706.9,77572.6,77697,15.31458200
1787325000,77696.9,77728.9,77637.4,77644.8,19.00988700
1787325060,77662.7,77707,77612,77652.9,18.93671400
1787325120,77652.9,77652.9,77588.6,77620.7,19.89269300
1787325180,77620.8,77702.9,77620.8,77692.3,22.66416200
1787325240,77692.4,77795,77655.9,77701.1,18.73248200
1787325300,77701.2,77866,77681.5,77717.6,26.40432300
1787325360,77726.5,77797.9,77666.6,77690.5,24.73846200
1787325420,77690.5,77700.5,77572.6,77613.4,22.91872700
1787325480,77616.1,77616.1,77545.8,77583.8,21.20475500
1787325540,77585.4,77655.9,77585.3,77636.7,20.64415200
1787325600,77636.7,77640.3,77588.6,77589.6,16.56804800
1787325660,77590.2,77594.2,77522.4,77559.8,31.10941400
1787325720,77559.7,77714.6,77548.7,77698.1,31.89606600
1787325780,77698.1,77741.9,77638.6,77661.8,27.10624500
1787325840,77661.8,77669,77620.8,77629.8,27.64716600
1787325900,77629.7,77746.6,77620.7,77726.8,29.21759000
1787325960,77726.8,77768.2,77655.9,77768.2,19.13289700
1787326020,77768.1,77814,77693.1,77709.2,17.53754000
1787326080,77709.8,77754.8,77685.1,77685.1,17.92504500
1787326140,77685.2,77695,77604.9,77616.1,19.21538800
1787326200,77616.1,77677,77576.8,77676.9,20.16835400
1787326260,77676.9,77709.1,77649.8,77672.8,16.86334600
1787326320,77676.4,77749.5,77676.1,77726.8,17.68116800
1787326380,77723.7,77733.4,77620.8,77639.9,16.83416500
1787326440,77640,77659.6,77537.7,77564.5,17.87724200
1787326500,77564.5,77602.4,77480.7,77508.3,16.44470700
1787326560,77508.3,77603,77508.3,77603,16.71613000
1787326620,77589.8,77628.8,77516.1,77535.5,16.34590200
1787326680,77534.8,77654.2,77534.8,77654.2,14.43851700
1787326740,77654.2,77655.4,77604.7,77620.8,20.73777700
1787326800,77620.7,77622.5,77589.1,77601.6,14.92792500
1787326860,77601.7,77663.3,77598.3,77636.8,15.02216800
1787326920,77636.7,77660.8,77608.7,77660.7,15.33076100
1787326980,77652.8,77652.8,77548.5,77548.5,14.56060400
1787327040,77548.5,77548.5,77500.3,77506.3,16.06618800
1787327100,77514.2,77553.9,77490,77496.4,13.23914400
1787327160,77500.3,77516.2,77493.8,77495,10.13789100
1787327220,77498,77499.7,77378.7,77426.9,11.99263500
1787327280,77426.8,77426.8,77370.1,77380,11.27875600
1787327340,77380,77463.8,77364.4,77364.4,10.60284700
1787327400,77364.5,77452.2,77327.9,77452.1,9.97900900
1787327460,77452.1,77476.8,77377.9,77452.2,11.09422200
1787327520,77464.7,77470.1,77401.4,77422.1,9.98382200
1787327580,77422,77428.1,77335.8,77359.7,9.96129300
1787327640,77355.5,77393.9,77302,77302,11.11563000
1787327700,77302,77339.3,77280.1,77285.7,13.77330800
1787327760,77285.6,77285.6,77225,77263.5,18.06913000
1787327820,77263.5,77302.2,77244.8,77260.9,14.32286000
1787327880,77261,77268.3,77229,77266.7,13.26561700
1787327940,77264.4,77268.2,77170.2,77224.3,14.61721400
1787328000,77205.3,77293.6,77205.3,77286.5,3.62224900
1787328060,77286.4,77310.4,77180.8,77180.9,16.45900500
1787328120,77189.3,77192.3,77131.8,77192.3,16.17222100
1787328180,77192.2,77239.6,77125.9,77131.1,14.55164400
1787328240,77131.1,77152.6,77082.6,77082.6,15.64475600
1787328300,77082.6,77152.5,77046.4,77073.4,25.64967300
1787328360,77076.9,77097,77027.2,77029.8,18.72735600
1787328420,77027.1,77054.8,76946.4,76954.6,19.53285600
1787328480,76959.5,76978.3,76918.3,76956.4,19.86223800
1787328540,76952.1,77079.9,76925,76962.5,17.40163800
1787328600,76959,77146,76946.8,77082.6,18.86458100
1787328660,77083.5,77083.5,76952.2,76961.2,23.19015400
1787328720,76961.2,77027.7,76956.6,77018.2,22.23732600
1787328780,77018.1,77022.4,76864.7,76868.4,23.86657200
1787328840,76864.4,76907.1,76852.7,76852.7,22.11173100
1787328900,76852.1,76954.6,76765.2,76954.6,13.56689400
1787328960,76956.7,77022.5,76946.8,77005.9,22.13209500
1787329020,77005.9,77101.2,77005.9,77101.2,18.67992900
1787329080,77101.2,77190,77065.4,77105,21.91696200
1787329140,77105,77135.7,77079.9,77124.7,22.01723300
1787329200,77124.7,77124.8,77059.7,77085.4,10.90944300
1787329260,77085.3,77205.6,77081.2,77088.1,2.58780600
1787329320,77088.1,77134.3,77065.5,77065.5,0.82069000
1787329380,77067.9,77176.4,77065.4,77176.4,3.07177300
1787329440,77169.9,77190.2,77144.6,77144.6,0.74403900
1787329500,77144.6,77160.4,77089.2,77114.1,10.31333300
1787329560,77114.1,77126.3,77089.1,77124.7,11.60400500
1787329620,77118.6,77258,77118.5,77254.9,10.03837900
1787329680,77254.9,77351.5,77254.8,77326.4,15.09504300
1787329740,77326.5,77376.3,77312.2,77376.3,11.98067900
1787329800,77376.2,77385.5,77295.7,77319.5,12.05771000
1787329860,77319.5,77319.6,77258,77285.6,9.99619500
1787329920,77285.6,77332.2,77283.6,77318.6,13.98551000
1787329980,77319,77350,77278,77327.6,11.28467500
1787330040,77323,77359.5,77319.6,77332.1,12.92598100
1787330100,77328.3,77341.2,77283.4,77317.3,13.51191800
1787330160,77317.2,77321.4,77263.9,77292.3,11.38284400
1787330220,77292.4,77311.6,77233,77296.3,14.22463400
1787330280,77296.3,77296.8,77227.7,77249.7,11.65558700
1787330340,77249.7,77303.6,77248,77295,13.25892300
1787330400,77295,77299.9,77259.7,77285,10.62005700
1787330460,77285,77313.2,77271.8,77313.1,10.75875400
1787330520,77313.1,77335.7,77256.4,77274.3,10.63987000
1787330580,77271,77325.8,77259.9,77319.6,13.13210400
1787330640,77319.5,77351.2,77303.6,77351.1,11.38666400
1787330700,77341.6,77355.4,77303.6,77318.3,5.50320000
1787330760,77318.2,77413.3,77311.7,77400.1,7.85163900
1787330820,77391.5,77445.1,77382.9,77409.2,10.11472300
1787330880,77409.2,77446.4,77402.3,77407.2,9.90308800
1787330940,77415.3,77523.7,77402.3,77511.5,8.43920600
1787331000,77518.9,77558.2,77487.3,77519.4,11.52607900
1787331060,77519.3,77519.4,77479.3,77510.8,8.13401500
1787331120,77510.7,77512.7,77433.6,77461.7,9.55945900
1787331180,77463.9,77474.9,77447.4,77452.8,10.09538200
1787331240,77452.8,77517.6,77429.6,77455.3,10.29349200
1787331300,77447.5,77473.3,77431.3,77454.3,11.85604800
1787331360,77454.3,77512.1,77454.3,77484.5,9.18629900
1787331420,77484.5,77509.8,77463.4,77506.7,10.52567600
1787331480,77499,77523.9,77499,77506.7,7.17576500
1787331540,77506.8,77506.8,77471.3,77471.4,10.87453000
1787331600,77471.5,77522.4,77449.4,77522.4,12.24940000
1787331660,77522.3,77522.3,77480.7,77495.9,7.56329200
1787331720,77506.4,77619.4,77506.4,77552.1,9.26213200
1787331780,77548.7,77578.5,77516.7,77516.7,8.48616700
1787331840,77516.8,77534.5,77480.8,77508,7.45091800
1787331900,77507.9,77546.4,77474.5,77546.3,15.60486300
1787331960,77546.4,77583,77523.7,77583,11.69511900
1787332020,77583,77663.1,77583,77606.9,12.77841200
1787332080,77615.8,77708.6,77586.5,77665.9,14.98908300
1787332140,77665.9,77690.9,77600.4,77606.1,13.49199100
1787332200,77610.6,77638.5,77591.9,77596,15.85562000
1787332260,77596.1,77642.7,77590.6,77610.6,15.72002100
1787332320,77609.8,77609.8,77498.4,77530.3,19.00230000
1787332380,77530.4,77544.6,77507.4,77528.1,18.76477300
1787332440,77528,77562.4,77524.4,77557.1,17.69192300
1787332500,77557.1,77562.4,77479.7,77496,7.95899600
1787332560,77496,77508.9,77360.1,77398.4,18.03546800
1787332620,77398.3,77440.4,77371.7,77440.4,17.09598600
1787332680,77440.4,77490.5,77421.8,77490.3,15.26853500
1787332740,77487.5,77487.5,77398.5,77398.5,11.82639600
1787332800,77398.5,77398.6,77250,77295.2,21.73764600
1787332860,77295.1,77322.6,77275,77293.3,14.87051900
1787332920,77301.5,77301.5,77236.8,77236.9,14.23746900
1787332980,77236.9,77267,77232.9,77235.2,14.49500400
1787333040,77235.2,77242.1,77185.9,77223.7,15.33621500
1787333100,77223.7,77313.9,77223.6,77277.8,14.22241800
1787333160,77277.7,77364.4,77267.1,77364.3,13.01568700
1787333220,77364.3,77465.7,77351.5,77465.7,15.69218300
1787333280,77465.7,77527.7,77465.7,77524.3,13.95628000
1787333340,77527.7,77549.5,77514,77549.5,11.72378200
1787333400,77549.5,77592.1,77519.5,77590,13.97197500
1787333460,77589.9,77589.9,77530.4,77586.4,16.46430300
1787333520,77586.5,77650,77577.2,77631.8,13.30908800
1787333580,77627.8,77634.7,77590.6,77618.1,12.02848400
1787333640,77618.6,77634.6,77602.1,77634.6,14.42491000
1787333700,77634.7,77634.7,77516.7,77530.4,14.02642300
1787333760,77523.6,77529.3,77490.4,77518.1,12.98167700
1787333820,77507,77567,77506.4,77567,12.51893900
1787333880,77567,77610.5,77504.5,77543.6,13.89274700
1787333940,77544,77562.4,77523.3,77548.9,12.59553300
1787334000,77547.8,77554.4,77491.3,77501.4,12.38042100
1787334060,77501.4,77501.4,77447,77474.3,11.32434200
1787334120,77474.3,77474.4,77362.5,77362.5,12.21074900
1787334180,77359.4,77405.7,77340.3,77399.9,12.76224000
1787334240,77402.3,77415.1,77340.8,77381,13.91537800
1787334300,77386.4,77394.4,77314.9,77316.1,15.59358800
1787334360,77316,77361.2,77316,77361.2,10.76907600
1787334420,77361.1,77455,77361.1,77438.7,17.98287900
1787334480,77438.7,77512.2,77434.4,77439.4,16.13207600
1787334540,77435.4,77435.4,77394.5,77405.8,14.88388500
1787334600,77405.8,77437.1,77394.6,77437.1,3.19581100
1787334660,77437,77437.8,77389.8,77418.4,13.42154400
1787334720,77415.8,77437.8,77403.6,77418.7,10.25600300
1787334780,77411.3,77418.4,77389.7,77413,10.40351700
1787334840,77412,77412,77348.9,77358.3,11.58775300
1787334900,77354.6,77392.8,77354.6,77384.3,15.52614000
1787334960,77384.2,77438.3,77376.6,77438.2,6.88781000
1787335020,77438.1,77457.2,77430,77431,7.82731100
1787335080,77439.4,77465.8,77410.4,77426.3,8.08422900
1787335140,77426.2,77434.4,77378.5,77384.5,7.55584400
1787335200,77384.6,77413.5,77378.3,77413.4,10.36082200
1787335260,77413.4,77429.4,77385,77417.1,11.96640800
1787335320,77417.1,77469.3,77396.6,77466.8,10.19741600
1787335380,77466.8,77482.3,77445.4,77451.5,9.53220400
1787335440,77451.4,77451.4,77429.4,77432,9.49716700
1787335500,77437.4,77493.3,77437.4,77485.4,7.12079200
1787335560,77485.3,77544.4,77485.3,77531.9,8.81052800
1787335620,77531.8,77531.8,77462.3,77463.1,8.51149000
1787335680,77469.5,77479.2,77378.2,77387.4,9.23208000
1787335740,77381.6,77422.3,77347.9,77351.6,9.07643900
1787335800,77349.7,77349.7,77320.6,77322.2,9.89603500
1787335860,77320.6,77324.9,77280,77310.3,10.51064000
1787335920,77310.3,77341.7,77277.9,77341.7,11.92836500
1787335980,77341.7,77389.5,77340.4,77368.8,9.12699900
1787336040,77368.8,77368.8,77319.8,77319.8,10.73120900
1787336100,77319.8,77365.6,77309.9,77343.6,5.78571700
1787336160,77343.5,77389.5,77325.8,77347.7,9.77372000
1787336220,77349.6,77349.6,77270.1,77270.1,10.98005900
1787336280,77270.2,77295,77260.6,77288.6,9.50618000
1787336340,77288.6,77416.8,77288.6,77416.8,12.97012100
1787336400,77416.7,77486.7,77405.5,77469.4,6.48599800
1787336460,77477.4,77486.7,77421.9,77437.3,0.78800100
1787336520,77432.3,77453.4,77411.4,77453.4,0.61205700
1787336580,77459.5,77459.5,77421.5,77421.5,0.33283900
1787336640,77421.2,77439.6,77413.6,77413.6,0.25604300
1787336700,77413.6,77429.3,77402.3,77408.2,3.12822800
1787336760,77407.2,77437.4,77373.7,77429.1,7.79720400
1787336820,77429.2,77429.2,77403.6,77409.7,4.01750100
1787336880,77409.6,77460.3,77409.6,77410.9,5.76784700
1787336940,77405.5,77421.5,77371.3,77387.1,5.31916500
1787337000,77387,77391.7,77333.7,77346.1,4.72077500
1787337060,77356.8,77443.3,77356.8,77443.3,6.80043800
1787337120,77445.4,77447.3,77334.9,77339,4.32645300
1787337180,77344.5,77344.5,77283.2,77330.2,8.31795800
1787337240,77331.8,77345.9,77295.3,77295.3,5.90610900
1787337300,77293.9,77293.9,77178.6,77178.6,10.82290100
1787337360,77177.8,77177.8,77099.4,77130.4,12.46823500
1787337420,77122.6,77175.7,77122.6,77145.9,9.34848700
1787337480,77145.9,77173.5,77143.9,77165.2,7.57085500
1787337540,77166.4,77222.4,77159.2,77218.6,8.11467600
1787337600,77220.8,77229.9,77175,77175,12.25017300
1787337660,77174.9,77174.9,77109.2,77133.6,11.23872400
1787337720,77135.1,77139.3,76989.7,77024,13.11286600
1787337780,77019.2,77027.6,76968.9,76979.1,12.81599000
1787337840,76982.9,77007.7,76852.7,76937.6,16.19402200
1787337900,76937.6,76937.6,76614.2,76737.5,9.32171500
1787337960,76737.6,76783.5,76714,76783.4,15.81166500
1787338020,76783.4,76783.4,76693.2,76767.8,15.95656200
1787338080,76761,76782.8,76711.3,76767.9,18.19926700
1787338140,76767.9,76767.9,76662.5,76694.6,16.73609900
1787338200,76693.6,76783.4,76693.6,76768.6,35.68214300
1787338260,76768.7,76871.5,76768.6,76865.7,21.62782000
1787338320,76869.8,76925.1,76842.6,76925.1,20.20877500
1787338380,76925,76940,76741.1,76808.8,21.90497400
1787338440,76808.8,76842.7,76768,76842.7,21.95361200
1787338500,76842.8,76934.2,76819.1,76908.2,15.46431200
1787338560,76917,76968,76914.7,76968,17.05884500
1787338620,76968,76993,76957.5,76957.5,11.54288300
1787338680,76957.5,77088,76957.5,77069.7,16.57031200
1787338740,77077.5,77137.8,77056,77137.8,18.50763700
1787338800,77137.9,77180.6,77075.2,77075.3,9.42342700
1787338860,77075.3,77090.2,77059.3,77059.3,13.91580400
1787338920,77059.2,77073.5,77030,77049,15.59307500
1787338980,77048.9,77059.2,76964.9,76970.5,12.72219900
1787339040,76970.5,76977.2,76893.7,76905.2,13.05689100
1787339100,76905.2,76980.2,76903.9,76911.6,15.94506200
1787339160,76928.1,76928.2,76854.2,76874.6,9.34558500
1787339220,76874.6,76909.3,76854.2,76909.3,11.71018700
1787339280,76909.3,77051.2,76909.3,77046.1,7.93950700
1787339340,77046.1,77059.2,77027.6,77051.2,14.32684700
1787339400,77051.2,77062.2,77011.9,77062.2,2.52724600
1787339460,77062.2,77099.2,77062.1,77099.2,12.79148800
1787339520,77099.2,77173.2,77084.4,77173.1,10.83550900
1787339580,77173.1,77173.1,77106.6,77117.7,12.34994800
1787339640,77117.7,77146.2,77117.7,77137.7,11.16193700
1787339700,77137.6,77137.7,77067.2,77067.2,18.40781200
1787339760,77067.1,77085.1,77027.6,77038.6,10.84694600
1787339820,77026.4,77026.4,76964.6,77002.2,8.75658600
1787339880,77002.1,77081.4,77002.1,77059.2,9.08755300
1787339940,77059.1,77106.6,77049.1,77106.5,10.32663100
1787340000,77106.5,77106.6,77054.6,77106.6,8.05182400
1787340060,77114.6,77125.5,77050,77082.9,9.68254600
1787340120,77082.9,77158.2,77082.9,77149.2,8.86713800
1787340180,77149.1,77174.2,77146.2,77174.2,7.60946400
1787340240,77175,77224.5,77175,77191.1,9.67019900
1787340300,77191.1,77259.7,77191.1,77259.6,9.96029200
1787340360,77259.6,77272.2,77249.4,77257.9,9.47919700
1787340420,77264,77320.3,77264,77320.3,9.21543500
1787340480,77320.9,77332.9,77257.9,77297,8.65105100
1787340540,77296.9,77320.9,77281.2,77320.9,9.03812300
1787340600,77319,77356.3,77302.1,77314.8,10.92774700
1787340660,77314.8,77314.8,77273.2,77273.3,8.19192300
1787340720,77273.3,77305.3,77239.4,77239.4,11.03657600
1787340780,77236,77249.4,77212.6,77241.6,12.01921700
1787340840,77233.6,77233.6,77190.4,77190.5,6.78888300
1787340900,77192.8,77241.1,77192.8,77227,4.56201600
1787340960,77226.9,77226.9,77120.6,77151.1,8.23576600
1787341020,77154.2,77217.6,77154.2,77206.7,6.64853900
1787341080,77217.5,77247.3,77185.9,77247.3,11.05335400
1787341140,77247.3,77247.4,77186.2,77186.2,9.52264700
1787341200,77185.9,77185.9,77100.3,77117.9,8.49466200
1787341260,77117.9,77219.2,77117.9,77188.7,11.12411900
1787341320,77193.9,77209.6,77138.3,77138.3,9.58041300
1787341380,77138.3,77185.9,77130.4,77162.3,10.10987000
1787341440,77162.2,77172.6,77141.5,77169.9,8.03854500
1787341500,77169.9,77170,77138.3,77156.4,8.26004700
1787341560,77156.5,77156.5,77090.8,77112.2,14.66980900
1787341620,77112.3,77241.4,77106.5,77225.4,11.86238300
1787341680,77217.1,77249.3,77185.9,77217.6,10.97756600
1787341740,77217.7,77222.9,77185.9,77209.7,7.80670500
1787341800,77209.6,77209.6,77118.3,77149.7,13.87954100
1787341860,77149.7,77215.3,77130.4,77200.5,12.16778200
1787341920,77200.5,77208.1,77158.3,77162.1,10.06458200
1787341980,77162.2,77169.6,77100.3,77132.9,8.99221300
1787342040,77131.3,77181.3,77122.5,77169.7,11.39005100
1787342100,77169.7,77169.7,77125.5,77141.7,14.89300400
1787342160,77141.7,77141.7,77082.6,77106.7,12.26906800
1787342220,77106.7,77114.5,77072.3,77075,12.98193000
1787342280,77072.4,77072.4,77012.2,77036.3,13.27035700
1787342340,77042.7,77058.9,77012.4,77029.5,13.88645100
1787342400,77029.8,77048.8,76856.4,76981.5,14.91311000
1787342460,76982.4,77006.6,76932.1,76936.2,15.30242600
1787342520,76947.4,77046.6,76932.1,77046.6,17.36660600
1787342580,77046.6,77095.1,77046.6,77078.2,13.53931400
1787342640,77078.2,77166.5,77070.3,77166.5,14.20985200
1787342700,77166.6,77166.6,77007.1,77015,16.08541900
1787342760,77014.9,77014.9,76959.9,76975.5,18.91333100
1787342820,76975.5,77093.9,76972,77083.6,22.00603500
1787342880,77083.5,77165.1,77023,77149,19.58277600
1787342940,77149,77163.9,77091.6,77125.6,20.06509700
1787343000,77125.5,77298.2,77070.3,77266.1,21.56393700
1787343060,77266.1,77266.1,77207.9,77208,19.53104900
1787343120,77207.9,77291.9,77207.9,77291.8,18.25088800
1787343180,77291.9,77298.4,77252.5,77252.6,16.65476100
1787343240,77252.6,77281,77239.5,77270.4,17.43439400
1787343300,77270.3,77376.3,77270.3,77376.3,10.20485100
1787343360,77378.6,77415.6,77378.6,77414.7,18.47188700
1787343420,77414.8,77492.3,77414.8,77492.3,17.87871500
1787343480,77492.2,77492.3,77411.7,77440.1,17.05495400
1787343540,77428.7,77448.9,77419.6,77419.7,17.15128900
1787343600,77419.7,77443,77394.4,77394.4,8.38645300
1787343660,77394.5,77474.3,77387.8,77471.9,1.74470400
1787343720,77467.4,77493.1,77403.8,77443.5,0.97197300
1787343780,77450.5,77470.8,77392.1,77427.6,1.22655900
1787343840,77435.5,77530.5,77435.5,77521.7,1.98449100
1787343900,77521.7,77523.3,77427.6,77440.5,10.82403000
1787343960,77438.1,77453.6,77419.7,77443.6,12.74239800
1787344020,77443.5,77508.4,77391.8,77508.4,12.97661800
1787344080,77508.4,77508.4,77435.7,77446,14.13037300
1787344140,77446.1,77486.3,77403.6,77486.3,11.71830600
1787344200,77486.2,77514.8,77471.9,77514.8,8.52790700
1787344260,77514.8,77525,77482.2,77515.4,10.83551100
1787344320,77515.3,77515.4,77475.5,77513.3,11.62921100
1787344380,77512.9,77525,77491.5,77504.3,11.07059900
1787344440,77507.4,77513,77483.5,77511.8,11.75457200
1787344500,77511.7,77511.8,77461,77485.4,15.81625400
1787344560,77487.7,77528.4,77485.4,77528.4,7.94885600
1787344620,77529.3,77529.3,77442.3,77466.6,10.63311700
1787344680,77465,77465.1,77364.3,77371.7,9.56547200
1787344740,77372.9,77407.3,77344.5,77395.9,11.06739700
1787344800,77395.8,77459.5,77395.8,77459.5,12.43744600
1787344860,77459.4,77507.3,77453.2,77472.9,10.97624200
1787344920,77472.9,77499.4,77467.4,77499.4,14.14893800
1787344980,77499.4,77499.4,77475.4,77494.9,10.60543500
1787345040,77495,77515.4,77470,77473.9,12.57553700
1787345100,77473.9,77499.1,77414.9,77451.5,11.87581900
1787345160,77451.4,77459.5,77387.8,77387.8,10.01119900
1787345220,77387.7,77393.4,77347.9,77371.8,10.82806400
1787345280,77371.9,77395.7,77314.9,77395.7,8.62384900
1787345340,77403.6,77434.4,77379.7,77434.4,12.35166300
1787345400,77434.3,77467.3,77411.6,77459.3,2.84586600
1787345460,77459.4,77547.4,77459.4,77521.1,9.64649400
1787345520,77518.5,77518.5,77472,77493.7,9.93271100
1787345580,77493.7,77520.7,77489.2,77520.7,6.15309700
1787345640,77520.7,77531.2,77491.4,77492.8,9.47768600
1787345700,77492.9,77522.2,77486.3,77516.9,9.33704800
1787345760,77516.8,77516.9,77494.1,77511.8,5.85491500
1787345820,77506,77507.3,77460.9,77491.4,8.21950500
1787345880,77491.6,77518.1,77491.5,77518,6.62076300
1787345940,77518,77523,77487.7,77522.9,7.51546100
1787346000,77522.6,77522.6,77468.2,77471.4,1.82833200
1787346060,77469.1,77506.5,77467.8,77494.4,5.60942500
1787346120,77494.4,77494.4,77454.6,77478.2,2.98193900
1787346180,77470.5,77478.5,77461.7,77462.5,4.97977000
1787346240,77464.4,77486.4,77462.5,77478.4,4.83318300
1787346300,77477,77479.1,77454.6,77462,7.20410200
1787346360,77462.8,77486.4,77436.4,77436.4,5.74286100
1787346420,77430.6,77467.3,77391.7,77462.9,9.80184000
1787346480,77462.8,77467.2,77417,77421.1,5.37457400
1787346540,77421.2,77442.4,77406.8,77430,5.82292400
1787346600,77430.5,77622.7,77430.5,77595,16.89811900
1787346660,77594.9,77774.1,77574.4,77682.1,10.93847500
1787346720,77684.4,77810.2,77581.3,77608.9,14.78855800
1787346780,77620.1,77745.9,77620.1,77745.9,11.46848200
1787346840,77746,77774.8,77686.5,77686.5,10.26115100
1787346900,77688.3,77688.4,77594.9,77670.4,20.13598700
1787346960,77670.5,77694.6,77632.3,77671.5,21.91899200
1787347020,77671.5,77694.6,77646.4,77666.4,20.15390100
1787347080,77666.3,77686.5,77654.4,77678.4,24.59912500
1787347140,77672.1,77718.6,77646.4,77716,21.59839800
1787347200,77716.1,77722.4,77582.4,77678.3,17.82890400
1787347260,77675.8,77740,77675.8,77734.8,16.18916700
1787347320,77734.3,77782.8,77702.1,77782.8,15.23366100
1787347380,77782.9,77960.6,77771.9,77913.8,19.43239500
1787347440,77908.4,78089.8,77908.4,78045.5,16.79280400
1787347500,78016.7,78016.7,77923.4,77934,14.79346300
1787347560,77947.1,78033.1,77912.6,78008.9,26.35399300
1787347620,78016.5,78179.1,77992.8,78147.3,21.76795600
1787347680,78153.1,78206.7,78107.9,78162.9,19.17512600
1787347740,78154.8,78164.6,78030.8,78089.8,20.40595600
1787347800,78091.4,78282.4,78091.4,78171,26.76410500
1787347860,78170.9,78195.4,78106.2,78171.3,23.87953600
1787347920,78176.5,78368.3,78130.5,78309.3,22.28223800
1787347980,78309.4,78508.6,78309.4,78389.3,27.86249500
1787348040,78394.5,78462.8,78341.1,78423.7,24.77744500
1787348100,78423.7,78472.8,78240,78240,34.83002500
1787348160,78239.9,78239.9,78107.8,78147.2,33.38222800
1787348220,78145.8,78226.1,78125.1,78135.7,28.52614900
1787348280,78133.7,78181.4,78065.7,78076.4,27.94328400
1787348340,78076.4,78124.2,78008.2,78031.3,28.69505700
1787348400,78032.9,78195.8,77992.7,78115.8,22.30685600
1787348460,78122.3,78177.7,78114.2,78175.2,23.52749400
1787348520,78175.2,78203.5,78133.6,78203.5,27.76106600
1787348580,78203.5,78262.9,78203.4,78247.7,28.37854600
1787348640,78247.8,78247.8,78187.4,78243,25.13765300
1787348700,78243.1,78421,78243.1,78420.7,26.58919000
1787348760,78420.6,78420.9,78227.9,78253.5,31.51865900
1787348820,78252.2,78286,78232.5,78237.1,19.27033000
1787348880,78236.1,78348.6,78221.7,78348.5,19.26999100
1787348940,78348.5,78366.8,78298.3,78350.2,20.24428600
1787349000,78350.1,78371.7,78276.8,78371.6,15.15895000
1787349060,78371.7,78374.7,78273,78302.8,16.75969100
1787349120,78303.2,78587.6,78303.2,78554.8,22.70683700
1787349180,78549.1,78549.1,78396.1,78431.9,18.81492300
1787349240,78431.9,78664.7,78395.8,78645,20.24970700
1787349300,78645,78684.1,78530,78563.1,25.24678700
1787349360,78569.5,78595.8,78423.1,78423.7,21.99854200
1787349420,78423.7,78490.3,78421.5,78477.1,23.11810000
1787349480,78477.1,78501,78443.3,78448.3,22.52564300
1787349540,78448.3,78513.8,78446.6,78510.5,21.80588700
1787349600,78510.5,78532,78434.4,78449.3,20.10567700
1787349660,78449.3,78449.3,78180.3,78181.4,18.53733800
1787349720,78196.9,78347.7,78173.7,78347.7,16.57930500
1787349780,78354.7,78479.9,78344.3,78442.4,20.48296300
1787349840,78442.4,78466.5,78373.8,78382.4,17.57832500
1787349900,78382.5,78522,78328.4,78518,17.63160000
1787349960,78521.8,78632.3,78499.9,78597.7,19.10869100
1787350020,78597.7,78750.5,78597.7,78718,19.56392500
1787350080,78704.7,78717,78576.6,78576.6,20.26850800
1787350140,78591.9,78759.9,78582.5,78721.4,17.91320800
1787350200,78721.5,78745.9,78575.1,78622.9,21.80890700
1787350260,78622.8,78687.1,78606.9,78639.9,22.83071000
1787350320,78639.9,78700,78606.5,78663,18.83986600
1787350380,78663,78705.2,78598.4,78693.3,20.01055400
1787350440,78683.5,78739.2,78634.5,78739.2,20.45249900
1787350500,78746.2,78746.2,78614.7,78629.5,17.52005300
1787350560,78629.5,78726.8,78582.1,78615.9,23.95834800
1787350620,78615.9,78615.9,78459.3,78551.7,18.00393500
1787350680,78557.3,78630.9,78516.3,78616.5,20.49124600
1787350740,78616.5,78622.9,78533.6,78606.4,18.84308700
1787350800,78606.3,78606.3,78483.5,78503.5,8.44829700
1787350860,78503.2,78503.2,78348.7,78499.8,2.02775000
1787350920,78499.8,78664.4,78448.6,78661.3,2.46092100
1787350980,78661.3,78695.4,78508.4,78508.4,0.90355200
1787351040,78508.5,78627.7,78503.9,78533.8,1.59733500
1787351100,78533.8,78643.3,78490.6,78639,11.03942900
1787351160,78639.1,78664.7,78608.2,78612.7,33.79177500
1787351220,78612.8,78614.7,78532.6,78534.6,14.49061100
1787351280,78534.5,78534.5,78468.3,78504.2,13.93994200
1787351340,78504.3,78508.1,78466.2,78508,14.50153400
1787351400,78508.1,78532.6,78256.8,78276.1,16.33841400
1787351460,78264.5,78314.6,78085.3,78261.5,12.56555400
1787351520,78261.5,78295.8,78192.2,78295.6,13.38877800
1787351580,78295.7,78378.9,78295.6,78370.3,12.50655100
1787351640,78366.5,78379.6,78310.8,78310.9,13.19502200
1787351700,78310.9,78337.1,78279.4,78312,19.08652100
1787351760,78320,78450,78304.1,78429.3,16.45584200
1787351820,78429.2,78465.2,78418.1,78434.4,18.96839300
1787351880,78429.5,78504.1,78429.5,78471.6,15.15796100
1787351940,78471.6,78522.3,78432,78459.4,21.97429900
1787352000,78459.5,78520.9,78451,78500.8,15.34104900
1787352060,78500.8,78528,78467.5,78491.6,14.14719700
1787352120,78491.5,78548.2,78402.2,78522.9,13.96080500
1787352180,78522.8,78580.8,78482,78482,13.70874900
1787352240,78482,78539.3,78481.9,78515,11.99111600
1787352300,78509,78509,78360.8,78363,13.48364200
1787352360,78360.8,78418.1,78297,78410.2,9.94435600
1787352420,78410.2,78422.9,78378.6,78413.6,10.77650800
1787352480,78406,78421.9,78352.8,78377.2,10.54083700
1787352540,78377.2,78377.2,78280,78288.7,9.82058300
1787352600,78295.7,78303.9,78240.1,78287.5,11.83111900
1787352660,78287.6,78466.2,78287.5,78450.9,10.38059100
1787352720,78453.3,78589.8,78450.8,78516.4,11.99052100
1787352780,78525.1,78618.4,78516.3,78552.7,14.23621000
1787352840,78552.7,78598.2,78548.7,78548.7,12.53391900
1787352900,78544.3,78557.3,78529.9,78549.1,14.40742400
1787352960,78549.1,78581.8,78503.8,78542.9,14.95529800
1787353020,78543.3,78557.2,78477.8,78491.6,13.37875200
1787353080,78491.7,78528.7,78459,78469.8,13.30347800
1787353140,78469.7,78499.8,78433.9,78461.9,12.78644400
1787353200,78467.2,78479,78355.2,78355.2,9.30727400
1787353260,78354.8,78458.6,78339.1,78419.7,12.43044400
1787353320,78419.8,78437,78355.5,78396.2,10.24400500
1787353380,78396.1,78461.4,78379.9,78388.7,9.04778800
1787353440,78388.9,78424.1,78345.7,78378.1,11.62864400
1787353500,78378.1,78463.6,78363.6,78448.1,3.37663500
1787353560,78458.4,78465,78432.6,78463,8.56115300
1787353620,78469.6,78525.7,78469.6,78516.1,8.99748700
1787353680,78511.2,78530.2,78458.6,78518.7,10.95825000
1787353740,78520.4,78548.3,78471.2,78527,9.93147600
1787353800,78527,78534.9,78495.3,78501.1,15.69792900
1787353860,78501.1,78617.2,78501.1,78583,15.85721900
1787353920,78580.5,78580.5,78523,78539.9,10.38029900
1787353980,78539.9,78543.3,78486.4,78486.4,11.85494600
1787354040,78486.1,78550,78478.1,78542.2,10.56046300
1787354100,78542.2,78615.2,78538.3,78615.1,12.84269400
1787354160,78615.2,78666.4,78600.9,78627,16.71578300
1787354220,78627,78706.3,78627,78658.2,11.07357200
1787354280,78658.2,78682.9,78619.7,78674,10.77775200
1787354340,78668.2,78668.2,78634.8,78634.9,10.58124400
1787354400,78637.3,78713.2,78628.1,78643.6,18.49269100
1787354460,78630,78641.2,78568,78641.2,13.91302000
1787354520,78640.6,78725.5,78640.6,78683,14.16376600
1787354580,78683,78683,78633.6,78664.9,15.52497000
1787354640,78666.5,78682.9,78617.2,78682.9,15.85781800
1787354700,78682.9,78696,78617.3,78617.3,11.86216100
1787354760,78617.5,78633.5,78581.8,78581.8,15.21967700
1787354820,78581.8,78581.8,78433.4,78442.2,15.79371400
1787354880,78444.7,78444.7,78353.5,78403,18.43839800
1787354940,78405.1,78432.6,78398.1,78406.9,16.14490600
1787355000,78408.4,78441.8,78406.6,78416.6,21.10226900
1787355060,78420.7,78514.8,78420.7,78460.4,20.23589900
1787355120,78459.9,78502.4,78406.7,78445.3,17.64382000
1787355180,78445.3,78461.5,78412.5,78412.5,19.04991300
1787355240,78413.1,78413.1,78355.4,78393.3,16.98369300
1787355300,78393.3,78432.9,78367.5,78374.3,11.76498200
1787355360,78374.3,78374.3,78317.7,78320,14.00570300
1787355420,78327.3,78339.1,78289.7,78298.1,13.38529900
1787355480,78298,78314.6,78277.8,78286.6,11.72706200
1787355540,78277.8,78281.8,78212.1,78233.1,12.56664300
1787355600,78233.1,78302.6,78169,78219.7,9.06466900
1787355660,78219.5,78241.4,78199.1,78199.1,12.04213500
1787355720,78199.1,78199.1,78125.1,78154.9,11.87920100
1787355780,78164,78322.7,78158.1,78310.8,12.27394700
1787355840,78317.3,78396.1,78300.3,78380.4,14.78680800
1787355900,78380.4,78405,78339.1,78339.1,18.10775300
1787355960,78339.1,78360.3,78306.8,78309.2,14.26295000
1787356020,78306.5,78306.5,78241.5,78249.8,14.96436000
1787356080,78249.5,78272.6,78241.5,78259.1,11.68613700
1787356140,78265.7,78288.6,78249.5,78266.1,11.46666900
1787356200,78266.2,78266.2,78161,78161,10.17344900
1787356260,78162.1,78224.9,78124.5,78224.9,12.13873200
1787356320,78225,78292.1,78225,78287.2,10.54885700
1787356380,78287.2,78349.9,78278.7,78330.1,11.08203300
1787356440,78322.8,78322.8,78266,78314.5,11.42791800
1787356500,78306.6,78310.9,78268.7,78268.8,13.91191900
1787356560,78268.8,78289.8,78265.8,78288.5,10.85054000
1787356620,78288.2,78371.6,78288.2,78327.5,14.59396000
1787356680,78323.2,78353.5,78314.6,78353.5,13.16962300
1787356740,78353.5,78355.9,78330.1,78336.1,12.93229200
1787356800,78336,78350.1,78276.5,78298.8,9.25985300
1787356860,78298.7,78460.4,78292.8,78460.4,8.87149200
1787356920,78460.4,78500.6,78429.4,78461.2,8.78268600
1787356980,78461.2,78478.6,78176.4,78195.5,9.74493200
1787357040,78182.2,78182.2,78097.6,78177.8,13.51738400
1787357100,78177.7,78177.7,77927.2,77995.6,15.44065800
1787357160,77999.9,77999.9,77795.6,77864.9,14.98274800
1787357220,77865,77896.7,77768.2,77812.8,15.30679700
1787357280,77804,77871.1,77732.9,77871.1,16.26233900
1787357340,77871.9,77888.1,77831.8,77888.1,16.95053900
1787357400,77888.1,77999.5,77865.4,77999.5,22.47880800
1787357460,77999.6,77999.9,77919,77924.7,18.64260100
1787357520,77924.8,77924.8,77855.9,77855.9,22.37005500
1787357580,77855.9,77884.2,77804.6,77827.7,21.39706200
1787357640,77828.6,77952.5,77828.6,77906.2,21.71584500
1787357700,77906.2,77999.6,77863.9,77999.5,14.48520000
1787357760,77998.4,78073.8,77987.8,78073.8,13.56270200
1787357820,78073.7,78086.2,77981.3,77985.3,10.41345500
1787357880,77985.3,78027.4,77973.8,78023.6,11.83399100
1787357940,78023.5,78065.6,78023.5,78065.6,14.99390400
1787358000,78065.5,78095.2,78056.1,78067.6,6.51941600
1787358060,78067.5,78095.1,78057.6,78066.2,0.60815800
1787358120,78066.2,78071.9,78033.3,78058.7,0.69107000
1787358180,78057.5,78102.3,78049.6,78084.2,0.98654100
1787358240,78073.7,78098,78039.5,78090.8,0.39116200
1787358300,78086.6,78091.5,78051.1,78073.7,3.85635400
1787358360,78073.6,78081.8,77944.6,77944.6,4.59676800
1787358420,77944.9,78050,77944.9,78039.4,4.54771800
1787358480,78033.3,78064.6,78019.4,78062.8,4.06783200
1787358540,78064.7,78065.6,77908.1,77918,4.58868300
1787358600,77917.9,78012.8,77912.2,77992.4,6.20319600
1787358660,77992.4,78041.3,77986,78041.3,6.95941200
1787358720,78041.4,78041.4,77930.9,77933.5,8.97363300
1787358780,77933.6,78008.1,77880.1,78008,7.69501400
1787358840,78008,78051.1,77896.9,77915.2,9.37678200
1787358900,77920.2,77952.5,77902.6,77952.4,6.40294400
1787358960,77952.4,78008.9,77938.2,77978.4,8.63712100
1787359020,77983.2,77983.2,77926.5,77951,9.10450400
1787359080,77936.4,77984.7,77928.4,77984.6,9.31393700
1787359140,77984.7,77992.7,77929.1,77929.1,8.57901400
1787359200,77928.3,77944.4,77906.7,77906.8,8.14286900
1787359260,77906.8,77914.7,77783.5,77783.5,5.51795400
1787359320,77799.6,77821,77765.8,77785.7,7.25925700
1787359380,77790.5,77815.6,77751,77799.6,7.99053200
1787359440,77799.6,77845.5,77785.4,77839.8,7.97140500
1787359500,77839.7,77839.8,77743.1,77743.1,8.43965000
1787359560,77743.1,77828.1,77743.1,77826.5,10.00148200
1787359620,77828.1,77888.1,77828.1,77847.8,11.11201000
1787359680,77847.7,77863.9,77690.5,77717.3,8.83997500
1787359740,77707.8,77839.3,77698,77823.6,9.85794200
1787359800,77823.7,77868.4,77794.2,77807.3,17.06831100
1787359860,77807.3,77807.6,77752.6,77759,20.12430400
1787359920,77758.9,77838.5,77758.9,77831.6,14.36276100
1787359980,77831.7,77862.7,77810.8,77859.8,17.73050400
1787360040,77859.8,77862.2,77823.7,77839.5,21.30776200
1787360100,77846.9,77950,77839.8,77937.3,12.94948300
1787360160,77937.2,77972.5,77937.2,77952.6,10.68146500
1787360220,77952.6,77987.2,77936.4,77967.6,10.47113700
1787360280,77967.5,77967.6,77855.6,77910,10.92041000
1787360340,77910,77949,77909.9,77945.5,12.12919500
1787360400,77945.6,77955.3,77935.9,77955.2,7.41948100
1787360460,77955.2,78005.1,77900.6,78003.8,12.89341300
1787360520,78003.8,78005.2,77959.4,77975.7,13.20149200
1787360580,77975.6,78010.7,77963.5,78010.7,10.73736900
1787360640,78010.9,78080.1,77981.6,78080.1,11.29350900
1787360700,78080.1,78132.5,78060.3,78132.5,10.75413100
1787360760,78132.4,78132.9,78076.4,78076.4,12.88093200
1787360820,78068.5,78133,78068.4,78127.7,10.22912000
1787360880,78127.7,78135.3,78095.6,78108.6,9.84504300
1787360940,78108.7,78108.7,78068.4,78080,11.03289700
1787361000,78084.4,78194.9,78075.3,78180.2,8.35906400
1787361060,78165.1,78173.6,78141.2,78141.4,6.42353200
1787361120,78141.2,78141.2,78083.7,78100.7,7.03539800
1787361180,78099.8,78165.5,78092.6,78165.4,9.51189700
1787361240,78165.5,78165.5,78098.5,78112.1,7.12376100
1787361300,78112.2,78164.2,78109.2,78149.3,7.56046000
1787361360,78143.6,78163.4,78108.8,78133,8.00340900
1787361420,78133,78140.4,78028.2,78044.1,7.24823700
1787361480,78044,78044,77995.8,78027.6,7.33208700
1787361540,78027.7,78052.1,77980.8,78003.7,7.19057600
1787361600,78003.6,78018.4,77972.9,77973,10.01584800
1787361660,77972.9,77987.2,77950,77984.6,11.18986200
1787361720,77984.6,77995.6,77896.6,77945.1,14.62254100
1787361780,77945.1,77955,77909.4,77948.3,12.66767900
1787361840,77948.3,78023.7,77948.2,78002.6,10.98897900
1787361900,78002.7,78051.2,78002.7,78025.1,6.65685100
1787361960,78036,78036,77971.4,78032.2,10.80476200
1787362020,78025.7,78041.7,78007.9,78041.7,9.37483800
1787362080,78041.6,78045.5,78020,78020,9.54627600
1787362140,78020.1,78020.1,77993.3,78011,8.16363600
1787362200,78013.7,78032.2,78011.9,78032.2,4.27620500
1787362260,78036,78052.2,78031.3,78044.2,10.12941900
1787362320,78051.6,78169.6,78037.3,78165.3,6.35940700
1787362380,78169.7,78230.9,78167.9,78201.6,5.99875200
1787362440,78189.9,78230.3,78126.4,78126.5,7.86472300
1787362500,78126.4,78132.1,78092.7,78116.7,8.22820100
1787362560,78124,78165.5,78124,78135.3,14.20406000
1787362620,78135.3,78165.5,78064.5,78068.4,8.21828600
1787362680,78068.5,78124.9,78048.5,78048.6,9.30829000
1787362740,78048.6,78050.8,78000,78011.7,10.97947100
1787362800,78011.8,78042.7,78003.7,78042.6,9.33935000
1787362860,78042.6,78050.9,77987.6,77995.9,10.34148500
1787362920,77995.9,78019.8,77952.3,78013.9,15.58034500
1787362980,78013.9,78013.9,77925.2,77925.2,13.43899000
1787363040,77925.1,77929.2,77890.1,77916.4,11.37040700
1787363100,77916.4,77968.2,77915,77947.3,10.03003800
1787363160,77947.3,77958.8,77915,77944.8,8.90218000
1787363220,77952.8,77969.7,77931.2,77931.2,7.42210400
1787363280,77931.1,77931.1,77861.7,77861.8,8.59427700
1787363340,77861.8,77888.5,77845.7,77845.7,5.97796300
1787363400,77846.4,77864.2,77837.2,77864.1,6.14480900
1787363460,77866.7,77897.8,77866.7,77870,5.76530600
1787363520,77867.4,77867.4,77819.1,77846,6.27639900
1787363580,77846.1,77874.7,77830.1,77858.8,6.40629900
1787363640,77866.5,77883.5,77866.5,77883.4,6.16245800
1787363700,77883.4,77929.6,77883.4,77929.6,6.42463900
1787363760,77929.5,77979.5,77919.3,77979.5,6.66673400
1787363820,77979.5,78000,77954.9,77963.3,6.24977800
1787363880,77963.4,77987.5,77956,77973.4,5.98814900
1787363940,77973.4,78006.1,77816.8,77819.4,8.47271000
1787364000,77819.5,77911.8,77789.2,77911.7,9.24952000
1787364060,77911.8,77924.6,77861.5,77901.1,9.98186300
1787364120,77901.1,77920.3,77885.8,77913.3,7.86172400
1787364180,77913.2,77982.3,77893.7,77981.6,10.10342900
1787364240,77981.6,77990.2,77958.1,77974.1,10.17147400
1787364300,77974.2,78020,77966.3,78020,9.49303200
1787364360,78020,78051.4,77937.3,77956.3,9.76779900
1787364420,77957.9,78043.9,77957.9,78013.3,9.92789400
1787364480,78013.3,78013.3,77982.4,78010.4,6.55810600
1787364540,78010.4,78029.1,77992.5,78022.5,10.71659300
1787364600,78022.6,78051.4,78015.1,78049.9,5.37887400
1787364660,78046.9,78080,78046.9,78079.9,5.80044100
1787364720,78079.9,78080,78050.4,78063.2,9.29623100
1787364780,78063.2,78108.4,78054.9,78087.5,8.57621300
1787364840,78087.5,78102,78054.7,78054.8,6.61058700
1787364900,78054.7,78156.7,78043.8,78156.6,5.72352800
1787364960,78156.6,78160,78097.4,78159.9,4.79441600
1787365020,78159.9,78194.9,78159.7,78187.4,5.22093400
1787365080,78187.4,78196.4,78138.1,78148.8,6.84920200
1787365140,78148.9,78152,78105.4,78107.6,4.40610100
1787365200,78107.7,78167.9,78101.8,78148.2,4.13401000
1787365260,78148.2,78193.9,78143.1,78150.5,1.52579300
1787365320,78150.4,78182.3,78142.9,78182.3,0.61250200
1787365380,78182.2,78182.2,78139.1,78152.4,0.95513000
1787365440,78152.4,78196.3,78152.4,78193.8,0.88397600
1787365500,78193.8,78277.6,78182.6,78277.6,5.49954000
1787365560,78277.6,78284.9,78251.3,78284.8,4.72344300
1787365620,78284.8,78346.7,78284.8,78328.3,5.82990400
1787365680,78328.2,78418.4,78311.2,78418.4,8.30537800
1787365740,78418.4,78477.3,78380.9,78384.9,6.32161500
1787365800,78380.9,78458.1,78371.4,78458.1,7.90669500
1787365860,78458.1,78488.7,78436.8,78483.9,7.23781300
1787365920,78483.9,78508.8,78375.3,78375.3,6.48855500
1787365980,78375.4,78392.1,78298,78301.5,8.42492700
1787366040,78301.5,78312.8,78280,78289.9,8.59448200
1787366100,78289.9,78289.9,78163.5,78265.4,9.50006200
1787366160,78265.4,78304.2,78236.6,78302.2,12.70847400
1787366220,78302.2,78329.1,78289.9,78313.2,10.65389500
1787366280,78313.2,78382.1,78271.5,78371.4,12.87846300
1787366340,78371.3,78409.2,78371.3,78403.9,9.82219700
1787366400,78410.1,78417.3,78387.7,78412,10.73671600
1787366460,78417.4,78453.3,78412.3,78412.3,11.51549300
1787366520,78412.1,78420.3,78395.8,78395.8,11.79749300
1787366580,78395.9,78455.8,78349.3,78445.2,15.35225300
1787366640,78445.2,78504.1,78431.1,78501.8,11.65847400
1787366700,78504,78538.3,78429.6,78450.6,17.04427400
1787366760,78450.6,78450.6,78387.7,78401.2,11.52970700
1787366820,78401.2,78401.2,78330.6,78338,10.85086700
1787366880,78337.9,78352.3,78307.9,78352.2,10.76961300
1787366940,78352.3,78377.9,78330.7,78377,13.31539200
1787367000,78377,78433.4,78330.7,78420.6,10.35328200
1787367060,78420.7,78444.8,78392.2,78438.9,10.13015600
1787367120,78438.8,78453.6,78404.2,78451.4,13.56769200
1787367180,78451.4,78490.1,78429.2,78487.9,13.61489500
1787367240,78486.7,78492.4,78445.7,78445.8,11.20965900
1787367300,78445.7,78469,78421.6,78468.9,10.58937700
1787367360,78467.5,78509.9,78445.4,78505,8.20904400
1787367420,78505,78557.6,78485.4,78485.4,10.22065400
1787367480,78485.4,78485.5,78428.3,78436.4,9.72210800
1787367540,78436.5,78477.3,78436.5,78477.3,8.68878300
1787367600,78477.2,78483.9,78422.7,78447.2,12.06535700
1787367660,78447.1,78512.3,78431,78506.3,13.85930700
1787367720,78506.4,78528.8,78506.4,78528.7,10.12280200
1787367780,78528.7,78571.4,78528.7,78562.4,12.64201100
1787367840,78562.4,78619.9,78548.5,78564.6,9.46288200
1787367900,78577.1,78616.7,78564.5,78584.6,9.39891500
1787367960,78584.6,78679.2,78582.7,78670.6,11.32002100
1787368020,78670.5,78697.9,78613.6,78613.6,9.14887300
1787368080,78610.6,78610.6,78586.2,78586.2,8.82806300
1787368140,78586.2,78608.1,78558.1,78558.2,9.38436500
1787368200,78558.1,78558.1,78486.3,78512.2,6.29458000
1787368260,78511.4,78512.3,78444.2,78463.4,10.65877200
1787368320,78463.4,78463.4,78405.2,78428.8,7.04997800
1787368380,78428.7,78428.8,78378.8,78425.9,10.21650100
1787368440,78425.8,78449.3,78398.3,78398.3,9.70101800
1787368500,78398.4,78455.7,78375.9,78455.7,11.60627100
1787368560,78455.7,78489.6,78454.8,78487.6,11.07553500
1787368620,78489,78520.6,78473.6,78520.6,9.62273100
1787368680,78520.5,78554.1,78520.5,78545.6,9.31483200
1787368740,78545.7,78599.9,78545.7,78594.9,11.64285000
1787368800,78595,78608.6,78509.6,78512.3,7.59998600
1787368860,78506.1,78603.8,78506,78594,8.93520900
1787368920,78594,78608.6,78576.3,78608.5,5.93377000
1787368980,78608.5,78608.6,78580.1,78585,6.92558000
1787369040,78585,78602.3,78577.1,78594.1,7.49308200
1787369100,78594.1,78723.8,78594.1,78713.1,10.91637100
1787369160,78713,78744.9,78646.8,78700.7,7.45206100
1787369220,78700.7,78741.8,78687.1,78731.7,8.91184500
1787369280,78731.5,78738.9,78717.3,78724.4,7.98183900
1787369340,78724.3,78791.1,78709.1,78757.3,8.86495800
1787369400,78757.2,78783,78747.6,78782.9,10.34766100
1787369460,78782.9,78835.1,78747.6,78759.7,14.43375600
1787369520,78752.4,78755.5,78705,78705,9.27976100
1787369580,78701.6,78701.6,78659.9,78679.7,13.17005600
1787369640,78684.4,78684.4,78651.6,78676.2,12.45725100
1787369700,78678.6,78755.8,78678.6,78732.4,13.44199000
1787369760,78735.5,78747.1,78695.2,78725.3,10.24130400
1787369820,78725.3,78738.1,78700.8,78717.1,9.11344100
1787369880,78717.2,78717.2,78695.3,78701.9,9.36021700
1787369940,78701.8,78711.8,78681.5,78692.6,8.90524500
1787370000,78692.5,78692.6,78635.8,78635.9,7.89623900
1787370060,78645.4,78645.4,78560.6,78588.7,6.65142000
1787370120,78590.6,78668,78590.6,78646.4,8.01801800
1787370180,78646.5,78646.5,78574.4,78610.6,8.14235400
1787370240,78610.6,78642.9,78610.5,78642.9,5.78421100
1787370300,78642.8,78642.8,78561.6,78589.9,5.54088300
1787370360,78590.6,78638.4,78590.5,78596,7.10332900
1787370420,78596,78613.9,78591.2,78611,5.70565900
1787370480,78611,78611,78592,78594,6.41800600
1787370540,78594.1,78594.1,78550,78553.1,5.46844200
1787370600,78555,78641.9,78555,78641.9,4.89389300
1787370660,78641.9,78689.4,78641.7,78667,4.71831700
1787370720,78667.1,78676.1,78590.6,78590.6,6.54191500
1787370780,78590.7,78627.5,78588.1,78621.5,5.18656200
1787370840,78621.4,78621.4,78548.3,78548.4,4.41271700
1787370900,78548.3,78557.9,78493.6,78500.8,10.00035800
1787370960,78500.8,78500.9,78393,78447.2,6.29465100
1787371020,78447.1,78496.1,78447.1,78479.9,7.42408600
1787371080,78479.8,78479.8,78408.2,78409.2,7.54798200
1787371140,78409.2,78420.1,78401.7,78408.5,4.38487400
1787371200,78408.6,78457.9,78408.6,78457.8,10.53769700
1787371260,78457.8,78465.7,78377.1,78392.7,9.10295600
1787371320,78392.8,78392.8,78275.1,78295.1,7.85533000
1787371380,78287.1,78302.6,78240,78302.6,9.30561600
1787371440,78302.5,78384.6,78290.8,78384.6,8.08840400
1787371500,78384.5,78433.4,78381.1,78405.6,10.84348000
1787371560,78405.6,78407.2,78280.6,78289.5,16.52403700
1787371620,78289.6,78296.4,78252.5,78285.2,10.43939500
1787371680,78285.2,78337.2,78285.2,78299.9,13.44403000
1787371740,78306.5,78323.8,78295.1,78323.7,9.60742700
1787371800,78323.8,78363.8,78323.7,78363.7,9.78297200
1787371860,78363.8,78382.5,78327.7,78382.5,10.68952200
1787371920,78382.5,78395.9,78368.4,78380.4,10.84912000
1787371980,78380.3,78391.4,78371.2,78383,9.25264400
1787372040,78383.1,78408.7,78383.1,78394.7,9.28670400
1787372100,78394.7,78394.8,78327.7,78353.1,4.82084100
1787372160,78353.1,78361.6,78300,78321.3,6.60915400
1787372220,78321.3,78326.9,78246.6,78271.3,14.83124200
1787372280,78267.3,78286.9,78235.4,78243.9,9.58214000
1787372340,78243.8,78262.7,78205.9,78258.3,5.55505300
1787372400,78258.4,78351.5,78258.4,78347.5,5.80440000
1787372460,78347.4,78410.1,78304.6,78395.1,1.64169000
1787372520,78395,78477.6,78370.5,78462.4,1.17845800
1787372580,78458.5,78531.2,78458.5,78506.8,1.51778600
1787372640,78505,78514.3,78485.4,78485.5,1.29306900
1787372700,78498.6,78537.5,78485.4,78522.3,1.08122600
1787372760,78523.1,78575.2,78523.1,78552.6,3.74117000
1787372820,78552.5,78561,78518.1,78518.1,5.18757300
1787372880,78515.1,78540,78515.1,78522.1,3.71445800
1787372940,78527.3,78593.4,78527.3,78593.4,4.20108300
1787373000,78593.5,78603.6,78519.3,78534.9,9.36007100
1787373060,78535,78596.7,78525.4,78594,7.46164700
1787373120,78594.1,78672.4,78589.1,78647.3,6.10913600
1787373180,78647.4,78676.9,78630.9,78630.9,8.12952900
1787373240,78630.9,78732.4,78613.1,78697.5,7.01789500
1787373300,78697.3,78697.4,78604.1,78676.1,11.41308600
1787373360,78680.1,78737.1,78680.1,78694.5,7.75349600
1787373420,78694.5,78732.3,78692.8,78732.2,7.21714600
1787373480,78712.7,78763.6,78712.7,78751.9,8.83110200
1787373540,78751.9,78757.7,78678.6,78678.6,11.17547400
1787373600,78676.1,78710,78660.4,78698.2,7.03633800
1787373660,78698.1,78799.4,78695.3,78768.6,6.99145800
1787373720,78768.7,78821,78768.5,78768.6,10.67809100
1787373780,78768.6,78768.6,78705.9,78735,8.45668900
1787373840,78734.9,78734.9,78649.8,78658.5,10.02327700
1787373900,78658.4,78686.8,78531,78669.5,9.97162900
1787373960,78670.7,78694.9,78636.2,78641.3,12.47286700
1787374020,78641.3,78675.4,78623.7,78623.7,11.99406400
1787374080,78621.3,78621.3,78545.3,78545.3,10.91392200
1787374140,78545.3,78603.3,78525.8,78571.5,10.45841700
1787374200,78571.4,78579,78530.9,78532.5,13.10369600
1787374260,78532.5,78562,78493.5,78509.7,13.43341200
1787374320,78507.7,78525.2,78492.6,78519.3,13.72308200
1787374380,78519.3,78555.8,78482.9,78537.3,17.88587500
1787374440,78537.2,78547.6,78523.1,78536,12.80056200
1787374500,78536,78539.6,78500,78539.6,5.96991700
1787374560,78539.5,78551.6,78506.8,78514.2,10.45701200
1787374620,78514.2,78538.8,78465.9,78515.3,16.96336000
1787374680,78515.3,78515.4,78437.5,78476.8,19.58759700
1787374740,78476.9,78490.4,78437.1,78441.7,20.43218100
1787374800,78439.6,78533.8,78404.3,78533.7,18.04665300
1787374860,78533.7,78548.8,78485.9,78532,18.48336500
1787374920,78532,78559.5,78476.7,78558.5,18.11529300
1787374980,78558.5,78592.6,78523.8,78527.7,16.80256400
1787375040,78527.7,78570.3,78494.5,78498.4,15.29946700
1787375100,78498.4,78525.6,78423.4,78518,24.69413100
1787375160,78518,78550.1,78486.3,78516.1,16.82763400
1787375220,78516.1,78517.5,78250,78280.5,18.56691400
1787375280,78264.7,78264.8,78111.2,78128,19.86371100
1787375340,78128,78143.8,77792.3,77822.3,19.25425300
1787375400,77822.3,77840.9,76711.6,76751.2,61.05861700
1787375460,76751.2,77077.8,76500,77077.8,53.24926200
1787375520,77065.2,77398.4,77065.2,77366.6,41.90518400
1787375580,77366.6,77409.9,77177.1,77326.9,34.48530100
1787375640,77321.3,77405.9,77294.6,77327.6,19.10343500
1787375700,77331.6,77535.1,77321.4,77463.2,25.57768600
1787375760,77463.1,77463.1,76748,77054.5,88.58500600
1787375820,77060.8,77294.4,77019.7,77248.5,128.19415500
1787375880,77247.6,77289.2,77124.9,77141.9,128.89833400
1787375940,77141.2,77155.4,76970.2,76976,130.25606700
1787376000,76977,77207.7,76970.1,77201.4,73.56411900
1787376060,77201.5,77280,76916.9,76945.9,64.94603700
1787376120,76956.2,77001.9,76775.8,76843.1,51.60168800
1787376180,76843.2,77042.6,76843.1,77042.6,60.72031000
1787376240,77042.6,77118.1,77042.6,77069.8,65.37616000
1787376300,77069.9,77159.5,77046.8,77158.2,42.51670100
1787376360,77158.2,77261,77139.9,77260.9,39.32759200
1787376420,77260.9,77285.7,77217.3,77218.1,37.46840500
1787376480,77230.8,77296.3,77190,77289,42.48124400
1787376540,77288.9,77318.2,77268.9,77316.4,37.96323200
1787376600,77316.4,77316.4,77043.4,77053.9,27.85169000
1787376660,77054,77140.3,76917.7,77063.2,27.11689700
1787376720,77063.3,77221.9,77063.3,77221.9,25.07437900
1787376780,77221.9,77302.1,77149.7,77292.6,25.17676100
1787376840,77292.6,77357.3,77241.1,77357.3,24.63476800
1787376900,77358.2,77525,77331,77483.1,25.68476800
1787376960,77483,77567.5,77400.1,77407,25.29400700
1787377020,77414,77414,77209.5,77214.6,26.50121000
1787377080,77209.4,77269.1,77177.2,77248.9,28.61355900
1787377140,77254.9,77280.1,77141.9,77142,26.56645500
1787377200,77142,77257.1,77122.2,77138.4,11.07624100
1787377260,77137.2,77193.5,77090.9,77092.8,20.94334900
1787377320,77093.3,77129.4,77007.9,77082.5,22.34028400
1787377380,77080.2,77092.8,77005.5,77039.8,21.23800400
1787377440,77042.6,77185.7,77028.9,77185.6,21.91632100
1787377500,77185.6,77206.1,77120.3,77127.4,27.57738700
1787377560,77127.3,77255.1,77067.7,77248.3,13.88309300
1787377620,77248.3,77321.3,77248.3,77321.3,10.33999200
1787377680,77321.3,77385.4,77251.7,77385.4,16.23980200
1787377740,77385.5,77432.6,77365.6,77378.9,13.72084200
1787377800,77378.9,77431,77370.2,77385.5,4.38064100
1787377860,77385.5,77484.8,77353.5,77462.8,13.40939000
1787377920,77462.7,77509.6,77344.9,77376.6,14.22902500
1787377980,77376.6,77385.5,77321.4,77385.4,10.78708600
1787378040,77385.4,77391.3,77260.8,77361.9,11.21426400
1787378100,77370.2,77448.3,77335.9,77405,18.74178800
1787378160,77405,77415.1,77344.9,77375.5,12.64566200
1787378220,77370.2,77471.5,77353.4,77429.2,13.52091600
1787378280,77427.1,77475.9,77380.7,77462.7,11.83867000
1787378340,77454.9,77466.1,77375.6,77391,15.37063500
1787378400,77390.9,77441.9,77349.7,77441.8,10.74042200
1787378460,77441.9,77442,77351.9,77402.3,8.65175200
1787378520,77394.4,77405.5,77338.9,77352.2,9.67618600
1787378580,77341.2,77400,77301.2,77315.2,11.27553400
1787378640,77315.2,77364,77308,77320,8.68393300
1787378700,77318.4,77318.4,77171.9,77205.5,3.51636400
1787378760,77205.6,77219.7,77162,77162.1,7.84579400
1787378820,77162.1,77225.5,77162.1,77210.6,8.36929500
1787378880,77218.2,77358.4,77218.2,77291.5,8.82596200
1787378940,77291.6,77360,77291.6,77323.2,8.26511000
1787379000,77323.2,77343.2,77204.6,77205.3,13.42803998
1787379060,77205.4,77289.9,77205.4,77288.2,10.25171700
1787379120,77288.2,77290.4,77204.7,77204.8,8.90405700
1787379180,77204.8,77225.5,77170.6,77202.6,8.67347600
1787379240,77212.4,77225.9,77166.8,77173.2,8.08172600
1787379300,77173.1,77243.4,77173.1,77226.2,6.27003400
1787379360,77226.2,77331,77226.2,77292.2,9.73352100
1787379420,77292.3,77367,77259.9,77259.9,11.61012800
1787379480,77259.9,77259.9,77181.1,77229.2,7.85935100
1787379540,77229.2,77244.1,77205.6,77224.2,10.08993700
1787379600,77226.4,77327.4,77226.4,77311,7.51754400
1787379660,77323,77327.4,77260,77275.7,0.81324400
1787379720,77279,77291.9,77262.3,77284.9,0.92829000
1787379780,77291.5,77346.7,77291.5,77331,1.60276100
1787379840,77338.1,77387.1,77338.1,77378.6,1.11897400
1787379900,77378.6,77400,77339.9,77370.6,1.74210000
1787379960,77362.7,77362.7,77305.8,77311.2,4.11917700
1787380020,77311.2,77311.2,77267.8,77267.8,5.01037500
1787380080,77267.8,77275.7,77217.5,77244.1,3.67149000
1787380140,77244.2,77275.5,77244.2,77252,5.31664800
1787380200,77252.1,77252.1,77225.5,77229.4,6.49726100
1787380260,77229.4,77229.4,77124.5,77135.2,7.31390200
1787380320,77140.2,77180.3,77001,77130,11.05010700
1787380380,77130,77141.6,77074.5,77107,7.21657600
1787380440,77107.1,77133.7,77078.6,77093.1,6.45005000
1787380500,77093.1,77175,77093.1,77165.1,9.63546400
1787380560,77165.1,77250,77165.1,77249.9,9.49635100
1787380620,77249.9,77425.4,77236.2,77425.4,12.16266600
1787380680,77425.3,77525.5,77394.5,77506.1,14.55258500
1787380740,77506,77554.6,77485.9,77505.5,12.29520800
1787380800,77505.5,77573.4,77466.1,77560.1,14.31107800
1787380860,77560.1,77569.1,77473.7,77473.7,12.89499500
1787380920,77473.7,77480.3,77408.4,77459.5,15.01425900
1787380980,77459.5,77478.4,77427.7,77441.8,15.93094000
1787381040,77441.9,77441.9,77402.4,77402.4,12.36840400
1787381100,77402.3,77473.7,77402.3,77473.2,0.52869500
1787381160,77473.7,77477.8,77434.1,77442.2,6.41911500
1787381220,77442.3,77450.5,77392.1,77450.1,7.54568100
1787381280,77450.4,77468.1,77450.4,77457.9,5.36329900
1787381340,77458.4,77464.7,77445.6,77453.4,7.94916400
1787381400,77453.4,77545.2,77450,77514.2,12.52563000
1787381460,77514.1,77537.3,77513.5,77537.2,8.08500400
1787381520,77537.2,77537.2,77394.4,77466.2,7.86428100
1787381580,77461.8,77492.4,77427.8,77492.3,7.15573100
1787381640,77492.3,77492.4,77457.9,77465.8,6.45705700
1787381700,77465.8,77465.8,77402.4,77449.9,10.84764800
1787381760,77449.9,77457.8,77427.7,77457.8,10.42020500
1787381820,77460,77468.1,77429.3,77457.7,8.93920900
1787381880,77457.7,77482.6,77446.5,77469.9,9.60970500
1787381940,77469.9,77504.1,77469.8,77490,7.26436300
1787382000,77490,77504.1,77451.2,77492.4,7.77097500
1787382060,77492.5,77524.8,77478,77524.8,5.06007300
1787382120,77524.7,77615.3,77513.1,77586.6,9.80790000
1787382180,77586.6,77653.7,77586.6,77621.7,9.07012800
1787382240,77621.8,77651.7,77601.8,77623.9,8.25728500
1787382300,77624,77675.6,77547.8,77548.3,8.85286600
1787382360,77549.9,77611.8,77549.8,77592.6,10.45006400
1787382420,77592.7,77651.3,77592.6,77651.2,8.58997700
1787382480,77651.2,77651.2,77532.3,77536.1,12.05085400
1787382540,77536.1,77536.1,77396.3,77396.7,11.25904300
1787382600,77396.3,77446.7,77368.7,77387.1,13.50447900
1787382660,77387.1,77387.1,77298.5,77333.3,11.49253000
1787382720,77333.3,77404.7,77275.9,77309,11.31618600
1787382780,77308.9,77308.9,77278.8,77290.2,9.61791300
1787382840,77290.3,77394,77290.2,77369.8,11.52860000
1787382900,77369.8,77396.2,77322.7,77322.7,10.87536200
1787382960,77322.7,77349.9,77290.6,77290.7,12.82023400
1787383020,77290.7,77291.4,77237.3,77237.3,14.31228300
1787383080,77237.4,77284.8,77222.5,77255.1,14.49182600
1787383140,77255.1,77278.7,77226.6,77278.5,12.32886600
1787383200,77278.8,77401.9,77262.9,77401.9,13.94023400
1787383260,77404.2,77451.2,77383.7,77412.4,13.65896100
1787383320,77412.3,77431.9,77365.6,77381.6,11.88179900
1787383380,77381.5,77436,77374.4,77435.9,9.28645100
1787383440,77435.9,77437,77408.8,77422.4,13.33948800
1787383500,77422.5,77463.8,77397.5,77408.2,17.69450200
1787383560,77408.2,77434.5,77394.6,77397.4,13.15712600
1787383620,77394.6,77451.2,77393.3,77445,12.11116300
1787383680,77445,77451.1,77433.1,77442.7,9.92327200
1787383740,77442.8,77492.6,77442.7,77480.2,10.21305200
1787383800,77480.3,77492.6,77453,77453,9.75065900
1787383860,77453,77474.6,77413.2,77467.5,10.00967100
1787383920,77468.7,77498,77451.2,77464.1,8.24258400
1787383980,77452.1,77502.8,77446.4,77484.6,11.29060800
1787384040,77484.6,77486,77437,77452.9,9.80059300
1787384100,77452.9,77471.6,77421.2,77445,11.11443300
1787384160,77442.9,77452.7,77421.2,77430,10.94482400
1787384220,77429.9,77460.7,77395.3,77460.7,9.72494300
1787384280,77460.7,77460.7,77409.2,77414.1,10.12257000
1787384340,77414.2,77415,77386.9,77410.5,7.39317900
1787384400,77413.5,77419,77344,77356,9.35451300
1787384460,77356,77386,77302.6,77378.4,10.89896100
1787384520,77383.7,77419,77383.7,77418.9,8.36102700
1787384580,77418.9,77421.2,77389.6,77421.1,9.44245500
1787384640,77421.2,77431.3,77397.6,77411.2,9.58983400
1787384700,77411.3,77442.2,77397.4,77405.2,7.01048300
1787384760,77405.2,77407.3,77381.6,77405.2,7.30428400
1787384820,77405.2,77405.2,77328.9,77349.8,7.72453500
1787384880,77349.9,77357.8,77326.2,77345.8,10.20392100
1787384940,77337.9,77354.8,77310.4,77338.8,9.94569100
1787385000,77338.7,77358.6,77310.4,77358.6,11.88321900
1787385060,77358.5,77365.7,77303.4,77314.5,7.51751700
1787385120,77314.5,77341.7,77291.1,77323.1,8.15951200
1787385180,77323.2,77341.6,77303.1,77326.3,9.24932100
1787385240,77326.3,77365.7,77326.3,77342.2,7.95616400
1787385300,77344.9,77357,77331.2,77350.1,6.37423400
1787385360,77350.2,77354.6,77326.2,77326.2,7.24352200
1787385420,77326.2,77328.2,77310.5,77317.1,7.68514300
1787385480,77317,77317.1,77290.9,77290.9,4.54267800
1787385540,77291,77310.4,77270.9,77296.6,7.20250400
1787385600,77298.5,77337.9,77266.6,77337.9,8.33399200
1787385660,77340,77370.3,77340,77345.2,6.66083600
1787385720,77345.1,77408.3,77345.1,77378.6,5.91059400
1787385780,77378.6,77392.3,77332.5,77339.9,7.09717600
1787385840,77339.9,77368.4,77250,77250,8.74250300
1787385900,77245.3,77289.8,77195.4,77239.2,7.82370900
1787385960,77239.1,77323.3,77234.5,77309.4,8.75666500
1787386020,77309.4,77309.4,77252.2,77303.8,10.05828500
1787386080,77303.7,77352.8,77289.9,77352.8,8.49670600
1787386140,77352.8,77394.2,77339.6,77339.7,12.40871100
1787386200,77339.7,77419.7,77339.7,77365.5,9.17867600
1787386260,77376.5,77410.5,77376.5,77376.7,8.89100100
1787386320,77376.8,77424.1,77365.4,77395.8,7.25623400
1787386380,77395.7,77416,77355.5,77355.5,8.86379900
1787386440,77355.6,77429.7,77355.6,77424.1,7.70957400
1787386500,77431.2,77441.4,77417,77434.9,1.97882400
1787386560,77434.9,77435,77369.7,77374.2,8.95045400
1787386620,77374.1,77378.7,77355.5,77357.6,7.40004200
1787386680,77357.7,77368.9,77329.2,77329.4,8.88535000
1787386740,77337.1,77351.5,77305.8,77314.8,7.87218200
1787386800,77314.9,77355.5,77305.5,77305.5,7.63283200
1787386860,77305.6,77329.1,77294.9,77316.5,1.27294600
1787386920,77316.6,77333.8,77305.6,77305.6,1.30018200
1787386980,77305.6,77319.2,77297.6,77297.6,0.44631500
1787387040,77297.6,77305.5,77274,77281.9,0.91339900
1787387100,77277.3,77297.5,77275.6,77280.3,4.53132800
1787387160,77280.3,77280.3,77207.7,77207.8,5.00508500
1787387220,77207.8,77212.8,77131.5,77140.1,5.70834900
1787387280,77140,77305.5,77108.6,77269.5,7.32214100
1787387340,77269.4,77269.4,77215.3,77215.3,4.55044300
1787387400,77215.3,77222.1,77080.4,77157.3,9.80386800
1787387460,77157.2,77186.5,77119,77132.1,11.50799800
1787387520,77124.4,77155.8,77088.5,77124.3,9.90529700
1787387580,77124.3,77124.4,77080.6,77090.6,9.91159200
1787387640,77090.6,77132.2,77073.4,77113.5,9.86685800
1787387700,77112,77195.1,77112,77155.8,9.97945600
1787387760,77155.8,77163.4,77099.5,77099.6,10.21379400
1787387820,77099.5,77137.6,77073.3,77137.6,12.36424200
1787387880,77137.6,77138.4,77100.8,77123,13.44417400
1787387940,77123,77138.4,77112.6,77138.3,12.37507000
1787388000,77138.4,77160,77124.9,77129,12.58825900
1787388060,77128.9,77151.9,77108.6,77140.1,8.97749900
1787388120,77140.1,77140.1,77035,77118.7,9.01106900
1787388180,77118.8,77291.3,77103.9,77282.9,11.72098500
1787388240,77283,77323.2,77267.1,77289.8,10.23019500
1787388300,77289.6,77289.6,77138.4,77143.4,11.14451100
1787388360,77143.4,77163.4,77109.2,77163.4,12.05951900
1787388420,77163.3,77187.3,77140.8,77170.4,12.24268200
1787388480,77170.4,77177.3,77147.9,77177.2,7.81910600
1787388540,77177.3,77193.8,77149.8,77193.7,13.21429800
1787388600,77193.7,77213.3,77179.5,77208.5,8.81764500
1787388660,77208.4,77208.5,77149.9,77199.9,9.78613200
1787388720,77199.9,77210.9,77163.6,77171.5,7.14558100
1787388780,77171.6,77179.4,77155.8,77173.6,9.08025000
1787388840,77173.6,77194.2,77171.5,77182.3,6.82276000
1787388900,77182.4,77182.4,77151.5,77151.6,3.46632700
1787388960,77151.5,77194.3,77140.1,77178.3,4.08582100
1787389020,77178.3,77187.3,77163.5,77187.3,4.90644100
1787389080,77187.6,77203,77142.2,77163.5,6.60470800
1787389140,77163.6,77202.1,77155.4,77202.1,4.15695500
1787389200,77202.1,77225.1,77164,77164.1,5.93607200
1787389260,77158.9,77170.8,77135.3,77143.3,5.25611500
1787389320,77143.2,77152.5,77127.5,77144.9,4.06196700
1787389380,77143.2,77143.2,77069.2,77069.2,5.16566700
1787389440,77068.3,77116.9,77057.4,77114.1,6.93967600
1787389500,77114.2,77136.1,77080.4,77136,6.65521400
1787389560,77136,77166.6,77119.6,77125.2,7.13601700
1787389620,77125.3,77135.2,77096.1,77096.1,7.41503500
1787389680,77096.1,77143.1,77096.1,77143.1,6.20281500
1787389740,77143.2,77255.6,77143.2,77232.8,7.74120000
1787389800,77232.8,77281,77196,77216.8,8.13315200
1787389860,77216.7,77310.3,77206.2,77291.9,12.13633900
1787389920,77291.9,77356.1,77291.9,77348.2,9.73695000
1787389980,77350.8,77356.4,77329,77356.4,9.81299200
1787390040,77356.3,77367.4,77336.2,77367.4,8.15734600
1787390100,77367.7,77385.9,77317.6,77351.6,9.24186100
1787390160,77336.7,77346.9,77310.3,77339.6,10.47238900
1787390220,77339.5,77370.8,77320.5,77338.7,11.38116700
1787390280,77338.8,77363.9,77321.7,77321.7,11.11728500
1787390340,77321.6,77321.6,77271.2,77273.2,10.22176400
1787390400,77273.2,77300.6,77269.2,77283.1,11.74261000
1787390460,77283.1,77348.1,77277.1,77348,10.02403100
1787390520,77348.1,77371.3,77292.2,77298.6,8.87448200
1787390580,77298.6,77303.4,77261.5,77261.5,9.47283300
1787390640,77261.5,77268.1,77228,77228,8.15239100
1787390700,77228.1,77248.6,77195.7,77248.6,11.16930000
1787390760,77248.5,77248.5,77196,77212.4,11.12814700
1787390820,77212.5,77213.2,77170.5,77175.4,11.81457100
1787390880,77173.2,77210.6,77173.1,77210.6,10.45891800
1787390940,77212.1,77228,77201.5,77211.6,7.44400600
1787391000,77211.6,77221.9,77182.6,77211.7,9.65650200
1787391060,77211.6,77234.5,77195.5,77228.2,7.28767300
1787391120,77228.2,77237.6,77205.6,77209.6,7.85177600
1787391180,77209.7,77256.6,77206.1,77229.9,8.93157800
1787391240,77229.8,77229.9,77182.5,77200.7,8.28441900
1787391300,77200.7,77214,77200.7,77211.8,7.24590800
1787391360,77211.8,77228.8,77209.4,77228.7,5.01201900
1787391420,77223.3,77227.2,77190.4,77198.5,4.24920400
1787391480,77198.6,77205.1,77173.9,77174,5.63363500
1787391540,77177.1,77177.1,77150,77158.2,5.63711300
1787391600,77158.3,77190.4,77158.3,77188.5,3.52952700
1787391660,77188.7,77204.1,77174.9,77180.3,2.23727200
1787391720,77180.4,77184.5,77151.2,77184.5,1.82099700
1787391780,77184.5,77195.4,77164.1,77194.5,3.92645400
1787391840,77194.6,77201.4,77188.2,77200.9,3.63830200
1787391900,77198.9,77198.9,77086.4,77087,4.20687400
1787391960,77087,77094.3,77051.3,77051.4,2.87978500
1787392020,77051.3,77051.3,76845.9,76909.4,7.00029700
1787392080,76909.3,77018,76892.7,76978.7,5.08042300
1787392140,76977.1,76984.8,76931.7,76966.2,3.29581000
1787392200,76966.3,77025.8,76966.3,77002.9,13.96099200
1787392260,77003,77003,76892.2,76909.3,11.49680000
1787392320,76909.5,76965.8,76909.4,76921.9,10.84301700
1787392380,76925.9,77017.6,76925.9,76974.9,11.50377900
1787392440,76980.2,76995.6,76919.4,76927.7,12.51238700
1787392500,76931.2,76967.2,76919.4,76967.2,1.59969800
1787392560,76965.8,76970.7,76937.3,76962.5,7.98090200
1787392620,76962.5,77022.8,76962.4,76993.9,8.54582800
1787392680,76994,77036.5,76969.5,77027.4,8.82524900
1787392740,77027.5,77060.7,77027.4,77060.7,8.87646600
1787392800,77060.7,77072.5,77001.3,77001.3,16.13327100
1787392860,77001.3,77001.4,76942.6,76975.9,10.48669200
1787392920,76973.3,76973.3,76879.5,76879.5,6.76511800
1787392980,76908.9,76934.7,76813.8,76846.7,11.52272400
1787393040,76846.6,76941.8,76810.7,76929.7,10.37740300
1787393100,76929.7,76931.6,76887.3,76900.4,11.39501200
1787393160,76900.4,76900.4,76821.2,76889.8,13.01026300
1787393220,76889.8,76919.2,76864.5,76864.5,11.28780700
1787393280,76868.7,76918.6,76809.7,76822.3,12.59293900
1787393340,76822.3,76822.3,76744.4,76784.3,11.17178700
1787393400,76784.3,76876.9,76768.1,76842,12.29455900
1787393460,76841.9,76841.9,76771.1,76781,10.46155300
1787393520,76783.5,76786.6,76730.3,76744.2,11.09894200
1787393580,76732.3,76732.3,76682.5,76699.9,10.09133400
1787393640,76699.9,76748.1,76680.2,76708.9,14.95864800
1787393700,76712.6,76781.3,76704.3,76769.6,5.60014200
1787393760,76763.3,76814.9,76755.5,76787.6,13.74845200
1787393820,76787.5,76845.8,76787.5,76835.8,10.61375300
1787393880,76827.6,76828.4,76688.6,76719.7,11.04288400
1787393940,76722.4,76753.3,76673.1,76683,13.28279700
1787394000,76683.1,76718.4,76682.6,76710.3,9.29847900
1787394060,76707.1,76761.6,76703.5,76756,1.52402300
1787394120,76756,76763.2,76591.9,76639.9,2.39729300
1787394180,76639.8,76716.9,76533.4,76648.4,2.96406400
1787394240,76652.2,76685.5,76608,76608,1.40908700
1787394300,76608.1,76642.8,76577.8,76629.1,12.69621500
1787394360,76629.1,76716.5,76629.1,76670.5,18.81393700
1787394420,76670.5,76903.6,76670.5,76823.8,17.14556000
1787394480,76823.8,76949.1,76802.2,76945.8,17.20263300
1787394540,76945.8,76950.2,76894,76933.1,17.84304200
1787394600,76940,76942.6,76856.8,76911.4,17.30802300
1787394660,76911.3,76949.9,76903.9,76911.4,17.99682400
1787394720,76911.4,76980,76911.3,76952.5,17.08269700
1787394780,76952.6,76952.6,76887.9,76918.6,21.65829700
1787394840,76918.7,76951.2,76915.3,76934.7,21.58668200
1787394900,76934.6,76987.1,76934.6,76987,13.70614300
1787394960,76987.1,76992.1,76975.9,76992.1,12.64772600
1787395020,76992,77019.9,76983.2,77010.2,12.33505800
1787395080,77010.1,77054.9,77010.1,77054.9,15.18100700
1787395140,77054.8,77136.3,77052.4,77085.5,9.99878500
1787395200,77083.5,77148.6,77083.5,77148.6,9.73838700
1787395260,77148.6,77169.7,77148.5,77169.7,10.61670800
1787395320,77169.6,77169.6,77122.8,77122.9,9.03787800
1787395380,77122.8,77155.4,77122.8,77154.1,10.29547600
1787395440,77154.1,77170.5,77130.6,77159.3,10.11919500
1787395500,77159.2,77185.9,77101.7,77131.7,6.19129800
1787395560,77128.1,77128.1,77044.3,77063.8,6.69010700
1787395620,77063.7,77120.9,77043.8,77113.9,8.58386500
1787395680,77113.9,77113.9,77044.3,77058,7.92247500
1787395740,77058.1,77065.2,77041.9,77058,5.07935900
1787395800,77058.1,77082.7,77058.1,77073.8,6.30401300
1787395860,77073.8,77073.9,77036.5,77042.9,7.81295600
1787395920,77042.3,77063.8,77038.4,77041.2,9.48852400
1787395980,77041.2,77049.5,77038,77038.7,6.92012200
1787396040,77038.9,77050.8,76988.2,76988.3,7.47909700
1787396100,76988.3,77005.2,76929.1,76942.5,9.69577900
1787396160,76942.6,76958.2,76896.2,76907.1,7.12324300
1787396220,76906.6,76931.3,76896,76896.2,7.39046600
1787396280,76896.1,76962,76896,76962,5.62046800
1787396340,76963.2,77012.1,76963.2,76974.3,6.85549200
1787396400,76974.4,76999.5,76933.1,76933.1,8.17153300
1787396460,76933,76933,76880.1,76898,7.32548300
1787396520,76898.1,76898.1,76867.8,76867.9,6.74828300
1787396580,76867.8,76868.4,76823,76846.6,7.14446000
1787396640,76846.6,76964.2,76836.7,76964.2,10.06174800
1787396700,76964.2,77050,76948.7,77050,7.76062400
1787396760,77050,77069.2,76983,76983.1,6.78971300
1787396820,76983,77008.4,76982.8,77008.4,7.78176000
1787396880,77008.3,77008.4,76914.6,76923.1,6.84473800
1787396940,76923.1,76945.9,76895.3,76895.4,5.54213600
1787397000,76895.4,76966.6,76895.4,76966.5,6.44451200
1787397060,76966.5,76966.5,76899,76916.9,7.21392200
1787397120,76917,76930.2,76914.6,76914.6,7.04717000
1787397180,76914.7,76914.7,76891.5,76891.6,6.36348400
1787397240,76891.8,76906.7,76867.5,76867.5,6.33238200
1787397300,76864.8,76891.1,76822.9,76891.1,7.65375900
1787397360,76891,76891.2,76828.9,76845.3,5.99422100
1787397420,76845.4,76866.8,76833.1,76836.5,2.98132000
1787397480,76842.7,76852.2,76821.7,76843.6,5.04089900
1787397540,76843.6,76857.9,76815.6,76815.6,7.01399400
1787397600,76815.7,76886.9,76815.7,76886.4,8.37380300
1787397660,76886.5,76933,76872.6,76929.4,7.05438100
1787397720,76917.6,76917.7,76847.4,76847.4,6.53307400
1787397780,76847.4,76882.2,76847.4,76875.5,9.16448900
1787397840,76875.5,76875.6,76828.9,76829,4.72744100
1787397900,76829,76910.8,76829,76910.8,7.87407900
1787397960,76910.8,76930.2,76888.3,76914.6,6.88307400
1787398020,76914.5,76927.4,76907.8,76926.4,6.76484900
1787398080,76926.5,76979.3,76912.2,76951,7.19624700
1787398140,76950.9,76984.9,76950.9,76980.8,6.13412100
1787398200,76980.8,76980.8,76953.8,76964.1,7.63496000
1787398260,76964.1,77081.4,76942.5,77081.3,5.37052200
1787398320,77081.3,77084.5,77016.2,77038.8,8.99879100
1787398380,77038.9,77055.4,77024.1,77042.4,8.16580200
1787398440,77042.4,77086,77042.3,77085.9,8.94102700
1787398500,77085.9,77127.2,77079.6,77102.4,6.66732900
1787398560,77102.5,77143.4,77102.4,77143.3,6.66038200
1787398620,77143.4,77181.8,77104.7,77159.6,8.05024400
1787398680,77167.3,77167.3,77132,77133.8,5.69631400
1787398740,77133.9,77149.5,77126,77127.4,8.43186100
1787398800,77127.5,77164.4,77113.9,77164.4,5.95371300
1787398860,77164.4,77164.4,77141.6,77141.7,6.22664600
1787398920,77141.6,77141.6,77118.2,77123.2,6.43380800
1787398980,77123.2,77149.4,77123.2,77126,6.03374100
1787399040,77126,77172.4,77126,77172.3,3.50019900
1787399100,77172.3,77201.9,77157.4,77201,4.92801900
1787399160,77201.9,77207.7,77150.3,77188.8,3.90875100
1787399220,77188.8,77196.8,77145.9,77149.5,5.33423000
1787399280,77157.3,77169.3,77110.3,77119.3,5.61628400
1787399340,77119.2,77130.6,77102.4,77102.5,5.05345000
1787399400,77102.4,77102.4,77069.2,77084,4.48074300
1787399460,77084,77100,77071,77099.9,4.95913800
1787399520,77099.9,77099.9,77063.4,77063.4,3.82338700
1787399580,77063.5,77101.8,77063.5,77101.6,5.22733800
1787399640,77101.6,77101.8,77086.7,77090.4,4.04305000
1787399700,77090.3,77102.4,77090.3,77102.4,4.78801800
1787399760,77106.4,77175,77106.4,77164,2.94989300
1787399820,77164.1,77175,77108.5,77108.6,3.95518100
1787399880,77108.6,77147.1,77108.6,77147,3.77361300
1787399940,77147,77147,77130,77130.1,1.31725500
1787400000,77130.1,77130.1,77102.3,77102.4,4.56982300
1787400060,77102.4,77191.9,77078.7,77191.8,6.68388100
1787400120,77191.9,77263.8,77191.8,77199.9,7.38425500
1787400180,77199.8,77203.7,77149.4,77149.4,4.68294400
1787400240,77149.5,77149.5,77108.7,77142.7,6.63527800
1787400300,77142.7,77154.2,77140.3,77154.1,2.93592800
1787400360,77154.2,77238.9,77154.2,77225.4,8.04140600
1787400420,77225.4,77262.1,77198.1,77259.1,7.62322400
1787400480,77259.1,77266.5,77223.5,77266.5,8.32639900
1787400540,77266.5,77266.5,77220,77239.1,7.79775400
1787400600,77239.1,77277.8,77239.1,77258.1,7.04632900
1787400660,77258.2,77278.1,77223.4,77258.5,5.82011100
1787400720,77258.5,77263.5,77231.3,77233.1,6.77643600
1787400780,77233.1,77234.4,77211.4,77216.6,5.76466700
1787400840,77216.6,77261.1,77216.6,77243.4,5.60872100
1787400900,77243.4,77261,77239.8,77244.4,1.55205600
1787400960,77246.9,77280,77246.8,77269.2,2.45058600
1787401020,77269.3,77269.3,77230,77230,3.26508700
1787401080,77230,77236.4,77205,77215.4,5.31325800
1787401140,77215.4,77278.3,77215.4,77247.1,5.55918800
1787401200,77247.2,77270.6,77247.2,77254.8,6.92562300
1787401260,77254.9,77310.9,77254.9,77310.9,3.32969800
1787401320,77310.9,77310.9,77262.8,77274.8,1.70006000
1787401380,77274.7,77286.2,77270.6,77272.9,0.49130500
1787401440,77272.9,77305.1,77272.9,77282.4,0.75157100
1787401500,77282.3,77321.6,77278.4,77286.2,11.36842900
1787401560,77278.7,77299.1,77254.8,77299,7.79630500
1787401620,77299.1,77338.1,77278.4,77334.2,6.83559000
1787401680,77334.1,77338.1,77310,77310.1,7.18147600
1787401740,77310.1,77338.1,77296.3,77331.8,5.65681000
1787401800,77331.9,77331.9,77286.3,77307.3,9.23951400
1787401860,77307.4,77331.8,77262.1,77262.2,8.00092400
1787401920,77262.2,77285.1,77217.4,77239,7.60872700
1787401980,77241.6,77254.8,77223.9,77242.9,8.19889000
1787402040,77242.9,77242.9,77215.5,77226.9,8.31513600
1787402100,77226.8,77228.7,77209.2,77221.6,5.57621900
1787402160,77221.7,77247,77221.7,77242.3,5.20077800
1787402220,77242.3,77277.8,77242.3,77265,3.90998600
1787402280,77265,77265.1,77238.9,77247.1,4.08642600
1787402340,77247,77254.3,77217,77254.2,5.65340500
1787402400,77254.2,77276.3,77254.2,77276.3,1.57953200
1787402460,77276.4,77278.4,77262.7,77278.3,2.23831100
1787402520,77278.3,77286.3,77278.3,77286.3,4.63525700
1787402580,77286.3,77316.2,77286.3,77316.2,1.85925100
1787402640,77316.7,77340.3,77316.7,77340.3,1.96328700
1787402700,77340.2,77359.6,77340.2,77359.6,2.58468400
1787402760,77361.5,77361.5,77327.1,77327.7,2.03932700
1787402820,77327.7,77357.6,77327.7,77357.5,2.25305300
1787402880,77357.6,77386.4,77355.3,77355.3,2.34688400
1787402940,77354.1,77354.1,77328.8,77341.9,2.16443700
1787403000,77341.9,77344.9,77270.6,77279.5,2.52024300
1787403060,77279.6,77286.2,77262.1,77262.1,3.41098600
1787403120,77262.2,77287,77252.8,77270.6,2.62680800
1787403180,77270.7,77301.7,77262.7,77301.6,2.67673100
1787403240,77301.7,77315.4,77288.6,77315.3,2.46806100
1787403300,77315.4,77317.8,77295.1,77308.6,2.78081400
1787403360,77308.6,77330.2,77294.3,77322.9,3.37083900
1787403420,77319.3,77345.2,77311.8,77345.1,2.51770400
1787403480,77345.2,77345.2,77310,77310,2.97137100
1787403540,77310.1,77312.6,77300,77300,2.14783100
1787403600,77300.1,77320.1,77300,77300.1,1.74263600
1787403660,77300,77300,77250.1,77257.8,4.07718600
1787403720,77257.8,77265.7,77226.5,77250.2,2.76034100
1787403780,77251.5,77251.5,77189.8,77200,4.16321800
1787403840,77200,77221.2,77200,77221.2,2.36126500
1787403900,77221.1,77240.3,77195.1,77202.9,5.19225800
1787403960,77200.5,77218.6,77187.3,77195,3.57014300
1787404020,77195,77226.4,77195,77224.4,3.28507000
1787404080,77224.4,77224.5,77210.7,77210.8,3.69325900
1787404140,77214.4,77249.4,77214.4,77249.4,7.30054800
1787404200,77249.3,77257.9,77245,77247.6,3.43366000
1787404260,77247.6,77247.6,77208.9,77239,4.55186100
1787404320,77239,77247.3,77238.4,77247.2,3.56913800
1787404380,77247.2,77247.2,77226.7,77237.7,3.44201300
1787404440,77237.7,77237.7,77226.5,77226.5,3.25479800
1787404500,77226.5,77237.3,77219.4,77228.9,4.09265100
1787404560,77228.9,77249.6,77228.9,77238.6,2.95982200
1787404620,77238.6,77238.9,77139.6,77156.1,5.64670400
1787404680,77156.1,77163.6,77139.5,77163.6,2.03490100
1787404740,77163.5,77164.7,77122.8,77132.8,2.47520500
1787404800,77140,77146.4,77111,77132.2,7.72529400
1787404860,77132.2,77171.3,77132.2,77171.2,6.29942000
1787404920,77171.2,77171.3,77126,77126.2,6.90764300
1787404980,77132.2,77161.7,77132.2,77153.5,8.11762200
1787405040,77153.4,77179.3,77153.4,77179.2,5.84962400
1787405100,77179.2,77242.8,77179.2,77221.4,4.85606000
1787405160,77221.3,77242.8,77207.6,77242.7,3.24383200
1787405220,77242.7,77242.7,77187.2,77194.5,4.62159700
1787405280,77194.4,77194.4,77183.4,77185,4.30100800
1787405340,77184.9,77188.8,77172.3,77172.3,2.85420400
1787405400,77172.3,77195,77172.3,77188.5,11.18234500
1787405460,77188.4,77195,77171.5,77171.6,2.21816700
1787405520,77171.6,77171.6,77148,77150,3.56360800
1787405580,77150,77167.2,77139.4,77147.9,3.75256200
1787405640,77147.9,77148,77134.9,77134.9,2.51699200
1787405700,77134.9,77139.9,77122,77126.4,4.58530700
1787405760,77126.4,77132.3,77114.4,77114.4,6.15822100
1787405820,77114.4,77131.5,77103.6,77131.5,6.55910300
1787405880,77131.4,77182.7,77131.4,77163.7,6.12920500
1787405940,77163.7,77163.8,77122,77122.1,4.69010500
1787406000,77122,77138.8,77122,77138.8,5.23311100
1787406060,77138.7,77179.3,77138.7,77163.6,4.22984600
1787406120,77163.6,77163.6,77140.1,77155.4,4.66049800
1787406180,77155.3,77156.8,77143.5,77147.9,4.87107400
1787406240,77147.9,77153.1,77134.9,77153.1,3.11029700
1787406300,77153.1,77178.5,77140.2,77178.5,2.42807100
1787406360,77178.4,77186.6,77171.6,77186.6,2.16079300
1787406420,77186.5,77230.7,77186.5,77225.7,3.02584500
1787406480,77225.6,77282.7,77225.6,77272.9,3.85821000
1787406540,77272.9,77272.9,77210.7,77249.3,2.42762600
1787406600,77249.3,77287,77249.3,77287,2.55563500
1787406660,77286.9,77326.8,77269.4,77326.8,5.72632600
1787406720,77326.7,77341.2,77305.1,77341.1,5.44316100
1787406780,77341.1,77363.9,77327.9,77329,4.07009000
1787406840,77329,77329.1,77289.5,77290.8,4.90466800
1787406900,77290.8,77293.3,77268.1,77275.7,5.24730600
1787406960,77275.7,77275.7,77255.3,77258,4.85244400
1787407020,77257.9,77296.6,77257.9,77296.5,2.58986700
1787407080,77296.6,77302.3,77292.8,77296.4,4.24821000
1787407140,77296.4,77302.5,77283.9,77284.8,4.16807400
1787407200,77284.8,77316.9,77284.8,77316.8,2.99136500
1787407260,77316.8,77316.9,77289,77308.2,3.26807100
1787407320,77308.1,77308.1,77263.4,77263.4,2.92038200
1787407380,77263.5,77263.5,77245.4,77245.7,3.12111400
1787407440,77245.7,77245.7,77181,77203,2.45748500
1787407500,77203.1,77215,77158.2,77158.2,3.58354300
1787407560,77154.1,77154.1,77060.7,77061.4,4.21604400
1787407620,77061.5,77061.5,76950,77029.2,8.61240200
1787407680,77027.1,77071.5,77010.1,77064.8,6.88659500
1787407740,77071.5,77100,77057.1,77080.4,4.98940100
1787407800,77080.4,77100,77010.3,77025.7,9.56824800
1787407860,77025.7,77078.6,77025.7,77078.5,8.66002200
1787407920,77066.3,77066.4,77049.4,77063.4,9.90295200
1787407980,77063.3,77087.8,77052.8,77087.7,9.24017200
1787408040,77087.7,77087.7,77026.8,77030,9.24228000
1787408100,77030,77070.8,77029.9,77057.1,5.48969600
1787408160,77057,77057.1,77014.9,77041.5,6.40020700
1787408220,77041.4,77041.4,76957.1,76975.7,5.81098500
1787408280,76975.8,76994.6,76963.4,76994.6,6.57249900
1787408340,76994.5,77000,76994.5,76999.9,3.57064500
1787408400,76999.9,77057.3,76999.9,77025.8,7.04297500
1787408460,77018,77053.4,77018,77049.3,0.56729300
1787408520,77053.2,77053.2,77009.5,77009.5,0.84783800
1787408580,77009.6,77048.1,77009.6,77048.1,0.45627400
1787408640,77048,77048,76994.6,77025.5,1.77172800
1787408700,77025.5,77026.6,77025.4,77026.5,1.69186600
1787408760,77026.5,77029.6,77020.7,77020.7,1.66527900
1787408820,77020.8,77040.1,77010.2,77033.8,3.59860000
1787408880,77033.7,77096.1,77033.7,77092.4,3.75001000
1787408940,77092.3,77100.2,77085.2,77100.1,1.62058900
1787409000,77100.1,77117.4,77079.1,77099.7,2.92627000
1787409060,77099.6,77099.6,77039.9,77061.2,4.12305000
1787409120,77064.9,77092,77049.4,77091.9,2.38958900
1787409180,77092,77149.9,77092,77124,4.35762700
1787409240,77124,77141.4,77124,77141.4,3.85268900
1787409300,77141.5,77157.3,77088.5,77091.1,4.45415200
1787409360,77091.2,77119.6,77091,77111.8,10.41044500
1787409420,77111.8,77111.8,77095.1,77105.3,3.30617100
1787409480,77105.2,77105.2,77028.4,77028.4,4.57615900
1787409540,77028.5,77038.1,76979,76989,5.68695600
1787409600,76988.9,77040,76988.9,77027.5,5.31252100
1787409660,77027.4,77027.4,77012.4,77017,5.68369600
1787409720,77017,77021.7,76987,76987,5.02460700
1787409780,76986.8,77024,76971.2,76986.8,5.92202800
1787409840,76990.4,76996.2,76958.8,76965.7,7.01429100
1787409900,76965.8,76997.2,76954.2,76986.6,6.23450600
1787409960,76986.6,77002.9,76971.2,77002.9,5.08239100
1787410020,77002.9,77002.9,76986.8,76997.4,4.45213200
1787410080,76997.5,77002.7,76966.1,76974.1,4.37177900
1787410140,76966.9,76978.9,76964.7,76966.1,2.95067100
1787410200,76966.1,77001.2,76956.3,76973.3,4.74879200
1787410260,76973.4,76986.7,76959.9,76982.6,3.66484400
1787410320,76982.6,76986.7,76955,76955.1,2.80688500
1787410380,76955.1,76975.4,76928.6,76975.4,3.36179400
1787410440,76975.3,76978,76947.8,76950.9,3.20996600
1787410500,76950.9,76966.6,76944.6,76963.3,2.80436200
1787410560,76963.3,77037.3,76963.3,77025.8,4.70586100
1787410620,77019.6,77084.1,77018.1,77053.5,4.58897000
1787410680,77053.5,77053.5,76976.3,76979.5,2.85910300
1787410740,76979.5,77010.2,76979.5,77010.2,3.91197500
1787410800,77010.2,77014.7,76978,76978,4.95849400
1787410860,76977.1,77033.2,76958.8,77033.2,4.66574700
1787410920,77033.2,77083.2,77029.1,77066.1,5.52876300
1787410980,77066.1,77083.3,77056.9,77083.3,3.17930400
1787411040,77083.3,77091.5,77000,77017.7,6.59270900
1787411100,77017.6,77055.3,77005.6,77055.3,6.20992900
1787411160,77055.6,77060.2,77029,77029.1,4.85894000
1787411220,77029,77038.2,76992.5,77005.6,5.43993600
1787411280,77010.5,77010.5,76983.1,77000.9,5.73079000
1787411340,77000.8,77010,76960.1,76969.7,5.79309000
1787411400,76969.7,76997.5,76951,76997.5,3.03022900
1787411460,76997.5,77035.2,76982.2,76997.8,5.51911600
1787411520,77005.5,77005.6,76958.9,76979.8,4.36079600
1787411580,76979.8,76979.8,76935.4,76937.8,4.45789000
1787411640,76942.2,76973.2,76942.2,76943.2,4.20149400
1787411700,76935.6,76949.8,76927.6,76949.7,3.48861700
1787411760,76949.7,76990,76949.7,76990,3.24485500
1787411820,76990,77005.6,76951,76986.4,5.11836200
1787411880,76986.4,76986.4,76945.2,76957.2,5.06418200
1787411940,76957.2,76957.3,76947.7,76949.7,1.83123900
1787412000,76949.6,76958,76949.6,76958,2.80180400
1787412060,76958.8,76982.5,76952,76982.5,2.31657100
1787412120,76982.5,76989.8,76895.4,76895.4,4.84496600
1787412180,76895.4,76982.1,76880.1,76982.1,4.92212500
1787412240,76982.2,77025.4,76982.2,77001.6,4.50083200
1787412300,77001.7,77005.6,76971.6,77003.2,7.19652100
1787412360,77003.2,77027.6,76974.4,77011.7,6.79750200
1787412420,77011.7,77011.7,76989,76998.5,3.36619100
1787412480,76998.5,77018.4,76998.5,77018.4,3.61231700
1787412540,77018.4,77021.2,76989,76989,6.02047600
1787412600,76989.1,77020.8,76989,77000,5.07721400
1787412660,77000,77017.6,77000,77017.6,5.30612100
1787412720,77017.6,77044.7,77017.6,77031,5.83889700
1787412780,77031,77103.8,77031,77103.8,5.23371600
1787412840,77103.8,77103.9,77065.3,77099.4,7.13613300
1787412900,77099.3,77102.3,77075.9,77076,5.21293300
1787412960,77076,77076,77021.9,77028.9,6.28036400
1787413020,77028.9,77062.3,77028.9,77062.2,3.68222400
1787413080,77062.2,77062.2,77023.4,77028.1,5.53385900
1787413140,77028.1,77060.3,77028.1,77060.3,3.80081600
1787413200,77060.3,77060.3,77010.2,77022.6,4.61941000
1787413260,77022.6,77047.2,77022.6,77040.5,2.97042100
1787413320,77040.5,77048.4,77036.8,77041.3,2.26466400
1787413380,77041.2,77048.3,77031.9,77035.3,3.44275200
1787413440,77035.3,77083.8,77035.3,77060.4,3.25597000
1787413500,77060.4,77102.4,77060.4,77102.3,1.94576100
1787413560,77102.3,77102.3,77075.9,77075.9,3.32730900
1787413620,77076,77076,77040.6,77040.6,1.94908900
1787413680,77040.7,77079.7,77040.7,77051.6,3.13623800
1787413740,77051.6,77051.6,76997.8,76997.9,2.50034400
1787413800,76997.9,77007.4,76990,76990,3.78718200
1787413860,76990.1,77005.5,76925.2,76960.1,4.47792400
1787413920,76960,76960.1,76939.2,76960,1.65328000
1787413980,76960.1,76977,76935.5,76959.5,5.42318600
1787414040,76959.4,76973.4,76959.4,76971.9,1.61318800
1787414100,76971.8,77012,76971.8,76997.8,4.32258900
1787414160,76997.9,76997.9,76966.6,76990,4.66431500
1787414220,76997.7,77012,76997.6,77011.9,2.34615700
1787414280,77011.9,77035.2,76997.8,76997.9,4.22783900
1787414340,76997.9,76997.9,76977.3,76984.9,4.75148200
1787414400,76985,77012.5,76984.9,76992.2,4.07866300
1787414460,76985.7,76988.3,76961.7,76969.3,5.03864300
1787414520,76966.4,77032.2,76966.4,77020.2,5.12405800
1787414580,77020.2,77032.2,76985.5,77023.4,6.25989600
1787414640,77023.4,77067.1,77023.3,77067.1,5.27318800
1787414700,77067,77073.2,77017.7,77038.5,6.50383700
1787414760,77038.6,77047.9,77016.6,77047.9,6.15309300
1787414820,77047.8,77056.3,77047.8,77050,7.18885800
1787414880,77050,77073.1,77043.6,77059.4,8.59122800
1787414940,77059.3,77059.4,77017,77021.5,6.00263300
1787415000,77021.5,77031.1,77009.6,77024.3,4.80934600
1787415060,77024.4,77024.4,77005.4,77024.3,4.76017900
1787415120,77024.3,77024.3,76985.4,76985.9,3.69308900
1787415180,76985.8,77059.3,76958.6,77059.3,3.85641300
1787415240,77059.2,77067.1,77055.7,77055.7,4.21048000
1787415300,77055.7,77094.6,77052.2,77071.4,4.69146100
1787415360,77071.4,77117.3,77071.3,77108,2.84338200
1787415420,77107.9,77142.4,77107.9,77142.3,4.12944200
1787415480,77142.4,77162.1,77134,77153.7,4.65230100
1787415540,77153.7,77172.6,77136.7,77172.5,3.60051300
1787415600,77172.5,77196.1,77157.4,77196,2.24871500
1787415660,77196,77237.6,77191.8,77192.2,2.96939800
1787415720,77192.1,77223.4,77185,77220,1.23849700
1787415780,77220,77220,77196,77209.8,0.81765500
1787415840,77209.8,77226.9,77204.6,77212.2,0.57470400
1787415900,77207.3,77218,77200,77200,4.66540200
1787415960,77200,77200,77166,77170.5,4.30853900
1787416020,77170.5,77204.4,77170.5,77183.5,3.79305500
1787416080,77183.5,77237.8,77183.5,77227.8,5.32895200
1787416140,77227.8,77235.8,77200.8,77200.8,3.03676700
1787416200,77200.8,77203.5,77178.1,77203.2,0.83367500
1787416260,77203.2,77223.9,77203.2,77223.9,1.49769400
1787416320,77223.8,77223.8,77195.8,77195.8,1.71346100
1787416380,77195.8,77203.9,77182.1,77203.9,4.35137200
1787416440,77204,77208.5,77181,77198.5,5.06747600
1787416500,77198.5,77223.7,77198.5,77223.7,5.77911100
1787416560,77223.7,77300.7,77223.7,77295,5.82475700
1787416620,77294.9,77297.6,77267.2,77295.9,3.72110000
1787416680,77295.9,77315.2,77282.9,77305.5,4.71809700
1787416740,77305.4,77336.5,77305.4,77314.5,3.91361700
1787416800,77319.8,77393.1,77319.8,77391.5,8.14650700
1787416860,77391.6,77473.1,77347.2,77353,13.04315500
1787416920,77357.1,77395.2,77330.8,77386.3,8.95552900
1787416980,77386.2,77424.6,77378.4,77419.8,6.09166200
1787417040,77419.8,77419.8,77389.1,77393.5,7.98492400
1787417100,77393.6,77464,77393.5,77463.9,7.36064400
1787417160,77464,77555.5,77458.7,77468.5,14.46262900
1787417220,77479.8,77479.8,77464.6,77469.1,10.49362500
1787417280,77469.2,77488.5,77457.4,77469,9.91215700
1787417340,77469,77469,77425.2,77444.9,10.20820800
1787417400,77448.8,77448.8,77361,77361,11.74400200
1787417460,77361.1,77388.5,77361,77369.7,7.14047600
1787417520,77369.6,77376.7,77337.9,77376.6,8.75361900
1787417580,77376.7,77376.7,77330.6,77333,5.93855400
1787417640,77332.9,77334.6,77325.2,77325.2,6.56025200
1787417700,77325.1,77351.4,77325.1,77330.4,6.31661200
1787417760,77330.5,77330.7,77321.7,77321.7,5.89436900
1787417820,77321.8,77347.3,77321.7,77347.2,6.19081800
1787417880,77347.3,77353.7,77340.4,77340.4,1.33590400
1787417940,77337.9,77337.9,77287.4,77287.5,5.31527600
1787418000,77287.5,77306.8,77286.8,77302.7,4.39293500
1787418060,77304,77329.6,77303.9,77329.3,5.29960600
1787418120,77329.2,77329.5,77296.8,77301.5,4.26465100
1787418180,77301.5,77309,77281.9,77308.9,5.81046500
1787418240,77308.9,77309,77266.7,77266.9,3.82872800
1787418300,77266.9,77277,77245.5,77276.9,4.70776800
1787418360,77276.9,77308.1,77262.5,77300,4.22945300
1787418420,77306.6,77309.5,77293.8,77306.1,3.40935700
1787418480,77306.1,77315.7,77267,77296,5.28468200
1787418540,77295.9,77295.9,77270.4,77293.7,3.31311300
1787418600,77293.8,77296,77278.1,77278.2,4.29410700
1787418660,77278.2,77300.3,77278.1,77300.3,3.03226400
1787418720,77300.3,77301.7,77278.1,77285.4,5.21082600
1787418780,77285.3,77285.4,77278.1,77283.7,2.72020600
1787418840,77283.6,77283.7,77283.6,77283.7,4.95677000
1787418900,77283.7,77296.2,77283.6,77296.1,2.87121400
1787418960,77286.1,77310.1,77279.4,77286,4.50646400
1787419020,77286.1,77291.2,77283.4,77286.4,3.58395500
1787419080,77286.4,77309.5,77286.3,77309.5,3.30718500
1787419140,77309.5,77337.9,77309.5,77331.9,4.47829200
1787419200,77332,77332,77297.5,77307.4,2.98938900
1787419260,77307.4,77337.4,77307.4,77331.6,2.44235600
1787419320,77331.6,77331.6,77288.5,77288.6,2.72482700
1787419380,77288.5,77308.3,77286,77286.1,2.42218700
1787419440,77286,77293.8,77281.7,77281.8,3.94445400
1787419500,77281.8,77293.8,77281.8,77285,2.29338200
1787419560,77286.1,77288.5,77286,77288.5,2.75187000
1787419620,77288.5,77288.5,77278.1,77278.2,2.09157500
1787419680,77278.1,77280.3,77121.6,77125.4,4.21317400
1787419740,77144.6,77149.1,77077.8,77091.5,2.26557400
1787419800,77091.5,77154.3,77091.5,77154.3,7.43782900
1787419860,77154.2,77191.8,77154.2,77191.8,7.94361600
1787419920,77191.8,77192.9,77176.2,77190.6,7.01515400
1787419980,77191.8,77192.8,77168.2,77182.9,6.89375500
1787420040,77182.9,77191.8,77164.2,77173.3,9.15135500
1787420100,77173.4,77192.9,77173.4,77192.8,5.73829400
1787420160,77192.9,77198.6,77184,77184,2.93757200
1787420220,77181.2,77181.2,77154.9,77155.1,1.75250600
1787420280,77155,77174.7,77155,77172.1,4.09403600
1787420340,77172,77172.1,77128.8,77128.8,3.55027300
1787420400,77128.8,77185.5,77124.1,77185.5,3.75444200
1787420460,77185.5,77202.8,77185.5,77202.8,2.94135100
1787420520,77202.8,77219.1,77202.4,77209.9,2.43205800
1787420580,77210,77210,77176.2,77209.7,2.80978300
1787420640,77209.7,77214.8,77209.6,77214.8,2.23581600
1787420700,77214.7,77246.2,77214.7,77246.2,2.61450100
1787420760,77246.6,77252.5,77234.8,77252.5,2.63808100
1787420820,77252.9,77269.9,77252.4,77269.9,2.49289700
1787420880,77270,77286.4,77270,77277.1,1.21973500
1787420940,77272.1,77310.2,77272.1,77283.7,1.93021700
1787421000,77283.8,77348.9,77283.7,77348.9,3.47158500
1787421060,77349.5,77371.8,77349.4,77369.1,3.48917600
1787421120,77369.1,77369.1,77316.7,77316.7,3.48523500
1787421180,77316.7,77316.7,77273.3,77303.9,3.40690600
1787421240,77303.9,77304.7,77293.8,77301.6,2.82252600
1787421300,77303,77306.5,77270.4,77278,3.32904000
1787421360,77271.6,77286,77270.3,77286,2.64150300
1787421420,77285.9,77300.3,77285.9,77300.2,1.76976300
1787421480,77300.2,77300.2,77286,77289.9,2.84466700
1787421540,77289.9,77294.1,77275.1,77275.1,3.22352100
1787421600,77275.2,77285,77275.1,77277,3.96631900
1787421660,77277.1,77286.9,77277.1,77285.2,1.73370600
1787421720,77286,77304.5,77285.1,77304.5,2.03859000
1787421780,77304.4,77311.3,77304.4,77311.3,2.14801600
1787421840,77311.3,77351,77311.3,77344.1,3.73201600
1787421900,77344.2,77352.4,77344.2,77352.4,0.54996300
1787421960,77352.4,77352.4,77328.5,77328.6,1.09092200
1787422020,77328.6,77328.6,77303,77303,2.82234800
1787422080,77300,77309,77276,77276,3.47322200
1787422140,77276,77287.4,77242.1,77242.1,2.88920100
1787422200,77242,77270.7,77234.8,77242,3.09074000
1787422260,77242,77242,77215.7,77215.7,2.08659300
1787422320,77215.7,77217.6,77212.7,77212.8,2.79540500
1787422380,77212.8,77241.3,77212.7,77241.2,2.67890100
1787422440,77241.2,77242,77235.6,77235.6,3.48550200
1787422500,77235.6,77273.3,77235.6,77270.7,2.25075200
1787422560,77270.7,77291.4,77266.4,77288.8,2.84396200
1787422620,77288.7,77288.7,77249.8,77266.4,1.77237200
1787422680,77266.5,77293.1,77266.5,77281.2,2.91484600
1787422740,77281.2,77295.1,77268.9,77268.9,1.44488200
1787422800,77268.9,77295.2,77265.5,77289.7,1.69773700
1787422860,77289.4,77295.2,77286.4,77295.2,0.26648700
1787422920,77295.2,77344,77295.2,77329.5,0.73622700
1787422980,77329.4,77329.5,77309.3,77309.3,0.20266400
1787423040,77309.4,77309.4,77304.7,77308.7,0.25868700
1787423100,77308.6,77310.1,77308.6,77310.1,1.12917900
1787423160,77310.1,77332.4,77307.1,77307.1,0.74864300
1787423220,77307.2,77309.5,77306.2,77309.5,0.62305600
1787423280,77309.6,77309.6,77298.4,77298.5,1.52934900
1787423340,77298.5,77298.5,77281.2,77296.8,1.39673400
1787423400,77296.9,77296.9,77282.4,77282.5,0.88004900
1787423460,77282.4,77293.2,77277.1,77281.2,0.76867200
1787423520,77280.2,77288.9,77274.8,77277.8,1.00108300
1787423580,77288.9,77312.9,77281.3,77281.3,1.22656400
1787423640,77281.4,77316,77281.4,77316,1.62290500
1787423700,77315.9,77315.9,77273.3,77288.9,1.24725200
1787423760,77288.9,77289.7,77243.6,77265.5,2.04958300
1787423820,77265.4,77282.4,77257.6,77276.2,1.53862800
1787423880,77276.2,77276.2,77264.4,77271.7,1.43491800
1787423940,77271.8,77272.6,77256.7,77261,0.68862000
1787424000,77257.6,77265.4,77222.4,77222.4,2.00694100
1787424060,77218.5,77262.4,77218.5,77256.7,1.26403400
1787424120,77256.7,77262.4,77256.7,77262.3,1.79346100
1787424180,77262.4,77262.4,77251.6,77253.3,1.83075100
1787424240,77251.3,77251.4,77223.8,77223.8,1.10862400
1787424300,77218.5,77234.1,77177.1,77192.2,3.08751000
1787424360,77192.2,77218.2,77179.6,77218.1,2.37884400
1787424420,77218.2,77218.2,77194.9,77208.5,2.46334500
1787424480,77208.6,77208.6,77179.3,77197,1.74221800
1787424540,77197.1,77213.5,77197.1,77211.8,2.42930300
1787424600,77211.8,77211.9,77179.3,77187.2,2.69479100
1787424660,77185.4,77185.5,77163.6,77170.6,3.46941500
1787424720,77170.7,77170.7,77158.2,77158.2,3.52254600
1787424780,77156,77156.1,77134.2,77136.1,1.43617000
1787424840,77134.2,77202.2,77134.2,77202.1,5.15208300
1787424900,77202.2,77204.8,77187.2,77194.3,2.97880400
1787424960,77194.3,77226.3,77194.3,77226.3,1.83177800
1787425020,77226.2,77226.3,77226.2,77226.3,0.84977500
1787425080,77226.3,77245,77226.2,77244.9,0.50074600
1787425140,77245,77257.6,77244.9,77257.5,1.47399500
1787425200,77257.6,77276.8,77235.2,77235.2,2.29645800
1787425260,77235,77273,77234.9,77273,1.66526200
1787425320,77272.9,77286.2,77272.9,77276.4,1.55174500
1787425380,77280.5,77280.5,77264.2,77277.8,2.18813600
1787425440,77277.9,77277.9,77251.6,77251.6,0.95145600
1787425500,77251.6,77261.9,77245.2,77261.8,1.79089900
1787425560,77261.8,77261.8,77238.3,77238.4,2.64976600
1787425620,77238.3,77238.3,77221.5,77221.6,3.32137900
1787425680,77221.6,77222.7,77202.9,77212.4,2.91599000
1787425740,77212.3,77255.3,77207,77255.2,3.29020000
1787425800,77255.3,77274.6,77237.2,77274.6,3.68535100
1787425860,77274.6,77275.9,77264.1,77275.9,2.66438100
1787425920,77275.8,77282.2,77275.8,77282.2,1.56925400
1787425980,77284.2,77320.9,77284.2,77320.8,2.21620000
1787426040,77320.8,77339.1,77320.8,77324.8,1.92405500
1787426100,77324.9,77335.8,77324.8,77334.9,0.59747400
1787426160,77335,77339.2,77300.5,77300.6,1.74352400
1787426220,77300.6,77315.7,77299.3,77301.8,1.98832900
1787426280,77298.9,77323.5,77292.2,77323.4,1.69229900
1787426340,77323.4,77327.9,77266.9,77276.4,2.10037900
1787426400,77284.3,77284.3,77276.3,77281.9,4.81300800
1787426460,77282,77282.7,77266.9,77267.7,2.53869100
1787426520,77267.6,77267.7,77267.6,77267.7,0.64012000
1787426580,77267.7,77284.5,77264,77284.5,1.55803600
1787426640,77284.5,77296.1,77270.4,77271.2,2.89853900
1787426700,77271.2,77271.8,77263.5,77263.6,0.51969900
1787426760,77263.5,77286.1,77249.5,77286,1.56729500
1787426820,77286,77299.4,77276.4,77286.7,1.42699200
1787426880,77284.9,77289,77284.1,77284.1,1.20989200
1787426940,77284.2,77292.1,77276.4,77284.8,1.71459500
1787427000,77284.7,77297.5,77284.3,77297.5,2.68111600
1787427060,77297.4,77312.5,77297.4,77312.5,2.64375000
1787427120,77313.7,77330.1,77313.7,77330.1,1.76124700
1787427180,77330.1,77347.1,77323.5,77323.5,1.52550400
1787427240,77323.5,77324.9,77319.7,77324.9,1.85432600
1787427300,77324.8,77340.7,77323.5,77333.5,1.41562100
1787427360,77335.3,77339,77331.8,77331.8,2.73784200
1787427420,77332.7,77350,77332.7,77350,1.68143000
1787427480,77350,77378.3,77350,77378.3,1.36709700
1787427540,77378.2,77378.3,77341.9,77358.5,2.49666100
1787427600,77352.4,77370.2,77350.8,77370.2,2.04923600
1787427660,77370.6,77370.6,77347.1,77347.1,1.68285900
1787427720,77347.2,77364.6,77347.1,77354.3,1.82486800
1787427780,77354.3,77418,77352.7,77415,2.73797600
1787427840,77414.9,77417.9,77401.3,77417.9,2.36162700
1787427900,77417.9,77427.3,77408.5,77408.5,2.87998200
1787427960,77405,77446.4,77404.3,77446.4,2.05419200
1787428020,77447.6,77457.2,77433.7,77439,2.31822100
1787428080,77439,77441,77425.8,77433.4,1.39748700
1787428140,77433.3,77437.8,77418,77436.6,0.55099700
1787428200,77436.7,77456.7,77436.6,77456.3,3.47988200
1787428260,77456.4,77469.8,77456.3,77461.7,3.22099300
1787428320,77461.7,77461.8,77447,77456.7,4.00690900
1787428380,77456.5,77463.8,77449.8,77463.5,2.81904200
1787428440,77463.5,77463.5,77449.4,77449.4,2.57029200
1787428500,77449.4,77449.5,77448.3,77448.3,0.56724200
1787428560,77448.4,77449.3,77434.5,77449.3,2.49491400
1787428620,77449.3,77451.6,77445.3,77445.3,1.97244100
1787428680,77445.4,77449.4,77433.7,77441.9,2.27586400
1787428740,77441.9,77442,77417.9,77418,1.88459700
1787428800,77418,77433.7,77400.8,77400.8,0.85350800
1787428860,77400.8,77400.8,77397.3,77397.3,0.27611200
1787428920,77396.5,77396.6,77373.7,77373.7,1.92730100
1787428980,77373.8,77373.8,77363.9,77363.9,1.18638300
1787429040,77364,77401,77364,77394.3,1.46762500
1787429100,77394.4,77394.4,77373.7,77373.8,1.15343300
1787429160,77373.7,77401.6,77373.7,77401.6,1.94669500
1787429220,77401.5,77404.5,77399.4,77404.5,0.99785800
1787429280,77404.5,77424.9,77404.5,77424.9,1.57515400
1787429340,77424.8,77436,77423.9,77423.9,2.35715600
1787429400,77423.9,77438,77423.9,77438,2.01130300
1787429460,77438,77443.3,77438,77443.3,0.88851900
1787429520,77443.2,77443.3,77428.5,77428.6,1.64222200
1787429580,77434.4,77460.1,77434.4,77441.8,2.04780100
1787429640,77437.3,77437.3,77407.4,77410.1,1.50696700
1787429700,77410.2,77420.8,77406.8,77410.9,0.18009100
1787429760,77409.6,77420.8,77405.8,77420.7,2.46487500
1787429820,77420.8,77428.6,77381.8,77381.8,2.58818000
1787429880,77381.6,77381.6,77350,77350.1,1.54384700
1787429940,77350.1,77350.1,77339.3,77339.3,1.82399300
1787430000,77339.3,77339.3,77332.2,77332.3,1.90896900
1787430060,77331.7,77331.8,77325,77325.1,0.14257000
1787430120,77325,77331.4,77321.9,77321.9,0.16350200
1787430180,77321.8,77334.9,77321.8,77334.9,0.27042900
1787430240,77326.6,77328.5,77321.5,77327.1,0.20995800
1787430300,77327,77340.5,77326.6,77340.4,1.23241900
1787430360,77340.5,77347.3,77340.5,77342.5,1.11641100
1787430420,77342.6,77342.6,77321.3,77324,0.83216000
1787430480,77324,77324.1,77295.5,77303.1,0.99758000
1787430540,77303.1,77303.2,77285.2,77296.2,1.01358900
1787430600,77296.2,77318.7,77296.2,77316.3,2.44443000
1787430660,77316.3,77316.3,77278.6,77278.7,2.04804300
1787430720,77278.6,77281.1,77274.5,77274.5,1.58044400
1787430780,77274.5,77287.3,77260.8,77260.9,2.78471900
1787430840,77260.9,77279.3,77259,77279.3,3.49576500
1787430900,77279.3,77287.1,77264.7,77287,2.43674600
1787430960,77287,77295.1,77266.7,77295,2.09880500
1787431020,77295.1,77305.4,77295,77305.3,1.95889700
1787431080,77305.3,77305.4,77291.2,77300.4,1.78433600
1787431140,77300.4,77370.3,77300.4,77370.2,2.80998600
1787431200,77370.2,77409,77345.5,77348.8,3.50200400
1787431260,77347.3,77370.9,77345.6,77354,1.92570300
1787431320,77352.2,77373.7,77305.8,77341.9,3.09581700
1787431380,77341.9,77350.1,77341.8,77345.3,2.64085500
1787431440,77349.4,77350.1,77335,77350,1.06091900
1787431500,77350.1,77381.6,77350,77370.5,1.96110400
1787431560,77371.9,77371.9,77351.3,77360.6,2.47059800
1787431620,77360.6,77360.6,77346,77346.1,2.21457500
1787431680,77342.3,77342.4,77342.3,77342.4,1.70149300
1787431740,77342.4,77342.4,77342.3,77342.3,1.55873900
1787431800,77342.4,77342.4,77326,77326.1,0.74473300
1787431860,77326.1,77330.4,77326,77330.4,1.56710600
1787431920,77330.3,77330.4,77326.7,77326.7,1.61586800
1787431980,77326.4,77326.4,77315.9,77315.9,1.41060900
1787432040,77316,77319.7,77315.9,77318.8,1.21099700
1787432100,77318.8,77318.8,77295.2,77310.9,1.95100100
1787432160,77303.7,77306.2,77270.3,77270.7,1.42954900
1787432220,77270.7,77295.2,77270.3,77290.8,2.67222400
1787432280,77290.9,77295.7,77289.7,77295.7,0.59904300
1787432340,77303,77321.2,77303,77311.8,1.85102800
1787432400,77302.9,77312.6,77268.3,77268.3,2.40522500
1787432460,77268.4,77268.4,77196.4,77198.6,2.62368700
1787432520,77197.2,77197.2,77095.7,77131.8,3.48096500
1787432580,77131.8,77131.8,77095,77110.7,2.21935700
1787432640,77110.7,77122.4,77026.7,77081.3,3.70504100
1787432700,77079.2,77128,77079.2,77110.5,7.12960700
1787432760,77110.5,77118.4,77102.7,77102.7,7.02597400
1787432820,77102.8,77126.1,77102.8,77109.4,6.81400500
1787432880,77102.7,77152.2,77102.7,77150.4,6.62074200
1787432940,77150.4,77150.4,77131.4,77131.5,6.03685700
1787433000,77131.4,77139.6,77131.4,77139.5,5.25121100
1787433060,77139.5,77139.5,77046.8,77079.3,4.19971900
1787433120,77071.5,77075.9,77048.3,77055.9,5.60665200
1787433180,77056,77080,77056,77080,2.98821200
1787433240,77079.9,77079.9,77034.1,77034.1,3.35599000
1787433300,77044.7,77094.9,77044.7,77094.8,4.56315500
1787433360,77094.9,77133.1,77094.9,77127.7,3.82724300
1787433420,77127.8,77187.9,77123.5,77187.9,5.72467700
1787433480,77187.8,77187.8,77161.2,77172.9,3.86266100
1787433540,77173,77180.7,77162.8,77180.5,2.16248800
1787433600,77180.6,77208.9,77180.6,77202.5,1.80869700
1787433660,77202.5,77208.4,77138.5,77141.7,2.51698700
1787433720,77141.7,77173,77136.5,77172.9,3.84724700
1787433780,77172.9,77172.9,77149.6,77170.8,1.59368100
1787433840,77170.9,77178.5,77127.6,77127.6,2.60529300
1787433900,77127.6,77138.7,77119.1,77138.7,2.80813000
1787433960,77131.5,77172.9,77131.4,77168.8,1.46512800
1787434020,77168.8,77196,77168.8,77195.9,1.84692900
1787434080,77195.9,77196,77182.2,77187.3,2.83215900
1787434140,77187.3,77189.9,77173,77178.3,3.67152800
1787434200,77178.3,77196.4,77178.2,77196.4,0.65273800
1787434260,77196.3,77196.4,77084.5,77084.6,3.09905100
1787434320,77089.7,77118.2,77082.5,77099.8,3.51757100
1787434380,77099.7,77116.9,77080.3,77116.4,1.72906700
1787434440,77116.4,77116.4,77102.5,77110.5,1.51038000
1787434500,77110.5,77117.2,77075.9,77075.9,2.41449400
1787434560,77075.9,77075.9,77012.9,77034.5,1.98229800
1787434620,77034.5,77034.5,77011.7,77011.8,1.76991700
1787434680,77017.5,77048.4,76986.1,77044.7,3.56001700
1787434740,77044.6,77044.6,76987.6,76991.3,2.43771500
1787434800,76991.2,76993.7,76947,76962.2,4.07770600
1787434860,76962.3,76985.9,76962.3,76970.3,1.44416500
1787434920,76970.3,76970.4,76922.1,76922.1,2.43674500
1787434980,76921.4,76962.6,76921.4,76947,3.60430700
1787435040,76947,77032.5,76947,77032.5,3.17944000
1787435100,77032.5,77032.6,76981.1,76981.1,3.44601000
1787435160,76981.2,76981.2,76925.8,76939.2,2.54031700
1787435220,76939.2,76949.4,76892.3,76949.4,3.47078400
1787435280,76949.5,76951.8,76940.3,76944.8,2.72629600
1787435340,76944.9,76972.8,76944.9,76972.7,1.77472100
1787435400,76972.7,76977.5,76934.3,76962.7,3.80347500
1787435460,76962.6,76962.6,76939.3,76947,3.10970000
1787435520,76947,76954.8,76939.3,76952.3,2.76245000
1787435580,76952.3,76954.8,76944.7,76951.2,2.69610100
1787435640,76951.3,76951.3,76931.5,76936.5,0.85111300
1787435700,76936.4,76945.2,76923.7,76923.7,1.82465700
1787435760,76917.7,76917.7,76823,76854,3.71757000
1787435820,76854,76899.3,76854,76887.2,2.33150300
1787435880,76891.6,76906.4,76890.6,76906.4,2.42714800
1787435940,76906.3,76906.3,76854.3,76854.3,2.34017300
1787436000,76854.2,76932.3,76840.6,76890,4.64329800
1787436060,76890.1,76915.3,76862,76862,3.52879700
1787436120,76862,76862.1,76770.2,76794.7,7.32921200
1787436180,76794.7,76968.8,76794.7,76968.8,4.75015200
1787436240,76968.8,76970.4,76896.3,76970.4,3.97965200
1787436300,76970.5,77091.4,76970.5,77091.3,7.57892000
1787436360,77091.3,77115.6,77032.6,77067,8.52363400
1787436420,77067,77104.7,77066.9,77090.4,6.30102800
1787436480,77090.4,77139.6,77077.2,77138.9,8.76035600
1787436540,77138.8,77156.3,77107.7,77107.7,8.16039400
1787436600,77105.9,77122.6,77077.3,77077.3,6.76440200
1787436660,77077.4,77085.7,77067.9,77072.8,6.71755900
1787436720,77072.8,77098.1,77072.8,77098,1.46166500
1787436780,77098.1,77144.5,77077.3,77080.2,8.10530400
1787436840,77081.9,77105.9,77081.9,77105.8,6.06565300
1787436900,77105.9,77115.9,77077.3,77090.2,3.17391500
1787436960,77090.2,77117.4,77090.2,77117.3,2.25665400
1787437020,77117.4,77132.9,77094.4,77101.7,3.47915600
1787437080,77101.7,77103.3,77082.5,77082.5,3.21165000
1787437140,77080.3,77088,77035.8,77050.8,4.80764900
1787437200,77050.8,77143.3,77050.8,77121.5,2.22416100
1787437260,77115.3,77129.3,77113.7,77124.2,0.71035000
1787437320,77124.2,77124.3,77085.6,77088.5,0.46358800
1787437380,77088.4,77088.4,77054.3,77059.6,0.49848100
1787437440,77061.2,77121.4,77061.2,77121.4,0.28310200
1787437500,77121.4,77152.7,77121.4,77152.7,3.04888300
1787437560,77152.7,77156.1,77121.5,77122.1,2.25945000
1787437620,77122.1,77153.3,77122.1,77136.7,2.88818700
1787437680,77130.5,77134.9,77084,77084.1,2.10919000
1787437740,77084.1,77093.2,77045.5,77045.5,5.37042000
1787437800,77044.8,77059.1,77032.5,77042.3,2.29803100
1787437860,77042.4,77049.5,77029.3,77032.9,3.70778800
1787437920,77032.8,77032.8,76973.7,76997,5.21377900
1787437980,76996.9,77002.9,76878.2,76901.3,7.40582100
1787438040,76907.5,76945.3,76907.5,76945.2,4.20436500
1787438100,76945.3,76989,76945.3,76988.9,6.37661300
1787438160,76988.9,77000,76958,76989.4,8.69015400
1787438220,76997,77029.3,76996.9,77029.3,6.40509200
1787438280,77029.4,77042.9,77028.3,77033,5.75515500
1787438340,77033,77033,76981.8,76981.8,6.32889600
1787438400,76981.8,76996.8,76981.3,76996.8,5.06620100
1787438460,76996.7,76996.8,76988.4,76992.1,5.44478200
1787438520,76992,77017.2,76981.6,77017.2,5.67250500
1787438580,77017.2,77080,77017.2,77078,7.27620100
1787438640,77077.9,77078,77051.7,77051.8,3.94385500
1787438700,77066.8,77107.7,77051.3,77051.3,6.13906200
1787438760,77051.4,77082.7,77028,77078.5,6.67610200
1787438820,77078.6,77078.6,77045.9,77053.1,5.64021600
1787438880,77053.1,77054.6,77044.1,77049.8,7.13437800
1787438940,77049.7,77051.3,77039.1,77047.8,6.72685400
1787439000,77047.8,77047.8,77035.8,77045.7,3.05621900
1787439060,77045.6,77109.2,77045.6,77109.2,4.79842900
1787439120,77109.1,77141.1,77098.1,77098.1,1.93881000
1787439180,77098.1,77113.7,77077.3,77077.4,4.99558500
1787439240,77077.4,77105.9,77077.4,77105.9,3.31904900
1787439300,77105.9,77118.1,77053.7,77053.7,6.81593300
1787439360,77051.3,77051.3,77039.9,77041.5,3.03591800
1787439420,77041.5,77041.5,76996.9,76996.9,3.17872900
1787439480,76996.9,76996.9,76961.1,76964.4,3.80858700
1787439540,76964.5,76999,76964.5,76999,1.30916000
1787439600,76999,77015.2,76976.8,76976.8,7.61765700
1787439660,76976.8,77026.4,76951.2,77026.4,4.39373600
1787439720,77023.4,77046,77023.3,77031.3,5.15021800
1787439780,77031.2,77046,77023.4,77040.8,1.50902800
1787439840,77040.7,77054.5,77031.2,77054.5,3.04811000
1787439900,77054.4,77069.6,77031.2,77031.2,3.59583600
1787439960,77031.2,77046.7,77031.2,77046.1,2.72301600
1787440020,77046,77046.7,77038,77046.6,2.98248200
1787440080,77046.6,77071.8,77046.6,77071.8,3.09116000
1787440140,77075.9,77080.6,77016.6,77016.6,3.37789100
1787440200,77015.9,77038.7,77000.1,77038.6,3.51119300
1787440260,77038.6,77038.6,76989.3,76997.8,3.15398200
1787440320,76997.9,77007.8,76984.5,76984.6,1.74309200
1787440380,76984.5,76984.5,76969,76975.2,2.37205900
1787440440,76975.2,76981.5,76950.8,76981.5,1.86815000
1787440500,76981.5,76994.6,76981.4,76994.6,3.23353000
1787440560,76995.8,77000.1,76977.5,76997,4.39880100
1787440620,76997,77014.3,76997,77008.4,4.51059000
1787440680,77008.4,77008.5,76992.8,77007.8,3.50230800
1787440740,77007.8,77012.6,77007.7,77012.5,3.41900100
1787440800,77012.5,77022.1,77012.5,77022.1,0.81703000
1787440860,77022.1,77022.5,77022.1,77022.4,1.65533500
1787440920,77022.4,77022.4,76989.2,76993,2.44946600
1787440980,76993,77023.4,76992.9,77023.4,1.66537100
1787441040,77023.4,77023.4,76987.5,76996.6,3.72151700
1787441100,76996.6,77007.5,76996.5,76996.6,4.31607300
1787441160,76996.6,77023.4,76996.6,77015.6,2.63546700
1787441220,77015.5,77015.5,77005.3,77005.4,0.90680600
1787441280,77005.4,77015.5,76950.7,76950.7,1.34485100
1787441340,76950.7,76950.7,76939.3,76947.3,2.05962600
1787441400,76947.4,76969,76947.4,76953.5,2.10023000
1787441460,76953.5,76975.9,76953.5,76975.9,2.45627300
1787441520,76975.9,76978.6,76949.3,76949.3,4.55018200
1787441580,76949.4,76949.4,76939.2,76939.5,1.90191900
1787441640,76939.6,76939.6,76914.3,76915.2,2.91389300
1787441700,76915.2,76933.8,76915.2,76933.8,3.78600200
1787441760,76933.8,76933.8,76900.3,76900.3,2.48470700
1787441820,76900.3,76959.4,76900.3,76959.4,2.57406100
1787441880,76959.3,76982.5,76952.6,76982.4,1.49067800
1787441940,76982.4,76989.2,76969,76989.1,2.47345500
1787442000,76989.2,77007.8,76989.1,77007.8,1.95301400
1787442060,77007.8,77027.6,77007.7,77027.5,2.54479500
1787442120,77027.5,77038.5,77027.5,77038.4,0.54598600
1787442180,77038.4,77038.4,77008.9,77028.3,2.96170200
1787442240,77028.3,77028.6,77028.2,77028.3,2.30957800
1787442300,77016.7,77030,77007.9,77030,3.16008400
1787442360,77030,77037.8,77029.9,77037.8,1.92198800
1787442420,77037.8,77037.8,77037.7,77037.8,1.00375800
1787442480,77037.7,77064.4,77037.7,77058.1,1.75076800
1787442540,77058.1,77109,77058.1,77108.9,2.49201100
1787442600,77108.9,77109.8,77077.9,77091.3,1.11518400
1787442660,77093.4,77131.9,77093.4,77109,1.51223500
1787442720,77109,77109.1,77070.2,77070.2,1.26547700
1787442780,77070.1,77125.3,77070.1,77125.3,2.14315900
1787442840,77125.3,77125.3,77085.7,77093.6,2.35002100
1787442900,77099.7,77112.8,77099.7,77101.2,2.64336700
1787442960,77093.5,77095.2,77093.4,77095.1,0.78990900
1787443020,77095.2,77108.9,77095.1,77098.9,1.77680500
1787443080,77102,77102.1,77099.9,77100,1.95901900
1787443140,77099.9,77099.9,77078,77078,1.74519700
1787443200,77078.1,77121,77078.1,77121,1.21073300
1787443260,77121,77121,77120.9,77121,1.20778600
1787443320,77121,77129.6,77120.9,77129.6,1.03560900
1787443380,77129.6,77139.7,77120,77134.2,1.81235200
1787443440,77134.3,77138.7,77120,77138.6,2.17784800
1787443500,77138.6,77143.3,77120,77143.2,2.63272400
1787443560,77143.3,77143.3,77127.7,77133.9,1.79289600
1787443620,77133.8,77143.3,77133.8,77143.3,1.80784700
1787443680,77143.2,77143.3,77127.7,77127.7,1.10537600
1787443740,77127.7,77127.7,77093.4,77093.5,0.89071100
1787443800,77093.4,77093.8,77073.3,77073.3,2.43421700
1787443860,77073.2,77096.6,77042.7,77052,1.88789900
1787443920,77057.7,77078.7,77057.7,77078.6,1.08598000
1787443980,77078.6,77081,77052.4,77080.9,1.91271200
1787444040,77081,77094.9,77080.9,77081,2.18790400
1787444100,77077.7,77077.7,77057.7,77058.9,1.89967400
1787444160,77058.8,77073.1,77050.8,77058.4,2.49943100
1787444220,77058.3,77080.4,77058.3,77080.4,2.02855400
1787444280,77080.3,77119,77068,77119,2.01382000
1787444340,77119,77135.5,77104.4,77104.5,3.21052300
1787444400,77104.4,77126.4,77104.4,77112.2,1.22565000
1787444460,77104.4,77127.6,77092.2,77106.1,1.17416700
1787444520,77106.1,77116.3,77094.6,77102.6,0.42153300
1787444580,77102.6,77133.5,77102.6,77133.5,0.25724400
1787444640,77133.4,77200,77119.8,77200,1.08779700
1787444700,77199.9,77200,77171.7,77192.3,4.12301800
1787444760,77192.4,77227.2,77192.4,77213.6,5.85190100
1787444820,77213.5,77244.8,77213.5,77244.7,4.61355700
1787444880,77244.8,77247,77221.4,77221.8,2.57063200
1787444940,77224.2,77235,77224.1,77225.6,2.23331600
1787445000,77225.6,77231.6,77225.6,77231.6,1.34795700
1787445060,77231.6,77256.5,77231.6,77242.5,2.87860600
1787445120,77242.4,77256.7,77242.4,77249.1,2.01583600
1787445180,77249.1,77279.4,77249.1,77279.4,3.07508200
1787445240,77279.4,77280,77262,77280,3.26263500
1787445300,77279.9,77289.5,77271.1,77283.8,2.95802200
1787445360,77283.9,77283.9,77251.4,77261.3,2.27819100
1787445420,77262.5,77291.8,77262.5,77291.7,1.71842800
1787445480,77291.7,77359.5,77227,77268.3,4.76325500
1787445540,77270.3,77291.7,77268.3,77283.5,3.79081500
1787445600,77283.6,77306.6,77238.3,77246,7.11880300
1787445660,77245.9,77276,77238.3,77238.5,6.87803400
1787445720,77238.5,77268.3,77238.5,77256.6,4.42832100
1787445780,77256.6,77281.3,77252.6,77281.2,4.50069100
1787445840,77281.3,77307.4,77277.5,77277.5,3.01224100
1787445900,77277.6,77299.6,77270.4,77285.9,5.67242100
1787445960,77276.6,77283.9,77251.9,77252.7,3.75567500
1787446020,77260.8,77267.9,77260.7,77267.9,1.08828600
1787446080,77268.3,77275.5,77268.2,77275.5,2.70116500
1787446140,77275.5,77330.4,77275.5,77321.1,6.74330300
1787446200,77319,77319.1,77311.5,77311.6,3.10522500
1787446260,77311.6,77332.6,77311.6,77330.3,4.06309600
1787446320,77330.3,77347.9,77330.2,77347.9,2.76596500
1787446380,77347.8,77347.8,77328.3,77342.4,3.36485600
1787446440,77342.4,77350.6,77338.7,77338.8,3.16909200
1787446500,77338.8,77345,77307.8,77339.8,2.87113700
1787446560,77339.9,77339.9,77319,77328.3,3.40790400
1787446620,77328.3,77340.4,77327.7,77327.7,2.28248400
1787446680,77326.2,77343,77326.2,77343,1.32861600
1787446740,77343.1,77343.1,77307.4,77307.5,4.23934500
1787446800,77307.4,77307.4,77271,77271.1,1.60540300
1787446860,77271,77278.8,77248,77267.8,1.94139000
1787446920,77267.7,77267.7,77258.7,77258.8,1.48230600
1787446980,77258.7,77258.7,77194.4,77216.6,3.33516800
1787447040,77216.7,77221.4,77177.7,77193,2.38886900
1787447100,77193.2,77257.4,77193.2,77257.4,3.19087100
1787447160,77257.3,77257.4,77201.1,77221.9,3.24697400
1787447220,77221.9,77226,77204.3,77225.9,4.67995300
1787447280,77225.9,77239,77170.5,77239,5.29530600
1787447340,77239,77263.2,77239,77247.8,2.33433900
1787447400,77254.2,77267.3,77254.2,77267.3,4.48796600
1787447460,77267.3,77267.3,77252.9,77253.9,2.54126600
1787447520,77254,77254.5,77249.5,77254.5,2.90351300
1787447580,77256.6,77285.2,77256.6,77285.2,1.98765900
1787447640,77285.1,77402.7,77285.1,77402.7,2.69867700
1787447700,77402.7,77402.7,77368,77368,8.14780500
1787447760,77368,77368,77317.1,77326,7.80275000
1787447820,77326,77326,77309.5,77311.2,4.85203100
1787447880,77311.1,77311.2,77294.8,77300.8,5.13994600
1787447940,77300.9,77318.3,77300.8,77318.3,4.82800800
1787448000,77318.3,77332.8,77318.2,77332.8,2.31324400
1787448060,77332.7,77332.8,77310.9,77310.9,2.85056300
1787448120,77310.5,77331.6,77302.3,77331.5,4.45829800
1787448180,77331.5,77331.5,77302.6,77302.6,2.33784300
1787448240,77302.6,77302.7,77302.6,77302.7,2.01430700
1787448300,77302.6,77302.6,77249.2,77262.3,3.58872400
1787448360,77262.3,77274.5,77262.3,77274.5,1.43548400
1787448420,77274.5,77274.5,77259.1,77259.2,3.06700500
1787448480,77259.1,77259.2,77252.7,77252.8,2.13760900
1787448540,77252.8,77271.3,77252.7,77271.3,2.15744900
1787448600,77271.3,77297.9,77271.3,77297.9,2.07042000
1787448660,77299.6,77312.6,77256.4,77256.4,3.07134100
1787448720,77256.3,77256.3,77224.5,77224.5,3.51640900
1787448780,77217.4,77217.4,77183.7,77194.9,4.94840600
1787448840,77185.5,77221.1,77185.4,77207.6,3.37656400
1787448900,77208.1,77216.7,77183.7,77216.7,3.68051700
1787448960,77216.6,77240.1,77209.3,77240.1,4.86050100
1787449020,77247.9,77247.9,77230.6,77232.8,3.41616800
1787449080,77239.8,77251.1,77239.7,77240.1,3.09898200
1787449140,77240.2,77258.2,77240.2,77258.1,2.48825900
1787449200,77258.2,77271,77247.9,77247.9,1.66133500
1787449260,77248,77248,77224.5,77232.2,2.56480800
1787449320,77232.3,77232.3,77166.6,77191.4,2.63857600
1787449380,77191.4,77216.7,77191.4,77196.9,3.48182200
1787449440,77205.7,77255.7,77205.7,77255.7,3.17825200
1787449500,77255.7,77271,77240.1,77270.9,0.86575400
1787449560,77270.9,77329.4,77270.9,77302.6,3.15161600
1787449620,77295.9,77305.7,77271,77276.7,2.85318400
1787449680,77276.7,77276.8,77239,77239.1,2.49925400
1787449740,77239,77251.8,77239,77247.8,2.39728100
1787449800,77247.8,77253.7,77200.8,77253.7,4.34102700
1787449860,77253.8,77263.5,77240.8,77243.6,1.87450300
1787449920,77243.7,77278.2,77243.7,77278.2,1.47351000
1787449980,77278.1,77278.1,77255.7,77271.2,1.87175100
1787450040,77271.1,77278.2,77247.9,77258.5,2.57022300
1787450100,77258.4,77258.4,77214.8,77214.8,3.23652300
1787450160,77214.8,77214.8,77169.8,77178.6,2.81179000
1787450220,77178.7,77191.8,77170,77183.5,3.66595000
1787450280,77183.4,77198,77158.1,77198,3.78924900
1787450340,77198,77203.5,77193.2,77198.1,1.11097900
1787450400,77198.2,77198.2,77173,77173,0.62175500
1787450460,77174.8,77193,77174.8,77188.4,3.82332500
1787450520,77188.5,77213.1,77165.2,77165.3,5.76107500
1787450580,77165.2,77196.3,77165.2,77190.5,3.54597900
1787450640,77190.4,77190.4,77139.6,77139.7,4.73867300
1787450700,77139.7,77147.8,77134,77134.1,7.06173600
1787450760,77134.1,77134.1,77096.7,77110.7,4.43927400
1787450820,77110.7,77133.9,77110.7,77114.4,2.32574000
1787450880,77114.3,77120.1,77114.3,77120.1,2.32743800
1787450940,77120.1,77125.4,77096.7,77096.7,2.23618600
1787451000,77096.8,77110.7,77096.3,77101.4,1.16506200
1787451060,77101.4,77101.5,77080.4,77080.4,1.88694200
1787451120,77080.4,77123.4,77080.4,77123.4,2.26568300
1787451180,77123.4,77130.7,77123.3,77130.7,2.54802100
1787451240,77130.6,77130.6,77050,77052.2,6.84404600
1787451300,77054.7,77110.7,77054.6,77110.7,3.32551300
1787451360,77111.3,77126.6,77110.7,77113.1,4.52645500
1787451420,77113.2,77118.4,77113.2,77118.4,3.04776400
1787451480,77118.4,77122.5,77118.3,77122.4,1.66893300
1787451540,77122.4,77122.4,77085.7,77118.3,4.88225400
1787451600,77105,77110.7,77088.2,77091.7,1.25867200
1787451660,77088.9,77088.9,77051,77054.5,0.42806900
1787451720,77057.4,77062.1,77049,77049.9,0.38382500
1787451780,77049.9,77049.9,77005.6,77046.8,1.01664500
1787451840,77046.7,77060.4,77034.7,77060.4,0.40767700
1787451900,77060.4,77094.7,77060.3,77094.6,1.42583100
1787451960,77094.6,77118.4,77094.6,77110.6,1.91473700
1787452020,77110.6,77110.7,77084.7,77110.7,2.08107400
1787452080,77110.6,77110.6,77088.5,77089.8,1.37948200
1787452140,77089.8,77110.7,77089.8,77110.7,3.13010500
1787452200,77118.3,77122.4,77108.4,77122.3,2.21863600
1787452260,77122.4,77171.1,77122.4,77171,3.05810700
1787452320,77171.1,77195.6,77171.1,77195.5,1.73031800
1787452380,77195.6,77196.2,77184,77196.2,1.47806400
1787452440,77196.2,77204.1,77196.2,77204,0.80553800
1787452500,77204,77204.1,77167.5,77175,2.13714400
1787452560,77175,77180.8,77166.8,77180.8,4.08904000
1787452620,77188.5,77204,77188.4,77195.8,4.31125400
1787452680,77195.9,77195.9,77187.5,77187.5,1.45183200
1787452740,77187.5,77187.8,77187.5,77187.7,2.64862300
1787452800,77187.8,77200.1,77187.8,77200.1,0.20665100
1787452860,77200.1,77201.7,77188.6,77188.6,1.80876900
1787452920,77188.7,77192.7,77143.8,77159.8,2.36562900
1787452980,77159.8,77171.6,77159.7,77171.6,1.32587000
1787453040,77172.9,77175.8,77172.9,77175.8,1.44957600
1787453100,77175.8,77175.8,77156.9,77175.8,2.88434000
1787453160,77175.8,77175.8,77165.2,77165.2,1.51390100
1787453220,77165.2,77191.2,77165.2,77191.2,1.54394300
1787453280,77191.2,77200.9,77191.2,77200.8,1.46836000
1787453340,77200.9,77210.9,77180.8,77187.5,3.07466600
1787453400,77187.5,77187.5,77134.9,77134.9,1.73836300
1787453460,77134,77134,77111.9,77118.3,1.26939300
1787453520,77118.3,77222.5,77107,77117.2,6.02407100
1787453580,77117.1,77126.1,77064,77064.1,2.02676800
1787453640,77064,77074.5,77064,77068.3,1.25022500
1787453700,77068.3,77091.2,77068.2,77079.6,3.10067700
1787453760,77079.6,77087.3,77065.7,77087.2,2.98714000
1787453820,77087.3,77087.3,77076.1,77076.1,2.66596700
1787453880,77076.1,77082.1,77071.8,77082,5.87490400
1787453940,77082.1,77082.1,77076.9,77077,2.26576400
1787454000,77077,77092.4,77077,77088,3.76410500
1787454060,77088.1,77112,77079.4,77090.4,2.33733900
1787454120,77090.5,77117.9,77090.5,77091.5,2.35963700
1787454180,77091.5,77113.5,77075.1,77075.1,1.14641200
1787454240,77075.2,77077.7,77075.2,77077.7,0.37909400
1787454300,77077.6,77077.6,77062.9,77062.9,1.04904200
1787454360,77062.9,77063,77045,77054.1,1.45529500
1787454420,77054.1,77055,77043.9,77043.9,1.43525200
1787454480,77043.9,77043.9,77021,77026.3,1.68581500
1787454540,77026.3,77026.3,77020.9,77020.9,2.38097200
1787454600,77020.9,77031.3,77011.6,77028.3,0.92695300
1787454660,77028.2,77032,77016.5,77021.8,1.43355800
1787454720,77021.9,77041.3,77020.6,77020.7,2.62570900
1787454780,77020.7,77074.7,77020.7,77074.7,1.48735600
1787454840,77074.7,77095.5,77074.6,77084.8,1.82949300
1787454900,77084.8,77094.1,77059.4,77067.1,2.75505600
1787454960,77067.2,77121.6,77067.2,77109.9,3.76268800
1787455020,77109.8,77129.4,77105.5,77108,2.34774400
1787455080,77111,77137.1,77108.7,77129.1,3.25745500
1787455140,77129,77129.1,77100,77105,2.95215700
1787455200,77104.9,77105,77068.2,77080.7,4.30924600
1787455260,77080.7,77080.7,77049,77049.2,3.59223500
1787455320,77049.1,77059.2,77020.7,77059.2,3.26831200
1787455380,77059.2,77067,77017.2,77021.9,2.08559500
1787455440,77018.8,77020.6,77005.5,77020.5,3.23900200
1787455500,77020.6,77040.9,77020.6,77027.6,0.93731000
1787455560,77027.6,77036.1,77018.8,77018.9,2.01340100
1787455620,77020.5,77020.6,77005.5,77005.5,2.38367900
1787455680,77005.5,77011.8,77005.1,77006.7,3.15184800
1787455740,77006.7,77006.8,76987.1,76987.1,2.21259600
1787455800,76986.4,76986.4,76953.6,76953.6,5.63569600
1787455860,76953.5,76953.5,76935.4,76935.4,4.74410900
1787455920,76935.5,76966.3,76935.3,76955.2,5.70809800
1787455980,76954.6,76959.1,76906.2,76906.2,4.87406200
1787456040,76905.9,76950.5,76905.9,76945.1,5.48614100
1787456100,76945.1,76950.6,76930.3,76936.1,3.56605500
1787456160,76936.1,76981.3,76931,76947,10.10875400
1787456220,76947,76952.6,76944.3,76952.5,5.87730200
1787456280,76952.5,76979.7,76952.4,76962.9,5.46531300
1787456340,76962.9,76968,76919,76921.9,4.50498400
1787456400,76921.9,76923.7,76888.9,76892.2,7.24279500
1787456460,76892.2,76906.6,76888.9,76892.4,5.53292400
1787456520,76892.5,76892.5,76873.4,76873.4,4.49552900
1787456580,76873.1,76873.1,76852.8,76852.8,3.30323200
1787456640,76852.8,76854.1,76833.3,76849.9,5.89893600
1787456700,76849.9,76910.2,76849.9,76902.1,6.55974900
1787456760,76902.1,76935.2,76901.9,76934.7,3.31018800
1787456820,76934.6,76950.8,76927.9,76928,3.45336800
1787456880,76928,76966.3,76904.6,76954.5,5.19906300
1787456940,76954.4,76981.7,76954.4,76981,3.51709100
1787457000,76981,76981,76944.6,76947.8,6.89074800
1787457060,76947.8,76967.9,76938.4,76938.4,5.24799400
1787457120,76938.4,76939.8,76935.4,76939.7,2.65442000
1787457180,76939.7,76958.6,76939.6,76956,2.94456000
1787457240,76956,76972.6,76955.6,76955.6,2.86255400
1787457300,76955.7,76955.7,76941.4,76944.1,1.76582700
1787457360,76944.1,76944.5,76906.4,76938.5,3.10185400
1787457420,76938.5,76944.4,76923.2,76944.4,2.33117100
1787457480,76944.3,76944.3,76922.3,76934.4,1.76029900
1787457540,76934.3,76936.8,76927.6,76927.8,1.85968500
1787457600,76927.9,76927.9,76907.6,76907.7,2.10576800
1787457660,76907.7,76927,76898.8,76927,4.29933100
1787457720,76927,76948.1,76891,76891.1,4.68246800
1787457780,76891,76891.1,76868,76884.3,2.23945100
1787457840,76884.3,76892.1,76845.8,76849.6,3.71187400
1787457900,76849.6,76882.2,76848.2,76882.1,4.84387100
1787457960,76882.2,76931.9,76882.1,76907.2,6.21290700
1787458020,76907.2,76907.2,76853.9,76867.4,4.99563500
1787458080,76867.4,76867.4,76725.2,76781.2,14.87330400
1787458140,76782.4,76827.4,76764.1,76822.7,10.56399800
1787458200,76822.6,76853.4,76822.6,76853.3,11.01313800
1787458260,76853.3,76861.2,76830.4,76847.5,21.80986600
1787458320,76847.5,76861.1,76846,76860.9,14.50750900
1787458380,76860.9,76945.3,76860.9,76945.1,16.99603500
1787458440,76945.1,77023.1,76945.1,76996.9,16.65336800
1787458500,76996.8,77029,76987,76987,7.24110600
1787458560,76987.1,76992.3,76962,76973.9,8.44789800
1787458620,76973.9,76998.1,76930.8,76930.8,6.92286100
1787458680,76930.9,76938.5,76899.9,76900.8,6.52673800
1787458740,76900.7,76900.7,76820,76820,7.63211300
1787458800,76820,76848.1,76798.4,76799.6,3.41744200
1787458860,76799.6,76840.5,76799.6,76824.8,1.80320700
1787458920,76824.8,76881.4,76824.8,76881.2,3.40861600
1787458980,76881.2,76898,76869.1,76874.6,0.79404800
1787459040,76876.7,76903.7,76869.1,76903.7,0.42146500
1787459100,76903.8,76931.9,76903.8,76922.8,3.59488600
1787459160,76930.8,76945.8,76930.8,76945.8,2.79082500
1787459220,76945.8,76965.2,76931.8,76938.5,3.94533000
1787459280,76946,76997.1,76945.9,76967,7.18918800
1787459340,76966.9,76974.8,76958.8,76958.9,5.69828600
1787459400,76959,76976.1,76922.5,76922.5,3.19483000
1787459460,76922.4,76923,76906.5,76915.2,2.43879800
1787459520,76915.3,76917.9,76878.4,76882.9,5.16673400
1787459580,76889.3,76894.5,76884.4,76892.5,3.14513100
1787459640,76892.5,76892.5,76835.4,76871.9,6.26918600
1787459700,76871.9,76877,76827.4,76830.5,5.39898300
1787459760,76832.2,76853.5,76824.1,76853.5,3.44802800
1787459820,76853.5,76859,76830.4,76853.4,3.18193500
1787459880,76853.5,76864.9,76850.5,76850.5,2.08591500
1787459940,76850.6,76866.1,76845.8,76850.4,4.91468000
1787460000,76850.4,76890,76846.3,76890,5.49328900
1787460060,76889.9,76899.7,76837.9,76863.2,5.57791300
1787460120,76863.1,76876.3,76839.8,76839.8,2.55312600
1787460180,76839.8,76846.1,76823.3,76824.9,4.22740500
1787460240,76824.9,76825,76814.9,76822.7,5.04637300
1787460300,76822.7,76826,76737.9,76749.5,4.47470700
1787460360,76749.4,76749.4,76672.8,76741.4,5.93999500
1787460420,76741.3,76760.6,76707.2,76710.9,7.93746500
1787460480,76711,76722.5,76585.1,76585.1,7.31827600
1787460540,76585.1,76684.1,76563.2,76618.3,7.70725500
1787460600,76653.3,76732.5,76653.3,76669.5,13.67816300
1787460660,76669.5,76749.9,76669.4,76693.1,18.65700700
1787460720,76693.2,76693.2,76668.3,76676.9,26.26394900
1787460780,76676.9,76722.4,76676.8,76713.2,17.46976800
1787460840,76713.2,76718.2,76678.9,76688.8,16.67664600
1787460900,76688.8,76700,76653.3,76661.8,11.62161200
1787460960,76661,76661,76642.8,76642.8,6.41211800
1787461020,76642.8,76642.8,76589.9,76594.8,12.01304300
1787461080,76594.8,76622.6,76589.8,76589.8,12.96208500
1787461140,76587.2,76667.4,76457.7,76599.7,19.22884700
1787461200,76599.6,76733.1,76557.2,76679.9,14.18113100
1787461260,76684.9,76717.9,76638.6,76638.7,18.37804800
1787461320,76638.7,76648.4,76496.2,76509.8,13.92351900
1787461380,76509.8,76534.1,76481.7,76525.1,14.25521200
1787461440,76525.1,76615.7,76495.8,76564.8,18.85469500
1787461500,76564.9,76638.6,76541.7,76541.9,12.26793900
1787461560,76542,76552.8,76481.5,76530.6,12.58764400
1787461620,76530.6,76595.3,76480.4,76488.7,14.18521800
1787461680,76488.8,76505.6,76310.2,76356.1,20.96213700
1787461740,76356.1,76415.6,76218.5,76292.6,15.35398900
1787461800,76289.9,76427.3,76286.1,76365.1,27.54598800
1787461860,76365.1,76377.8,76305.1,76373.6,22.02094100
1787461920,76373.6,76386.1,76338.4,76386,20.94819600
1787461980,76387.4,76416.6,76289.9,76290,22.13976600
1787462040,76289.9,76292.4,75820.7,75895.1,34.04464300
1787462100,75872.3,76055.9,75872.3,76012.6,43.52709600
1787462160,76013.4,76041.3,75831.2,75841.2,42.91076700
1787462220,75851.8,75851.8,75560,75736,44.18804300
1787462280,75736,75991.4,75677.1,75968.2,39.17090900
1787462340,75968.1,76049.9,75949.6,76049.9,37.34794800
1787462400,76049.9,76153.4,76011.9,76139.6,52.46365100
1787462460,76139.6,76196.4,76076.5,76147.4,49.76862600
1787462520,76147.4,76208.6,76115.5,76177.6,47.82669600
1787462580,76177.6,76200.1,76154.4,76193.3,44.33543200
1787462640,76193.3,76290,76193.2,76280,45.95318900
1787462700,76280,76319.8,76267.1,76267.1,32.97657100
1787462760,76262.4,76283.3,76189.7,76206.4,36.34159900
1787462820,76206.3,76291.9,76206.3,76267.1,28.77708000
1787462880,76267,76317.7,76267,76267.1,35.29122600
1787462940,76267.2,76289.4,76214,76236.8,29.40413800
1787463000,76236.7,76333.3,76221.5,76236.7,20.56955900
1787463060,76236.8,76250.5,76200.1,76235,20.12980000
1787463120,76221.8,76324.9,76213.9,76291.8,21.58333200
1787463180,76291.8,76297.5,76223.9,76294.3,17.89830400
1787463240,76294.3,76294.4,76237.8,76248.2,23.03304400
1787463300,76248.1,76310,76231.3,76309.9,16.76641200
1787463360,76310,76310,76206.4,76214,12.21931800
1787463420,76214,76262.1,76212.5,76225.1,9.46093100
1787463480,76225.1,76259.5,76207.3,76215.9,11.69531700
1787463540,76215.8,76244.3,76176,76244.3,15.09173400
1787463600,76244.2,76281.2,76169.2,76205.2,11.57816900
1787463660,76211,76259.4,76190.8,76236.7,11.40035800
1787463720,76236.7,76259.5,76162.5,76162.5,9.14514900
1787463780,76162.5,76166.2,76148.4,76151.8,9.36738700
1787463840,76151.8,76171.2,76106.8,76171.1,6.41854600
1787463900,76171.2,76206.4,76137.9,76149.6,11.32712200
1787463960,76149.6,76188.2,76145.8,76173.2,9.62093000
1787464020,76173.2,76173.2,76106.8,76144,12.12418900
1787464080,76144,76169,76130.6,76152.9,9.98201900
1787464140,76152.9,76198.8,76152.9,76172.7,10.26623200
1787464200,76172.8,76244.3,76168.5,76176.1,5.55899000
1787464260,76176,76204.8,76077.7,76077.7,7.49105400
1787464320,76077.6,76098.5,76032.4,76098.5,6.30579900
1787464380,76098.5,76126.7,76088.5,76117,8.15151900
1787464440,76116.9,76153.3,76108.1,76151.6,6.56669100
1787464500,76151.6,76176.1,76115.5,76133.7,9.17575000
1787464560,76133.7,76138,76114.6,76129.5,7.33342100
1787464620,76129.6,76138.5,76107.9,76126.6,7.91364100
1787464680,76126.5,76126.5,76106.8,76109.3,6.84154100
1787464740,76109.3,76115.4,76054.9,76054.9,8.00105400
1787464800,76055,76112.6,76054.9,76068.6,8.04610200
1787464860,76068.6,76071.9,75992.3,76046.5,7.22352700
1787464920,76046.6,76094.9,76016.7,76094.9,5.12545100
1787464980,76095,76103.9,76065.7,76065.7,6.64055500
1787465040,76071,76124.9,76037.2,76108.5,5.19256200
1787465100,76110.2,76138.6,76085,76096.8,9.23061800
1787465160,76096.8,76096.8,76001.2,76049.6,9.75336900
1787465220,76049.6,76072,75990.2,75991.8,8.72917600
1787465280,75991.9,75992.1,75880,75921.9,10.21022300
1787465340,75928.5,75943.9,75890.7,75916.1,11.12925700
1787465400,75916.1,75960.5,75902,75960.4,8.63282000
1787465460,75960.5,75998.1,75921.6,75928.9,13.97740300
1787465520,75928.8,75983.4,75923.6,75969.4,11.06202500
1787465580,75969.5,76043.4,75952.9,76043.4,15.89485500
1787465640,76045.4,76156.8,76045.4,76082.6,15.42217600
1787465700,76082.6,76172.7,76073.8,76141,11.14095000
1787465760,76140.9,76188.8,76127.2,76139.6,11.07849600
1787465820,76139.6,76187.2,76107.9,76186.5,11.03668700
1787465880,76186.5,76193.9,76149.3,76187.3,10.67517000
1787465940,76187.2,76285,76187.1,76285,10.34062200
1787466000,76285.1,76302.9,76265.6,76295.5,4.88951700
1787466060,76295.5,76297.8,76184.6,76251.7,1.70956400
1787466120,76249.5,76287.6,76207.8,76247.8,1.76295800
1787466180,76254.7,76295.5,76254.7,76290.4,2.95537100
1787466240,76290.4,76295.2,76268.2,76273.8,1.05723100
1787466300,76273.8,76273.8,76225.1,76246.1,1.72268100
1787466360,76246,76263.1,76226.4,76226.4,6.13514400
1787466420,76226.4,76226.5,76181.2,76189.7,6.41816300
1787466480,76189.8,76215.2,76176.4,76185.5,5.85671800
1787466540,76187.4,76232.7,76173.1,76232.6,6.00031300
1787466600,76232.7,76325.1,76226.3,76301,11.85688800
1787466660,76301.1,76339.3,76295.4,76323.8,6.19564900
1787466720,76323.8,76346,76323.8,76329.7,4.35504100
1787466780,76329.8,76359.1,76326.1,76344,4.60911200
1787466840,76344.1,76344.1,76333.7,76333.7,3.76037300
1787466900,76333.7,76350.2,76302.2,76302.2,5.90573400
1787466960,76302.3,76311.2,76263.1,76285.8,8.34608900
1787467020,76285.8,76285.8,76255.4,76255.5,7.45447200
1787467080,76255.4,76255.4,76231.9,76240.2,6.66823900
1787467140,76240.2,76247.8,76172,76232.8,6.61388700
1787467200,76239.5,76263.1,76239.5,76263.1,5.87669000
1787467260,76266.2,76292.8,76266.2,76270.7,4.52390500
1787467320,76270.7,76290.1,76270.6,76281.2,5.95763400
1787467380,76281.2,76281.2,76247.6,76247.6,2.57667000
1787467440,76247.6,76283.4,76247.5,76255.4,6.04232400
1787467500,76255.3,76263,76209.9,76210,1.79375000
1787467560,76213.7,76270.9,76210,76270.9,3.92790600
1787467620,76270.8,76270.8,76237.1,76243.2,2.86431800
1787467680,76243.2,76255.2,76217.5,76218.6,4.25930200
1787467740,76218.5,76218.5,76193.5,76195.3,4.23932900
1787467800,76195.3,76219.2,76175.9,76219.2,4.53717400
1787467860,76219.1,76219.1,76175.2,76175.2,3.53803400
1787467920,76178.1,76202.3,76178.1,76198.1,3.25252400
1787467980,76198.1,76198.1,76164.4,76166.8,3.79788900
1787468040,76166.8,76166.9,76141.7,76149.2,3.42368400
1787468100,76149.2,76171.8,76126.6,76126.6,4.04987800
1787468160,76125.1,76126.6,76092.9,76095.8,3.43529100
1787468220,76095.9,76119,76095.9,76096.4,3.57045200
1787468280,76101,76104.4,76017.8,76046.5,7.85898900
1787468340,76046.4,76103.9,76046.4,76100.7,4.87472500
1787468400,76102,76104,76054.7,76057.7,5.59375800
1787468460,76057.7,76092.3,76032,76092.3,6.63161700
1787468520,76092.3,76107.4,76046.2,76046.2,6.04541800
1787468580,76053.8,76077.1,76024.5,76062.3,6.61463700
1787468640,76062.4,76115,76052.9,76114.9,7.38278100
1787468700,76115,76209.9,76114.9,76188.7,7.15690700
1787468760,76197.1,76239.1,76197,76239,6.54809500
1787468820,76239,76259,76223.2,76258.9,4.56879500
1787468880,76256.9,76256.9,76222.7,76232.6,4.18408000
1787468940,76232.7,76246,76225.4,76234.7,3.47569500
1787469000,76238.6,76246.9,76236,76242.3,3.74937200
1787469060,76242.5,76262.3,76242.4,76258.7,4.21762600
1787469120,76258.7,76295,76258.5,76284.8,5.91243300
1787469180,76284.8,76319.9,76284.8,76306.3,4.88298900
1787469240,76304.6,76304.6,76292.4,76302,2.49311600
1787469300,76302,76330.3,76296.5,76327.6,3.30661800
1787469360,76327.5,76351.2,76327.4,76335.3,4.32233000
1787469420,76335.2,76335.2,76324.5,76331.6,2.63135300
1787469480,76331.6,76334.7,76322.2,76326,2.71117200
1787469540,76326,76342.5,76326,76334.9,2.98536300
1787469600,76335,76335,76266.6,76278.5,2.22331700
1787469660,76273.5,76278.1,76243.9,76245.7,2.94540200
1787469720,76245.7,76274.1,76243.8,76243.8,3.14672500
1787469780,76242.6,76266.5,76242.5,76266.4,3.34154000
1787469840,76266.4,76266.4,76236.2,76236.3,2.55980400
1787469900,76236.3,76273.8,76236.3,76273.8,3.11243900
1787469960,76273.7,76273.8,76246.5,76248.5,1.95236300
1787470020,76248.5,76259,76234.7,76240.2,2.41500400
1787470080,76240.1,76246.5,76226.2,76246.5,2.29066300
1787470140,76246.5,76255.6,76221.1,76221.1,3.30694700
1787470200,76221,76233.9,76213.4,76224.4,2.23348800
1787470260,76224.3,76224.3,76177.2,76186.8,1.67153000
1787470320,76188.4,76198.3,76188.3,76197.6,3.56730900
1787470380,76197.5,76197.8,76169.2,76169.2,2.16143100
1787470440,76169.2,76169.2,76095.4,76095.5,2.36291300
1787470500,76095.4,76137.6,76075.2,76131.6,5.07697500
1787470560,76131.5,76136.1,76111,76136,3.17707600
1787470620,76136,76136,76103.5,76106.5,3.46279900
1787470680,76108.6,76108.7,76083.7,76083.8,1.85854600
1787470740,76083.8,76120.9,76083.7,76120.8,2.73043100
1787470800,76120.8,76122.4,76079.1,76079.2,4.32371300
1787470860,76079.2,76086.7,76067.6,76072.5,4.36342600
1787470920,76072.5,76073.5,76064.8,76072.6,2.98668100
1787470980,76072.5,76072.5,76050.4,76050.4,3.47017300
1787471040,76054.2,76069.6,76052.8,76060.8,5.25368300
1787471100,76060.7,76079.1,76054.6,76054.6,5.74576100
1787471160,76054.6,76080.1,76042.2,76062.1,4.43567400
1787471220,76060.9,76069.6,76060.8,76064.4,2.59613400
1787471280,76060.5,76075.3,76054.6,76075.3,2.63763500
1787471340,76075.2,76108.2,76075.2,76108.1,3.97254100
1787471400,76108.1,76118.3,76079.3,76092.3,5.22858700
1787471460,76092.4,76149.9,76092.4,76122.8,5.60482300
1787471520,76122.9,76150.4,76122.6,76128.9,5.65245600
1787471580,76128.9,76151,76115,76115,3.52480700
1787471640,76115.1,76115.1,76032.1,76032.1,5.84814100
1787471700,76032,76046.9,76000,76000,3.24265000
1787471760,76000,76000,75942.7,75979,9.23202600
1787471820,75979.1,75979.1,75939.9,75941.6,8.55563900
1787471880,75941.6,75941.6,75903.9,75918.8,6.87144000
1787471940,75918.8,76001.8,75918.8,76001.8,9.14657800
1787472000,76004.3,76012.5,75976.6,76012.5,9.62528000
1787472060,76012.5,76012.5,75945.2,75959.9,9.12936500
1787472120,75959.8,76015.8,75959.8,76015.7,6.83734200
1787472180,76015.7,76035.6,75967.8,75981.2,9.24836000
1787472240,75981.2,76037,75980.6,76037,8.83216200
1787472300,76037,76065.7,76029,76065.7,11.34526500
1787472360,76067.1,76101,76067,76095.2,7.18984500
1787472420,76095.3,76103.5,76085.2,76094.7,9.03827400
1787472480,76094.7,76153.3,76094.7,76145,7.83688400
1787472540,76144.9,76251.4,76144.9,76237.4,11.53105300
1787472600,76238.6,76295.1,76223.4,76241.7,13.19763400
1787472660,76241.7,76254.9,76186.7,76217,11.90519600
1787472720,76216.9,76275,76216.9,76232.6,11.33457400
1787472780,76232.2,76247,76194.9,76202.6,11.96001500
1787472840,76202.7,76207.9,76194.3,76205.4,13.17462400
1787472900,76205.3,76215,76187.5,76214.9,2.66559000
1787472960,76214.9,76233.1,76201.3,76218.5,8.47745800
1787473020,76218.5,76289.7,76216.7,76289.7,8.22151800
1787473080,76289.6,76292.8,76262.9,76291.5,9.11857500
1787473140,76291.5,76291.5,76255.5,76259.8,9.12194200
1787473200,76259.8,76259.8,76233.3,76239.8,8.58421500
1787473260,76239.9,76254.7,76217.1,76235.5,0.75608300
1787473320,76235.5,76239.6,76219.6,76220,0.51665500
1787473380,76217,76224.6,76212.1,76224.6,0.24036400
1787473440,76232,76237.1,76232,76237.1,0.36455100
1787473500,76237.1,76239.7,76217,76226.1,2.89090100
1787473560,76226.4,76241.1,76217.1,76223.4,3.76372000
1787473620,76223.5,76247.3,76217.1,76247.2,3.55199400
1787473680,76247.3,76247.3,76247.2,76247.2,1.22222600
1787473740,76247.3,76247.3,76224.6,76232.1,1.94198400
1787473800,76237.1,76248.3,76237,76247.6,2.15065100
1787473860,76249.9,76273.4,76248.3,76273.4,2.24285700
1787473920,76273.3,76284,76262.5,76284,3.23770700
1787473980,76283.9,76298.4,76278.5,76294.7,3.65560900
1787474040,76294.7,76308,76262.5,76300.2,5.69406700
1787474100,76294.3,76326.2,76283.2,76326.1,4.06471600
1787474160,76326.2,76338.7,76322.7,76322.8,3.38483900
1787474220,76322.8,76441.1,76322.8,76432.4,7.05727800
1787474280,76432.3,76473.7,76373.8,76464.4,6.71233300
1787474340,76472.1,76472.5,76420.8,76436.9,21.40129800
1787474400,76427.5,76489.2,76422.2,76489.2,8.44151700
1787474460,76489.3,76652,76489.3,76529.1,18.04305300
1787474520,76529.1,76575.9,76514.9,76533.9,10.89287700
1787474580,76533.8,76544.2,76510.6,76515.1,10.52828300
1787474640,76515.1,76528.4,76509.3,76514.9,7.16976100
1787474700,76513.7,76597.6,76513.7,76597.6,14.21354600
1787474760,76597.6,76605.4,76562.5,76562.6,8.02840800
1787474820,76562.5,76562.5,76509.1,76519.7,8.41623300
1787474880,76519.6,76519.6,76489.1,76513.5,7.98027200
1787474940,76513.5,76513.6,76485.4,76485.4,9.37300000
1787475000,76485.5,76495.4,76471.2,76471.2,3.87319200
1787475060,76471.2,76506,76461.4,76506,5.80510100
1787475120,76510.5,76541,76510.5,76534.5,5.85469600
1787475180,76527.8,76536.6,76490.7,76506.5,8.07334900
1787475240,76506.6,76510.9,76493.7,76504.6,6.28042300
1787475300,76504.7,76505.9,76489.2,76504.2,8.93893200
1787475360,76504.3,76520.5,76443.9,76464.5,5.37909900
1787475420,76464.4,76467.5,76458.9,76458.9,3.95352300
1787475480,76459,76460.2,76445.1,76460.2,3.40853000
1787475540,76460.1,76483.1,76460.1,76483.1,2.29055500
1787475600,76483.1,76483.1,76464.1,76464.1,4.17433900
1787475660,76464.1,76531.3,76464.1,76531.2,4.09908000
1787475720,76531.3,76584,76531.3,76583.9,6.11994600
1787475780,76583.9,76615.5,76512.6,76512.6,4.77837300
1787475840,76512.7,76602.2,76512.7,76575.2,5.01756300
1787475900,76575.2,76606.1,76575.2,76604,6.30603200
1787475960,76604.1,76604.1,76581.8,76581.8,5.90426900
1787476020,76581.8,76633.4,76581.8,76595.5,7.01675900
1787476080,76595.6,76610.4,76571.6,76578.2,5.52018600
1787476140,76578.2,76602.7,76574.2,76580.9,6.26196700
1787476200,76580.9,76593.2,76559.4,76575.1,4.63003800
1787476260,76575.1,76575.1,76555.3,76555.3,4.44073400
1787476320,76555.3,76555.3,76539.9,76542.8,4.97307400
1787476380,76542.8,76560.1,76542.8,76556.7,3.05357600
1787476440,76556.6,76576.9,76556.6,76576.8,4.56499800
1787476500,76576.8,76601,76576.8,76596.3,3.41610100
1787476560,76596.2,76601.1,76550.9,76554.1,3.26939400
1787476620,76554.1,76554.1,76511.3,76539.6,2.29599700
1787476680,76539.5,76539.5,76505.4,76523,2.49736900
1787476740,76524.6,76543.4,76524.6,76532.6,2.25548300
1787476800,76533.1,76538.9,76501.8,76501.8,0.36067000
1787476860,76501.9,76501.9,76468.9,76494.1,2.00516500
1787476920,76501.8,76532.3,76498.5,76532.2,2.83505100
1787476980,76532.3,76539.9,76517,76531.8,3.05528000
1787477040,76531.7,76531.7,76487.1,76490.2,3.32032800
1787477100,76490.2,76510.1,76490.2,76509.2,3.79150100
1787477160,76509.3,76547.6,76509.3,76547.6,4.03341400
1787477220,76547.5,76570.5,76547.5,76551.4,2.42005400
1787477280,76551.3,76562.9,76540.1,76562.4,2.69479100
1787477340,76562.4,76564.2,76548.9,76548.9,2.76089500
1787477400,76548.9,76548.9,76473.8,76483.9,4.07848600
1787477460,76482.2,76491.3,76471.3,76481.5,3.51027700
1787477520,76483.6,76493.1,76473.8,76493.1,4.15766000
1787477580,76493,76493.1,76478.9,76490.3,2.24370200
1787477640,76490.3,76501.8,76490.3,76494.2,3.06914800
1787477700,76494.3,76494.3,76461.3,76489,3.42022500
1787477760,76489,76532.2,76489,76532.1,3.04427700
1787477820,76532.1,76534.7,76525.4,76534.6,2.21844100
1787477880,76534.6,76534.6,76494.2,76502.5,2.95338300
1787477940,76502.5,76531.8,76502.4,76531.8,3.87488400
1787478000,76531.7,76538.3,76531.7,76538.3,3.89726800
1787478060,76538.3,76574,76538.3,76555.8,4.15661000
1787478120,76555.7,76555.7,76539.9,76547.6,2.97364400
1787478180,76547.5,76562.4,76547.5,76556.9,3.27647600
1787478240,76556.8,76562.7,76556.8,76562.7,2.37013800
1787478300,76562.8,76594.3,76562.8,76565.8,1.99794200
1787478360,76565.7,76565.7,76524.7,76524.7,1.93561800
1787478420,76524.7,76559.3,76497.4,76555.2,3.85881300
1787478480,76555.2,76592.3,76555.2,76592.3,2.28313600
1787478540,76592.3,76601.1,76585.8,76585.8,2.42405000
1787478600,76584,76613.8,76575.8,76613.8,3.25627200
1787478660,76613.8,76614.6,76613.7,76614.5,2.33048400
1787478720,76614.5,76633.5,76595.6,76604,3.85105200
1787478780,76604.1,76628.7,76582.4,76582.4,3.53996200
1787478840,76582.4,76600.9,76582.4,76597.3,2.39086400
1787478900,76597.4,76597.4,76582.5,76585.9,2.70828500
1787478960,76585.4,76585.4,76570.6,76570.6,2.72956300
1787479020,76570.6,76581.7,76570.6,76581.6,1.32086300
1787479080,76581.7,76585.7,76563,76569.4,2.14740700
1787479140,76569.5,76569.5,76538.2,76538.2,3.43429400
1787479200,76538.2,76587.7,76528.9,76587.6,3.86031400
1787479260,76587.7,76587.7,76557.2,76557.2,2.69459900
1787479320,76553.9,76581.5,76549.8,76581.5,2.75175000
1787479380,76581.4,76626,76581.4,76626,3.81728400
1787479440,76625.9,76626,76597.6,76612.1,2.62486700
1787479500,76619.7,76660.4,76619.6,76660.4,1.88730900
1787479560,76660.4,76729.1,76622.9,76705.3,5.14970700
1787479620,76705.2,76726.5,76665.1,76705.1,5.41151600
1787479680,76705.1,76716.2,76665.2,76669.6,4.49459200
1787479740,76669.6,76678.9,76665.1,76671.4,2.54378200
1787479800,76671.5,76688.6,76642,76642.1,7.52557400
1787479860,76642,76642,76615.5,76629.9,4.81485700
1787479920,76630,76651.9,76616.9,76617,4.67913400
1787479980,76616.9,76627.3,76606.2,76606.2,6.11477400
1787480040,76606.2,76649.2,76592.6,76644.6,5.82327100
1787480100,76644.7,76673.3,76644.7,76663.4,3.00472400
1787480160,76663.4,76663.5,76637.9,76648,6.01690900
1787480220,76648,76650.4,76637,76649.6,6.34928100
1787480280,76649.7,76659.9,76648.2,76653.4,5.17606900
1787480340,76653.4,76653.4,76635,76649.8,4.76038700
1787480400,76649.9,76747.3,76649.9,76747.3,2.72200900
1787480460,76748,76866.2,76748,76856.3,3.98470800
1787480520,76856.2,76913.5,76768.3,76834.2,2.15306300
1787480580,76834.2,76847.9,76803.8,76820.1,1.06936000
1787480640,76820,76842.4,76794.7,76842.4,4.00998900
1787480700,76842.4,76883.5,76789.2,76803.6,10.31534200
1787480760,76803.6,76826.8,76796.1,76796.5,9.20264000
1787480820,76796.5,76815.7,76796.2,76804.6,8.05432100
1787480880,76804.6,76804.6,76750,76756.7,11.04460500
1787480940,76755.9,76765.4,76742.3,76756.2,11.58227400
1787481000,76756.2,76780.6,76744,76744.1,4.75938100
1787481060,76744,76783,76739.3,76781.2,6.86126100
1787481120,76781.1,76811.3,76766.6,76808.7,7.75508200
1787481180,76811.3,76870,76810.5,76870,6.60791700
1787481240,76869.9,76913.6,76869.9,76913.6,8.48254500
1787481300,76913.6,76916.8,76865.3,76873,6.41216000
1787481360,76872.9,76888.1,76842.2,76873.1,4.88268900
1787481420,76873.2,76873.2,76811.4,76823.1,6.86986000
1787481480,76823.2,76839,76814.7,76834,5.08064700
1787481540,76834,76834.5,76792.5,76819.2,6.29835900
1787481600,76819.1,76834.4,76799.9,76826.3,6.81559500
1787481660,76826.2,76840,76819.2,76840,2.46585100
1787481720,76839.9,76863.1,76831.3,76840,3.94568300
1787481780,76839.4,76855.2,76809.3,76839.2,3.64709100
1787481840,76839.2,76849.9,76839.1,76849.8,3.74305500
1787481900,76849.9,76865.3,76849.8,76859,3.94281200
1787481960,76859,76865.3,76857.6,76862.4,3.16180300
1787482020,76862.4,76862.4,76831.5,76831.5,3.51480000
1787482080,76831.6,76841.5,76824.9,76824.9,2.66599200
1787482140,76820.3,76820.3,76799.8,76805.5,3.41917800
1787482200,76805.4,76826.8,76799.8,76826.7,2.33340500
1787482260,76826.8,76853.2,76808.2,76824.8,2.82032300
1787482320,76824.8,76839.2,76815.5,76818.9,1.93261600
1787482380,76815.1,76822.7,76799.8,76799.8,1.92009100
1787482440,76799.9,76811.9,76799.9,76811.8,2.50391300
1787482500,76811.9,76813.5,76781.2,76781.2,1.29206400
1787482560,76781.1,76788.4,76780.7,76787.2,1.79373200
1787482620,76787.2,76787.2,76768.6,76780.6,1.83982700
1787482680,76780.6,76790.1,76780.4,76780.5,1.93837200
1787482740,76780.5,76787.8,76776.8,76779.5,1.31282000
1787482800,76779.6,76809.8,76779.5,76809.8,1.47336000
1787482860,76809.8,76832.1,76809.8,76814.7,2.24700500
1787482920,76814.7,76822.4,76799.3,76799.3,2.19913900
1787482980,76796,76796,76746.2,76747.4,2.95729100
1787483040,76747.3,76753.3,76730.3,76734.4,2.84238600
1787483100,76734.4,76760.6,76734.3,76760.5,3.29024600
1787483160,76760.6,76791.7,76760.6,76768.7,3.69604600
1787483220,76768.6,76800.5,76768.6,76800.4,2.98339100
1787483280,76800.5,76830.1,76800.4,76822.5,3.78802900
1787483340,76822.4,76822.4,76784,76799.1,3.23811600
1787483400,76799.2,76805.5,76791.7,76791.8,2.98688900
1787483460,76791.8,76820.8,76791.8,76820.8,3.62497000
1787483520,76822.3,76837.5,76822.3,76837.5,2.15922700
1787483580,76837.4,76860.5,76837.4,76858,2.36289100
1787483640,76858,76868.9,76857.2,76868.9,4.38031700
1787483700,76870.6,76877.5,76841.1,76841.2,1.81532800
1787483760,76841.1,76870.6,76807,76870.6,3.35757800
1787483820,76870.5,76870.6,76853.1,76856.8,2.46872600
1787483880,76856.7,76920.9,76845.5,76920.9,3.70756300
1787483940,76920.8,76963.2,76920.6,76963.2,4.38709900
1787484000,76963.3,77204.2,76963.3,77170.9,11.98991300
1787484060,77170.9,77245.9,77163,77239.5,9.69834400
1787484120,77239.4,77239.4,77185.3,77204.6,4.40597600
1787484180,77207.4,77216.4,77150,77169.7,5.70834900
1787484240,77169.7,77300,77169.7,77269.5,6.66617700
1787484300,77269.4,77294,77246.3,77250.4,18.43106500
1787484360,77246.9,77246.9,77169.8,77188.6,19.08582700
1787484420,77188.7,77200.8,77150,77150,18.54010300
1787484480,77150.1,77162,77150,77150.9,17.81439800
1787484540,77150.8,77160,77130.9,77155.2,16.12103900
1787484600,77155.1,77185.3,77117.1,77185.3,8.73273600
1787484660,77190.7,77216.4,77170.7,77216.3,12.70868800
1787484720,77216.3,77245.8,77186.7,77198.8,8.93340700
1787484780,77200.7,77200.8,77170.8,77183.5,10.51697400
1787484840,77183.5,77185.3,77166,77185.2,10.00037000
1787484900,77185.3,77224.1,77185.2,77224,9.96278200
1787484960,77224.1,77275.3,77224.1,77232,6.97580000
1787485020,77231.9,77340.3,77219.2,77219.3,9.11316500
1787485080,77219.3,77296.5,77213.9,77286.3,7.75828000
1787485140,77283.6,77370.8,77283.5,77370.7,9.97592400
1787485200,77370.7,77370.7,77300,77300,11.91312400
1787485260,77300.1,77301,77278.5,77294,14.90958700
1787485320,77294.1,77300.9,77271.4,77289.1,17.29334000
1787485380,77289.1,77289.2,77250.8,77261.9,17.29420700
1787485440,77261.8,77278.5,77258.9,77267.3,13.22610000
1787485500,77267.3,77278.5,77239.7,77275.6,10.55253300
1787485560,77275.6,77278.4,77245.9,77246,13.53415100
1787485620,77246,77263,77210.9,77210.9,18.23528500
1787485680,77210.9,77215.1,77182.1,77215.1,15.29719200
1787485740,77215.1,77215.1,77170.5,77193,11.94388800
1787485800,77193.1,77200.8,77179.7,77200.8,9.59477200
1787485860,77200.8,77213.9,77177.6,77183.4,11.60096300
1787485920,77183.5,77256.4,77183.5,77256.3,9.71156700
1787485980,77256.4,77346.6,77243.9,77344.1,14.32397200
1787486040,77344.1,77385.6,77322.2,77347.1,10.43148700
1787486100,77347.1,77354.3,77300.7,77300.7,17.45793200
1787486160,77300.7,77312.6,77294.2,77305.7,15.75884000
1787486220,77305.6,77309.6,77288.4,77293.4,10.57117000
1787486280,77287,77321.8,77287,77294.2,10.08746600
1787486340,77294.1,77301.9,77286.3,77301.8,15.91830800
1787486400,77301.8,77302,77278.6,77286.5,17.65161800
1787486460,77286.5,77294.2,77226.9,77226.9,21.37020100
1787486520,77226.9,77250.1,77212,77250.1,19.25124600
1787486580,77250,77250,77182.7,77206.1,22.33652200
1787486640,77206.2,77206.2,77177.6,77188.4,16.25800900
1787486700,77188.3,77194.7,77177.1,77177.5,11.66351000
1787486760,77177.5,77177.6,77069.3,77104.2,9.97539800
1787486820,77104.2,77127.4,77077.2,77126.4,12.62757500
1787486880,77126.4,77165.1,77110.9,77143.1,11.51357800
1787486940,77147.6,77156.3,77126.9,77134,11.25755600
1787487000,77134,77134.2,77071.7,77082,4.17457800
1787487060,77079.5,77085.6,77000.1,77037,12.60529300
1787487120,77039.4,77061.1,77003.9,77033.4,14.13052000
1787487180,77033.4,77056.8,77027.3,77052.4,11.06649200
1787487240,77052.5,77077.1,77050.6,77064.6,13.45928400
1787487300,77064.7,77066,77041.3,77041.3,2.64611100
1787487360,77041.4,77071.5,77041.4,77071.5,8.76735300
1787487420,77071.4,77087,77060.7,77087,11.52679000
1787487480,77086.9,77087.6,77055.1,77083.3,10.97909300
1787487540,77083.3,77090.9,77080,77084.5,11.65525200
1787487600,77084.5,77102.2,77080.3,77080.3,9.56266200
1787487660,77080.3,77109.9,77080.3,77103.2,3.55252400
1787487720,77103.2,77118.7,77095.5,77095.5,0.36768600
1787487780,77095.5,77121.2,77095.5,77118.6,0.65161700
1787487840,77118.7,77121.2,77095.5,77099.9,0.52758000
1787487900,77099.9,77103.1,77066.8,77066.8,2.26652600
1787487960,77066.9,77075.3,77023.3,77023.3,4.77399700
1787488020,77020.2,77029.9,77005.4,77016.9,4.18766500
1787488080,77016.9,77049.3,77016.9,77049.2,4.62387900
1787488140,77049,77049,77037.4,77038.3,2.40405500
1787488200,77038.4,77049.3,77038.4,77049.2,1.89485300
1787488260,77049.3,77062,77049.2,77061.9,1.99454400
1787488320,77062,77073,77062,77068.5,2.26820200
1787488380,77071.5,77087,77062.4,77080,2.47073200
1787488440,77080,77085.6,77062.5,77085.5,2.99931300
1787488500,77085.5,77085.5,77062.5,77071.6,1.39727200
1787488560,77071.6,77071.7,77044.6,77059.5,1.42694800
1787488620,77062.5,77069.9,77049.1,77060.8,2.83643300
1787488680,77060.9,77067.2,77041.3,77056.8,3.00344200
1787488740,77056.8,77132,77056.8,77131.9,2.50216000
1787488800,77132,77161.9,77126.5,77160.9,2.77335000
1787488860,77161.6,77209.2,77157.4,77205,2.86106900
1787488920,77205.1,77205.1,77166.1,77171.8,3.00576500
1787488980,77171.8,77242.7,77171.8,77228.9,2.57430600
1787489040,77229,77235,77224.8,77234.9,1.84819400
1787489100,77235,77235,77211.7,77219.3,4.29879900
1787489160,77219.3,77261.5,77189.9,77257.4,4.17140600
1787489220,77257.3,77257.3,77223,77223,1.90860500
1787489280,77223,77223,77196.2,77196.2,3.50738500
1787489340,77196.3,77203.9,77189.5,77203.8,2.23343200
1787489400,77203.8,77211.7,77203.8,77206.9,4.23206300
1787489460,77207,77208,77196.6,77208,3.40697500
1787489520,77208,77208,77196.2,77196.2,1.79884600
1787489580,77192.6,77195.1,77173.5,77180.7,3.58184700
1787489640,77180.6,77180.6,77157.4,77159.7,3.45129300
1787489700,77165,77196.1,77165,77196.1,2.13433200
1787489760,77196.1,77211.3,77196.1,77210.6,1.84187100
1787489820,77210.7,77224.4,77210.3,77210.3,2.41131900
1787489880,77210.4,77210.4,77210.3,77210.3,1.80035700
1787489940,77210.4,77218,77202.3,77202.4,1.22564300
1787490000,77202.5,77213,77202.5,77212.9,0.25196200
1787490060,77213,77224,77212.9,77223.9,1.74644700
1787490120,77223.9,77224.5,77222.5,77223.5,2.27543800
1787490180,77223.6,77223.7,77216.9,77223.7,1.05879100
1787490240,77223.7,77225.2,77206.1,77206.1,1.23194700
1787490300,77206.1,77213.8,77203.2,77210.7,1.71819100
1787490360,77210.8,77222.5,77210.7,77215.6,1.76763800
1787490420,77215.6,77215.7,77199.9,77208.6,1.60934600
1787490480,77208.6,77210.2,77189.9,77192.2,1.56588700
1787490540,77192.3,77237.8,77192.3,77237.8,1.85130200
1787490600,77237.8,77289.8,77237.8,77275.8,3.39705300
1787490660,77275.7,77329.7,77275.7,77329.6,1.90667500
1787490720,77329.7,77335.2,77317.8,77335.2,2.40790400
1787490780,77335.2,77335.2,77323.5,77329.2,1.13758900
1787490840,77329.2,77329.4,77329.2,77329.2,1.31007500
1787490900,77329.2,77345.8,77329.2,77337,3.23546000
1787490960,77337.1,77341.6,77323.6,77340.2,2.58985000
1787491020,77340.2,77436.2,77340.1,77402.7,5.45704600
1787491080,77407.9,77533,77404,77463.6,7.78194900
1787491140,77463.7,77754.3,77463.7,77639.1,10.63859200
1787491200,77639.2,77665.5,77529.8,77537.5,27.80158700
1787491260,77537.5,77537.6,77408.9,77471.3,28.97323200
1787491320,77471.3,77533.9,77439.9,77531.8,29.40604800
1787491380,77531.9,77608.9,77510.6,77529,32.46758000
1787491440,77528.9,77643.7,77514.9,77634,27.68196900
1787491500,77628.4,77628.4,77504.2,77504.3,22.05464700
1787491560,77504.2,77557.2,77504.2,77532.8,19.71236300
1787491620,77532.9,77557.2,77512.3,77526.1,21.61467800
1787491680,77526.2,77526.2,77484.7,77484.8,19.17593100
1787491740,77484.7,77484.7,77420,77420.1,20.10282600
1787491800,77431.7,77435.7,77375.5,77395,16.33855500
1787491860,77397.5,77494.7,77367.4,77442.9,14.49012400
1787491920,77442.9,77495,77411.1,77411.1,13.96528000
1787491980,77411.1,77422.3,77364.5,77422.2,13.58062600
1787492040,77416.1,77416.1,77378,77384,13.20128800
1787492100,77384,77391.6,77344.7,77360.6,9.56825200
1787492160,77360.7,77472,77360.6,77463.7,11.69892100
1787492220,77463.6,77494.9,77442.3,77494.7,7.75259900
1787492280,77491.2,77512.3,77471.9,77509.5,8.43585800
1787492340,77509.6,77592.3,77509.5,77565.9,8.65667600
1787492400,77565.8,77623.3,77547.4,77561.9,6.42543900
1787492460,77556.1,77563.9,77509.8,77509.9,5.56548900
1787492520,77506.6,77518.4,77487.1,77495.1,7.03410600
1787492580,77501.9,77502,77478.6,77487.2,6.87339200
1787492640,77487.2,77517.5,77487.2,77517,6.17033300
1787492700,77517.1,77517.5,77404.3,77460.5,4.77254400
1787492760,77460.6,77502.9,77440.5,77502.8,4.49997900
1787492820,77502.9,77556.9,77502.9,77555.6,5.94851900
1787492880,77555.6,77559.4,77518.2,77521.6,5.01024600
1787492940,77521.6,77521.7,77455.9,77458.2,5.11115900
1787493000,77458.3,77486.8,77456,77456,4.05155400
1787493060,77456,77458.7,77376.7,77386.9,4.84185000
1787493120,77387,77430.1,77385.8,77385.8,5.13975900
1787493180,77385.9,77428.6,77375.5,77412.9,5.79411700
1787493240,77412.9,77498.7,77412.9,77489.2,5.28192600
1787493300,77489.2,77495,77451.1,77473.3,7.67591500
1787493360,77473.3,77479.3,77442.1,77442.1,7.44705400
1787493420,77442.2,77456.5,77439.9,77453.2,6.31655700
1787493480,77453.3,77477.9,77452.6,77464.4,8.38117000
1787493540,77464.4,77478,77448.2,77477.9,5.37953000
1787493600,77478,77513.4,77477.9,77510.3,2.35777300
1787493660,77510.3,77567.1,77510.3,77563.1,6.15833300
1787493720,77563.1,77615.7,77552.7,77578.7,5.17401700
1787493780,77578.7,77586.3,77537,77537,4.48881900
1787493840,77537,77563.9,77519.1,77550,4.50861400
1787493900,77550,77563.8,77472.1,77472.1,8.18820400
1787493960,77472.1,77482.3,77344.1,77382.7,8.01762300
1787494020,77382.7,77396.5,77318.3,77353.1,6.12446500
1787494080,77350.5,77428.1,77336.7,77428,6.12850300
1787494140,77428.1,77433.1,77400.4,77418.2,4.75381600
1787494200,77418.3,77472.6,77418.2,77472.5,7.40107600
1787494260,77472.5,77525.1,77472.5,77475.5,8.35087100
1787494320,77475.6,77521.2,77475.6,77521.1,5.46473100
1787494380,77521.1,77576.1,77511.8,77576.1,6.97162600
1787494440,77576.2,77580.6,77537.1,77549.6,8.41783900
1787494500,77549.7,77597.4,77546.3,77597.4,2.55098500
1787494560,77597.5,77642.1,77597.5,77615.2,4.00951400
1787494620,77615.2,77621.5,77569.8,77569.8,5.52750200
1787494680,77569.9,77583.9,77507.6,77507.6,5.38596100
1787494740,77507.6,77529.1,77463.9,77477.5,4.56305900
1787494800,77477.5,77502.2,77477.5,77490,3.08647300
1787494860,77490.8,77499.8,77480.1,77496.3,1.53106500
1787494920,77496.3,77496.3,77440.5,77440.5,0.74830300
1787494980,77436.4,77451.1,77428.1,77428.1,0.50231700
1787495040,77428.2,77458.9,77423.7,77427.7,0.28864600
1787495100,77427.8,77468.4,77412.1,77453.3,4.30785700
1787495160,77453.2,77493.7,77453.2,77476.1,4.65053600
1787495220,77476.1,77490.2,77474.5,77474.5,5.46973900
1787495280,77474.5,77495.5,77473.2,77490.2,4.10723800
1787495340,77490.2,77493.2,77427,77443.3,4.37610900
1787495400,77443.2,77458.1,77412.1,77433.8,4.27898100
1787495460,77438.9,77458.9,77433.5,77451,3.64968800
1787495520,77451,77451,77407.4,77412.2,4.20372100
1787495580,77412.1,77440.4,77412.1,77440.4,2.95757100
1787495640,77440.4,77440.4,77412.1,77420.6,5.18980900
1787495700,77420.5,77451.1,77420.5,77441.6,5.20274100
1787495760,77441.5,77443.3,77427.7,77430.5,3.31126500
1787495820,77430.4,77450.9,77412.2,77450.8,4.51076600
1787495880,77450.8,77485.8,77450.8,77461.4,3.97845300
1787495940,77461.5,77474.4,77420.5,77436.4,5.60791400
1787496000,77436.4,77460,77436.4,77452.1,2.80250500
1787496060,77452.2,77459.9,77396.5,77406.2,4.16968900
1787496120,77406.2,77406.2,76826.1,76861.5,16.33778300
1787496180,76859.6,77066.8,76789.9,77066.8,7.72563900
1787496240,77069.2,77107.6,76992.9,77020.1,7.27388700
1787496300,77018.4,77183.2,77018.4,77024.7,22.72336600
1787496360,77031.8,77115.7,77024.7,77059.3,33.99326900
1787496420,77060.9,77149.4,77059.3,77101.6,31.44515700
1787496480,77101.6,77171.3,77099,77155.8,30.92505900
1787496540,77155.9,77215.2,77148.1,77202.4,29.01979700
1787496600,77202.4,77243.8,77186.8,77243.8,23.22655500
1787496660,77243.7,77260.2,77163.8,77189.4,17.04628900
1787496720,77189.4,77216,77179.1,77194.2,17.45716400
1787496780,77194.2,77213.7,77171.4,77194.1,19.26281600
1787496840,77186.8,77308.5,77171.9,77267.9,17.28032700
1787496900,77267.9,77267.9,77140.5,77189.3,13.83375000
1787496960,77189.4,77240.5,77179.1,77184.2,8.89092500
1787497020,77187.4,77209.9,77140.4,77209.9,10.12967500
1787497080,77209.9,77209.9,77152.1,77179.1,7.70085800
1787497140,77179,77191,77155.8,77191,9.07005600
1787497200,77191.1,77219.1,77072.6,77142.3,9.10970400
1787497260,77147.6,77269.2,77127.9,77265.3,8.49572700
1787497320,77265.4,77286.7,77172.9,77191.3,6.19292700
1787497380,77196,77248.1,77174.8,77208,7.05342600
1787497440,77208,77265.3,77208,77265.3,6.95770800
1787497500,77267.3,77329.5,77251.9,77329.5,8.40485600
1787497560,77329.4,77331.7,77290.7,77298.5,6.04081000
1787497620,77298.5,77331.7,77289.6,77306.3,7.05929400
1787497680,77306.2,77306.2,77251.9,77256.8,6.63421000
1787497740,77261.3,77287.5,77236.4,77287.5,6.46991000
1787497800,77285.7,77298.5,77281.1,77298.4,2.59676200
1787497860,77298.4,77298.4,77228.6,77228.6,4.13566200
1787497920,77223,77251.9,77221,77231,4.48824300
1787497980,77231.2,77231.2,77184.8,77192.2,4.65372900
1787498040,77195.2,77195.2,77161.8,77166.2,4.42124100
1787498100,77160.5,77174.3,77130.9,77168.6,1.81947200
1787498160,77158.9,77158.9,77068.1,77110.4,3.86176100
1787498220,77110.5,77142.3,77104.7,77104.9,3.55250300
1787498280,77110.3,77112.1,77089,77097.1,2.99734200
1787498340,77089,77089,76921.4,77012.2,6.72150900
1787498400,77012.2,77088.9,76997.5,77079.9,9.62183000
1787498460,77076.4,77162,77076.4,77162,8.60796100
1787498520,77162,77237.1,77144.7,77213.9,9.37507000
1787498580,77220.1,77238.1,77152.8,77169.9,9.63003600
1787498640,77170,77218.8,77169.9,77218.7,4.83732900
1787498700,77218.7,77228.6,77205.4,77223.1,4.97281000
1787498760,77223,77223.1,77193.8,77220.8,2.96373600
1787498820,77220.8,77223.9,77197.9,77205.7,3.94333100
1787498880,77205.8,77205.8,77184.5,77186.4,3.39703400
1787498940,77186,77200.4,77186,77197.5,3.35971300
1787499000,77199.2,77222.2,77199.2,77222.2,3.13650000
1787499060,77222.2,77273.3,77222.2,77252.6,2.01591800
1787499120,77262.6,77262.6,77158.9,77169.5,2.99242500
1787499180,77169.5,77169.5,77133.5,77133.5,2.66053700
1787499240,77130.9,77168.6,77130.9,77168.5,2.25373800
1787499300,77168.4,77220.2,77168.4,77207,3.72626200
1787499360,77207.1,77215.3,77190,77197,5.50819800
1787499420,77196.9,77220.3,77192.8,77211.8,4.91809100
1787499480,77211.9,77248.1,77205.4,77248.1,4.10774800
1787499540,77248.2,77275.2,77245.6,77275.2,2.40746500
1787499600,77273.7,77279.4,77252.5,77267.9,3.58646000
1787499660,77267.8,77275.2,77256.5,77273.1,3.28315200
1787499720,77273,77279.1,77265.1,77267.4,2.17184800
1787499780,77259.7,77298.4,77259.7,77298.4,2.94818600
1787499840,77298.3,77311,77267.4,77267.5,2.29924000
1787499900,77267.4,77267.4,77202.8,77208.2,3.61037500
1787499960,77208.2,77243.1,77200.9,77220.9,3.89450200
1787500020,77219.8,77236.4,77213.1,77220.7,4.63132000
1787500080,77220.7,77220.7,77188.1,77220.6,5.11980900
1787500140,77216.1,77220.8,77189.9,77192.4,4.37266500
1787500200,77192.4,77192.4,77171.1,77176.1,2.56020300
1787500260,77173.5,77205.4,77173.5,77203.6,3.55975200
1787500320,77203.5,77209.4,77184.2,77195.6,3.59631800
1787500380,77195.6,77195.7,77176.8,77176.9,9.30153600
1787500440,77176.8,77189.9,77172.9,77180.8,1.98746400
1787500500,77177,77180.8,77166.7,77166.7,1.63235800
1787500560,77166.7,77205.4,77166.5,77205.4,2.31155400
1787500620,77205.4,77205.4,77152.8,77152.8,2.36209600
1787500680,77152.8,77163.2,77136.6,77136.6,2.45068800
1787500740,77136.6,77172.2,77136.6,77147.9,2.06468300
1787500800,77147.9,77200.5,77147.9,77185.3,2.40226200
1787500860,77187.3,77212.7,77187.3,77212.7,2.00810300
1787500920,77215.2,77216.2,77193.1,77216.2,2.02083300
1787500980,77216.2,77302.6,77216.2,77255,2.55520400
1787501040,77258.9,77270.4,77254.9,77257.5,2.62803300
1787501100,77256.1,77256.1,77239.4,77252.2,3.05278900
1787501160,77252.1,77254.9,77239.4,77239.4,2.85535800
1787501220,77239.4,77239.5,77217.4,77221.9,3.03192300
1787501280,77224.4,77244.6,77224.4,77240.1,1.49504300
1787501340,77240.2,77240.2,77206.3,77206.4,4.56029200
1787501400,77206,77240,77205.9,77240,2.69344500
1787501460,77244.6,77274.5,77244.5,77267.2,1.69330900
1787501520,77267.3,77278.1,77239.4,77254.9,2.61398600
1787501580,77257.2,77276.2,77247.1,77274.2,2.62785000
1787501640,77274.2,77274.2,77263.9,77269.2,1.30195000
1787501700,77269.2,77270.3,77247.2,77247.3,1.13217000
1787501760,77247.3,77318.1,77247.3,77293.7,2.23041900
1787501820,77293.7,77309,77262.8,77262.8,1.97360100
1787501880,77262.7,77262.7,77239.4,77239.5,1.47172400
1787501940,77239.5,77276.9,77231.8,77231.8,1.66633000
1787502000,77231.7,77278.2,77205.9,77278.2,1.99105100
1787502060,77275.1,77278.1,77254.9,77273.8,0.32519500
1787502120,77273.8,77273.8,77255.7,77255.8,0.21079600
1787502180,77255.7,77270.6,77252.3,77267.2,0.21819600
1787502240,77267.1,77278.2,77262.7,77269.5,0.23510700
1787502300,77269.4,77316.4,77256.5,77313,1.77608700
1787502360,77310.8,77313,77286.1,77287,1.51783100
1787502420,77294.5,77301.5,77288.7,77301.5,1.67689200
1787502480,77301.4,77309.2,77301.4,77308.9,1.72136700
1787502540,77308.8,77325.1,77304.3,77324.9,1.34788100
1787502600,77320.7,77329,77311.2,77317.5,1.82862900
1787502660,77317.1,77333.3,77309.3,77333.2,2.28053800
1787502720,77333.2,77377.4,77333.2,77367,2.03322700
1787502780,77376.7,77415.7,77350.9,77350.9,3.64929200
1787502840,77348.1,77409.7,77348.1,77409.7,2.12434500
1787502900,77409.6,77419.3,77409.1,77414.3,2.29132800
1787502960,77414.3,77414.4,77366.2,77393.8,4.39433500
1787503020,77393.8,77393.8,77324.8,77340.2,3.40768800
1787503080,77340.2,77363,77337.8,77363,1.99521800
1787503140,77362.9,77382.7,77362.9,77382.7,3.57823200
1787503200,77382.6,77386.5,77371.5,77371.5,2.47642900
1787503260,77377.8,77386.8,77364.3,77386.8,2.64600800
1787503320,77386.9,77418.1,77386.8,77418,1.94830400
1787503380,77418.1,77431.1,77404,77404,2.50653400
1787503440,77403.9,77404,77377.6,77377.6,3.02980900
1787503500,77377.6,77397.8,77349.9,77396.8,3.33047100
1787503560,77396.7,77409.7,77382,77409.7,2.89417200
1787503620,77409.7,77409.7,77389.5,77409.6,2.16424000
1787503680,77409.6,77409.6,77379.2,77388.6,2.40978800
1787503740,77393.8,77400.3,77373.7,77373.8,2.50860300
1787503800,77373.8,77394.7,77373.8,77394.4,3.50735900
1787503860,77394.4,77471.7,77394.3,77449.6,4.60676600
1787503920,77465.3,77466.6,77410.3,77410.3,3.26717300
1787503980,77409.8,77421.4,77409.8,77410.3,2.39021800
1787504040,77410.4,77410.4,77390.6,77394.8,2.86633800
1787504100,77394.8,77410.2,77394.8,77407.7,3.86341900
1787504160,77407.8,77418.1,77407.7,77418.1,2.29924100
1787504220,77418,77438.7,77410.3,77438.7,4.31437700
1787504280,77438.9,77456.9,77429.5,77429.6,3.33736500
1787504340,77429.6,77430.9,77416.6,77416.7,4.39209100
1787504400,77416.7,77446.1,77416.7,77446.1,2.82448300
1787504460,77444.4,77444.4,77378.3,77382.1,2.79818700
1787504520,77378.4,77378.4,77291.2,77298.8,5.31089500
1787504580,77291.1,77291.1,77154.2,77185.7,7.35735400
1787504640,77185.7,77234.5,77168.4,77213.5,4.21470700
1787504700,77213.5,77308.6,77213.5,77308.5,6.12110500
1787504760,77308.5,77329.8,77288.5,77329.7,6.22773400
1787504820,77329.7,77358.8,77270.6,77270.6,6.24977300
1787504880,77270.5,77320,77269.4,77319.9,5.49808800
1787504940,77320,77333.6,77315.3,77333.5,4.94551300
1787505000,77333.5,77333.6,77275.1,77279,5.73867800
1787505060,77284.9,77296.7,77273.7,77296.7,2.64766600
1787505120,77296.6,77319.4,77279.5,77311.9,5.30424800
1787505180,77311.9,77319.4,77305.5,77305.5,3.11231700
1787505240,77304.6,77312.2,77282.1,77282.1,4.85079000
1787505300,77282.2,77282.2,77188.4,77211.4,0.76441800
1787505360,77211.3,77234.3,77196.6,77219.3,2.03684100
1787505420,77226.9,77305.7,77217.5,77305.7,2.83968300
1787505480,77305.7,77352.5,77267.7,77352.5,2.92201100
1787505540,77357.1,77364.8,77332.4,77364.8,2.17818400
1787505600,77364.8,77372.9,77354.2,77357.5,6.07614400
1787505660,77357.6,77366.5,77327.9,77327.9,3.63777700
1787505720,77337,77372.8,77337,77372.7,2.62645300
1787505780,77372.7,77378.3,77358.7,77358.7,3.89425700
1787505840,77351.1,77351.1,77296.7,77296.7,2.59321800
1787505900,77296.7,77298.1,77282.1,77291,2.29634000
1787505960,77291,77291.8,77265.7,77270.2,3.23026000
1787506020,77270.2,77278.7,77250.2,77250.2,2.47443300
1787506080,77250.1,77250.2,77227,77227.1,3.96309900
1787506140,77227.9,77257.6,77227.9,77256.1,2.83593800
1787506200,77257.7,77257.8,77230.9,77242.5,1.66525600
1787506260,77238.1,77238.2,77162.1,77163,3.88218100
1787506320,77163,77229.2,77152.2,77229.2,4.64758900
1787506380,77229.2,77249.7,77217.8,77225.8,3.15619300
1787506440,77225.7,77255.4,77225.7,77255.3,3.51071700
1787506500,77255.4,77271.3,77255.3,77271.2,3.62444100
1787506560,77273.4,77275.2,77270.4,77270.5,1.82639500
1787506620,77270.5,77312.2,77270.5,77288.9,2.13177100
1787506680,77288.9,77289.1,77279.2,77279.2,2.37607400
1787506740,77279.2,77282.3,77235.6,77238,2.88989100
1787506800,77237.9,77252.4,77237.9,77239.7,1.85816100
1787506860,77239.7,77250.2,77228.1,77228.1,1.42369800
1787506920,77228.1,77250.1,77196.2,77242.4,2.47017500
1787506980,77242.7,77258,77242.7,77258,1.59335200
1787507040,77258,77261.6,77232.7,77232.9,2.46709700
1787507100,77233,77314.1,77233,77311.6,1.76545500
1787507160,77311.6,77320,77286.9,77286.9,1.88211600
1787507220,77286.9,77292,77230.2,77230.2,2.72509900
1787507280,77230.2,77243,77218.1,77242.9,3.16181900
1787507340,77242.9,77248.4,77240.3,77248.3,1.92863900
1787507400,77248.4,77248.4,77229.5,77231.7,2.56331600
1787507460,77231.8,77250.1,77231.7,77240.1,1.38119300
1787507520,77241.4,77257,77237.3,77253.1,1.99605100
1787507580,77253.2,77271,77247.2,77271,2.43117200
1787507640,77270.9,77282.1,77230.2,77230.6,3.38560600
1787507700,77230.3,77233.8,77196.1,77197.9,1.56151800
1787507760,77198,77219.3,77196.1,77211.5,1.58211400
1787507820,77210.3,77219.2,77202.7,77203.9,1.79332000
1787507880,77203.9,77214.5,77202.2,77214.5,1.58590600
1787507940,77214.5,77214.5,77177.7,77177.7,2.74492700
1787508000,77177.7,77199.2,77168,77183.7,1.88614600
1787508060,77187,77187,77168,77183.7,1.43021600
1787508120,77186.9,77206.3,77175.9,77192.8,1.79774900
1787508180,77192.8,77199.1,77175.2,77178.2,1.29716800
1787508240,77175.7,77192.2,77168.3,77180.2,1.53878600
1787508300,77180.2,77180.2,77150.1,77160.5,1.42817700
1787508360,77160.4,77178.8,77127.6,77162.7,4.90674200
1787508420,77162.7,77168.1,77118.1,77118.2,3.53021400
1787508480,77118.1,77153.5,77106.6,77153.5,3.54439100
1787508540,77153.4,77220.1,77153.4,77220.1,4.07429700
1787508600,77220.1,77250.8,77214.7,77250.7,7.21008000
1787508660,77250.8,77325.1,77250.7,77282.8,5.54431100
1787508720,77282.8,77389.3,77282.8,77389.3,5.35910600
1787508780,77389.2,77394.5,77347,77354.1,4.12535000
1787508840,77350.1,77361.8,77330.9,77343.1,5.76804000
1787508900,77339.6,77392.9,77339.6,77389.9,1.21220400
1787508960,77389.8,77399.3,77344.1,77352.5,5.36004800
1787509020,77352.6,77382.9,77342.6,77354.1,5.98622300
1787509080,77352.7,77354.3,77331.6,77342.4,6.12497400
1787509140,77342.3,77344.2,77318.9,77319,6.88825300
1787509200,77319,77330.3,77292,77330.2,6.73840900
1787509260,77323,77331.8,77315.3,77331.5,0.91002300
1787509320,77330,77330,77295.6,77295.6,0.44268000
1787509380,77294.1,77330.8,77260.9,77330.7,1.88362500
1787509440,77330.7,77330.7,77316.5,77316.5,0.18242700
1787509500,77315.3,77338.5,77306.9,77338.5,5.08360000
1787509560,77338.5,77350,77338.4,77350,2.81148700
1787509620,77350,77377.4,77350,77361.3,5.86385100
1787509680,77361.3,77395.6,77361.3,77367.8,6.12847200
1787509740,77367.8,77384.8,77347.8,77347.9,4.16965300
1787509800,77347.8,77365.1,77346.9,77346.9,2.42419500
1787509860,77346.9,77346.9,77307.3,77326.2,1.92255900
1787509920,77326.2,77326.3,77299.8,77308.6,2.35165400
1787509980,77308.6,77321.7,77292.2,77320.5,3.46111900
1787510040,77307.9,77321.7,77293.8,77293.8,3.41342000
1787510100,77293.8,77344.1,77293.8,77344.1,1.72467000
1787510160,77346.3,77346.3,77330.8,77330.8,2.15579200
1787510220,77330.9,77343.8,77330.8,77338.5,2.28614000
1787510280,77339.8,77339.8,77339.7,77339.8,0.96356100
1787510340,77339.7,77339.7,77323.1,77328.2,2.41868800
1787510400,77328.2,77357.9,77328.2,77357.1,2.61822500
1787510460,77357.9,77358,77330.9,77343.8,2.06185800
1787510520,77343.8,77343.8,77330.9,77333.5,2.06011300
1787510580,77333.4,77333.4,77315.4,77318.8,0.67585000
1787510640,77318.9,77330.7,77318.9,77330.7,0.94660900
1787510700,77330.8,77337.5,77323.1,77336.9,2.78855300
1787510760,77336.8,77336.9,77307.5,77311.4,3.17703200
1787510820,77311.3,77311.4,77251.6,77253.8,3.39341900
1787510880,77265.3,77286.2,77265.3,77286.1,2.37574400
1787510940,77286.2,77297.6,77286.2,77297.5,2.91402300
1787511000,77297.6,77307.4,77272.4,77276.1,1.45209900
1787511060,77276.2,77284.3,77266,77284.3,0.89181900
1787511120,77292,77310.3,77283.9,77310.3,4.26198300
1787511180,77310.2,77310.3,77282.9,77283,2.51071000
1787511240,77284.2,77292,77284.2,77292,2.82627300
1787511300,77292,77314.8,77291.9,77314.7,2.12943600
1787511360,77314.7,77314.7,77288.2,77298,0.86525200
1787511420,77297.9,77299.8,77289.5,77290.5,1.13540800
1787511480,77291.3,77321.4,77291.3,77321.3,1.57768000
1787511540,77321.3,77336.8,77321.3,77336.8,2.02110500
1787511600,77336.8,77365.7,77336.8,77365.7,1.74319900
1787511660,77365.7,77404.4,77347.7,77366.5,2.21779500
1787511720,77366.4,77399.7,77325.8,77325.8,1.57702100
1787511780,77325.8,77340.3,77317.3,77317.3,1.16255700
1787511840,77325.7,77341.8,77325.6,77341.7,1.83367300
1787511900,77341.7,77341.8,77317.8,77326.8,1.83117400
1787511960,77333.7,77342,77327.5,77340.3,2.60573700
1787512020,77340.3,77352.5,77340.2,77348,2.30735100
1787512080,77348,77351.6,77343.3,77347.8,1.45142200
1787512140,77347.7,77347.7,77318.3,77318.3,1.79071700
1787512200,77318.3,77318.3,77298.1,77298.2,3.16778000
1787512260,77298.1,77298.1,77251.5,77251.5,1.03354100
1787512320,77261,77263.7,77248.6,77263.7,2.13399200
1787512380,77263.7,77298.6,77256.3,77298.5,1.88875200
1787512440,77298.6,77315.5,77298.6,77315.5,1.54950000
1787512500,77315.5,77341.5,77287.3,77341.5,2.58801500
1787512560,77341.5,77345.8,77331.9,77345.8,1.55853500
1787512620,77346.3,77357.1,77346.3,77357.1,3.10048200
1787512680,77359.3,77376.1,77359.3,77376.1,2.06814100
1787512740,77376.1,77376.1,77366,77366,3.56071400
1787512800,77365.2,77371.9,77365.2,77371.9,3.09005300
1787512860,77374.9,77390.5,77374.9,77390.5,2.71751200
1787512920,77393,77393,77364.8,77364.8,2.57892000
1787512980,77364.8,77388.1,77364.8,77388,1.74996800
1787513040,77388.1,77388.1,77362.1,77362.1,2.72227100
1787513100,77362.1,77363.1,77357.1,77361.3,2.44134100
1787513160,77361.4,77361.4,77349.3,77349.3,1.96596600
1787513220,77351.2,77353.2,77337.6,77337.7,1.51834600
1787513280,77337.7,77337.7,77333.8,77333.8,2.29350300
1787513340,77333.8,77349.3,77333.6,77349.2,1.52183300
1787513400,77349.2,77349.2,77325.7,77333.8,1.05572100
1787513460,77336.9,77340.8,77315.5,77315.6,1.10293800
1787513520,77315.6,77320,77307.2,77307.3,1.17805900
1787513580,77306.6,77332.9,77256.3,77325.4,2.19292000
1787513640,77325.5,77333,77315.1,77333,0.86668300
1787513700,77332.7,77333,77318.3,77333,1.64536600
1787513760,77327.3,77345,77327.3,77345,2.23392400
1787513820,77344.9,77350.9,77344.9,77348.6,1.25195700
1787513880,77348.7,77349.3,77328,77349.3,2.73392200
1787513940,77357,77362.1,77341.7,77362,2.00472000
1787514000,77362,77388.1,77362,77388.1,1.55372500
1787514060,77387.9,77388,77358.3,77380.4,1.62160500
1787514120,77380.3,77380.3,77350.9,77361.7,1.64441700
1787514180,77364.3,77424.1,77364.3,77416.1,1.67022100
1787514240,77423.3,77433,77411.5,77432.9,1.34649900
1787514300,77419.3,77477.1,77376.2,77384.6,6.47991800
1787514360,77389.2,77411.4,77389.2,77391.2,2.84315000
1787514420,77391.2,77404.4,77388.1,77404.4,1.37269700
1787514480,77409.2,77411.4,77404,77411.4,2.84150500
1787514540,77414.8,77414.9,77389.9,77390,1.87818400
1787514600,77389.9,77392.6,77384.8,77384.8,3.14738300
1787514660,77384.7,77391.7,77382.2,77391.6,4.77098100
1787514720,77391.5,77392.4,77385.3,77392.4,3.52121700
1787514780,77392.3,77392.3,77379.7,77379.7,3.15515200
1787514840,77379.7,77386,77379.5,77384.6,2.61063900
1787514900,77384.5,77384.5,77370.8,77370.8,1.51134600
1787514960,77370.7,77372.4,77349.3,77349.3,1.72990800
1787515020,77349.4,77349.4,77326,77326,2.98589500
1787515080,77326,77357.8,77326,77345.2,1.46438500
1787515140,77345,77349.6,77335.9,77336,1.59467800
1787515200,77336,77336,77312.2,77328.8,3.26762600
1787515260,77328.8,77328.8,77284.2,77297.4,1.68057000
1787515320,77297.3,77321.5,77236.2,77236.2,2.80886500
1787515380,77236.1,77266.3,77200.1,77251.7,2.97023300
1787515440,77251.6,77257.4,77197.5,77197.5,1.75866000
1787515500,77213,77243.9,77212.9,77243.9,2.98558300
1787515560,77243.9,77244.3,77192.5,77223.6,4.18696000
1787515620,77224.8,77242.8,77224.8,77242.8,4.33804400
1787515680,77242.8,77252.1,77242.8,77252,2.35028700
1787515740,77252,77260.9,77252,77260.8,1.90717200
1787515800,77260.8,77274.9,77260.8,77274.9,2.85383900
1787515860,77274.9,77282.6,77269.8,77282.6,2.22947800
1787515920,77284.2,77290.3,77275,77290.3,2.44096800
1787515980,77290.2,77290.2,77267.1,77267.2,1.21296300
1787516040,77267.1,77272.9,77264.4,77272.8,1.83116100
1787516100,77272.8,77274.9,77264.2,77272.6,0.52290200
1787516160,77272.6,77290.3,77272.5,77290.3,1.10642800
1787516220,77298.1,77302.3,77290.3,77294.2,0.92174800
1787516280,77298,77305.8,77278.5,77305.8,2.27308700
1787516340,77305.7,77305.8,77297.3,77305.8,2.22625100
1787516400,77305.8,77344.5,77305.8,77344.4,2.53458000
1787516460,77344.5,77350.9,77337.8,77350.9,0.72302400
1787516520,77350.9,77367.8,77350.8,77354.9,0.54253100
1787516580,77354.8,77360.1,77349.9,77360.1,0.18991000
1787516640,77360,77367.8,77356.5,77367.8,0.26911700
1787516700,77374.4,77388.7,77363.4,77388.7,1.31803600
1787516760,77388.6,77388.7,77384.4,77388.1,0.49932500
1787516820,77388.1,77399.9,77375.7,77388.7,1.24529500
1787516880,77391,77407.3,77391,77407.3,1.43565500
1787516940,77407.2,77407.3,77367.9,77367.9,2.05714200
1787517000,77367.9,77383.3,77367.9,77383.3,2.02297600
1787517060,77383.2,77406.2,77383.2,77406.2,1.02929200
1787517120,77406.4,77414.2,77406.3,77414.2,1.95087000
1787517180,77414.1,77414.1,77391.1,77391.2,1.20378500
1787517240,77391.1,77397.5,77384.7,77393.4,1.10031300
1787517300,77393.3,77406.5,77393.3,77402.8,1.86060100
1787517360,77402.8,77411.8,77393,77411.5,1.23823200
1787517420,77414.2,77414.2,77405.6,77405.7,1.99673700
1787517480,77405.7,77416.6,77404.7,77416.6,1.19327100
1787517540,77416.5,77416.6,77413,77415.2,1.02439600
1787517600,77415.1,77415.1,77407.3,77413.8,1.12553300
1787517660,77413.8,77413.8,77408.5,77413.7,0.44059000
1787517720,77413.6,77413.7,77413,77413.6,0.85401400
1787517780,77413.5,77429.9,77413.5,77429.9,1.21118800
1787517840,77429.9,77450,77412.5,77416.3,1.38842300
1787517900,77416.2,77416.3,77383.4,77405,1.47162100
1787517960,77405,77414.4,77385.7,77414.4,0.57976300
1787518020,77420,77428.3,77420,77428.2,1.19647800
1787518080,77428.2,77428.3,77425,77428.3,0.98655700
1787518140,77428.2,77428.3,77401.8,77411.4,0.76311300
1787518200,77412.5,77422.2,77412.5,77422.2,0.54680400
1787518260,77422.1,77433.4,77409.7,77433.4,0.71021400
1787518320,77433.4,77433.4,77418.6,77418.7,0.64648100
1787518380,77418.6,77420,77409.8,77409.9,1.42169800
1787518440,77409.9,77416.9,77385.7,77397.8,0.93838500
1787518500,77397.7,77406.6,77390.8,77406.6,1.48613800
1787518560,77406.5,77406.6,77406.2,77406.5,0.60408800
1787518620,77406.4,77406.5,77400.7,77400.7,0.33084400
1787518680,77400.6,77400.6,77395.2,77395.3,0.86215400
1787518740,77395.2,77395.2,77391.2,77395.2,0.78606500
1787518800,77395.2,77440.2,77395.2,77440.2,1.11699700
1787518860,77440.3,77541.1,77440.1,77541.1,2.32289100
1787518920,77541.1,77575.2,77541.1,77548.5,3.46589400
1787518980,77546.3,77628.9,77545.4,77603.6,3.16440000
1787519040,77603.7,77676.9,77603.7,77666.1,2.14386500
1787519100,77664.2,77664.2,77629.7,77635.4,5.46373500
1787519160,77635.4,77668.2,77627.5,77668.2,8.47524000
1787519220,77668.1,77668.2,77619.7,77619.8,5.63583400
1787519280,77619.8,77643,77604.3,77635.2,6.61176200
1787519340,77635.3,77694.3,77635.2,77655,6.93698500
1787519400,77655,77658.1,77635.3,77650.8,3.77428500
1787519460,77650.4,77668.2,77596.3,77596.4,3.94368600
1787519520,77596.9,77655.4,77596.9,77654.5,4.41756100
1787519580,77651.3,77707.2,77636.5,77679,5.25197200
1787519640,77678.9,77690.8,77651.8,77690.8,3.73543900
1787519700,77690.8,77744.2,77690.7,77744.2,7.41470200
1787519760,77744.2,77932.7,77744.2,77901.1,11.03496200
1787519820,77901.1,77917.3,77833.3,77892,6.24401700
1787519880,77892,77972.5,77892,77971.5,7.57299400
1787519940,77971.4,77971.4,77885.9,77969.3,6.96217100
1787520000,77969.4,77999,77956.8,77998.9,10.58844800
1787520060,77998.9,77998.9,77930.8,77974.4,14.43639700
1787520120,77974.3,78017.4,77922.5,77922.6,12.58855700
1787520180,77922.5,77972.5,77890.8,77950.9,14.12837300
1787520240,77948.8,77948.8,77901.7,77914.6,12.17444800
1787520300,77914.5,77914.5,77878.2,77894.9,10.89488400
1787520360,77895,77987.5,77895,77987.5,20.95416300
1787520420,77987.4,78002.4,77914.3,77920.7,21.84694500
1787520480,77920.6,78008.5,77913.9,77981.4,19.41606200
1787520540,77981.4,78050.8,77980.3,78019.8,21.14349000
1787520600,78019.8,78043.3,77972.5,77996.8,18.52638900
1787520660,77996.9,77997,77963.4,77996,12.37596000
1787520720,77996.1,78025.6,77996.1,78000,14.78787300
1787520780,77999.9,78027.6,77999.9,78008,10.87724100
1787520840,78008,78019.7,77941,77941,15.02424100
1787520900,77941,77941,77736.6,77770,13.97586500
1787520960,77757.5,77846.6,77757.5,77839.1,9.32668200
1787521020,77839,77846.6,77744.9,77749.2,9.57944500
1787521080,77749.1,77764.1,77725.1,77737,7.33210500
1787521140,77737,77737,77572.8,77645.2,10.87800600
1787521200,77645.3,77674.3,77596.4,77621.1,15.12523200
1787521260,77621,77650.6,77574.3,77643,13.50706600
1787521320,77641.1,77641.1,77588.3,77617.5,7.67694000
1787521380,77617.4,77617.4,77551.2,77592.9,14.65805100
1787521440,77604.2,77629.9,77599.1,77629.9,13.02143800
1787521500,77629.9,77723.4,77629.9,77714.3,8.92525500
1787521560,77714.3,77741.9,77707.5,77718.6,9.09287500
1787521620,77718.5,77721.3,77690.2,77690.2,10.69942700
1787521680,77690.2,77770.2,77690.2,77770.2,8.47463100
1787521740,77774.4,77822.9,77760.4,77783.9,10.60692900
1787521800,77791.7,77791.7,77758.3,77789.5,1.82539300
1787521860,77789.4,77815.1,77782.2,77810.1,8.30184500
1787521920,77810,77810.6,77758.1,77758.1,5.16102900
1787521980,77764.3,77865.7,77763.6,77836.1,7.66064400
1787522040,77836,77861.1,77783.9,77784,6.62037200
1787522100,77783.9,77798.4,77760.4,77765.4,11.11176000
1787522160,77765.3,77838,77763.4,77808.7,8.37833900
1787522220,77808.7,77837.9,77800.8,77809.1,5.13976000
1787522280,77807.7,77807.7,77739.8,77762.1,4.59124200
1787522340,77762.1,77838.8,77762.1,77838.8,5.93479900
1787522400,77838.8,77982.9,77807.7,77965.1,5.60876800
1787522460,77965,77965,77582.7,77753.4,11.04716900
1787522520,77753.9,77818.2,77656.5,77716.3,8.41880300
1787522580,77723.2,77751.3,77661.6,77693,7.78408900
1787522640,77693,77708.5,77617,77695.8,5.45713100
1787522700,77695.8,77763.2,77628.2,77687.5,12.11821400
1787522760,77687.5,77725.9,77661.9,77723.8,15.12243000
1787522820,77723.8,77751.4,77685,77708.5,13.54726700
1787522880,77708.5,77720.3,77687.1,77697.2,12.41474900
1787522940,77697.2,77736.6,77689,77728.7,14.29364500
1787523000,77728.6,77778.9,77702.6,77752.1,11.60866500
1787523060,77739.8,77802.4,77700.5,77707.7,9.16029000
1787523120,77707.7,77740.4,77685.3,77700.6,6.91702800
1787523180,77707.5,77722.6,77675.2,77685.1,8.41923900
1787523240,77685.1,77715.9,77644.1,77694.5,7.25187100
1787523300,77699.5,77704.2,77642.2,77685.1,3.24338900
1787523360,77685,77776.3,77677.3,77776.3,7.23817100
1787523420,77776.2,77776.2,77630.5,77649.8,7.69749400
1787523480,77653.8,77697.7,77640.8,77686,8.19525400
1787523540,77686,77751.3,77677.3,77747.7,8.20260200
1787523600,77747.6,77763.1,77708.9,77739.8,4.01835400
1787523660,77747.6,77747.6,77718.2,77728.2,0.42275000
1787523720,77728.1,77747.5,77708.6,77747.5,0.74769700
1787523780,77747.5,77810.1,77747.5,77791.3,0.72057300
1787523840,77791.3,77802.3,77755.4,77780,0.76608100
1787523900,77785.7,77785.8,77751.4,77766.7,2.73541300
1787523960,77766.6,77766.8,77735.5,77747.7,2.75852200
1787524020,77747.6,77802.3,77726,77777.2,5.49609900
1787524080,77778.4,77801.4,77716.4,77717.3,2.75735900
1787524140,77717.2,77717.2,77671.8,77671.8,3.94649600
1787524200,77669.4,77704.2,77657.3,77685,3.80834500
1787524260,77685.1,77723.8,77675.1,77675.2,4.79956800
1787524320,77675.2,77691.3,77653.8,77653.9,2.83820000
1787524380,77654,77664.7,77614.9,77649.6,4.19657600
1787524440,77641.9,77691.3,77618.4,77655.8,4.70445000
1787524500,77658.2,77685,77649.8,77652.1,4.79945700
1787524560,77649.8,77666.1,77630.4,77638.3,5.61307200
1787524620,77638.3,77643.1,77607.2,77607.3,5.39803300
1787524680,77607.3,77639,77599,77639,4.89055000
1787524740,77639,77707.5,77639,77692.2,5.63082600
1787524800,77694.1,77700.3,77649.5,77649.5,4.20038600
1787524860,77649.6,77677.2,77624.3,77624.3,5.77385500
1787524920,77624.4,77668.9,77624.4,77667.3,4.64071700
1787524980,77667.3,77685,77653.8,77659.5,5.05499800
1787525040,77661.2,77669.4,77649.7,77649.7,4.20783700
1787525100,77649.8,77649.8,77566.2,77572.9,1.84700200
1787525160,77584.9,77638.2,77575.9,77623.3,4.02268400
1787525220,77619.5,77646,77607.1,77630.4,4.21494300
1787525280,77630.4,77663,77608.8,77663,3.32987900
1787525340,77663,77663,77646,77662.9,2.70163600
1787525400,77663,77669.3,77646,77652.3,4.38079800
1787525460,77652.3,77669.4,77630.4,77669.3,4.72372100
1787525520,77669.4,77714.8,77639.5,77639.6,3.59676700
1787525580,77639.6,77669.3,77630.5,77649.3,4.70691300
1787525640,77650.6,77661.5,77630.5,77635.2,3.70954400
1787525700,77635.3,77653.8,77635,77639.2,3.79224500
1787525760,77639.3,77640,77607.2,77613.2,1.97296600
1787525820,77613.2,77614.7,77586.4,77586.4,5.41151500
1787525880,77586.5,77591.4,77575.8,77591.4,4.03378400
1787525940,77591.3,77607,77587.9,77599.2,4.21095200
1787526000,77599.3,77618,77582,77618,4.25281600
1787526060,77596.5,77596.6,77532.2,77532.2,3.62334200
1787526120,77532.1,77537.5,77485.4,77493.2,3.90979300
1787526180,77493.1,77500.8,77428.2,77443.7,3.94788600
1787526240,77430.3,77476.9,77428.5,77432.2,4.44676000
1787526300,77429.3,77478.9,77429.3,77449.4,5.70297300
1787526360,77449.4,77449.4,77289.3,77392,5.77442600
1787526420,77392.2,77424,77392.2,77410.3,4.66712000
1787526480,77410.4,77454.3,77410.4,77443.6,4.45967200
1787526540,77446.5,77498.1,77446.5,77477.4,4.73985700
1787526600,77480.6,77520.9,77428.5,77428.5,5.90973300
1787526660,77428.6,77435.1,77382.4,77382.4,6.75250300
1787526720,77386.1,77416.5,77378,77416.4,5.77250800
1787526780,77416.5,77442.2,77404.1,77442.2,7.30047300
1787526840,77442.2,77469.8,77431,77469.8,7.15604500
1787526900,77469.7,77493.4,77462.1,77488.5,1.64444800
1787526960,77493.9,77549.5,77493.8,77539.8,4.47992300
1787527020,77539.8,77551,77469.8,77506.3,5.21058300
1787527080,77506.2,77604.9,77506.2,77604.8,5.73845500
1787527140,77604.9,77644.3,77554.9,77555,6.64536600
1787527200,77554.9,77555,77529.5,77555,6.03166800
1787527260,77554.9,77557.7,77511.1,77515.7,7.98643900
1787527320,77515.7,77524.2,77508.7,77508.8,6.77579000
1787527380,77510.6,77513.5,77463.9,77496.5,6.56127000
1787527440,77496.6,77502.2,77485.4,77485.9,4.60176200
1787527500,77491.7,77508.1,77438.9,77484.8,6.54919900
1787527560,77484.8,77547.6,77484.8,77547.5,4.47963200
1787527620,77547.5,77591.6,77547.5,77568.7,5.16677200
1787527680,77568.8,77593.4,77568.5,77589.6,4.46159600
1787527740,77591.6,77665.1,77586.5,77656.4,3.47487800
1787527800,77656.5,77797.2,77656.5,77769.9,7.86866100
1787527860,77769.8,77824.4,77742.6,77801.4,5.33152300
1787527920,77797.8,77813,77742.6,77742.6,23.52104200
1787527980,77749.7,77749.8,77711.3,77719.7,12.92194400
1787528040,77719.6,77719.6,77661.1,77672.2,3.33112400
1787528100,77672.2,77700,77641.1,77641.2,11.69553900
1787528160,77641.1,77647.8,77605.7,77613.2,9.15618000
1787528220,77613.2,77640.1,77590.5,77590.5,11.45412200
1787528280,77590.5,77602.1,77550.1,77550.1,8.98902400
1787528340,77561.9,77561.9,77498,77539.7,11.13356600
1787528400,77539.7,77563.1,77499.4,77563.1,8.65985600
1787528460,77563,77563.1,77522.7,77522.8,6.51720800
1787528520,77522.8,77532,77480.7,77480.7,8.64923700
1787528580,77480,77480,77444,77444,6.60663600
1787528640,77443.7,77478.9,77392.1,77478.9,8.24611600
1787528700,77478.9,77504.3,77477.6,77493.1,5.99143100
1787528760,77500.7,77554.3,77500.7,77540.7,6.27120200
1787528820,77540.7,77570.9,77524.3,77551.1,8.76410100
1787528880,77555,77574.1,77554.6,77563.2,4.14788100
1787528940,77563.2,77563.2,77539.9,77548.9,3.96563800
1787529000,77549,77591.1,77549,77591.1,3.69590800
1787529060,77592.9,77648.6,77582.8,77582.8,7.42206100
1787529120,77582.8,77582.8,77543.3,77550.8,3.17324300
1787529180,77547.9,77547.9,77537.6,77537.7,5.58491600
1787529240,77537.6,77631.1,77537.6,77625.4,5.40978800
1787529300,77622.6,77725.1,77622.5,77690.2,7.36661000
1787529360,77690.3,77707.3,77680.1,77687.9,5.40703000
1787529420,77685.9,77791.9,77656.6,77786.7,7.83402300
1787529480,77786.8,77792,77734.8,77734.8,7.40532600
1787529540,77732.9,77732.9,77704.9,77726.9,5.44781200
1787529600,77727,77739.6,77706.9,77719.4,12.67020100
1787529660,77719.5,77723.8,77646,77675.6,11.81902200
1787529720,77675.7,77691.1,77663.3,77682.9,7.54251600
1787529780,77682.9,77686.9,77641,77649.9,11.09969500
1787529840,77649.9,77649.9,77608.5,77610.1,9.45354400
1787529900,77610.1,77646.1,77589.5,77594.6,6.91525600
1787529960,77593.5,77603.7,77511.8,77511.8,8.95594400
1787530020,77511.8,77558.3,77511.8,77528.1,7.79898500
1787530080,77527.3,77592.1,77527.2,77573.9,8.05898900
1787530140,77573.9,77697.7,77566.4,77682.9,8.57572400
1787530200,77687.5,77708.7,77636.1,77708.7,6.73988600
1787530260,77708.7,77714,77629.3,77648.9,9.04048700
1787530320,77648.9,77688.7,77648.8,77688.5,7.94355400
1787530380,77688.5,77688.6,77628.3,77628.3,6.24549900
1787530440,77628.3,77643.9,77597.2,77626.2,8.00268800
1787530500,77620.6,77640.9,77589.4,77589.4,5.55931500
1787530560,77589.5,77598.3,77554.3,77565.9,4.63913500
1787530620,77566,77566,77521.9,77521.9,3.78852300
1787530680,77519.4,77610.1,77499.9,77584,8.13568000
1787530740,77581.7,77597.1,77519.5,77527.3,5.75627500
1787530800,77527.2,77527.2,77496.1,77519.3,2.82530200
1787530860,77521.8,77521.8,77469.9,77483.2,0.86185300
1787530920,77476.2,77487.4,77463.7,77477.4,0.85672200
1787530980,77480.5,77500.7,77454.7,77500.7,0.75077800
1787531040,77500.6,77503.8,77473.1,77488.3,0.56109100
1787531100,77485.3,77490.3,77363.4,77403.5,4.25206000
1787531160,77410.7,77410.7,77349.4,77379.3,2.74672100
1787531220,77371.6,77371.6,77264.7,77343.8,4.26601200
1787531280,77343.9,77409.2,77343.9,77395.2,4.67107900
1787531340,77395.2,77439,77379.8,77433.9,4.39309800
1787531400,77434,77465,77350,77375.3,10.13845500
1787531460,77375.3,77403,77364.3,77372.8,10.85659800
1787531520,77372.8,77433.8,77372.8,77433,9.36772200
1787531580,77433.1,77480.4,77433.1,77461.8,11.37590400
1787531640,77461.7,77480.5,77447.4,77477.6,10.79920900
1787531700,77477.5,77575.1,77418.5,77575.1,9.79461300
1787531760,77565.8,77584,77475.9,77475.9,6.73962000
1787531820,77475.8,77504.9,77465.3,77483.8,5.87686000
1787531880,77483.8,77483.8,77419.3,77420.3,12.92830900
1787531940,77420.1,77449.4,77384.8,77385,7.59421900
1787532000,77398.7,77418.1,77387.5,77410.7,8.68162300
1787532060,77410.7,77434,77403,77403.3,10.06411300
1787532120,77403.1,77418.4,77384.8,77384.9,8.66402400
1787532180,77384.8,77384.8,77281.8,77281.8,14.62065300
1787532240,77281.8,77302.4,77212.1,77232.1,11.21248600
1787532300,77228.3,77286.9,77212.1,77282.9,10.50333700
1787532360,77283,77283,77150.4,77218.3,8.43599100
1787532420,77218.4,77254.9,77194.5,77240.6,7.40404000
1787532480,77227.4,77424.9,77226.3,77389.1,11.31134200
1787532540,77389.1,77389.1,77293.6,77351,6.01622300
1787532600,77356.4,77429.1,77338.9,77383.4,10.30230900
1787532660,77383.5,77479.9,77383.5,77403.8,11.06748200
1787532720,77403.9,77495.7,77403.9,77484.7,13.50816000
1787532780,77484.9,77521.9,77480.6,77521.9,11.10151900
1787532840,77521.8,77521.8,77485.9,77520.9,11.49049100
1787532900,77511.8,77521.8,77480.5,77521.8,8.20556200
1787532960,77521.8,77571.4,77511.9,77565.3,8.95677700
1787533020,77566.7,77576.3,77529.9,77571.4,9.94294800
1787533080,77573.7,77611.2,77558.3,77611.2,9.79659500
1787533140,77611.2,77685.1,77604.7,77680.6,7.07043500
1787533200,77680.6,77695.5,77585.2,77588.5,7.62194300
1787533260,77588.6,77615.9,77577,77596.9,8.64754400
1787533320,77597,77615.5,77545.7,77602.3,10.78657300
1787533380,77598.4,77666.4,77592.3,77666.4,10.91874400
1787533440,77666.4,77714.8,77641.5,77641.6,12.34985400
1787533500,77647.5,77685.7,77566.8,77592.3,10.06752200
1787533560,77592.3,77638.8,77592,77615.6,10.22911500
1787533620,77607.8,77607.8,77561.2,77583.3,9.32059400
1787533680,77577.7,77587.1,77514.5,77523.8,11.19991600
1787533740,77523.8,77523.8,77439.4,77444.9,12.85206900
1787533800,77445,77512.4,77439.7,77511.1,14.00125900
1787533860,77512.5,77537.8,77467.5,77537.8,11.08045100
1787533920,77537.8,77544.7,77484,77506.8,7.31294800
1787533980,77506.9,77527.6,77480.3,77497.1,9.86658500
1787534040,77497.2,77501,77429.2,77429.2,8.14873600
1787534100,77437.3,77444.7,77364.8,77383.7,8.28813700
1787534160,77388.4,77416.9,77362.9,77416.9,7.85997500
1787534220,77421.5,77442,77383.9,77390.5,9.07519800
1787534280,77390.5,77441.8,77369.4,77413.9,8.37896300
1787534340,77413.8,77467.4,77398.2,77398.3,7.58296600
1787534400,77398.2,77398.3,77341.4,77341.4,7.25643300
1787534460,77341.4,77375,77301.4,77374.9,7.21550900
1787534520,77382.7,77399,77351.8,77382.7,8.27718300
1787534580,77382.6,77382.7,77301.5,77318.5,8.82407700
1787534640,77308.7,77326.5,77221.9,77234.9,9.65168400
1787534700,77223.4,77319.7,77223.4,77289,4.60598300
1787534760,77289,77316,77276.1,77283.7,8.03525800
1787534820,77289.9,77289.9,77245.3,77263.4,8.66114100
1787534880,77263.3,77274.5,77243.6,77250.8,8.81142000
1787534940,77243.7,77274.5,77241.9,77241.9,7.63538800
1787535000,77242,77242,77203.3,77203.3,10.30579500
1787535060,77211.5,77282.1,77208.5,77282.1,5.51339000
1787535120,77282,77359.5,77270.6,77338.5,6.62762000
1787535180,77340.3,77360.5,77310.1,77352.1,6.51890900
1787535240,77352.1,77369.8,77351.9,77361.2,6.08770500
1787535300,77361.3,77367.2,77287.6,77287.6,4.40774400
1787535360,77287.7,77299.9,77191.6,77265,5.39672000
1787535420,77252.4,77265.6,77191.7,77207.1,5.64469800
1787535480,77202.9,77215.4,77170.4,77189.5,5.68101900
1787535540,77189.7,77249.9,77189.7,77249.9,7.39966600
1787535600,77249.9,77281.4,77249.9,77268.4,10.74681900
1787535660,77268.4,77281.4,77243.7,77278.7,8.11295200
1787535720,77279.8,77299.1,77266.8,77275.9,12.34944200
1787535780,77274.5,77274.5,77213.1,77231.2,12.97175100
1787535840,77229.4,77229.4,77191.7,77213.8,10.62381400
1787535900,77213.8,77222.1,77152.9,77219.6,11.53547300
1787535960,77219.5,77259.1,77219.5,77229.3,9.39018200
1787536020,77229.4,77251.4,77191.6,77191.7,6.03481300
1787536080,77191.7,77220.6,77182,77202.8,6.86559300
1787536140,77209.2,77242.3,77176.3,77210.8,7.75237300
1787536200,77212.8,77246.6,77190.3,77229.3,5.57355000
1787536260,77236,77243.7,77094.1,77108.9,12.15165000
1787536320,77108.9,77180.6,77108.9,77171,6.65294500
1787536380,77171,77215.4,77120.5,77212.4,8.28619900
1787536440,77212.5,77212.5,77176.2,77202,7.77127700
1787536500,77202,77209,77110,77110,8.39132700
1787536560,77110.1,77110.1,76980.7,77051.4,13.00909000
1787536620,77051.4,77051.4,76964,76993.6,13.75448800
1787536680,76990.9,77005.4,76905.6,76995.6,13.13228000
1787536740,76995.5,76997.7,76907.8,76909,10.83119700
1787536800,76908.9,76970.6,76887,76901.4,15.93379900
1787536860,76901.4,76977.8,76901.4,76922.1,13.97658100
1787536920,76922.1,76939.6,76878,76939.6,16.97413800
1787536980,76947,76960,76868.1,76901.4,16.43794300
1787537040,76901.4,77081.2,76901.4,77069.4,13.02711500
1787537100,77060.9,77178,77051.3,77137.8,17.53569900
1787537160,77137.8,77154.3,77046.8,77054.4,13.20132800
1787537220,77046.9,77092.9,77046.9,77084,15.33545600
1787537280,77085.1,77110.4,77071.8,77110.2,10.26792200
1787537340,77110.3,77138.1,77100.7,77123.6,13.71994600
1787537400,77101.8,77121.9,77077.5,77121.9,10.69047800
1787537460,77121.8,77183.7,77108.2,77174.5,18.38707100
1787537520,77171.8,77254.4,77171,77254.4,11.86287500
1787537580,77256.3,77328.7,77246.3,77322.9,10.25021700
1787537640,77323,77411.5,77304.3,77362.4,8.23083900
1787537700,77362.5,77424.8,77362.5,77416.6,6.20988700
1787537760,77416.7,77469,77416.6,77466.1,9.57334400
1787537820,77466.1,77466.1,77393.7,77399.1,8.10332400
1787537880,77399.1,77439.9,77385.7,77426.1,8.12770800
1787537940,77426,77492.9,77424.4,77492.9,8.60573300
1787538000,77492.8,77492.9,77418.3,77418.3,5.00753800
1787538060,77422.2,77457.6,77421.7,77453.5,0.15601300
1787538120,77453.5,77457.6,77415.7,77424.4,0.14916200
1787538180,77416.7,77430.4,77387.4,77430.4,0.32917300
1787538240,77432.1,77448.7,77414.3,77448.7,0.40969800
1787538300,77448.8,77492.9,77448.8,77471,2.50662900
1787538360,77471.1,77500,77471.1,77483.5,3.53212600
1787538420,77480.6,77480.6,77422.3,77455.4,3.79522700
1787538480,77455.4,77470.5,77385.7,77423.1,3.85391300
1787538540,77423.3,77447.5,77414.8,77447.4,3.24363300
1787538600,77447.4,77456.7,77424.4,77447.6,4.26321500
1787538660,77455.3,77467,77432.4,77432.4,4.38848400
1787538720,77432.4,77493,77423.7,77486.4,4.92844100
1787538780,77483.8,77500,77456.3,77478.6,5.94841300
1787538840,77474.2,77500,77464.8,77498.6,6.04173800
1787538900,77498.6,77512.7,77486.5,77488.1,38.71968700
1787538960,77488.1,77545.3,77488.1,77522.3,4.52886100
1787539020,77521.3,77525.1,77469.1,77476.7,4.74287700
1787539080,77467.5,77469.4,77407.7,77411.7,3.41641900
1787539140,77420.6,77432.2,77394.4,77432.2,4.71325100
1787539200,77438.4,77486.4,77398.5,77486.4,4.98855700
1787539260,77486.4,77493.1,77461.1,77469.7,8.51572000
1787539320,77469.6,77469.7,77452.8,77452.9,5.05784800
1787539380,77452.8,77463,77423.6,77423.6,7.94886700
1787539440,77423.6,77447.6,77423.6,77441.1,8.11753500
1787539500,77439.8,77439.8,77410,77414.5,4.88750800
1787539560,77414.6,77414.6,77354.6,77361.1,6.27272700
1787539620,77358.4,77375.7,77305.9,77320.4,5.16992200
1787539680,77320.3,77320.3,77236.2,77313.9,7.11159900
1787539740,77316.1,77362.4,77277.7,77362.4,6.68267400
1787539800,77362.5,77377.9,77329,77339.2,8.83391000
1787539860,77339.3,77370.1,77326,77334.4,8.15678500
1787539920,77333,77347.1,77277.6,77324.9,8.64081300
1787539980,77325,77384.5,77322.7,77381.9,9.36840900
1787540040,77381.9,77405.4,77352.4,77382.3,7.15524900
1787540100,77382.2,77521.4,77382.2,77521.4,5.19293000
1787540160,77523.3,77523.3,77486.4,77486.4,5.82788100
1787540220,77486.4,77486.4,77384.5,77423.5,6.84727600
1787540280,77423.6,77452.3,77408.9,77409,5.26880500
1787540340,77416.7,77474.2,77416.7,77474.2,5.47478800
1787540400,77481.5,77521.8,77455.8,77519.2,8.06810000
1787540460,77517.1,77521.8,77388.7,77388.8,6.49212300
1787540520,77388.8,77396.5,77354.9,77365.5,10.31529900
1787540580,77365.4,77372.9,77342.3,77366.2,7.84011100
1787540640,77362.1,77362.1,77333.4,77349.8,3.68669600
1787540700,77349.9,77349.9,77321,77321.1,8.25015500
1787540760,77321,77321,77292.3,77308,8.30118000
1787540820,77308.1,77319.1,77279.6,77303.6,8.78635300
1787540880,77303.6,77303.6,77238.6,77238.7,7.80101400
1787540940,77238.7,77304.4,77238.7,77304.1,8.15299500
1787541000,77304.1,77326.9,77304,77306.9,7.10257500
1787541060,77306.9,77306.9,77228.8,77229,6.91624100
1787541120,77239.8,77265.2,77230.9,77262.8,7.88905200
1787541180,77262.8,77272.1,77225,77225.1,7.42626200
1787541240,77225.1,77234.4,77207.5,77207.5,6.86711600
1787541300,77207.4,77211.3,77200.1,77200.1,7.00145500
1787541360,77200.1,77218.9,77139.7,77142.7,6.06212000
1787541420,77139.7,77203.9,77139.7,77195.9,8.47985300
1787541480,77196,77211.3,77188.6,77192.1,7.34998800
1787541540,77192,77195.8,77172.8,77186.2,5.96068800
1787541600,77184.7,77188.2,77167.2,77181.1,8.08055900
1787541660,77181.1,77181.1,77145.1,77158,7.04653500
1787541720,77157.9,77170.4,77155.9,77157.3,8.32031800
1787541780,77157.3,77224.6,77157.2,77211.8,12.12227700
1787541840,77211.7,77271,77209.7,77213.7,9.89845300
1787541900,77213.7,77265.1,77183.9,77186.4,9.59227200
1787541960,77186.4,77186.4,77164.2,77170,5.85316800
1787542020,77170,77170,77142.9,77143.5,8.96651000
1787542080,77143.6,77155.6,77126.8,77153.5,7.55145300
1787542140,77153.6,77153.6,77124.5,77124.5,7.11504000
1787542200,77121.8,77148.9,77020.9,77070.9,8.99314800
1787542260,77070.8,77101.9,77035.9,77067.3,8.71275700
1787542320,77067.4,77141.3,77033.7,77141.3,9.37721000
1787542380,77141.2,77153.6,77088.4,77092.3,7.66978800
1787542440,77092.3,77121.4,77092.3,77111.2,7.65669600
1787542500,77111.3,77111.3,77068.6,77068.6,6.52232900
1787542560,77068.7,77068.7,77000,77008.8,8.38641700
1787542620,77008.8,77073,77003.6,77072.9,10.44891300
1787542680,77072.9,77119,77071.3,77072.6,10.43711400
1787542740,77080.5,77082.6,77050,77050,7.27322900
1787542800,77042.4,77042.4,76970,76976.7,14.37333700
1787542860,76976.7,77011,76976.7,76990.4,7.69647200
1787542920,76990.3,77021.5,76990.3,77019.9,11.60332400
1787542980,77011.7,77018.7,77000,77004,7.51726800
1787543040,77004,77016,76983.1,76988.4,8.85573200
1787543100,76988.4,77042.3,76983.1,77019.3,2.88044400
1787543160,77012.6,77030.3,77010.5,77010.6,3.78600400
1787543220,77010.5,77027,76985,77018.6,7.13321800
1787543280,77018.6,77057.6,77018.5,77042.4,4.19418400
1787543340,77042.3,77042.3,77019.3,77024.9,6.17030200
1787543400,77025,77157.4,77025,77119.3,11.19302100
1787543460,77119.2,77128.3,77034.6,77042.6,6.73370700
1787543520,77047,77056,77004,77011.7,5.51046700
1787543580,77004,77016.9,76973.4,76973.4,6.74044700
1787543640,76973.5,77010,76941.6,76978.8,7.18989100
1787543700,76978.7,76988.7,76978.7,76986.7,1.51620200
1787543760,76986.7,76991.9,76958.3,76958.5,4.78189600
1787543820,76958.5,76965.2,76940.3,76940.3,6.39840900
1787543880,76940.3,76958.1,76928.8,76930.7,6.14617900
1787543940,76930.8,76946,76930.8,76936.6,4.96818500
1787544000,76936.6,77010.3,76936.5,77000.3,11.61460100
1787544060,77000.4,77022.4,76999.5,77014.6,5.50480600
1787544120,77005.8,77048,77005.8,77048,4.75281000
1787544180,77053,77066.1,77021.7,77045.4,4.36743600
1787544240,77047.8,77058.4,77027.3,77053.4,3.56889900
1787544300,77053.4,77095.7,77053.4,77060.8,0.93456700
1787544360,77069.7,77087.7,77014.8,77014.8,7.13333700
1787544420,77010.5,77030.1,77009.8,77015.7,7.04771500
1787544480,77015.6,77030,77014.8,77030,7.65873500
1787544540,77030.1,77045.3,77007.2,77007.2,6.41207600
1787544600,77007.3,77030.1,77007.3,77030.1,10.65730900
1787544660,77030,77030,77007.3,77007.3,4.88712900
1787544720,77007.3,77041.2,77002.5,77041.1,6.07379200
1787544780,77031.6,77045.4,77022,77022.5,7.15782100
1787544840,77015,77029.8,77014.9,77020,7.76084200
1787544900,77020,77114.4,77020,77114.4,2.85279100
1787544960,77114.4,77168.2,77114.4,77160.4,4.24564800
1787545020,77159.4,77170.4,77145.1,77170.4,4.91437900
1787545080,77170.5,77222.1,77170.4,77195.1,7.92440200
1787545140,77195,77205.3,77161.8,77165.6,6.09920600
1787545200,77165.6,77206.9,77165.5,77206.9,3.95691200
1787545260,77206.8,77249.7,77206.8,77241,0.66521900
1787545320,77244.2,77249.7,77214.4,77214.4,0.19348600
1787545380,77214.3,77218.3,77195,77207.8,0.20106900
1787545440,77206.3,77206.3,77167.6,77167.6,0.28767500
1787545500,77167.5,77206.6,77167.5,77206.6,0.27403500
1787545560,77199.9,77208.6,77183.5,77183.5,1.56219200
1787545620,77185.8,77201.5,77185.8,77191.2,1.50095100
1787545680,77191.2,77233.6,77191.2,77233.6,1.83654500
1787545740,77233.6,77233.6,77214.3,77222,2.45222300
1787545800,77222,77235.2,77221.9,77225.3,4.67691400
1787545860,77225.2,77225.3,77200,77200.1,4.12734800
1787545920,77201.4,77204.7,77167.7,77191.2,4.17310100
1787545980,77198.9,77212.8,77191.3,77191.4,1.84791400
1787546040,77191.4,77210.1,77191.3,77199,2.11078400
1787546100,77199,77208.9,77166,77171.1,0.85097900
1787546160,77171.1,77198.9,77171.1,77188.9,3.85742800
1787546220,77188.9,77194.5,77155.9,77168.2,3.66357500
1787546280,77175.8,77175.8,77152.8,77163.1,4.19393900
1787546340,77163,77173.4,77137.5,77152.8,4.38293600
1787546400,77152.8,77180.4,77042.7,77066.2,8.35768600
1787546460,77055,77125.2,77055,77125.1,5.31504000
1787546520,77125.1,77125.2,77099.1,77114.3,3.41718100
1787546580,77114.3,77119.1,77073.1,77076.9,5.67132900
1787546640,77076.8,77114.4,77076.8,77114.4,5.58449500
1787546700,77114.3,77137.3,77020.9,77059,5.20316800
1787546760,77058.9,77058.9,76960.5,76999.5,9.03078100
1787546820,76999.6,77045.4,76991.9,77037.8,4.78382200
1787546880,77037.8,77037.8,76972.1,76972.3,7.26042800
1787546940,76976.2,76982,76950,76950,6.60681600
1787547000,76950,76956.1,76886.9,76886.9,11.54573000
1787547060,76886.9,76886.9,76829.8,76829.8,8.53157200
1787547120,76829.7,76860.8,76683.7,76694.7,13.93031100
1787547180,76693.3,76843.9,76666.7,76843.8,9.72912800
1787547240,76843.8,76845.8,76761.6,76835.9,9.61325700
1787547300,76836,76873.8,76800.1,76806.8,19.61771400
1787547360,76806.7,76839.2,76763.1,76767.7,18.56138500
1787547420,76767.7,76816.3,76767.7,76815.6,19.31569700
1787547480,76815.7,76868.9,76815.6,76862,21.16367300
1787547540,76862,76903.6,76862,76896.8,18.22728100
1787547600,76896.9,76904.5,76857.1,76876.4,11.93158200
1787547660,76876.3,76885.5,76846.6,76885.4,10.59093600
1787547720,76885.5,76950,76885.4,76943.2,10.72301800
1787547780,76948.9,76964.5,76912.1,76964.4,10.84765700
1787547840,76963.2,76963.2,76941.5,76956,14.44313600
1787547900,76956,76971.4,76941.5,76941.5,11.08535700
1787547960,76941.5,76951.8,76918.9,76944.2,7.60165800
1787548020,76945.7,76945.7,76888.1,76942.3,8.27050400
1787548080,76949.1,77000,76949.1,77000,6.43993200
1787548140,77000,77060.6,76980.6,77027.1,7.73934400
1787548200,77027.2,77056.2,77003.2,77013.4,9.83082000
1787548260,77013.4,77066.8,77013.4,77066.8,9.87355100
1787548320,77066.7,77110.6,77066.7,77079.2,10.82973200
1787548380,77086.4,77125.1,77083,77092.3,8.00983900
1787548440,77092.8,77212,77092.8,77212,9.63874000
1787548500,77211.9,77229.9,77117.2,77138.2,14.41747300
1787548560,77138.1,77154.5,77125.2,77132.9,12.85351500
1787548620,77132.9,77132.9,77079.2,77079.2,8.65636200
1787548680,77079.2,77128.1,77051.4,77097.2,9.92774700
1787548740,77097.3,77120.2,77056.2,77056.2,11.16960200
1787548800,77056.2,77067.1,77003.2,77017.9,10.30108000
1787548860,77025.6,77033.1,77000.1,77001.3,7.80971700
1787548920,77001.2,77050.2,76950.1,77050.2,11.13142100
1787548980,77056.2,77119.7,77041,77111.6,9.45257700
1787549040,77110.5,77125.2,77071.5,77072.3,9.64768000
1787549100,77072.3,77092.1,77035,77092,9.48529800
1787549160,77092,77121.3,77079.2,77112.2,5.46714900
1787549220,77112.2,77130.4,77101.5,77114.7,7.33335600
1787549280,77114.7,77114.7,77086.9,77097.6,9.08394200
1787549340,77097.5,77097.5,77050.7,77058.9,7.97626400
1787549400,77056.6,77056.6,76979.8,76990.7,6.21404400
1787549460,76990.7,76995,76908,76932.8,8.03790800
1787549520,76929,76961.2,76929,76934.1,5.53840800
1787549580,76934.1,76972,76926.3,76972,5.60584600
1787549640,76972,76989.9,76956.7,76964.4,5.19510400
1787549700,76964.4,76964.4,76881.1,76895.7,6.07978500
1787549760,76895.8,76895.8,76848.1,76884.5,5.08257500
1787549820,76884.5,76991.8,76864.5,76982,6.57474900
1787549880,76981.9,77080.4,76972.1,77065.3,7.15882600
1787549940,77065.4,77086.9,77035,77035,7.31213400
1787550000,77035,77117.2,77017.9,77117.1,7.59665300
1787550060,77109.4,77162.5,77103.6,77162.5,9.40919100
1787550120,77162.5,77178.5,77117.2,77132.8,7.63553500
1787550180,77132.9,77178.5,77117.8,77144.2,8.91424500
1787550240,77144.2,77154.9,77087.9,77087.9,8.89816800
1787550300,77087.8,77125.8,77087.8,77109.8,8.62817600
1787550360,77109.8,77117.3,77086.9,77091.6,7.22735000
1787550420,77091.6,77107.5,77083.3,77105,7.79586900
1787550480,77105,77121.2,77101.6,77102.2,6.28432300
1787550540,77102.2,77109.9,77056.3,77056.3,6.19077000
1787550600,77056.3,77063.2,77042.1,77042.1,5.61102900
1787550660,77040.9,77040.9,76992.2,77006.5,5.37527700
1787550720,77002.6,77047.5,76999.4,77047.4,7.35485100
1787550780,77047.4,77063.2,77025.7,77041.3,5.99459900
1787550840,77041.3,77130.5,77041.3,77125.2,5.33411700
1787550900,77125.1,77131.6,77092.1,77092.1,7.63602500
1787550960,77092.2,77109.9,77092.1,77109.8,8.93803300
1787551020,77113.3,77153.7,77105.7,77153.7,4.57224400
1787551080,77153.7,77177.1,77153.7,77177.1,7.97285800
1787551140,77177,77182,77144,77151.2,6.91536400
1787551200,77151.2,77183.1,77141.6,77164.6,6.49399900
1787551260,77164.6,77164.6,77105.8,77105.8,9.22312400
1787551320,77105.8,77135.8,77105.8,77113.1,6.72826200
1787551380,77115.5,77115.5,77086.8,77086.9,5.27514900
1787551440,77082.3,77105.3,77073.9,77101.5,5.01489700
1787551500,77101.4,77120.6,77077.6,77105.4,5.18758700
1787551560,77105.3,77105.4,77067.5,77073.8,4.71422200
1787551620,77073.8,77129.6,77073.8,77120.6,4.99712900
1787551680,77120.5,77149,77120.5,77148.9,5.52096000
1787551740,77149,77212,77149,77184.8,3.02446200
1787551800,77184.7,77189.7,77151.4,77163.5,4.15873500
1787551860,77163.9,77301.8,77159.4,77301.7,4.96557300
1787551920,77301.8,77398.4,77301.8,77357.3,6.19062400
1787551980,77357.4,77415.6,77323.1,77397.5,6.41049900
1787552040,77397.6,77424.5,77385.8,77397.6,5.90750500
1787552100,77397.5,77460.6,77387.3,77400.4,2.79769300
1787552160,77400.4,77400.6,77359,77367.2,9.77115700
1787552220,77368.8,77387.7,77355.7,77374.9,10.30354200
1787552280,77374.8,77389.9,77344.9,77354.8,8.59014200
1787552340,77354.8,77382.1,77354.8,77372.1,10.32556300
1787552400,77372.2,77372.2,77343.6,77345.8,11.61791300
1787552460,77345.9,77345.9,77304.5,77320.4,1.24633500
1787552520,77325.4,77325.4,77293.1,77324.7,0.08947700
1787552580,77324.7,77355.1,77303,77351.3,0.59145300
1787552640,77355.1,77394.2,77345.2,77394.2,1.08369000
1787552700,77394.5,77397.6,77366.7,77369.2,7.16203000
1787552760,77369.3,77400.3,77369.2,77389.9,10.61404700
1787552820,77394.3,77405.3,77366.8,77366.9,10.84063400
1787552880,77366.9,77375.3,77357.8,77357.8,9.14729600
1787552940,77357.8,77374.4,77355.3,77355.3,9.46607100
1787553000,77355.2,77387.3,77335.9,77355.6,6.04898200
1787553060,77356.3,77366.7,77305,77308.9,6.01231600
1787553120,77304.9,77304.9,77273.8,77277.7,4.38900900
1787553180,77277.8,77277.8,77265.6,77270.1,3.96100700
1787553240,77274.2,77299.5,77266.5,77266.6,5.00442000
1787553300,77266.6,77299.6,77260.8,77265,5.49077400
1787553360,77259.6,77281.9,77259.6,77281.4,5.62360000
1787553420,77277.8,77295.2,77274.5,77293.2,4.65807400
1787553480,77293.2,77293.2,77254.3,77274.1,4.16114200
1787553540,77274.2,77275.6,77250,77250,4.96605000
1787553600,77250,77251.1,77224.2,77232,2.21623500
1787553660,77232,77323.6,77228.1,77266.5,2.31709600
1787553720,77269,77292.2,77259,77267.4,3.85959000
1787553780,77274.2,77319.8,77267,77292.1,2.73851800
1787553840,77289.6,77347.6,77281.9,77347.6,2.29119100
1787553900,77347.8,77375.2,77335.9,77375.2,5.44193200
1787553960,77375.2,77382,77349.6,77381.3,4.64471000
1787554020,77381.3,77471.7,77381.3,77471.7,5.25671500
1787554080,77473.1,77492.1,77449,77485.7,7.38288200
1787554140,77485.6,77523.6,77485.6,77500,7.95005800
1787554200,77500.1,77512.8,77459.5,77481.2,7.54218000
1787554260,77478.6,77498.1,77406.2,77412.9,8.35945100
1787554320,77414.6,77459.4,77414.5,77445.3,9.50430400
1787554380,77445.2,77474.8,77436.2,77443,9.72498300
1787554440,77436.2,77459.4,77425.6,77459.4,7.03810300
1787554500,77459.4,77459.4,77443,77443.1,9.23135500
1787554560,77443.1,77483.7,77443.1,77483.7,5.90789100
1787554620,77488.5,77488.5,77467.1,77467.1,8.55371600
1787554680,77467.1,77482.6,77467.1,77475,6.21399400
1787554740,77474.9,77475,77454.3,77469.2,8.22774300
1787554800,77469.2,77508.2,77457.7,77508.2,4.68243200
1787554860,77508.2,77508.2,77477.8,77490,4.78613000
1787554920,77496.9,77496.9,77469.6,77470.8,3.16253900
1787554980,77470.8,77477.8,77462.6,77470.2,1.30403600
1787555040,77470.1,77516.6,77470.1,77506.7,3.48565800
1787555100,77506.7,77514.5,77493.9,77500,3.48400000
1787555160,77500.1,77516.5,77500,77500.1,2.29732100
1787555220,77500.1,77516.3,77500,77516.3,4.39711000
1787555280,77516.3,77516.5,77503.9,77506.8,4.42279200
1787555340,77502.5,77555.3,77501.1,77545.2,12.66734100
1787555400,77545.3,77608,77545.3,77598.7,5.37024600
1787555460,77598.6,77662.1,77586.2,77631.6,6.80597400
1787555520,77631.7,77785.4,77617.1,77772.8,7.02524900
1787555580,77772.7,77772.8,77740.3,77748.2,5.61962400
1787555640,77748.3,77749.4,77730,77749.3,4.31903400
1787555700,77749.3,77749.3,77685.6,77685.7,2.07369000
1787555760,77685.6,77685.6,77660.3,77660.3,9.01412000
1787555820,77660.2,77668.6,77625,77627.1,12.80435700
1787555880,77627,77638.4,77589.8,77597.2,10.96821700
1787555940,77598.1,77660.2,77598.1,77648.7,12.81739300
1787556000,77648.6,77648.6,77594.6,77596.4,16.16800500
1787556060,77596.4,77601.7,77584.1,77591.7,5.46213600
1787556120,77591.7,77594,77581.1,77583.9,6.99545600
1787556180,77583.9,77656.1,77583.8,77656,7.70305400
1787556240,77656,77661.8,77640,77648.3,7.17449900
1787556300,77648.3,77678.1,77647.1,77655.3,7.99595900
1787556360,77648.3,77653.2,77617.4,77617.4,6.53543800
1787556420,77617.2,77617.2,77580.6,77580.7,3.86966700
1787556480,77580.7,77580.7,77548.9,77549,4.03476400
1787556540,77549,77588.6,77549,77588.5,4.45362500
1787556600,77588.6,77588.6,77516.6,77534.5,5.31186700
1787556660,77524.2,77524.2,77487.2,77519.9,4.06942000
1787556720,77519.9,77519.9,77480.8,77493.3,6.08841400
1787556780,77493.3,77493.3,77485.5,77493.3,5.99290500
1787556840,77493.3,77497.1,77475.9,77485.5,4.03799900
1787556900,77485.4,77485.5,77469.5,77471.1,1.17160400
1787556960,77471,77501.5,77471,77482.8,4.46118800
1787557020,77482.8,77482.8,77439.2,77449.5,3.70330300
1787557080,77452.4,77472.7,77452.4,77454.6,3.73565600
1787557140,77454.1,77462.6,77439.1,77462.5,3.76734000
1787557200,77462.5,77462.6,77446.9,77446.9,10.20373100
1787557260,77446.9,77446.9,77394.5,77412.4,3.31512000
1787557320,77412.4,77412.4,77375.4,77375.4,3.06909400
1787557380,77375.4,77388.7,77355.9,77355.9,3.91152800
1787557440,77356,77362,77350,77350.1,7.50374300
1787557500,77350,77370,77340.3,77370,3.04511000
1787557560,77369.9,77399.1,77369.9,77385.2,6.30199800
1787557620,77385.1,77420.1,77385.1,77408.4,5.25718000
1787557680,77408.4,77423.2,77408.3,77415,5.24060500
1787557740,77415.1,77415.1,77377.4,77384.3,5.79627800
1787557800,77384.3,77410,77378.4,77389.4,5.80948400
1787557860,77389.3,77389.3,77343.4,77349.7,4.06161800
1787557920,77349.7,77349.7,77294.7,77306.9,5.05794700
1787557980,77306.8,77321.9,77286.8,77321.9,4.84789900
1787558040,77322.6,77355.9,77313,77350.5,4.37735000
1787558100,77352.8,77355.9,77312.9,77312.9,5.20497600
1787558160,77313,77319.5,77300.3,77308.3,2.51751000
1787558220,77308.3,77315.7,77292.6,77313.2,6.69988800
1787558280,77313.2,77330.7,77296.2,77296.2,7.51187500
1787558340,77292.6,77315.6,77292,77315.6,4.85131900
1787558400,77315.7,77344.8,77315.6,77326.5,6.60809100
1787558460,77326.4,77326.4,77270.2,77270.2,2.78688300
1787558520,77270.2,77270.2,77203.3,77262.9,5.50589100
1787558580,77264.9,77311,77264.9,77305.4,4.36625500
1787558640,77300.9,77300.9,77241,77254.9,4.94861400
1787558700,77255,77307.2,77255,77307.1,7.52863900
1787558760,77307.1,77372.7,77306.6,77372.6,33.49494700
1787558820,77372.6,77415.6,77338.3,77338.3,10.03370100
1787558880,77338.3,77357.2,77324.5,77345.9,8.33640000
1787558940,77346,77349.5,77328.3,77336.3,9.81780200
1787559000,77336.4,77343.8,77311,77311,2.91339300
1787559060,77311.1,77311.1,77295.4,77295.4,4.42471500
1787559120,77295.4,77295.4,77236.1,77257.2,6.75988000
1787559180,77257.1,77278.1,77240.3,77257.7,6.58498300
1787559240,77258.8,77266.4,77247.5,77247.6,8.80651700
1787559300,77247.6,77247.6,77200,77203.6,6.12262600
1787559360,77201.8,77201.8,77081,77096.2,10.12567400
1787559420,77096.1,77111.5,77074.2,77088.5,4.24778700
1787559480,77088.4,77157.4,77074.3,77157.4,3.97830400
1787559540,77162.4,77196.5,77132.6,77132.6,6.86500900
1787559600,77132.7,77138.6,77124.6,77138.5,3.00332100
1787559660,77138.5,77154.8,77096.2,77107,0.49460500
1787559720,77107,77123.7,77038.9,77038.9,0.95697700
1787559780,77038.9,77038.9,76970.7,77005.2,1.22613500
1787559840,77004.4,77037.4,76944.9,76944.9,1.14456800
1787559900,76944.6,76958.6,76912.9,76948.5,7.07639800
1787559960,76945.2,76945.2,76871.7,76909.8,9.16919200
1787560020,76906.7,76970,76905.3,76943.6,9.22157400
1787560080,76943.5,76943.6,76834.1,76862.7,9.46205000
1787560140,76862.8,76937.6,76862.8,76927.3,11.27031700
1787560200,76923.3,76941.7,76901,76941.7,14.78618900
1787560260,76941.7,76969.6,76920.6,76965.1,14.47596100
1787560320,76965.1,77034.3,76965,77034.3,15.63661000
1787560380,77034.3,77065.5,77004.5,77060.9,14.89238800
1787560440,77060.9,77073.2,77024,77027.4,10.67484900
1787560500,77027.4,77035,77027.3,77033,6.76720400
1787560560,77033.1,77062.4,77033,77050.3,7.65098400
1787560620,77046.1,77046.1,77027.3,77034.9,8.23102200
1787560680,77035,77042.6,77019.1,77042.6,8.60951100
1787560740,77050.3,77116.3,77050.2,77108.3,7.78473700
1787560800,77108.3,77108.3,77071.5,77071.5,4.10901300
1787560860,77071.6,77088.4,77071.5,77083.2,3.05969600
1787560920,77083.2,77083.2,77057.9,77061.8,4.54825200
1787560980,77061.9,77087.4,77061.8,77080.9,5.02212600
1787561040,77080.8,77127,77080.8,77127,2.58912900
1787561100,77127.1,77132.4,77097.9,77119.1,5.76189100
1787561160,77119.1,77119.1,77096.2,77096.3,4.15000400
1787561220,77096.3,77101.4,77068.9,77071.1,5.19753900
1787561280,77071.1,77112.4,77071.1,77112.4,3.37474100
1787561340,77112.4,77139.6,77102.3,77139.5,2.36997100
1787561400,77131.8,77132.5,77100.7,77100.8,5.16530000
1787561460,77100.8,77103.4,77089.5,77090,4.13226500
1787561520,77089.9,77119.1,77089.9,77108.5,2.78877700
1787561580,77108.4,77108.4,77052.8,77069.7,4.77558200
1787561640,77069.8,77088.5,77062.7,77062.7,4.13003400
1787561700,77062.8,77073.2,77048.8,77065.6,1.93332800
1787561760,77057.9,77065.2,77042.6,77042.6,4.58243300
1787561820,77042.7,77042.7,77013.5,77013.5,2.49152400
1787561880,77013.5,77035,77013.5,77035,4.70455400
1787561940,77034.9,77050.3,77034.9,77045.4,4.23733300
1787562000,77038.3,77061,77035,77061,3.49095100
1787562060,77061,77107.5,77060.9,77075,3.41729000
1787562120,77075.1,77111.3,77075.1,77109.4,2.98511900
1787562180,77109.5,77143.8,77107,77133,3.97637100
1787562240,77133,77180.6,77133,77170.7,2.96101000
1787562300,77170.7,77180.6,77168.2,77168.3,3.71142300
1787562360,77168.3,77186.6,77155.5,77165.2,3.85490300
1787562420,77163.9,77211.8,77163.9,77211.8,2.38639000
1787562480,77211.7,77219.3,77208.2,77219.3,2.09233900
1787562540,77219.4,77257.1,77219.4,77231.5,2.98927700
1787562600,77231.5,77231.5,77191.2,77219.3,4.05071100
1787562660,77219.4,77229.1,77214.3,77214.3,1.81502300
1787562720,77214.3,77237.2,77214.3,77237.2,4.16218500
1787562780,77237.1,77256.2,77237.1,77255.9,2.20651500
1787562840,77256,77306.2,77256,77285.1,5.11080800
1787562900,77285.1,77375.6,77285.1,77365.2,6.26365800
1787562960,77365.3,77392.7,77333.3,77365.5,5.96107700
1787563020,77360.4,77368.3,77283.6,77311.5,4.21355000
1787563080,77298.8,77298.9,77261.1,77261.2,3.13961600
1787563140,77261.1,77314,77250,77305.6,5.19948300
1787563200,77305.5,77345,77270.5,77345,7.81870200
1787563260,77344.9,77344.9,77285.8,77285.8,7.94909500
1787563320,77283.3,77308.7,77268.1,77286.5,7.38642700
1787563380,77286.5,77294.8,77269.3,77294.8,6.45358000
1787563440,77294.7,77294.8,77261.3,77267.5,10.06953000
1787563500,77267.4,77267.4,77214.2,77240.5,5.09088400
1787563560,77240.6,77357.2,77240.6,77343.8,3.88537600
1787563620,77343.7,77414.1,77341.5,77414.1,6.26086200
1787563680,77414.1,77414.1,77391,77396.7,4.67019300
1787563740,77396.6,77419.3,77396.6,77419.3,4.89852100
1787563800,77419.2,77419.9,77406.4,77412.7,1.72133600
1787563860,77411,77450,77411,77444.9,3.98383400
1787563920,77444.8,77473.9,77435.8,77436.8,6.39630400
1787563980,77436.8,77436.8,77403.1,77409.6,3.68573600
1787564040,77405.2,77429.6,77403.8,77429.6,4.45451400
1787564100,77429.6,77442.4,77414.2,77435.9,6.31445500
1787564160,77435.9,77435.9,77415,77423.1,3.27461000
1787564220,77423.1,77452.8,77423,77452.7,3.17976000
1787564280,77452.8,77475.9,77452.7,77475.8,3.49458400
1787564340,77475.8,77491.5,77475.8,77491.5,3.15589400
1787564400,77491.5,77495,77453.6,77453.7,2.41183100
1787564460,77453.7,77466.9,77453.6,77453.6,5.32852700
1787564520,77453.6,77468.2,77452.7,77453.9,5.00117200
1787564580,77453.8,77499.1,77452.5,77499.1,4.56508100
1787564640,77499.9,77502.9,77454.8,77468.1,5.07866400
1787564700,77468.2,77496.5,77432.3,77445.1,5.63768300
1787564760,77441.8,77475.3,77441.8,77470.6,7.11518700
1787564820,77460.5,77521.4,77456.2,77521.4,1.79094100
1787564880,77521.8,77529.8,77509.1,77509.1,6.81377800
1787564940,77506.8,77522.2,77496.5,77508.2,6.20813000
1787565000,77508.1,77508.2,77485.8,77498.7,4.81430200
1787565060,77498.7,77499.1,77475.9,77499.1,3.91971000
1787565120,77499.1,77545.3,77499.1,77540.1,3.72638600
1787565180,77542.2,77567.1,77522.4,77563.7,15.12834000
1787565240,77561.7,77581.3,77549.6,77581.2,3.84598200
1787565300,77581.2,77593.2,77568.8,77593.2,3.82897700
1787565360,77593.2,77593.2,77550.2,77565.7,4.58034900
1787565420,77565.7,77565.7,77540.2,77560.9,4.08172800
1787565480,77561,77561,77521.8,77538.3,5.56867600
1787565540,77538.3,77545.5,77525.6,77545.5,3.02644000
1787565600,77545.4,77571.6,77532.9,77571.6,3.65105000
1787565660,77573.4,77587.1,77550.9,77551,3.79986500
1787565720,77551,77587,77535,77586.9,2.45291900
1787565780,77585.9,77683.8,77581.4,77649.1,6.11438300
1787565840,77645.2,77688.6,77641.3,77649.7,3.70141900
1787565900,77649.6,77664.6,77591.7,77603.3,4.72471300
1787565960,77591.7,77591.7,77532.9,77560.7,4.10627700
1787566020,77563.8,77740.8,77563.8,77740.8,4.88616000
1787566080,77740.8,77782.2,77684.4,77692.9,1.71859100
1787566140,77692.9,77718.8,77680.9,77695.6,0.15122600
1787566200,77695.6,77725.6,77685.2,77725.5,12.63479300
1787566260,77725.2,77824.3,77721.8,77756.9,14.24835100
1787566320,77756.9,77792.1,77734.3,77774.9,14.08410800
1787566380,77775,77820.1,77750,77816.1,13.47530100
1787566440,77816.1,77885,77797.9,77838.8,14.70302700
1787566500,77835,77843.4,77760.1,77802.5,8.88743500
1787566560,77803.8,77803.8,77773.3,77785,16.39206100
1787566620,77785.1,77815.4,77773.3,77815.4,15.03047600
1787566680,77815.4,77884.3,77812.7,77874.1,12.66563200
1787566740,77874.1,77923.8,77862,77923.7,13.63552500
1787566800,77923.7,77937.8,77853.8,77874.4,6.39435600
1787566860,77874.3,77874.3,77794.4,77817.3,1.37116900
1787566920,77819.9,77841,77788.2,77788.3,2.82356600
1787566980,77788.3,77851.2,77788.3,77840.8,1.98056900
1787567040,77851.2,77873.2,77842.9,77861.7,0.73332700
1787567100,77859,77861.7,77818.3,77858.7,6.82807900
1787567160,77858.6,77905.8,77858.6,77905.7,10.63787600
1787567220,77905.7,77933.2,77862.9,77864,9.79360300
1787567280,77864,77929.2,77864,77929.2,6.50799300
1787567340,77929.2,77929.2,77830.6,77851.2,9.53065900
1787567400,77851.2,77897.8,77843.3,77897.8,10.97142200
1787567460,77897.7,77957.2,77897.7,77951,10.37986600
1787567520,77951,77991.9,77948.9,77991.8,10.52728200
1787567580,77991.8,78013.3,77921.4,77921.4,10.93670000
1787567640,77916.2,77988.3,77890.2,77961,8.33478300
1787567700,77961.1,77988.3,77921.4,77936.9,11.42448800
1787567760,77937,77949.5,77911.1,77921.6,7.69315700
1787567820,77921.6,77929.2,77905.7,77929.1,9.85404800
1787567880,77929.2,77929.2,77890.2,77890.2,9.77236600
1787567940,77890.2,77890.2,77835.6,77846.3,9.47128100
1787568000,77842.8,77851.2,77777.3,77785.1,8.19102800
1787568060,77782.2,77784.8,77696.4,77738.3,11.56403200
1787568120,77738.3,77754.3,77719.6,77733,8.98785600
1787568180,77733.1,77742.2,77712.5,77729.9,9.57567000
1787568240,77726.8,77732.7,77711.1,77725.5,9.64239900
1787568300,77725.5,77816.6,77725.4,77790.9,9.80435200
1787568360,77790.9,77804.6,77765.6,77781.1,9.66664800
1787568420,77781,77804.2,77781,77781.7,12.10292200
1787568480,77781.8,77827.7,77781.1,77812.2,12.59656700
1787568540,77812.2,77812.2,77800.9,77806.5,13.29242900
1787568600,77806.4,77827.8,77706,77706.1,7.86241000
1787568660,77706.1,77712.8,77622.9,77642.5,7.41689700
1787568720,77642.5,77642.5,77610.3,77633.4,6.77867700
1787568780,77633.5,77638.9,77600.1,77600.1,6.47093000
1787568840,77600,77633.4,77600,77631.9,6.98225400
1787568900,77631.9,77632.8,77600,77600,6.85628300
1787568960,77599.8,77599.8,77571.6,77578.4,7.11310000
1787569020,77587.1,77594.8,77548.3,77588.2,8.38101900
1787569080,77588.3,77592.8,77569,77592.6,6.49698300
1787569140,77592.7,77625.8,77592.7,77615.9,7.05901600
1787569200,77616,77636.7,77561.4,77564.5,5.65310300
1787569260,77564.5,77564.5,77475.2,77548.8,7.35336600
1787569320,77548.8,77548.8,77445.1,77526,6.37137700
1787569380,77526,77535.2,77474,77526.1,7.64646200
1787569440,77526,77597.7,77512.7,77597.7,5.78598800
1787569500,77595.8,77611.3,77559.2,77571.7,3.28739200
1787569560,77569.5,77611.3,77552.2,77611.3,6.04202700
1787569620,77611.2,77622.9,77586,77622.4,8.61024100
1787569680,77616.2,77680,77608.5,77608.6,10.03745300
1787569740,77605.4,77721.7,77599.7,77687.4,8.29846700
1787569800,77687.5,77763.7,77687.5,77745,10.75409500
1787569860,77744.9,77765.7,77714,77765.7,7.84269000
1787569920,77765.6,77765.6,77717.6,77745,8.42052100
1787569980,77752.7,77816.8,77750.9,77815,8.05511700
1787570040,77816.8,77855.6,77814.6,77814.6,10.56695200
1787570100,77814.7,77814.7,77768.4,77790.5,6.31247500
1787570160,77790.4,77791.7,77714,77791.7,5.09467500
1787570220,77799.4,77839.9,77778,77839.8,5.86212900
1787570280,77822.8,77842.8,77800.8,77842.8,5.06894000
1787570340,77842.9,77868.8,77834,77842.1,6.28007600
1787570400,77845.2,77875.1,77816.1,77846.3,5.50479500
1787570460,77846.2,77861.6,77838.4,77853.9,6.68061900
1787570520,77854,77875.3,77854,77859.5,6.47112300
1787570580,77859.5,77859.5,77769.7,77799.5,4.49480200
1787570640,77799.4,77875,77798.8,77814.9,7.13534300
1787570700,77814.9,77894.7,77813.7,77813.7,1.76483500
1787570760,77810.6,77822.3,77799.4,77813.9,7.92052100
1787570820,77813.9,77830.6,77804,77830.5,6.91601400
1787570880,77830.6,77861.6,77830.5,77849.4,9.69566200
1787570940,77849.4,77853.9,77830,77834.5,10.35385800
1787571000,77834.4,77846.2,77814.6,77834.8,8.87339300
1787571060,77834.9,77964.1,77834.9,77963.2,5.89047500
1787571120,77963.2,78032.1,77945.6,78032.1,8.63051900
1787571180,78032.1,78044.5,78005.2,78042,2.67725300
1787571240,78042,78141,78025.7,78127,7.47794800
1787571300,78141.1,78340.9,78124.1,78254.9,21.91613600
1787571360,78262.7,78377.2,78262.7,78277.1,10.76162700
1787571420,78276.2,78441.6,78276.1,78423.4,11.70382100
1787571480,78423.3,78444.8,78378.5,78378.6,11.10941200
1787571540,78377.6,78393.9,78276.1,78336.2,14.48371000
1787571600,78336.1,78545.7,78288.8,78481.4,18.82327100
1787571660,78481.5,78545.9,78412.9,78545.9,28.45207500
1787571720,78545.8,78564.3,78473,78494.3,28.83925000
1787571780,78494.2,78536.1,78450.8,78466.1,28.14235000
1787571840,78466.2,78565.6,78443.8,78565.6,30.14195200
1787571900,78566.3,78600,78431,78433.6,34.72449700
1787571960,78433.5,78437.4,78310.9,78327.7,29.96435700
1787572020,78327.7,78352.6,78255.2,78293.8,29.98302000
1787572080,78293.9,78324.3,78228.7,78228.7,29.37078200
1787572140,78228.8,78228.8,78169.7,78198.2,30.87389200
1787572200,78195,78214,78133.7,78134.9,22.99535700
1787572260,78134.9,78166.9,78100,78143.3,23.53186800
1787572320,78143.3,78211,78135.5,78211,23.99723800
1787572380,78211,78234.1,78147.4,78151.1,23.31879500
1787572440,78147.4,78178.5,78136.4,78153.2,24.12217900
1787572500,78153.2,78193.9,78148,78193.5,13.32023900
1787572560,78193.4,78201.9,78135.6,78180.7,14.46799000
1787572620,78180.6,78198.7,78147.3,78198.5,14.99849500
1787572680,78198.7,78300.4,78198.7,78300.3,11.76910200
1787572740,78300.4,78443.8,78300.3,78438.4,16.05785600
1787572800,78438.6,78438.7,78310.5,78329.6,15.41376200
1787572860,78329.6,78353.7,78235.5,78255.7,15.33487400
1787572920,78269.2,78301,78211.6,78257.2,15.66745500
1787572980,78256.9,78300,78202.7,78223.6,12.90321800
1787573040,78219.4,78268.3,78205.6,78206,13.42890500
1787573100,78206.1,78230.1,78156.8,78156.8,10.75564000
1787573160,78156.7,78200.6,78132.6,78192.4,9.54227400
1787573220,78192.3,78192.3,78113.5,78123.1,11.93461700
1787573280,78123.2,78164.2,78122.5,78164.1,8.63696800
1787573340,78164.1,78224.5,78164.1,78206.5,13.51032600
1787573400,78209.1,78241.9,78179.9,78218.8,7.75885600
1787573460,78218.7,78235.4,78177.4,78235.4,12.29581400
1787573520,78235.4,78235.5,78169.9,78169.9,8.83879800
1787573580,78170,78170,78114.5,78114.5,8.77234700
1787573640,78114.5,78169.5,78106.7,78138.4,8.11288100
1787573700,78138.1,78200.1,78130.2,78181,2.21655400
1787573760,78177.3,78181,77975.7,78119.4,9.17828200
1787573820,78120.8,78154,78077.2,78114.5,9.64263400
1787573880,78114.5,78177.6,78114.5,78169.5,7.32896000
1787573940,78169.6,78256.8,78169.6,78253.1,8.61482500
1787574000,78254.4,78322.8,78232.3,78235.6,9.12157800
1787574060,78235.5,78334.7,78224.5,78334.7,0.96785900
1787574120,78335.3,78377,78326.9,78350.4,1.60727200
1787574180,78343.8,78377.2,78343.8,78377.2,0.75021300
1787574240,78378.2,78429.4,78378.2,78426.1,1.05481800
1787574300,78413.6,78463.6,78389.3,78463.6,4.57985300
1787574360,78459.8,78460.3,78402.2,78451.3,5.98056100
1787574420,78451.3,78503.5,78446.8,78503.5,5.56785600
1787574480,78503.5,78503.5,78454.7,78471.4,5.14364900
1787574540,78471.3,78471.3,78429.1,78453.2,5.98025500
1787574600,78453.1,78547.4,78429.5,78542.7,6.51386100
1787574660,78542.8,78651.6,78531.2,78624.6,9.83581500
1787574720,78624.6,78728.6,78570.3,78570.3,12.80234600
1787574780,78574.8,78637.3,78376,78519.7,12.70334700
1787574840,78508.1,78553.3,78457.2,78535.6,9.38005700
1787574900,78531.9,78647.8,78519.6,78584.8,17.31072300
1787574960,78584.7,78584.7,78476.8,78532.3,28.87181600
1787575020,78535.5,78593.5,78507,78585,21.56410700
1787575080,78584.9,78637.8,78584.9,78637.7,22.86516100
1787575140,78637.8,78736.6,78637.7,78688.4,26.77676000
1787575200,78688.3,78697.6,78603.6,78627.5,18.88202000
1787575260,78635.3,78768.6,78619.6,78729.9,17.82353900
1787575320,78765.4,78879.6,78714.2,78794.6,17.49883400
1787575380,78794.5,78809.2,78720.9,78737.1,17.95853200
1787575440,78737.2,78754.7,78714.9,78729.8,17.20076800
1787575500,78729.7,78787.5,78717.4,78762.7,26.56233100
1787575560,78762.6,78897.3,78738.9,78897,25.70030200
1787575620,78897,78975,78803.9,78845.2,23.39110500
1787575680,78849.2,78972.8,78817.4,78940.8,24.54484400
1787575740,78940.7,78972.3,78898.5,78972.3,22.88486500
1787575800,78974.9,79043.3,78947.4,79023.6,21.92900300
1787575860,79033.4,79268,79018.6,79162.8,29.70707300
1787575920,79165.3,79211.6,79002.6,79002.6,20.75582200
1787575980,79002.5,79082.7,78915.3,79063.9,21.76562800
1787576040,79061.6,79145.1,79031.1,79141.5,19.94941600
1787576100,79141.5,79232.5,79123,79189.5,27.48250400
1787576160,79189.6,79249.2,79175.5,79242.7,33.76453200
1787576220,79242.6,79324.6,79222.2,79222.2,33.76537900
1787576280,79219.7,79251.8,79098.1,79104.8,35.47883000
1787576340,79104.7,79176.9,79090.4,79157.2,34.04661400
1787576400,79157.2,79182.2,79065.4,79071,23.02664300
1787576460,79068.9,79083.1,78956.5,79060.9,25.80583400
1787576520,79060.8,79165.9,79020.8,79020.9,22.46988700
1787576580,79021,79092.8,78994.7,79013.3,26.05892900
1787576640,79013.3,79031.8,78964.4,78997,23.26255400
1787576700,78997,79118,78997,79031.9,16.86783400
1787576760,79031.9,79085,79018.5,79061,22.92832900
1787576820,79061,79098.8,79009.6,79085.3,17.86422500
1787576880,79085.4,79125.2,79071,79106.4,18.95848200
1787576940,79106.3,79233.7,79085,79233.7,17.57847900
1787577000,79233.9,79354.7,79228.9,79281.5,19.51621300
1787577060,79294.4,79421.2,79239.2,79361.4,16.97741600
1787577120,79367.1,79367.1,79150.3,79204.8,17.51603800
1787577180,79204.7,79293.2,79179.9,79233.2,17.12220300
1787577240,79233.3,79259.7,79213.8,79225.9,20.32674800
1787577300,79225.9,79237.9,79008.6,79008.6,19.68749200
1787577360,79008.6,79109,78880.1,78925.5,27.65495000
1787577420,78925.4,78998.3,78898.1,78920.2,23.70595200
1787577480,78928,79034,78901.2,79025.5,22.61191300
1787577540,79025.6,79084.3,79018.6,79039.8,21.64051600
1787577600,79028.7,79058.2,78972.7,79036.2,34.02815400
1787577660,79036.3,79079.7,79004.8,79052.9,23.89422100
1787577720,79052.8,79063.3,79023.7,79023.9,27.25864600
1787577780,79024,79043.5,78972.7,78979,36.05543700
1787577840,78979,79028,78913.5,79004,36.03893700
1787577900,79002.8,79044.9,78914,79041.2,16.03106400
1787577960,79042.1,79082.8,78970.5,78999.8,19.15319700
1787578020,79003.6,79028.8,78964.9,79028.7,22.93053100
1787578080,79028.8,79039.3,78981.9,79020.8,23.19009700
1787578140,79020.8,79025.7,78972.7,79018.5,20.93885700
1787578200,79018.5,79031.8,78931,79012.8,26.33641800
1787578260,79012.8,79031.8,78901.1,78989.4,15.17415300
1787578320,78989.4,78989.4,78714.5,78721.2,25.49220700
1787578380,78744.6,78803.7,78576.5,78788.9,18.36412300
1787578440,78788.9,78880,78731.5,78797.1,17.85542900
1787578500,78781,78922,78781,78878.1,27.77474300
1787578560,78880.8,78880.8,78702.3,78849.7,35.65285900
1787578620,78849.6,78849.6,78725.3,78782.6,38.81552100
1787578680,78782.7,78817.7,78576.5,78637.8,35.15940900
1787578740,78644,78699.2,78576.4,78620.8,37.02810500
1787578800,78620.7,78621.5,78448.2,78501.3,36.68313500
1787578860,78503,78585,78387,78585,31.28363500
1787578920,78584.9,78590.7,78207.2,78260.2,34.04123400
1787578980,78260.2,78421.5,78213.2,78297.8,30.45096600
1787579040,78297.8,78341.3,78206.3,78290,28.26506100
1787579100,78289.9,78289.9,78046.7,78046.7,27.61464900
1787579160,78046.6,78193.1,77864.7,78193,42.54006800
1787579220,78194.8,78310.9,78137.8,78256.4,40.25620300
1787579280,78236,78332.8,78236,78305.7,36.59389800
1787579340,78311.9,78372.2,78272,78301.4,34.05201300
1787579400,78301.5,78392.3,78225,78359.6,43.56484900
1787579460,78359.2,78444.6,78325.6,78329.4,40.46783400
1787579520,78329.4,78345.1,78250.6,78250.6,38.87531200
1787579580,78248.9,78248.9,78081,78238.2,35.77207400
1787579640,78240.5,78420,78203.4,78373.6,39.38067000
1787579700,78373.6,78455.8,78313.6,78416.4,26.07819600
1787579760,78418.8,78532.6,78418.8,78505.2,23.28671200
1787579820,78505.2,78585.8,78458.1,78548.3,28.74508700
1787579880,78541.7,78618.2,78533.1,78618.2,26.02258500
1787579940,78618.2,78619.9,78580.2,78593.7,26.22777700
1787580000,78598,78695.5,78594.6,78695.4,19.23715700
1787580060,78695.4,78871.8,78695.4,78835.2,21.28796700
1787580120,78835.1,78861.2,78727.6,78775.4,20.21993700
1787580180,78775.3,78815.8,78679.9,78679.9,20.93959500
1787580240,78679.9,78737.4,78600,78719.7,19.49861700
1787580300,78719.6,78858.1,78710.5,78858.1,14.18920800
1787580360,78858,78867.9,78779.5,78830.2,19.10730800
1787580420,78830.3,78868,78789.6,78868,19.43171000
1787580480,78868.1,78918.8,78817.4,78863,28.09188700
1787580540,78858,78983.1,78815.3,78965.7,18.14543500
1787580600,78958.2,79088,78946.6,79083.8,34.04968100
1787580660,79083.8,79160.5,79073.9,79116.1,24.35442100
1787580720,79120.1,79209,79050.2,79099.5,21.26778900
1787580780,79099.6,79176,79032.5,79169.5,22.72058800
1787580840,79169.5,79237.8,79149.3,79207.8,20.72815300
1787580900,79207.9,79267.6,79183.4,79248,12.64647100
1787580960,79248,79295.4,79240,79279.8,26.19225200
1787581020,79279.7,79354.8,79279.7,79302.4,26.72749200
1787581080,79302.3,79312.6,79193.5,79199.7,28.49399200
1787581140,79199.9,79231.2,79075.9,79143.1,27.43412800
1787581200,79143.1,79246.5,79133.6,79231.5,25.87332400
1787581260,79231.8,79285.4,79183.3,79239.9,0.46898700
1787581320,79232.9,79353,79226.9,79353,0.98178900
1787581380,79352.9,79645.3,78961.9,79128.8,11.05676600
1787581440,79107.1,79195.7,78880,78939,3.97995700
1787581500,78946.7,79150,78946.6,79066.1,33.55125600
1787581560,79066,79250,78999.5,79222.6,37.12075200
1787581620,79222.5,79333.3,79139.1,79148,33.64523200
1787581680,79148,79406.6,79148,79377.2,42.96648300
1787581740,79377.2,79418.1,79328.7,79387.2,41.63302600
1787581800,79378.3,79490,79335.1,79479.6,27.14392100
1787581860,79479.6,79550,79402.6,79550,32.36356400
1787581920,79550,79627.9,79443.1,79527.7,34.79889000
1787581980,79527.7,79776.5,79518,79729.3,30.96744200
1787582040,79729.3,79733.3,79504.1,79629.7,32.07362300
1787582100,79630.8,79707.9,79593.6,79654.6,36.21723400
1787582160,79654.6,79810.2,79613.8,79682,33.39207200
1787582220,79681.9,79759.9,79643.7,79712.6,34.08488200
1787582280,79712.6,79761.2,79661,79696,35.23176400
1787582340,79693.2,79718.3,79613.8,79661.2,37.43314400
1787582400,79669,79732.9,79579.9,79682.1,45.26971400
1787582460,79694.1,79816.2,79694,79807.5,17.71976400
1787582520,79807.6,79837.1,79622.9,79710.1,18.83600100
1787582580,79714.3,79714.3,79504.1,79504.2,18.06420000
1787582640,79504.1,79725.1,79482.5,79661.1,16.82343900
1787582700,79667.1,79742,79563.6,79690.4,23.01550900
1787582760,79690.5,79767.8,79634.3,79721.2,25.57442100
1787582820,79722.6,79736.5,79586.9,79612.6,23.88070800
1787582880,79612.5,79620,79496.8,79537.7,22.63169600
1787582940,79536.9,79631.5,79518.1,79579.9,25.17594700
1787583000,79579.9,79593.5,79359.6,79466.5,29.89405800
1787583060,79474.3,79488.3,79385.4,79410.6,22.67012300
1787583120,79404,79461.4,79324.3,79326,22.72654300
1787583180,79326.1,79453.7,79280.1,79446.7,21.08773800
1787583240,79445.7,79445.8,79301.3,79301.3,22.56893600
1787583300,79301.4,79363.1,79280,79343.9,17.37016500
1787583360,79343.9,79450.9,79343.9,79450.9,20.64111900
1787583420,79453.8,79541.7,79432,79470.1,18.20238300
1787583480,79470.1,79498.6,79427.4,79471.6,18.15514000
1787583540,79471.7,79506.8,79458.1,79506.7,18.14128000
1787583600,79506.7,79520.9,79404.6,79449.4,7.69253900
1787583660,79450.6,79468,79375.4,79395.5,17.92991600
1787583720,79395.6,79527.1,79395.6,79527.1,17.75772900
1787583780,79527.1,79655.6,79524.3,79570,20.58070200
1787583840,79570.1,79598.1,79504.8,79504.8,15.89913800
1787583900,79514.3,79534.7,79404.2,79514.5,19.70608500
1787583960,79506,79640.5,79503.7,79624.6,15.84667000
1787584020,79624.7,79721.1,79624.6,79632.7,18.24994100
1787584080,79632.7,79655,79546.4,79573.7,31.93185600
1787584140,79581.7,79640.1,79572.7,79597.3,17.29698900
1787584200,79593.4,79606.6,79516.2,79589.2,23.21787800
1787584260,79587.5,79638.6,79542.5,79630.6,12.54402400
1787584320,79630.5,79655.9,79599.6,79650.3,14.35499100
1787584380,79640.1,79697.8,79640,79667.1,17.68297400
1787584440,79667.1,79687.6,79540.1,79542.5,16.37148000
1787584500,79542.6,79640.5,79530,79602.3,14.56477200
1787584560,79602.4,79614.2,79530.1,79558,11.47382800
1787584620,79563.6,79776.9,79554.9,79720.9,7.46330900
1787584680,79720.9,79789.7,79674.6,79789.7,11.06238000
1787584740,79789.6,79810,79748.1,79767.8,11.88726700
1787584800,79758.9,79788.1,79708.7,79764.8,13.19323900
1787584860,79768.6,79776.8,79695.8,79760.1,10.61694300
1787584920,79760.1,79880,79731.9,79865.9,15.37850000
1787584980,79872.5,79916.8,79793.6,79814.7,18.49977200
1787585040,79804.3,79913.6,79736.7,79902.4,9.33018000
1787585100,79902.4,79942,79725.1,79774.9,16.34924100
1787585160,79771,79928.7,79744.3,79923.2,18.40131800
1787585220,79923.2,79991,79890.2,79957.2,15.62901900
1787585280,79957.2,79964.3,79861,79942.4,20.33598800
1787585340,79942.4,79984,79828.6,79891.9,19.21815300
1787585400,79881.7,79902.6,79754.5,79882.1,28.77853100
1787585460,79882.1,79989.6,79870.9,79989.5,25.66443700
1787585520,79989.5,80000,79883.5,79916.6,30.81432700
1787585580,79916.7,79973.7,79909,79929,24.58244300
1787585640,79929,79949.1,79769.1,79801.7,28.12448600
1787585700,79801.8,79888.1,79758.6,79842.5,32.51033900
1787585760,79842.6,79908.1,79794.1,79808.1,29.67737200
1787585820,79808.1,79809.8,79677.4,79686.6,34.77425500
1787585880,79688.9,79688.9,79561.3,79581.7,31.25109200
1787585940,79581.8,79587.8,79499.4,79544.6,29.16328100
1787586000,79544.7,79640.2,79516.9,79640.2,17.57843500
1787586060,79636.2,79651.4,79573.7,79598.1,29.22542600
1787586120,79598,79606.2,79556.2,79587.9,24.91197400
1787586180,79587.9,79632.1,79050,79176.3,33.75047900
1787586240,79176.4,79310.1,79019,79290.4,32.30464200
1787586300,79274.6,79400,79085.3,79370.3,43.58618000
1787586360,79358.5,79462.3,79313.8,79462.2,35.84694700
1787586420,79462.3,79550,79428.5,79464.3,38.48823200
1787586480,79464.4,79464.4,79281.1,79329.7,36.74376600
1787586540,79331.2,79346.8,79207,79293.1,35.91373800
1787586600,79280.2,79320.3,79205.7,79250.1,38.34361600
1787586660,79250.2,79266.1,79200,79228,30.93597200
1787586720,79228,79231,79150.3,79159.1,34.33042300
1787586780,79162,79266.2,79121.6,79266.1,31.93951400
1787586840,79268.3,79335.7,79146.3,79164,31.17188200
1787586900,79163.9,79163.9,79044.6,79150.7,28.03055900
1787586960,79150.7,79167.4,79020.1,79032.9,28.77920900
1787587020,79033,79066.6,78821.1,78908.1,33.99271600
1787587080,78885,78999.7,78885,78966.2,28.86402400
1787587140,78966.3,79121.6,78966.3,79097.6,28.67687600
1787587200,79097.6,79218.1,79097.2,79134.5,26.34049200
1787587260,79131.7,79253.9,79101,79218,32.49599600
1787587320,79223.5,79288,79179.8,79288,39.76888800
1787587380,79288,79354.8,79235.3,79311.2,33.65275300
1787587440,79311.3,79324.7,79260.2,79276.5,33.81584300
1787587500,79276.5,79430.1,79276.4,79411.1,31.54352700
1787587560,79411.1,79451.9,79392.1,79440.4,29.45523800
1787587620,79429.8,79534.2,79369,79471.7,27.26667700
1787587680,79471.6,79494.4,79428.3,79456.3,31.05731000
1787587740,79454.5,79478.2,79341,79341,28.32945100
1787587800,79340.9,79388.3,79296,79350.1,28.40039200
1787587860,79352.8,79401.5,79350.1,79396.1,21.68832400
1787587920,79396.2,79419.8,79373.2,79389.3,23.39404400
1787587980,79382.4,79456.3,79382.3,79413.6,21.92681200
1787588040,79413.7,79492.4,79409.9,79492.3,20.49298600
1787588100,79492.4,79625,79480.7,79616.3,15.94802800
1787588160,79616.2,79641.3,79581.1,79641.3,16.06729900
1787588220,79643.1,79739.2,79638.1,79723.9,15.12954000
1787588280,79713,79859.8,79705.8,79823.4,19.22751900
1787588340,79827.3,79855.8,79782,79847.8,14.50569100
1787588400,79824.1,79860.8,79684.8,79705.7,7.10230200
1787588460,79705.7,79802.3,79701.7,79802.3,1.88790900
1787588520,79799.9,79831.5,79754.6,79754.6,0.77189200
1787588580,79746.4,79795.3,79718.3,79774.7,0.98471200
1787588640,79779.3,79830.5,79738.3,79739.9,0.43898500
1787588700,79744,79749.8,79677.5,79714,6.71978700
1787588760,79714.1,79741.3,79627,79672.7,8.05322800
1787588820,79672.7,79697.6,79648.8,79675.2,12.53142600
1787588880,79675.3,79754.6,79675.3,79730,9.41472400
1787588940,79730.1,79748.4,79673.1,79673.1,8.97819100
1787589000,79665,79713.8,79665,79713.8,13.22839900
1787589060,79722,79750.5,79688,79689.8,9.72633800
1787589120,79689.7,79721.6,79665,79665,10.89037600
1787589180,79665.1,79709.4,79637.4,79654.8,10.41780800
1787589240,79654.7,79684.5,79640.6,79674.3,9.78949400
1787589300,79674.3,79770.9,79674,79757.2,10.51798300
1787589360,79757.3,79757.3,79730.2,79734.4,9.20642600
1787589420,79734.4,79737.5,79622.7,79664.9,10.07422200
1787589480,79658,79716,79642.6,79656,8.78268100
1787589540,79655.9,79681.3,79624.3,79624.4,8.32315500
1787589600,79624.4,79624.4,79408.9,79515.1,3.89228900
1787589660,79525.8,79525.8,79397.6,79502.8,7.72764900
1787589720,79502.8,79543.1,79437.9,79437.9,5.42619300
1787589780,79437.9,79462.1,79388.6,79437.9,4.91258300
1787589840,79437.9,79445.8,79375,79375,7.65056800
1787589900,79375,79379.3,79314.7,79330.9,16.59219100
1787589960,79331,79370.1,79280,79363.9,9.83225600
1787590020,79362.1,79389.3,79316.5,79382.3,9.57455200
1787590080,79382.3,79389.3,79340.4,79349.6,9.22232800
1787590140,79349.5,79355.4,79262.7,79292.5,9.25027500
1787590200,79292.4,79336.5,79250.1,79250.1,7.83598800
1787590260,79250.1,79250.1,79156.5,79170.2,14.92018800
1787590320,79170.2,79170.2,79121.2,79139.6,13.25809800
1787590380,79131.7,79155.7,79110.4,79110.4,14.17777500
1787590440,79110.5,79110.5,78901.5,78943.2,27.35005600
1787590500,78931.5,79057.8,78923.4,79035.4,18.40564400
1787590560,79039.2,79084.3,79003.5,79083,22.84993200
1787590620,79083.1,79155.8,79071,79118.2,31.55057300
1787590680,79119.6,79139.6,79067.5,79074.2,26.64436200
1787590740,79074.1,79082.8,79039.2,79051.3,20.18583400
1787590800,79051.4,79059.4,78831,78831,35.15106000
1787590860,78840.5,78884.5,78794.1,78869.8,23.59840400
1787590920,78869.8,78869.8,78601.9,78671.9,36.24374500
1787590980,78665.7,78822,78638.1,78822,23.39859100
1787591040,78823.5,78880,78790.2,78845.6,24.26196000
1787591100,78845.7,78939.5,78830.5,78939.5,31.60620500
1787591160,78939.5,79007.7,78901.7,78981.6,39.81041000
1787591220,78981.6,79016.4,78915,79016.4,32.01017100
1787591280,79016.3,79075.9,79016.3,79061.5,31.83509400
1787591340,79061.6,79185.6,79061.6,79177.8,34.71401900
1787591400,79177.8,79181.8,79094.2,79113.8,25.64129600
1787591460,79113.7,79181.9,79093.6,79179.1,24.19554200
1787591520,79179.1,79197,79157.8,79157.8,22.88536000
1787591580,79157.8,79181.9,79109.7,79123.1,20.80922000
1787591640,79111.3,79165.8,79098.8,79098.8,23.86008500
1787591700,79098.7,79109.5,78894.9,78894.9,15.31078800
1787591760,78904.5,78970.1,78755,78970.1,17.56591500
1787591820,78973.1,79098.6,78956.2,79098.6,14.48790200
1787591880,79098.6,79170.4,78989.5,79013.3,15.04399700
1787591940,79013.5,79108.2,78989.7,78989.7,15.15233400
1787592000,78989.5,78989.5,78815.9,78836.7,19.99121000
1787592060,78833.3,78833.3,78677.7,78682.3,21.34348900
1787592120,78687.8,78767.5,78498.7,78565.4,29.32356800
1787592180,78563,78646.7,78502.4,78582.4,17.90343400
1787592240,78590.6,78675.2,78507,78594,21.94909700
1787592300,78594,78649.8,78464.2,78531.9,35.13303700
1787592360,78531.9,78701,78531.9,78701,30.42446700
1787592420,78701.1,78794.9,78699.9,78766.3,30.62967200
1787592480,78766.4,78776.3,78601.9,78601.9,31.44817300
1787592540,78602,78617.7,78513.6,78548.7,31.47515300
1787592600,78550.3,78667.9,78524.2,78583.9,17.04418400
1787592660,78576,78662.8,78530.1,78657.6,17.76489600
1787592720,78657.6,78657.6,78588.2,78588.2,23.14172400
1787592780,78583.9,78611.4,78480,78521.6,23.61975200
1787592840,78524.5,78591.8,78512.8,78558.9,19.50822100
1787592900,78558.3,78600,78540.4,78599.9,16.57970600
1787592960,78600,78758.3,78596,78758.3,21.47551800
1787593020,78758.4,78778.3,78706.1,78759,15.33814000
1787593080,78759.1,78793,78706.1,78734.5,12.84440800
1787593140,78740.4,78830.4,78724.8,78792,15.17572200
1787593200,78798,78837.2,78797.9,78829.7,11.96326900
1787593260,78818,78818,78758.5,78800.9,12.97600600
1787593320,78800.9,78853.8,78732.1,78732.1,12.07429900
1787593380,78726.7,78758.3,78711.4,78718.6,10.67699200
1787593440,78718.4,78718.6,78628,78628,12.55991200
1787593500,78627.9,78698.1,78560,78698.1,12.55473900
1787593560,78701.1,78709.7,78663.1,78663.1,8.81782500
1787593620,78670,78741,78670,78740.9,8.77687600
1787593680,78741,78767.6,78706,78742.5,8.25808400
1787593740,78738.9,78757.2,78716.1,78731.3,9.22293500
1787593800,78731.3,78820,78725.8,78782.5,1.61316200
1787593860,78782.5,78782.5,78700,78711,9.06208400
1787593920,78718.6,78742.5,78681.7,78716.1,9.17348900
1787593980,78716.1,78762.8,78716.1,78737.2,8.16794800
1787594040,78727.5,78747.4,78679,78694.8,7.02403200
1787594100,78694.8,78725.2,78603,78647.4,13.26665700
1787594160,78649.3,78670.9,78600,78667.8,5.35271200
1787594220,78667.8,78732,78664.6,78701,6.63419400
1787594280,78694.9,78767.6,78694.9,78750.4,6.71750900
1787594340,78753.6,78778.3,78718.6,78764.8,7.43216000
1787594400,78764.8,78861.8,78764.7,78840.7,10.19934500
1787594460,78840.6,78864.1,78765,78864.1,7.41257700
1787594520,78864,78905.8,78864,78897.2,7.98670800
1787594580,78905.4,78908,78864.2,78880,7.85574700
1787594640,78880.1,78906.9,78843.4,78901.6,8.22481300
1787594700,78901.5,78981.4,78888,78940.6,8.40593600
1787594760,78940.6,78994.8,78871,78880.1,10.23983900
1787594820,78880,78894.2,78846.5,78849.1,6.32062500
1787594880,78849.1,78860.5,78784.5,78801.6,8.76171500
1787594940,78801.6,78822,78739.5,78813.3,9.13644700
1787595000,78813.3,78885,78813.2,78872.6,8.61815400
1787595060,78872.7,78921.9,78864.1,78903.8,12.17980800
1787595120,78903.8,78946.3,78889.4,78936.9,9.74254700
1787595180,78936.9,78999.9,78936.9,78999.1,10.33716700
1787595240,78999.8,79016.5,78976.7,79011.1,12.34663400
1787595300,79011.1,79015.7,78976.6,78994.2,1.17099000
1787595360,78991.7,79016.4,78936.6,78974.3,4.78178600
1787595420,78975.8,79040.4,78967.9,78994.6,6.95812600
1787595480,78998.4,79057.5,78998.4,79015.7,5.98319200
1787595540,79015.7,79015.7,78948.1,78985.5,7.44265600
1787595600,78985.4,79023.7,78921.9,79017.5,6.10431100
1787595660,79019.6,79047.6,79012.6,79047.6,1.01886400
1787595720,79047.7,79062.4,79023.7,79023.7,0.65629200
1787595780,79015.7,79031.7,79001.8,79031.7,0.09375400
1787595840,79039.7,79053,78968.5,78968.5,0.56769900
1787595900,78968.4,79047.6,78948.1,79022.3,3.61474300
1787595960,79022.2,79062.5,79022.2,79040.2,3.78674900
1787596020,79054.8,79062.5,79015.7,79023.7,5.13357900
1787596080,79015.8,79053.1,79015.8,79025.5,3.50744700
1787596140,79039.7,79047.7,78968.8,79011.4,4.24856500
1787596200,79011.4,79062.5,79011.4,79061.2,6.89594100
1787596260,79061.2,79068.8,79039.8,79043.2,7.30876400
1787596320,79043.2,79070.5,79015.7,79070.5,5.85779500
1787596380,79071.1,79079.7,79026.8,79026.8,6.44438400
1787596440,79026.8,79029.9,78935.9,78938,5.47032400
1787596500,78943.9,78983.7,78935,78935,7.05191500
1787596560,78935.1,78983.7,78905,78941.7,2.96642000
1787596620,78937.8,78952.2,78808.4,78808.4,5.71020400
1787596680,78808.3,78830.2,78754.8,78754.8,7.61646400
1787596740,78754.7,78840.2,78713.8,78840.2,7.04144900
1787596800,78840.2,78895.3,78840.2,78895.3,3.25168600
1787596860,78895.2,78953.7,78884.1,78950,8.95669800
1787596920,78950,78958,78896,78899.8,9.69619700
1787596980,78899.9,78941.2,78898.3,78922,9.06400700
1787597040,78922,78963.2,78922,78963.2,10.21181300
1787597100,78963.2,79020,78963.2,78999.5,9.98754200
1787597160,78999.4,79032.2,78992.1,78999.7,4.47288300
1787597220,78996.3,79000.4,78937.9,78967.8,6.01129900
1787597280,78974.2,79043.8,78974.1,79039.6,5.66165100
1787597340,79039.6,79055.3,79016.7,79047.6,7.38970800
1787597400,79047.6,79081.8,79026.8,79026.8,5.03249100
1787597460,79026.8,79026.9,78979.5,78990.5,6.19221200
1787597520,78990.5,78991.7,78910,78912.1,5.59469200
1787597580,78911.9,78948.1,78895.7,78896.1,5.64456900
1787597640,78896,78974.3,78880,78970.2,5.76994700
1787597700,78970.2,78986.3,78936,78936,7.10761600
1787597760,78936.1,78946.4,78878.4,78885.7,6.57761400
1787597820,78885.2,78919.9,78860.9,78916.5,5.50760700
1787597880,78916.6,78948.1,78916.6,78923.1,4.17712000
1787597940,78935.8,78947.2,78901.6,78930.6,6.38816200
1787598000,78935.8,79004.6,78931.3,79004.5,5.51246100
1787598060,79004.4,79033.7,78941.9,78966.5,6.57534900
1787598120,78966.5,79022.9,78936.2,78944.8,6.44694600
1787598180,78944.8,78961.9,78919.9,78938.6,6.09207500
1787598240,78941.9,78948.3,78886.6,78890.2,6.96238200
1787598300,78886.8,78917.8,78803.4,78819,8.97253500
1787598360,78803.4,78843.8,78779.6,78816.2,7.99485800
1787598420,78816.1,78834.4,78779.6,78833,7.60531900
1787598480,78829.6,78911.3,78810.7,78911.3,6.80186800
1787598540,78914,79016.5,78902.3,78902.3,6.75955600
1787598600,78902.3,78947.1,78878.3,78947,6.69232600
1787598660,78950.9,79032.6,78950.9,79032.6,10.42756000
1787598720,79033.6,79097.9,79031.3,79088.2,13.12911000
1787598780,79088.3,79117,79036.1,79073.3,11.36547800
1787598840,79073.3,79073.3,79021.7,79026.2,9.62811200
1787598900,79029.4,79039.6,79009.9,79033.8,9.35974900
1787598960,79033.8,79033.8,78880,78924.8,8.83005600
1787599020,78924.7,78946,78880.1,78899,11.28272900
1787599080,78899,78923.8,78855.2,78884.7,10.60966600
1787599140,78884.8,78914.1,78687.5,78728.3,11.79737400
1787599200,78728.2,78780.1,78708.4,78765.7,14.29510600
1787599260,78765.6,78798,78747.2,78778.9,11.49618800
1787599320,78778.9,78778.9,78742,78756.3,11.46533200
1787599380,78756.3,78795.5,78755.9,78774.6,14.04286300
1787599440,78774.5,78778.9,78624.6,78747.2,17.82503100
1787599500,78747.1,78826.5,78747.1,78811.1,10.21663000
1787599560,78811.1,78847.8,78802.9,78822,13.94797400
1787599620,78822,78874.2,78822,78874.1,12.54094900
1787599680,78874.1,78879.4,78864.5,78868.5,10.26899700
1787599740,78869.7,78889,78866.3,78879.2,11.43850600
1787599800,78879.2,78880.8,78835.6,78856.1,10.27942800
1787599860,78858.4,78876.5,78826.6,78866.4,7.05092600
1787599920,78866.4,78925.3,78842.5,78915.9,7.57002600
1787599980,78916,78916,78873,78887.6,6.56064200
1787600040,78890.2,78909.7,78882.2,78900.7,8.45803000
1787600100,78900.6,78912.3,78873,78898.3,4.41173700
1787600160,78906.8,78926.7,78906.7,78926.6,3.05958700
1787600220,78926.6,78926.7,78893.9,78906.7,2.56635300
1787600280,78906.6,78935.6,78906.6,78934.3,7.99028500
1787600340,78935.7,78963.2,78876.5,78877.4,5.67764400
1787600400,78889.5,78907.5,78851.1,78851.2,5.51966600
1787600460,78851.2,78866,78791.2,78795.7,6.02624500
1787600520,78795.6,78810.7,78761.5,78761.5,5.36329300
1787600580,78761.6,78858.4,78761.6,78842.5,6.85885000
1787600640,78842.5,78885,78834.9,78882.3,5.59246600
1787600700,78882.2,78892.2,78808.1,78808.1,7.53059800
1787600760,78808,78808,78754.4,78778.9,7.98627600
1787600820,78775.5,78786.8,78750,78786.7,5.76195100
1787600880,78770.9,78834.1,78763,78834.1,7.57552000
1787600940,78834.1,78850.4,78802.3,78802.4,6.80389600
1787601000,78802.5,78834.4,78756.8,78764.6,8.77157800
1787601060,78764.5,78769.8,78683.7,78719.7,9.88905500
1787601120,78719.8,78735.7,78596,78612.4,12.86656700
1787601180,78612.3,78668.8,78601.5,78667.7,9.96962200
1787601240,78667.8,78745.8,78660,78745.8,6.98352500
1787601300,78745.8,78768.6,78706.9,78725.3,8.99407200
1787601360,78725.3,78746.3,78713.4,78738.8,9.60568300
1787601420,78738.8,78739.2,78719.6,78733.9,9.48666500
1787601480,78734,78765.9,78708,78765.8,11.42539700
1787601540,78765.9,78780.4,78724.6,78751.9,10.90676000
1787601600,78752,78820,78700.1,78744.1,10.98867800
1787601660,78744,78756.4,78638.4,78638.4,6.57107000
1787601720,78638.5,78645.5,78606.2,78606.3,6.09446700
1787601780,78606.7,78615.9,78572.2,78579.4,6.53888000
1787601840,78579.4,78583.1,78553.9,78570.2,9.92695700
1787601900,78570.2,78591.1,78567.6,78578.3,6.68886600
1787601960,78578.3,78678.1,78578.3,78663.8,9.66922400
1787602020,78663.7,78749.8,78663.7,78749.8,7.18716900
1787602080,78752.7,78765.3,78706.6,78725.6,8.11879100
1787602140,78717.7,78791.1,78709.8,78791.1,5.82071100
1787602200,78791.1,78815,78784.4,78789.7,8.26694400
1787602260,78789.7,78789.7,78717.7,78717.7,7.14546000
1787602320,78717.7,78722.4,78622.1,78638.8,7.11909800
1787602380,78638.8,78661.8,78630.7,78661.8,3.88809200
1787602440,78661.8,78693.9,78654.4,78686,4.03837700
1787602500,78678.1,78678.1,78608.4,78648.5,5.32217900
1787602560,78648.5,78699.1,78631.2,78699,3.74882200
1787602620,78699,78700.1,78674.6,78674.6,2.24956900
1787602680,78674.7,78692.2,78664.4,78689,5.18808300
1787602740,78689.1,78734.1,78689,78734,4.36298500
1787602800,78736.4,78753.7,78736.3,78742,2.87330200
1787602860,78742,78765.3,78708.5,78727.7,0.75564300
1787602920,78727.7,78784.2,78686,78769.9,0.99908100
1787602980,78769.8,78796.2,78757.3,78796.2,0.47472200
1787603040,78796.2,78796.2,78706.2,78706.3,0.71253600
1787603100,78717.7,78729.3,78686,78686,0.45829700
1787603160,78686.1,78686.1,78629.3,78646.3,1.45804900
1787603220,78646.3,78683.1,78622.6,78683.1,1.95479100
1787603280,78670.3,78675.4,78636.9,78675.3,2.13728100
1787603340,78675.3,78695.6,78664.5,78695.5,2.56749400
1787603400,78695.6,78701.6,78678.1,78682.9,4.30693700
1787603460,78682.9,78699.7,78638.6,78640.4,2.29891500
1787603520,78649.9,78701.1,78649.9,78701,3.19687300
1787603580,78701,78779.9,78686.9,78779.9,4.10972800
1787603640,78779.9,78814,78757.3,78796.6,2.65896900
1787603700,78796.5,78838.8,78781.2,78834.5,5.55677900
1787603760,78834.6,78867.9,78793.1,78793.1,2.46406700
1787603820,78793.1,78877.1,78793.1,78872.8,5.58035700
1787603880,78872.8,78988.1,78872.8,78980.2,3.89955500
1787603940,78988.1,78998.2,78948.4,78980.3,4.92661000
1787604000,78980.2,78983.1,78956.2,78956.3,7.54439400
1787604060,78956.2,78975.8,78916,78916,7.36456600
1787604120,78916,78963.6,78916,78963.6,7.46272300
1787604180,78963.5,78963.5,78931.4,78931.4,6.17914600
1787604240,78931.4,78931.4,78903,78903.1,4.21472400
1787604300,78903,78921.6,78883.4,78921.5,5.73929500
1787604360,78921.5,78921.5,78884.5,78884.6,3.73948100
1787604420,78884.5,78915.8,78884.5,78896.5,5.12337900
1787604480,78896.5,78915.7,78896.5,78914.5,3.89947000
1787604540,78914.4,78914.5,78854.3,78862.2,4.92379700
1787604600,78862.1,78862.7,78842.8,78852.7,5.64910600
1787604660,78852.6,78858.7,78851.9,78858.6,3.28254100
1787604720,78858.7,78871.8,78816.2,78816.3,3.69272200
1787604780,78816.3,78852.7,78816.3,78828.9,4.31182200
1787604840,78828.9,78865.3,78828.9,78865.3,3.34119500
1787604900,78865.3,78901.2,78865.3,78901.1,3.08981900
1787604960,78901.2,78920.8,78901.1,78920.7,3.61625300
1787605020,78920.8,78931.9,78902.3,78931.9,2.97618800
1787605080,78932,78936.4,78924.8,78936.4,2.65642500
1787605140,78936.3,78944.5,78915.7,78932.3,3.25168000
1787605200,78936.5,78944.4,78936.5,78944.4,0.76667700
1787605260,78944.4,78983.9,78944.4,78979,2.70263500
1787605320,78983.9,78990.8,78966.5,78970.6,1.57902600
1787605380,78970.8,79013,78970.8,79011.5,1.85096300
1787605440,79011.4,79011.4,78980.3,79008.9,3.50438500
1787605500,79012.9,79012.9,78987.2,79004.3,4.89671600
1787605560,79004.2,79006.3,78998,79006.3,2.65689500
1787605620,79006.2,79006.3,78974.4,78996.7,3.59484800
1787605680,78996.7,79012.1,78996.5,78998.6,1.95031800
1787605740,78998.6,79003,78968.9,78977.9,3.80778800
1787605800,78978,78998.3,78977.9,78998.3,2.76315000
1787605860,79004,79036.3,79004,79036.3,2.48483100
1787605920,79037.3,79041.4,79022.3,79022.3,3.10500400
1787605980,79019.5,79045,79014,79014.1,2.72105400
1787606040,79014,79030.2,79014,79030.2,2.63830100
1787606100,79030.2,79041.7,79014.3,79018.1,1.15050500
1787606160,79018,79018,78926.6,78926.6,4.07195100
1787606220,78926.7,78964.4,78926.7,78942.5,2.66552500
1787606280,78937.6,78959.8,78925.1,78959.8,3.90035600
1787606340,78965.8,78970.5,78861,78862.8,3.05984800
1787606400,78862.7,78874.4,78847.9,78874.4,6.02073400
1787606460,78875.7,78884,78875.6,78878.3,3.49070100
1787606520,78878.2,78958.4,78870.8,78958.3,4.34260900
1787606580,78958.3,78958.3,78936.7,78950.5,3.32439400
1787606640,78950.4,78958.3,78942.6,78942.6,2.36342900
1787606700,78942.6,78952.6,78918.6,78918.6,3.46072400
1787606760,78918.7,78932.9,78918.6,78918.6,3.18626300
1787606820,78918.6,78918.6,78903.8,78903.8,1.06368000
1787606880,78903.8,78917.9,78903.7,78917.9,2.94152400
1787606940,78917.8,78924.5,78917.8,78924.5,2.52210400
1787607000,78924.5,78960.1,78924.5,78960.1,1.64527600
1787607060,78966.3,79021.3,78911.2,78923.5,4.10393900
1787607120,78933.4,78968.8,78918.6,78954.9,3.66991000
1787607180,78954.9,78954.9,78934.5,78934.5,0.68331100
1787607240,78934.6,78939,78931.1,78939,1.83707300
1787607300,78938.9,78950.6,78926.6,78935.7,4.79668800
1787607360,78935.8,78960.7,78935.7,78950.5,1.50638700
1787607420,78950.5,78954.9,78941,78954.9,3.20662400
1787607480,78954.9,78957.8,78926.7,78927,2.34317900
1787607540,78928.6,78968.8,78928.6,78968.8,1.24072100
1787607600,78970.5,79004,78970.5,79002.7,2.52045300
1787607660,79002.8,79006.3,78988.9,78988.9,2.26321900
1787607720,78983.1,79015.2,78983.1,79015,1.50323100
1787607780,79015.1,79019.4,78958.6,78971,2.64630900
1787607840,78971,78982.4,78963.3,78982.3,1.50748200
1787607900,78982.4,79004,78960.4,78972.7,2.47892600
1787607960,78968.8,78999.8,78963.1,78998.6,2.31259500
1787608020,78998.5,79005.9,78998.5,79005.9,1.85073300
1787608080,79006,79032.2,79006,79030,1.33723400
1787608140,79030,79043.8,79016.8,79016.8,2.10683800
1787608200,79015.1,79015.2,78995.1,78995.1,1.89100600
1787608260,78995.2,79029.5,78995.1,79014.1,2.52032200
1787608320,79014.1,79014.1,78951.3,78951.3,3.26225800
1787608380,78951.4,78951.4,78926.6,78926.6,3.18901100
1787608440,78926.6,78942.1,78918.8,78942.1,2.00941800
1787608500,78942,78957.2,78942,78957.1,4.17890200
1787608560,78957.2,78957.4,78957.1,78957.4,0.43445800
1787608620,78957.4,78987.6,78957.4,78984.5,0.72634800
1787608680,78984.6,78989.3,78984.5,78989.3,1.80439900
1787608740,78989.3,78993.8,78978.2,78982.4,1.78134000
1787608800,78982.5,78982.5,78845.4,78845.5,1.27777300
1787608860,78845.5,78897.2,78845.5,78897.2,1.73970600
1787608920,78904.4,78994.3,78904.4,78928.8,1.55111800
1787608980,78925.1,78968.6,78873.2,78873.2,1.69084300
1787609040,78873.1,78897.2,78851,78897.2,1.50969800
1787609100,78898,78968.3,78896.9,78944.8,4.14598700
1787609160,78944.7,78988.8,78944.7,78961.7,3.56527500
1787609220,78961.7,78961.7,78904.9,78907.3,5.15087000
1787609280,78907.3,78936.7,78904.4,78930.9,4.53354300
1787609340,78930.9,78933.9,78904.4,78904.4,3.72661800
1787609400,78904.5,78923.3,78889,78889,2.35027900
1787609460,78881.8,78890,78881.8,78889.6,4.40249400
1787609520,78889.6,78889.7,78856.3,78859.7,3.08199700
1787609580,78859.6,78867.6,78837.7,78857.2,3.03245900
1787609640,78865.1,78874.4,78858.2,78874.4,2.41716600
1787609700,78874.4,78928.7,78855.2,78901,3.96231400
1787609760,78897.2,78926.3,78881,78926.3,2.98291000
1787609820,78928.4,78928.5,78908.3,78914.2,1.53778400
1787609880,78914.2,78936.1,78897.2,78919.4,3.38272600
1787609940,78919.5,78919.6,78849.4,78849.4,1.76514300
1787610000,78849.4,78881,78829.7,78829.7,1.43918000
1787610060,78833.9,78893.4,78833.9,78880.9,0.16356600
1787610120,78880.9,78880.9,78851.9,78871.3,0.08035500
1787610180,78866,78866,78829.4,78829.4,0.09361500
1787610240,78829.3,78868.4,78829.3,78851.6,0.34761800
1787610300,78851.6,78851.6,78820,78820,0.62599600
1787610360,78820.1,78820.1,78753.7,78766.6,1.08652600
1787610420,78766.5,78779.9,78751.7,78779.9,0.71777700
1787610480,78779.9,78779.9,78759.3,78775.7,1.77641800
1787610540,78775.7,78779.9,78767,78779.8,1.13169100
1787610600,78779.8,78830.9,78779.8,78830.9,1.19495400
1787610660,78830.8,78830.8,78742,78762,1.69588900
1787610720,78763.9,78804.4,78763.9,78804.3,1.79885900
1787610780,78804.3,78857.1,78799,78847.5,2.03266000
1787610840,78855,78897.2,78849.4,78877.8,1.34432400
1787610900,78877.9,78897.2,78857.4,78873.1,2.82391400
1787610960,78865.1,78870.6,78849.8,78860.9,2.70647500
1787611020,78861,78919.7,78860.9,78911.3,3.82602500
1787611080,78911.2,78919.6,78885,78890.9,2.00912300
1787611140,78895.1,78910.2,78857.3,78857.3,2.20653100
1787611200,78857.2,78857.2,78809.6,78829,3.38466000
1787611260,78829.1,78829.1,78794,78803,2.52510800
1787611320,78803.1,78812.6,78740.5,78751.9,3.94291600
1787611380,78740.7,78801,78732,78787.3,2.61307000
1787611440,78801.6,78804.4,78765.5,78765.5,1.47957600
1787611500,78765.6,78817.5,78754,78793.7,0.80868700
1787611560,78793.1,78796.4,78785.8,78795.8,2.13257100
1787611620,78791.4,78807.5,78782.4,78797.2,2.83664200
1787611680,78797.3,78812.9,78771.2,78806.6,1.83512500
1787611740,78808.9,78812.7,78771.1,78812.7,3.18938800
1787611800,78813.9,78819.7,78778.9,78784.3,4.60325800
1787611860,78784.2,78803.7,78783.6,78793.2,1.94791400
1787611920,78793.4,78803.2,78746.2,78803.1,2.75153800
1787611980,78804.3,78837.7,78801.4,78808.7,0.96768200
1787612040,78808.7,78808.7,78792.7,78801.5,2.21929700
1787612100,78801.5,78801.5,78737.9,78737.9,2.14312600
1787612160,78739.5,78758.8,78694.6,78724.9,2.71664200
1787612220,78734.6,78746.1,78733.1,78744.9,2.97790700
1787612280,78745.1,78753.8,78730.6,78734.8,2.22243900
1787612340,78734.9,78741.5,78734.9,78741.4,2.47599200
1787612400,78742.3,78768.3,78721.6,78721.6,2.77068500
1787612460,78721.6,78724.6,78687.5,78687.5,2.89111800
1787612520,78686.8,78693.9,78650,78660.8,4.20222500
1787612580,78660.8,78747.4,78623.7,78747.4,3.64827000
1787612640,78747.7,78761.2,78717.4,78734.6,2.50049800
1787612700,78735.1,78747.4,78717.6,78732.6,3.86001600
1787612760,78727.8,78736.1,78724.7,78731.8,4.15968100
1787612820,78731.9,78731.9,78721.5,78730.2,2.35420800
1787612880,78730.1,78773.5,78730.1,78773.5,3.06501600
1787612940,78773.4,78825.6,78773.4,78788,3.50141700
1787613000,78780.1,78819.7,78773.5,78773.5,3.36191000
1787613060,78773.6,78816.2,78773.6,78796.7,3.72155700
1787613120,78796.7,78819.1,78796.7,78819,2.77136700
1787613180,78819,78819,78724.8,78724.8,2.25455300
1787613240,78724.7,78747.4,78716.7,78747.4,2.36773800
1787613300,78745.8,78771.6,78745.5,78757.7,1.22850800
1787613360,78757.8,78771.8,78757.8,78771.8,2.18605300
1787613420,78771.8,78799.5,78756.3,78782.6,5.18456600
1787613480,78782.7,78796,78764.3,78770,4.27041800
1787613540,78769.9,78773.5,78740.6,78773.5,1.61323800
1787613600,78773.5,78826.8,78773.5,78826.8,3.18965900
1787613660,78819.9,78827.4,78814.1,78823.3,2.02940200
1787613720,78826.1,78865.5,78826.1,78865.5,1.54202500
1787613780,78864,78879.9,78864,78879.9,1.85806600
1787613840,78880,78971.9,78880,78934.4,2.22898300
1787613900,78934.3,78976.8,78934.3,78947.6,3.52120200
1787613960,78947.7,78954.7,78931.1,78954.7,1.91307600
1787614020,78954.7,78958.5,78907.1,78907.2,3.08285100
1787614080,78907.2,78907.2,78905.2,78905.2,0.52059300
1787614140,78905.1,78926.8,78899.2,78899.2,3.32324300
1787614200,78899.3,78914.6,78871.7,78891.2,1.80815000
1787614260,78893.2,78914.7,78875.3,78901.1,1.43546500
1787614320,78901,78976.8,78891.3,78976.8,2.87394200
1787614380,78976.7,78976.7,78930.3,78930.3,1.91437500
1787614440,78930.3,78930.3,78867.4,78890.9,1.77678000
1787614500,78890.9,78890.9,78860.8,78860.9,3.00029800
1787614560,78871.3,78883.3,78871.3,78883.3,3.54708700
1787614620,78889.3,78903.1,78875.3,78903.1,3.80176000
1787614680,78904.1,78936.5,78904.1,78907.4,4.18355300
1787614740,78907.4,78950,78907.4,78949.9,3.33006900
1787614800,78949.9,78950,78927.9,78949.9,1.77348200
1787614860,78950,78971,78943.8,78943.9,1.78199700
1787614920,78943.8,78954.9,78934.7,78946.1,2.24722600
1787614980,78946.2,78983.4,78939,78983.3,2.65016200
1787615040,78983.3,78983.3,78956.5,78956.5,1.84082000
1787615100,78956.5,79005.1,78956.5,78979.3,2.20920500
1787615160,78978.8,78986.1,78946.9,78948.3,2.30519300
1787615220,78939,78954.9,78923.1,78928.6,3.13413900
1787615280,78928.7,78928.7,78868,78868.1,3.32011700
1787615340,78870.7,78922.5,78870.7,78896.7,2.81110100
1787615400,78891.2,78904.6,78882,78904.6,3.50722600
1787615460,78904.6,78904.6,78883.4,78885.7,3.68175400
1787615520,78885.6,78907.6,78871.8,78895.5,2.88874300
1787615580,78895.5,78895.6,78853,78853,2.20393900
1787615640,78853,78867.4,78844.4,78859.6,4.53748700
1787615700,78859.5,78867.4,78827.8,78867.3,1.77753900
1787615760,78867.4,78871.7,78867.4,78871.6,0.40839200
1787615820,78871.7,78915.1,78871.6,78899.7,3.03401200
1787615880,78899.8,78982.7,78899.7,78965,3.68753500
1787615940,78970.8,78994.7,78970.8,78984.9,1.51063000
1787616000,78984.9,79006,78948.3,78971.5,6.38136100
1787616060,78971.5,78989.6,78948.8,78950.8,5.84292600
1787616120,78950.7,78972.9,78947,78947,3.46551800
1787616180,78947.1,78987.3,78939.2,78960.7,4.22272200
1787616240,78960.8,78987.9,78941.2,78941.2,5.44002400
1787616300,78939.3,78939.3,78905.8,78933.3,0.16809500
1787616360,78937.2,78957.1,78909.4,78918.8,4.81441700
1787616420,78922,79060.5,78922,78989.7,5.52937400
1787616480,78989.7,79064,78972.6,78972.6,5.90599400
1787616540,78972.6,78979.3,78893.1,78937.2,6.26591400
1787616600,78939.1,78999.3,78911.1,78988.5,12.77153900
1787616660,78988.5,79028.4,78961.8,78961.8,7.52732200
1787616720,78961.9,79028.7,78961.8,79028.7,9.59649600
1787616780,79028.8,79042,78943.6,78943.7,7.55321300
1787616840,78943.7,78965.1,78939.2,78965,6.44724400
1787616900,78965,78965,78850.1,78853,5.84791700
1787616960,78853.8,78853.9,78806.2,78822,5.95955700
1787617020,78820.2,78820.2,78772.5,78772.5,5.73136600
1787617080,78772.5,78778.6,78725.4,78735,8.60257600
1787617140,78734.9,78803.8,78711.1,78786.4,5.83091100
1787617200,78782.4,78782.4,78754.3,78766.2,2.54946500
1787617260,78766.2,78794.5,78742.8,78794.5,0.37031800
1787617320,78798.2,78830,78798.2,78807.3,0.37922600
1787617380,78822,78858.6,78822,78847.4,0.41373000
1787617440,78853.8,78854.5,78794.5,78794.6,0.24597900
1787617500,78806.2,78872.2,78795.8,78872.1,2.38953200
1787617560,78872.2,78884.7,78805.8,78806.6,4.00686100
1787617620,78814.1,78819.4,78772.5,78804.9,1.74197900
1787617680,78804.2,78804.2,78750.7,78790.3,3.15340600
1787617740,78791.4,78815.8,78774.5,78798.4,3.48605600
1787617800,78798.3,78806.2,78772.5,78806.2,3.21852600
1787617860,78806.4,78822,78772.5,78772.6,3.88553400
1787617920,78766.5,78780.3,78743.8,78750.7,4.45679100
1787617980,78750.7,78805.7,78743,78805.7,2.94575500
1787618040,78805.8,78821.9,78750.7,78775.4,1.64689400
1787618100,78776.8,78872.4,78776.8,78871.9,4.64622400
1787618160,78872.3,78905.8,78861.7,78869.6,3.59706800
1787618220,78869.6,78897.7,78814.2,78897.7,6.71282600
1787618280,78897.7,79014.9,78897.6,79014.8,3.44380500
1787618340,79014.9,79014.9,78912,78963.4,4.94753700
1787618400,78964.3,79035.4,78909.2,78909.2,6.70681000
1787618460,78909.3,78949.6,78909.3,78949.6,5.30128000
1787618520,78949.6,79006.1,78934.3,79006,4.52799900
1787618580,79006.1,79319.7,79006.1,79297.6,12.65800900
1787618640,79292.4,79364,79289.5,79363.9,6.59295400
1787618700,79364,79531.7,79325.3,79528.5,18.59384900
1787618760,79528.6,79683.3,79491.6,79672.8,17.44737400
1787618820,79668.5,79784.3,79659.3,79728,17.68680900
1787618880,79738.3,79738.3,79526.3,79544.3,16.85166200
1787618940,79544.2,79646.8,79526.2,79582.8,18.95666300
1787619000,79590.9,79684.4,79480.5,79684.3,16.53411500
1787619060,79684.4,79687.9,79588,79639.4,27.28227400
1787619120,79643,79700.8,79643,79662.6,25.52789600
1787619180,79662.6,79677.3,79570.8,79646.9,20.89753200
1787619240,79657.4,79845.6,79657.4,79845.6,25.87482500
1787619300,79845.6,79875.4,79761.2,79849.4,22.39287200
1787619360,79849.4,79885.8,79739.2,79739.3,13.40416100
1787619420,79739.2,79831.5,79728.6,79816,12.48054100
1787619480,79821.5,79821.5,79715.2,79781.3,17.64429000
1787619540,79784.1,79793.6,79716.3,79735.6,13.06351400
1787619600,79735.6,79791.1,79695.1,79791.1,5.95361100
1787619660,79791.1,79865.6,79771,79852.4,17.56516400
1787619720,79856.3,79926,79812,79909.2,16.34324100
1787619780,79909.3,79980,79883.2,79973.9,18.20453700
1787619840,79974.7,79974.7,79899,79931.1,19.30093700
1787619900,79932.2,79935.5,79818.1,79841.6,26.24306200
1787619960,79841.6,79925.5,79841.6,79925.5,12.67309800
1787620020,79925.5,79950,79808,79811.6,16.49371700
1787620080,79811.7,79811.7,79749.8,79791.2,16.15510200
1787620140,79791.2,79845.6,79791.2,79803.5,16.33095700
1787620200,79803.5,79803.6,79625.6,79684.4,12.78297100
1787620260,79684.3,79715,79622.7,79712.8,13.45038100
1787620320,79712.7,79716,79611.7,79711.1,13.93371400
1787620380,79711.1,79749.9,79668,79673.8,11.04397900
1787620440,79679.5,79689.9,79619,79646.5,9.93496200
1787620500,79657.5,79657.5,79480,79519.3,13.86499600
1787620560,79519.3,79613.7,79487.8,79613.6,12.55305600
1787620620,79613.7,79800.4,79613.6,79711.2,15.91938400
1787620680,79711.1,79759.8,79658.6,79672.8,14.37248400
1787620740,79672.8,79749.9,79657.5,79736.8,12.62721000
1787620800,79736.9,79795.3,79728.8,79779.5,10.60149200
1787620860,79773.9,79819.9,79722.5,79754.7,11.64751500
1787620920,79754.8,79764.5,79681.8,79681.8,9.89832700
1787620980,79681.8,79749.9,79635.4,79668.7,11.76152900
1787621040,79656.1,79807,79649.4,79743.1,11.53188500
1787621100,79738,79803.4,79722.5,79795.3,9.15414900
1787621160,79795.4,79878.3,79764.5,79865.9,9.95274000
1787621220,79866,79963,79865.9,79921.6,7.91694300
1787621280,79921.7,79921.7,79852.3,79872.4,7.75670600
1787621340,79876.7,79876.7,79803.5,79830.2,7.17831600
1787621400,79830.2,79851.9,79811.7,79825.8,6.35682600
1787621460,79827.9,79860.4,79815.5,79823.3,9.25262400
1787621520,79819.1,79819.1,79737.8,79737.8,7.58978000
1787621580,79737.9,79747.3,79665.7,79687.5,10.56603100
1787621640,79687.6,79749.9,79687.6,79722.3,11.24982400
1787621700,79722.2,79722.3,79681.9,79697,8.12149400
1787621760,79697,79727.4,79684.5,79727.4,9.81052400
1787621820,79727.3,79778.9,79706.2,79771,9.90718400
1787621880,79777.1,79871.5,79777.1,79811.6,9.45584000
1787621940,79809.6,79818,79764.5,79818,7.72506900
1787622000,79818,79914.3,79818,79819.8,8.86829800
1787622060,79819.7,79882.6,79803.5,79803.6,6.51474900
1787622120,79803.6,79827.8,79730.4,79730.4,8.26065000
1787622180,79725.7,79762.9,79711.1,79730.2,5.50107800
1787622240,79725.4,79725.5,79689.9,79704.3,7.56022400
1787622300,79709.7,79730.2,79698,79728.5,5.30487900
1787622360,79728.5,79758.7,79690.6,79690.6,6.82022300
1787622420,79690.5,79697.4,79657.4,79671.6,8.58434200
1787622480,79671.7,79715.7,79657.7,79707.9,9.65236500
1787622540,79715.8,79726.3,79671.7,79711.7,8.98340800
1787622600,79711.7,79711.8,79658.6,79690.4,9.12777200
1787622660,79690.5,79696.4,79604.4,79611.8,5.39560500
1787622720,79611.7,79616.2,79538.8,79538.8,7.63622400
1787622780,79538.6,79589.3,79518.8,79568.6,4.29547000
1787622840,79575.7,79613.7,79535.1,79613.6,8.13001600
1787622900,79613.7,79668.7,79603.7,79668.7,8.44564100
1787622960,79668.8,79691.8,79617.1,79641.2,7.92517500
1787623020,79641,79703.4,79633.1,79697,7.73703200
1787623080,79697.1,79823.2,79697.1,79823.2,7.52206300
1787623140,79823.2,79838.7,79787.3,79819.7,7.87143000
1787623200,79827.8,79838.6,79787.2,79787.2,7.19394200
1787623260,79787.2,79797.1,79750.6,79760.5,7.27944000
1787623320,79760.6,79924,79730.9,79902.3,8.28264800
1787623380,79902.3,79924,79784.8,79797.4,8.56114900
1787623440,79797.5,79837.8,79777.5,79783.3,7.99047800
1787623500,79783.2,79851.7,79765.6,79772.1,6.53175600
1787623560,79772.2,79780.9,79750.6,79750.6,10.68966300
1787623620,79750.7,79808.5,79742,79775.2,7.03159500
1787623680,79775.1,79835.3,79756.7,79779.9,8.44969400
1787623740,79776.3,79795.4,79739.1,79795.3,8.21870600
1787623800,79795.4,79920.8,79795.4,79919,12.47460400
1787623860,79917.3,79917.3,79829.6,79864.3,5.90575700
1787623920,79854.2,79854.2,79805.4,79838.8,5.83236300
1787623980,79838.8,79850.1,79797.3,79844.6,6.02827400
1787624040,79838.1,79875.1,79821.6,79863.2,6.59685700
1787624100,79863.3,79869.9,79818.9,79819,1.54236800
1787624160,79832.9,79870,79828.2,79870,4.83656700
1787624220,79869.7,80930,79869.7,80733.3,51.99599600
1787624280,80733.3,80909.9,80551.6,80894,44.95649800
1787624340,80894,80926.4,80748.8,80855.8,17.29035800
1787624400,80855.8,81075.3,80773.4,80926.9,28.67061400
1787624460,80926.9,81063.5,80766.5,80786.8,5.18709300
1787624520,80778.1,80856.7,80623,80703.2,5.18530200
1787624580,80698,80708.5,80641.9,80658.4,3.47987700
1787624640,80668.6,80795.6,80596,80788.2,5.76074800
1787624700,80788.2,80891.8,80731.4,80813.8,28.15877400
1787624760,80813.9,80894,80786.9,80820.5,34.10033400
1787624820,80825.3,80863.2,80808.7,80857.9,35.84157100
1787624880,80858,81013.9,80850.3,80999.6,35.05880000
1787624940,80999.5,81036.8,80920.1,81009,36.76772300
1787625000,81000.6,81011.8,80884.9,80902.5,31.20370300
1787625060,80903.8,80993.3,80801.2,80976.8,28.60747100
1787625120,80975,80997.1,80822.3,80841.9,27.15854600
1787625180,80841.9,80891.8,80810.4,80845.4,31.14749500
1787625240,80845.4,80901.3,80803.8,80870.9,27.76367600
1787625300,80870.8,80933.7,80852.1,80877.6,30.10662900
1787625360,80877.7,80883.2,80821.8,80845.8,26.13174200
1787625420,80845.8,80875.3,80773.4,80866.8,25.27604200
1787625480,80866.8,80942.4,80866.8,80940.2,26.22566800
1787625540,80942.4,80993.3,80905.9,80955.2,23.50516000
1787625600,80955.1,81025.6,80933.8,80971.2,14.62047900
1787625660,80971.3,81200,80962.2,81164.4,20.78844500
1787625720,81178.2,81269.2,81086.9,81086.9,23.86725100
1787625780,81086.8,81110,80935.2,80975.5,20.24544600
1787625840,80975.5,80976.9,80821.8,80828.2,17.42131300
1787625900,80828.3,80858.6,80774.3,80774.3,26.03177600
1787625960,80774.3,80848.5,80757.3,80776.4,31.88142400
1787626020,80776.5,80833.2,80773.7,80808.6,32.48740800
1787626080,80800.9,80809.4,80709.1,80712.7,28.15461600
1787626140,80712.6,80733.7,80645.8,80645.9,29.35801500
1787626200,80645.8,80645.8,80428.5,80508.7,28.24630400
1787626260,80508.6,80527.4,80445.3,80493.3,20.84626600
1787626320,80497.5,80624.2,80485.1,80591.1,17.55826400
1787626380,80601,80728.7,80583.4,80708.2,22.84318300
1787626440,80708.1,80715.4,80631.5,80643.5,23.23634700
1787626500,80643.4,80704.5,80600.1,80692.3,20.62635900
1787626560,80692.3,80728.4,80652.8,80683.9,19.92952800
1787626620,80681.9,80721.7,80647.1,80652.9,21.31228700
1787626680,80647.2,80667.8,80623.2,80667.8,26.40881400
1787626740,80672,80681.9,80629.1,80642.9,17.63880900
1787626800,80643,80708.8,80643,80697.4,14.48802400
1787626860,80697.3,80697.3,80616.2,80638.3,14.48484700
1787626920,80638.4,80682.6,80588.9,80682.6,15.69510800
1787626980,80682.7,80807.8,80682.7,80806.6,15.80968600
1787627040,80807.9,80843.3,80807.8,80834.9,14.90307100
1787627100,80834.9,80892.5,80818.2,80818.2,17.20707200
1787627160,80810.9,80910.3,80810.9,80905.4,15.85005400
1787627220,80905.3,80930.5,80898,80914.5,16.79405100
1787627280,80910,80951.6,80853.1,80853.1,14.30667300
1787627340,80853.1,80900.5,80851.5,80865.1,15.23406600
1787627400,80865.1,80918.2,80848.7,80868.2,11.85854600
1787627460,80868.2,80879,80797.8,80837.2,13.77800500
1787627520,80837.2,80877.8,80823.5,80834.9,10.44183500
1787627580,80835,80883.6,80801.7,80868.2,11.84013900
1787627640,80866.4,80878.4,80768.3,80796.8,14.16336000
1787627700,80796.7,80796.7,80717.6,80735,11.15066100
1787627760,80728.2,80816.2,80728.2,80764.3,12.97619500
1787627820,80767.1,80767.1,80670.9,80677,13.31574500
1787627880,80676.9,80775,80661.7,80763,12.23938800
1787627940,80758,80804.5,80737.3,80760,11.35407700
1787628000,80760,80809.8,80703.6,80710.3,13.61201800
1787628060,80710.3,80725.6,80605.7,80722.1,10.23453100
1787628120,80714.2,80748,80685.2,80710,11.93559300
1787628180,80710,80751.7,80685.3,80726.9,9.78414300
1787628240,80726.9,80727,80612.9,80660.6,10.84306200
1787628300,80660.5,80660.6,80596.4,80596.4,6.13659700
1787628360,80596.3,80596.4,80510,80594.1,8.78430200
1787628420,80600.2,80660.6,80588.5,80660.6,8.97518100
1787628480,80663.7,80663.7,80623.3,80630.2,7.56966800
1787628540,80630.1,80642.3,80602.4,80642.2,7.47547900
1787628600,80642.2,80659.1,80602.4,80649.5,7.98622400
1787628660,80656.1,80727.1,80654,80727.1,7.83083000
1787628720,80727.1,80800,80727.1,80800,10.45640000
1787628780,80800,80837.3,80734.2,80760,9.51228100
1787628840,80768.2,80774.4,80745.9,80748.1,5.69541700
1787628900,80748.1,80788.4,80707.1,80707.1,10.51485500
1787628960,80711.5,80768.1,80707.2,80756.8,9.92399000
1787629020,80760,80775.5,80735.2,80761.5,10.80271900
1787629080,80766.3,80880,80751.8,80821.1,11.26141100
1787629140,80821.1,80857.5,80777.6,80806.5,9.04909100
1787629200,80806.4,80814.5,80682.8,80768.2,9.23581500
1787629260,80768.3,80807.9,80757.7,80807.9,16.48911700
1787629320,80807.8,80807.9,80732.1,80732.8,8.68859300
1787629380,80732.8,80732.8,80647.8,80664.9,8.97103000
1787629440,80664.9,80676.9,80534.4,80588.3,10.97049300
1787629500,80588.3,80623.5,80543.3,80623.4,14.17523700
1787629560,80623.4,80676.9,80594.1,80672.3,13.08055200
1787629620,80672.4,80672.9,80622.9,80639,11.63171800
1787629680,80639,80652.1,80484.4,80502,15.26062000
1787629740,80485,80524.5,80392.1,80461.8,15.52381500
1787629800,80470.1,80538.4,80470.1,80538.4,14.98573900
1787629860,80538.4,80577.5,80511.5,80577.4,14.70121400
1787629920,80577.5,80650.9,80570.1,80642.7,16.76291800
1787629980,80642.7,80642.7,80594.1,80623.3,15.70547600
1787630040,80623.4,80632.3,80517.3,80549.9,14.72393200
1787630100,80550,80550,80445.3,80466.5,11.72185000
1787630160,80466.6,80498.8,80352.9,80358.1,11.91493000
1787630220,80358.1,80416.8,80315.3,80409.1,9.66451800
1787630280,80409,80450.1,80394.2,80439,12.41984800
1787630340,80438.9,80500,80432.7,80480.6,9.79227400
1787630400,80480.6,80521,80470.7,80508.3,11.91408900
1787630460,80508.4,80508.4,80446.8,80484,17.63739900
1787630520,80483.9,80587.2,80446.8,80587.2,13.96776500
1787630580,80587.1,80606.6,80512.8,80512.8,14.08376200
1787630640,80512.8,80517.3,80370.5,80389.1,17.48034900
1787630700,80389,80438.5,80351.2,80425.7,11.49833000
1787630760,80425.7,80455.1,80321.3,80323,9.47242800
1787630820,80323,80397.4,80272.2,80397.4,12.35739400
1787630880,80397.3,80416.8,80339.8,80405.1,11.08821200
1787630940,80388.7,80446.8,80360.6,80446.8,9.40722100
1787631000,80439.9,80449.9,80366.7,80411,10.11292600
1787631060,80410.9,80509.3,80405.6,80509.2,7.37519000
1787631120,80509.2,80554.3,80472.5,80503.6,21.06500800
1787631180,80504.6,80509.3,80439.8,80452.3,6.77797600
1787631240,80452.3,80492.3,80439.8,80490,8.55303800
1787631300,80490.1,80490.1,80399.9,80401,8.26351900
1787631360,80410.3,80430.3,80387.4,80387.4,11.47485800
1787631420,80387.5,80439.7,80378.1,80388.8,13.18802400
1787631480,80388.8,80388.9,80324.4,80353.6,12.02760900
1787631540,80353.6,80376,80283.9,80301.3,13.15417100
1787631600,80306.8,80323.9,80260.7,80323.8,6.84095100
1787631660,80323.8,80351,80294.3,80315,1.66991600
1787631720,80314.9,80382.7,80298.7,80362.2,3.03534200
1787631780,80362.1,80362.1,80301.4,80306.7,1.33468800
1787631840,80306.6,80405.2,80294.2,80405.1,3.08262900
1787631900,80405.1,80405.4,80336,80356.2,10.26418400
1787631960,80356.2,80356.2,80283,80290,12.87825000
1787632020,80290,80290,80237.6,80243.2,12.05825200
1787632080,80243.2,80265.8,80237.9,80258.5,11.12595100
1787632140,80258.4,80290.4,80249.4,80249.4,13.26259800
1787632200,80249.5,80260,80197.4,80197.4,7.98733000
1787632260,80197.5,80215.7,80151.1,80157.4,8.21112900
1787632320,80157.5,80335.9,80157.5,80327.4,10.95599600
1787632380,80327.4,80363.5,80307,80315.1,12.31315600
1787632440,80331.6,80341.3,80266.8,80306.6,9.95136700
1787632500,80306.7,80383.6,80286.2,80383.6,8.11657800
1787632560,80383.6,80386.6,80324.4,80324.4,8.77777700
1787632620,80324.5,80327.5,80290.9,80327.2,8.96193600
1787632680,80327.1,80386,80327.1,80366.5,11.32556200
1787632740,80366.5,80386.9,80305.4,80329.7,10.97946500
1787632800,80327.7,80335.9,80282.3,80335.9,6.39986400
1787632860,80335.9,80340.3,80232.4,80261.9,10.71941100
1787632920,80261.9,80280.8,80222.2,80222.3,9.34268500
1787632980,80225.1,80249.4,80215.7,80228.4,8.52103800
1787633040,80228.4,80241.2,80215.7,80236.7,10.53238700
1787633100,80236.6,80301.3,80225.6,80301.3,6.98870300
1787633160,80301.2,80333.5,80274.1,80333.5,8.81256300
1787633220,80333.6,80335.9,80282.3,80295.3,7.71789300
1787633280,80299.5,80299.5,80241.2,80290.5,8.34959900
1787633340,80290.5,80306.9,80282.6,80297.9,6.92049400
1787633400,80298.5,80344.4,80298.5,80317.7,11.02777100
1787633460,80317.7,80330,80315.1,80328.7,6.93060700
1787633520,80325.5,80329.9,80303.8,80311.7,5.36736800
1787633580,80311.7,80347.9,80257.6,80268.6,8.74426400
1787633640,80268.7,80286.8,80232.3,80232.3,6.95986600
1787633700,80232.4,80266.8,80231.9,80254,16.61661700
1787633760,80256.9,80265.8,80234,80234,10.08695300
1787633820,80234.1,80262,80215.7,80261.9,11.57888800
1787633880,80262.2,80298.7,80257.6,80298.7,10.71248900
1787633940,80298.6,80364.2,80298.6,80364.1,13.11539500
1787634000,80364.2,80396,80316.8,80321.1,8.68096800
1787634060,80322.6,80422,80322.6,80422,10.45776800
1787634120,80422,80447.5,80407.1,80419.9,9.55477400
1787634180,80423.6,80466.7,80415.3,80440.1,8.73777500
1787634240,80440.1,80479,80437.9,80464.9,6.79698300
1787634300,80465,80484.3,80445.9,80467.9,12.05525000
1787634360,80468,80502.5,80468,80502.5,9.10107200
1787634420,80502.5,80526,80502.4,80526,9.57299000
1787634480,80525.9,80554.3,80509.7,80551.9,9.43371800
1787634540,80551.8,80557.1,80551.8,80557,8.05822200
1787634600,80557.2,80561.9,80517.4,80526,2.57336900
1787634660,80517.7,80556.3,80517.4,80517.5,5.12755100
1787634720,80517.4,80566.6,80517.4,80557.2,7.05810700
1787634780,80557.9,80570.5,80529.1,80538.9,5.02168600
1787634840,80539,80579.5,80524.6,80547.4,7.27192100
1787634900,80547.4,80563.7,80490.2,80490.5,11.21329200
1787634960,80490.5,80522.5,80483,80483,9.59064800
1787635020,80482.9,80521.2,80481.3,80489.5,8.02356100
1787635080,80489.6,80579.5,80489.5,80579.5,7.28842200
1787635140,80575.4,80597.9,80548.5,80548.5,8.32112800
1787635200,80560,80580.3,80507.6,80507.6,7.01737400
1787635260,80510.4,80524.9,80481.3,80524.9,9.72572000
1787635320,80524.9,80570.1,80520.8,80570.1,9.80697600
1787635380,80570.2,80570.2,80532.6,80536.9,8.08886000
1787635440,80537,80560.1,80514.8,80554.5,6.84196800
1787635500,80554.4,80627.8,80552,80627.8,4.00437100
1787635560,80627.8,80636.3,80605.2,80629.2,7.44083500
1787635620,80635.2,80666.5,80635.2,80657.9,5.46285000
1787635680,80658,80698.7,80657.7,80658.1,7.57555100
1787635740,80671.3,80739.7,80624.9,80643.9,8.32597400
1787635800,80645.1,80669.4,80596.9,80653,8.84475900
1787635860,80653,80731.1,80652.9,80721,9.23327400
1787635920,80721,80799.7,80696.3,80770.9,9.77848400
1787635980,80771,80771,80712.4,80752.1,11.23183100
1787636040,80752.2,80808.8,80752.2,80808.8,10.74119400
1787636100,80808.8,80820.2,80762.6,80795.5,7.97828100
1787636160,80795.9,80810.9,80767.2,80767.2,9.04877700
1787636220,80767.2,80803.7,80754.1,80775.7,8.59873700
1787636280,80775.8,80787.6,80735.4,80751.4,11.49877200
1787636340,80753.8,80772.2,80742,80770.9,10.28712200
1787636400,80773.9,80799.6,80754,80765.6,6.33384600
1787636460,80765.7,80793.6,80763.2,80779.3,8.39756900
1787636520,80778.7,80786.8,80775.8,80775.9,4.45034300
1787636580,80775.8,80784.8,80729.5,80744.9,8.61711800
1787636640,80744.9,80744.9,80700.8,80707.4,7.29003600
1787636700,80707.4,80736.6,80707.4,80736.5,2.33817100
1787636760,80731.2,80741,80712.8,80740.9,5.06696800
1787636820,80729.4,80729.4,80640.4,80679.3,4.71262300
1787636880,80679.3,80746,80679.3,80746,3.21420200
1787636940,80754,80759.4,80740.8,80757,4.10629000
1787637000,80757,80805,80736.6,80736.6,7.35240000
1787637060,80729.4,80761.2,80712.4,80756.4,5.67397800
1787637120,80756,80801.6,80756,80770.9,5.70869100
1787637180,80767.3,80773.4,80729.4,80729.4,4.06618800
1787637240,80729.4,80729.4,80649.5,80665.9,3.32361800
1787637300,80665.9,80780.1,80665.9,80780.1,5.97016400
1787637360,80780.1,80780.1,80779.9,80779.9,2.16561700
1787637420,80772,80780.1,80750.1,80769.9,4.70283400
1787637480,80769.9,80770,80747.1,80761.5,3.54803000
1787637540,80762.6,80779.3,80719,80733.3,7.74067600
1787637600,80737.7,80745.9,80692.2,80706.2,7.54444200
1787637660,80706.2,80722.5,80684.8,80689.1,6.13548800
1787637720,80689.1,80737.4,80689.1,80737.4,10.06226500
1787637780,80739.1,80779.3,80722,80764,7.35650500
1787637840,80764,80764,80706.8,80722.1,8.32521800
1787637900,80720.1,80720.2,80679.7,80681,9.86905100
1787637960,80681,80774.1,80681,80755.8,10.68933200
1787638020,80755.8,80767.2,80722.5,80722.6,7.87377800
1787638080,80722.5,80766.7,80722.5,80732.8,7.14421200
1787638140,80732.7,80766.2,80732.7,80766.2,7.78812900
1787638200,80766.1,80766.1,80722.1,80764.8,1.77380400
1787638260,80754.9,80754.9,80722.1,80728.2,5.98134700
1787638320,80728.2,80743.1,80728.2,80743.1,5.14292500
1787638380,80743.1,80752,80743,80752,4.56425900
1787638440,80752,80852.7,80751.9,80839,9.51533600
1787638500,80839,80852.7,80765.8,80788.8,1.91829600
1787638560,80788.9,80813.8,80780.7,80788.9,5.42725300
1787638620,80783.3,80838.7,80783.3,80836.9,6.12151500
1787638680,80837,80869.5,80824.7,80824.7,4.48427800
1787638740,80824.7,80829,80797.2,80826.9,5.81576500
1787638800,80826.9,80830.4,80802.1,80814.1,5.56295000
1787638860,80805.5,80812.4,80801.7,80812.3,0.14382500
1787638920,80812.3,80822.3,80772.4,80822.3,0.19760300
1787638980,80822.4,80919.9,80822.4,80863.7,1.06048700
1787639040,80859.7,80859.7,80772.3,80781.3,0.23960400
1787639100,80772.3,80772.3,80746.4,80747.5,3.16757400
1787639160,80747.4,80872.7,80747.4,80872.7,4.38738200
1787639220,80872.7,80876.9,80813.8,80813.9,5.06090600
1787639280,80813.8,80813.9,80759.3,80780.6,2.31091300
1787639340,80783,80783.1,80743.4,80743.4,5.88750000
1787639400,80739.2,80739.2,80684.9,80714.7,4.24806200
1787639460,80714.7,80746.8,80705.9,80746.7,3.80440600
1787639520,80730.9,80734.5,80623,80623.2,5.72207400
1787639580,80631.8,80697.3,80631.8,80690,4.94810000
1787639640,80685.4,80743.8,80665.9,80715.8,4.54604000
1787639700,80715.8,80715.8,80621.2,80647.9,7.43416900
1787639760,80647.8,80647.9,80620,80620.1,6.49153000
1787639820,80620.1,80620.1,80569.3,80575.1,5.51891500
1787639880,80575.1,80579.6,80536.7,80548.7,5.15859600
1787639940,80553.1,80557,80540.6,80556.9,5.42263700
1787640000,80556.9,80556.9,80504,80540.4,6.64689400
1787640060,80540.5,80545.5,80531.7,80545.4,4.03970200
1787640120,80545.5,80574,80545.5,80574,10.70278200
1787640180,80574,80580.2,80510.7,80510.7,5.11101800
1787640240,80518.4,80532.2,80514,80529.1,7.94646900
1787640300,80529.1,80544.3,80510.7,80510.8,4.33789100
1787640360,80510.8,80557,80510.7,80557,3.23627500
1787640420,80557.9,80568.1,80524,80555.6,4.17969700
1787640480,80556.9,80557,80515.8,80524.2,6.14821000
1787640540,80528.3,80545.9,80510.8,80539.9,4.09508800
1787640600,80540,80540,80510.8,80517.6,3.75095700
1787640660,80517.5,80517.6,80484.4,80484.4,2.59765700
1787640720,80484.4,80488.2,80460.8,80487.9,2.73366600
1787640780,80488,80536.9,80485.2,80485.2,3.68733000
1787640840,80485.2,80485.6,80455.6,80482.2,5.77389800
1787640900,80482.3,80482.3,80416.7,80454.7,1.54409500
1787640960,80454.7,80454.8,80400,80424.6,5.26905400
1787641020,80424.6,80452.8,80410.9,80452.7,3.58298200
1787641080,80452.7,80502.2,80441.5,80502.2,4.70535400
1787641140,80503.6,80565.2,80503.6,80565.1,3.34772100
1787641200,80568.1,80620,80527.7,80607.4,9.82669600
1787641260,80611.4,80658.5,80611.3,80652.1,6.12353800
1787641320,80651.1,80666.8,80624.5,80666.8,5.61908000
1787641380,80668.6,80699.2,80657.6,80699.1,4.58513500
1787641440,80699.2,80777.5,80699.2,80757,6.82822500
1787641500,80765.5,80806.2,80765.5,80791.9,7.90329700
1787641560,80797.6,80806,80748.7,80762.8,7.91570300
1787641620,80762.8,80762.8,80720.5,80720.5,5.87229800
1787641680,80720.5,80732.1,80702,80726,6.04930200
1787641740,80726,80770.3,80725.9,80751.2,3.71680500
1787641800,80748.7,80748.7,80724.8,80724.8,4.62456400
1787641860,80724.9,80724.9,80706.8,80706.8,5.54238600
1787641920,80700.1,80748.3,80700.1,80729.2,5.33516800
1787641980,80729.2,80753.9,80729.2,80732.5,5.90381600
1787642040,80732.4,80736.4,80709.4,80715.1,6.70608700
1787642100,80710.5,80715.5,80685.6,80685.7,8.68457800
1787642160,80685.7,80685.7,80659.1,80675.9,4.28007000
1787642220,80676,80733.3,80672.2,80672.3,4.93545000
1787642280,80672.2,80672.2,80631.8,80634.2,4.61553100
1787642340,80634.1,80634.2,80623,80627.2,3.81553300
1787642400,80627.2,80627.3,80621,80621,1.82471600
1787642460,80621.1,80641,80621,80641,2.30809400
1787642520,80648,80685.6,80648,80658.3,6.40825700
1787642580,80658.3,80663.1,80654.7,80654.7,2.70121800
1787642640,80654.7,80658.2,80615.8,80615.8,3.28213400
1787642700,80615.9,80632.8,80600.1,80632.7,4.03792700
1787642760,80632.8,80646.2,80625.7,80625.7,2.84446400
1787642820,80625.7,80687.6,80625.7,80673.1,2.47832600
1787642880,80673.1,80682.2,80662.8,80678.5,2.74193500
1787642940,80678.5,80690,80662.2,80662.3,1.47331300
1787643000,80657.6,80657.6,80604.4,80604.5,3.45659600
1787643060,80604.5,80650.7,80604.4,80650.7,2.93168800
1787643120,80650.7,80684,80602.7,80602.7,2.44259000
1787643180,80602.8,80609.9,80600,80600,4.13448300
1787643240,80600.1,80602.2,80600,80602.1,0.46615800
1787643300,80602.2,80606.3,80602.1,80606.3,0.00373600
1787643360,80606.3,80632.8,80606.3,80624.5,3.45675100
1787643420,80624.5,80640.8,80600,80600,2.52046500
1787643480,80600,80600,80529.9,80529.9,4.35880300
1787643540,80530,80533.6,80480,80480,3.24354500
1787643600,80489.7,80524,80489.7,80524,12.37343700
1787643660,80524,80524,80500.8,80523.9,4.06513600
1787643720,80523.9,80534,80517.3,80533.6,4.22314900
1787643780,80533.5,80534.9,80509.7,80509.7,6.51278300
1787643840,80509.7,80516,80484.4,80502.9,7.86487900
1787643900,80502.9,80522.1,80456.3,80456.3,7.41824500
1787643960,80455.6,80457,80408,80434.8,8.93826400
1787644020,80434.8,80448,80407.4,80418.2,9.02094700
1787644080,80418.2,80423.1,80127.5,80127.5,13.33158100
1787644140,80129.1,80150.6,79711.7,79888.5,28.78472500
1787644200,79888.4,79924.9,79747.8,79821.1,43.08218900
1787644260,79821.1,79822.3,79347.8,79536.5,58.12560200
1787644320,79541,79627,79488.6,79621,35.23302400
1787644380,79626.3,79761.5,79619.6,79742.1,38.82769800
1787644440,79740.1,79805.4,79740,79787.2,39.13225700
1787644500,79780.9,79780.9,79660.6,79703.5,43.10306200
1787644560,79703.5,79752.9,79672.9,79742.4,48.93542100
1787644620,79742.3,79785.5,79741.4,79743.7,53.44955500
1787644680,79743.8,79767.6,79733.3,79733.4,43.84067200
1787644740,79733.4,79779,79701.1,79701.1,45.84825500
1787644800,79701.1,79802.2,79701.1,79711,36.54072800
1787644860,79710.9,79737.2,79612.5,79702.8,30.33651000
1787644920,79702.9,79742.5,79678.6,79742.4,23.44462500
1787644980,79742.4,79821.5,79742.4,79816.1,41.11592000
1787645040,79816.1,79874.8,79792.3,79866.8,26.33247900
1787645100,79866.7,79868.3,79783.6,79848.3,18.82952700
1787645160,79848.3,79854.4,79816.1,79835.6,20.45731500
1787645220,79835.6,79836.5,79816.6,79818.7,17.89547300
1787645280,79818.7,79866.9,79789,79853.3,23.45254300
1787645340,79853.2,79876,79833.6,79833.6,19.79376200
1787645400,79833.6,79874,79833.6,79860,13.00563600
1787645460,79860.1,79890,79860.1,79882.4,5.14904900
1787645520,79883.2,79957.8,79883.2,79946.7,10.07788200
1787645580,79946.7,79976.4,79929.6,79929.6,10.91035200
1787645640,79925.8,79941.2,79920,79923.7,11.13777000
1787645700,79923.7,79979.1,79923.7,79967.3,4.95747100
1787645760,79970.1,80021.4,79970.1,80014.9,15.58962600
1787645820,80014.1,80063.5,80014,80046,7.49665400
1787645880,80051.6,80059.7,79994.3,79994.3,10.00872000
1787645940,79994.3,80019,79962.5,79990.4,9.67821800
1787646000,79990.5,80059.7,79990.4,80059.7,2.50335600
1787646060,80062.8,80072.5,80028.6,80043.4,0.13021000
1787646120,80051.6,80075.9,80051.6,80059.7,0.63094300
1787646180,80055.6,80187.3,79994.6,80170.1,1.97546700
1787646240,80182.2,80182.2,80071.9,80131.6,0.94529200
1787646300,80131.5,80246.3,80116.8,80209.9,8.39277500
1787646360,80209.9,80223,80177.1,80177.1,8.49173100
1787646420,80177.2,80225.4,80166.2,80187.7,10.04428700
1787646480,80187.7,80216.8,80176.7,80206.5,6.92930400
1787646540,80206.6,80229.1,80190.3,80190.5,8.43006900
1787646600,80190.5,80224.7,80190.4,80198.4,7.09576900
1787646660,80201.1,80206.6,80169.4,80206.6,8.20453600
1787646720,80206.6,80206.6,80166.8,80173.7,7.11640400
1787646780,80173.7,80173.7,80126.7,80129.8,7.37140100
1787646840,80129.9,80198.5,80126.7,80182.1,7.54523700
1787646900,80185.4,80200.6,80166.3,80180.8,7.37145500
1787646960,80180.8,80198.5,80153.2,80185.5,7.36007200
1787647020,80185.5,80185.5,80136.6,80147.5,3.43705900
1787647080,80145.6,80145.6,80020.1,80059.7,5.99984400
1787647140,80062.9,80081.8,79977.7,79977.7,5.19393000
1787647200,79977.7,79984.3,79945.3,79953.9,4.86495800
1787647260,79953.9,79985,79914.4,79985,8.20951800
1787647320,79986.3,80002.7,79972.9,79996.4,7.08004500
1787647380,79996.4,80096.3,79996,80096.3,5.14471700
1787647440,80097.2,80116.2,80085.8,80116.2,7.14960500
1787647500,80116.1,80125.1,80028.6,80028.6,8.01771000
1787647560,80028.7,80076,80028.3,80028.3,5.59260200
1787647620,80028.3,80028.3,79962.1,79967.7,6.06971400
1787647680,79967.6,79986.4,79960,79960.1,5.60966200
1787647740,79960.1,79960.1,79913,79913,7.03102200
1787647800,79913,79949.3,79913,79926,6.31416100
1787647860,79926.1,79926.1,79887.1,79896.6,6.44818100
1787647920,79896.5,79896.6,79853.2,79873.9,7.13174900
1787647980,79874.5,79875.8,79853,79867.3,8.46358900
1787648040,79872.6,79909.7,79872.6,79897.1,7.21440100
1787648100,79897.1,79925.7,79857.3,79857.3,5.90210200
1787648160,79857.3,79857.3,79838.1,79854.5,3.15734000
1787648220,79845.2,79916.5,79845.1,79911.7,5.89688300
1787648280,79911.6,79936.8,79911.6,79932.7,6.53788700
1787648340,79932.6,79947.4,79926,79933.4,4.44024300
1787648400,79936.8,79944.7,79892.2,79922.6,19.34235500
1787648460,79922.5,79922.5,79850,79850,9.22331000
1787648520,79850,79858.2,79800.1,79800.1,4.70131000
1787648580,79800,79808.7,79750,79783.2,3.19467400
1787648640,79783.1,79783.1,79712.3,79741,4.24597100
1787648700,79741,79748.7,79702.1,79729,8.16652900
1787648760,79729,79790.4,79728.9,79769.2,9.49224700
1787648820,79769.2,79823.8,79769.2,79815.5,9.76938500
1787648880,79819,79819,79766.9,79766.9,9.24695800
1787648940,79763.3,79778.2,79742.4,79771.9,10.60371200
1787649000,79771.9,79778.5,79769.3,79778.4,6.46518700
1787649060,79778.5,79778.5,79744.3,79765.5,7.59155700
1787649120,79761.2,79845.5,79734.1,79845.5,10.88329200
1787649180,79845.6,79910.9,79845.6,79907.6,11.11197400
1787649240,79907.7,79955.6,79842.1,79842.1,9.60262300
1787649300,79842.2,79874,79824,79847.1,5.17760800
1787649360,79842.1,79856.3,79780,79856.1,5.50552100
1787649420,79854.7,79908.3,79854.7,79874.5,8.37062600
1787649480,79874.5,79890.7,79820.5,79833.8,9.93470500
1787649540,79833.7,79863.8,79825.9,79834,6.32465000
1787649600,79834.1,79874.5,79826,79874.5,12.30547000
1787649660,79874.4,79892.2,79829,79844.4,9.25998500
1787649720,79844.4,79900.7,79844.4,79900.7,8.94254300
1787649780,79900.7,79915.1,79898.5,79914.5,6.60184300
1787649840,79915,79957.6,79915,79933.1,7.59055500
1787649900,79933.1,79933.2,79908,79908,3.34223600
1787649960,79908.1,79908.1,79776.7,79801.5,3.55852700
1787650020,79801.6,79823.8,79779.4,79804.5,4.08679900
1787650080,79809.7,79809.8,79767,79809.7,4.19281900
1787650140,79812.3,79823.8,79774.6,79818.9,5.11014900
1787650200,79819.6,79850.1,79819.6,79823.2,3.61944100
1787650260,79823.1,79858,79823.1,79857.7,4.74866300
1787650320,79857.7,79913.5,79850.2,79867.3,5.94576200
1787650380,79860.3,79866.3,79834.9,79858.2,4.47615600
1787650440,79858.3,79946.5,79858.3,79915.1,6.39787900
1787650500,79914,79915.9,79863.6,79863.6,7.15124600
1787650560,79863.5,79870.3,79823.8,79835.1,4.32407600
1787650620,79832.7,79866.5,79827.2,79860.8,5.01466700
1787650680,79856.6,79874.5,79809.2,79834,6.17238000
1787650740,79826.5,79851.9,79820.5,79828.2,5.83838700
1787650800,79834,79873.8,79834,79870.2,6.04041400
1787650860,79870.2,79923.1,79858.1,79882.6,4.52517000
1787650920,79881,79881,79858,79860.1,4.31596200
1787650980,79858,79858,79777.3,79777.3,6.62733200
1787651040,79777.4,79809.7,79750.6,79750.6,6.32002300
1787651100,79750.6,79781.3,79659.5,79659.5,6.47556600
1787651160,79660.3,79698.7,79620,79620,5.93481500
1787651220,79629,79656.1,79620,79627.4,5.34762900
1787651280,79628.5,79648.9,79601.5,79604.3,6.04619900
1787651340,79604.2,79609.1,79583.3,79583.8,5.95270100
1787651400,79591.8,79591.9,79446.7,79449.1,16.75456100
1787651460,79447.4,79448.3,79201.2,79262.6,15.29010300
1787651520,79262.6,79262.6,79103.5,79164.4,11.55955900
1787651580,79164.4,79184.4,78876.9,78926.2,13.61746200
1787651640,78930.3,79167.5,78930.3,79099.4,11.80668400
1787651700,79086,79175.5,79064.1,79163.6,42.12248100
1787651760,79163.6,79247.4,79157.4,79223.3,43.34919900
1787651820,79223.3,79223.3,79040.3,79048.7,42.44901800
1787651880,79048.7,79151.6,79021.4,79146.4,42.54942000
1787651940,79146.4,79223.2,79146.4,79195.3,42.35334000
1787652000,79195.3,79205.9,79157,79157,27.39123400
1787652060,79156.9,79156.9,79020.1,79036,27.52206200
1787652120,79038.3,79050.4,78989.7,79034.5,32.11469400
1787652180,79034.6,79177.5,79005.4,79177.4,26.16124400
1787652240,79177.4,79177.5,79145.2,79177.5,29.34434200
1787652300,79172.8,79237.7,79155.6,79234,17.01959300
1787652360,79234,79250.1,79185.5,79185.5,23.42225900
1787652420,79180.8,79213,79112.5,79195.9,19.46636700
1787652480,79203.8,79248,79200.9,79225.4,19.33445200
1787652540,79225.5,79261,79193.7,79225.2,19.96043500
1787652600,79225.3,79310.4,79225.2,79310.2,13.49815600
1787652660,79310.2,79339.3,79281.3,79312.7,13.28566900
1787652720,79312.7,79321.1,79293,79299.7,9.79829800
1787652780,79299.7,79299.8,79263.1,79289.1,10.48661400
1787652840,79289.1,79327.9,79265.1,79313,11.10236800
1787652900,79313,79332,79289.2,79311,5.87371600
1787652960,79311.1,79345,79311,79344,8.84475800
1787653020,79344,79345.4,79257.4,79287.7,10.53393200
1787653080,79287.6,79366.2,79287.6,79359.7,6.11419400
1787653140,79359.7,79414,79359.7,79373.4,9.16990000
1787653200,79373.3,79393.1,79362,79362,4.23981200
1787653260,79362,79367.7,79305.8,79305.8,0.74056000
1787653320,79305.1,79305.1,79250.9,79261.1,1.62015800
1787653380,79260.9,79369.1,79260.9,79353.1,0.98676800
1787653440,79346.5,79352.6,79299.3,79314,0.29460500
1787653500,79314.3,79317.3,79299.3,79314,3.68458500
1787653560,79301,79313.1,79282.8,79289.4,5.07268600
1787653620,79289.3,79315.5,79276.5,79303.8,4.50349900
1787653680,79301.1,79301.1,79217.4,79265.4,5.24432400
1787653740,79265.4,79295.7,79264.1,79278.5,3.43448200
1787653800,79278.4,79281.2,79248.2,79281.2,3.45779600
1787653860,79281.2,79315.5,79265.2,79315.5,3.34665700
1787653920,79315.4,79321.1,79295.2,79297.2,3.60602900
1787653980,79289.3,79289.3,79260.1,79280.5,3.78803300
1787654040,79280.4,79313.1,79266.3,79281.2,2.88794700
1787654100,79281.2,79289.2,79265.2,79286.2,2.36472600
1787654160,79282.2,79282.2,79225.5,79250.3,3.64076800
1787654220,79250.2,79264.9,79250.2,79257.2,2.75419700
1787654280,79257.2,79264.8,79257.2,79259.9,2.35627000
1787654340,79264.2,79270.5,79249.3,79264.8,1.73414500
1787654400,79273.2,79315.5,79251,79289.2,3.80162500
1787654460,79281.2,79313.1,79281.2,79312.1,4.16210100
1787654520,79311.2,79315.4,79295.6,79295.8,3.51009200
1787654580,79295.8,79322.1,79293.5,79293.5,5.03166300
1787654640,79293.5,79321.1,79293,79321,2.76628700
1787654700,79321.1,79399,79321.1,79399,4.05744500
1787654760,79401.1,79466.5,79401.1,79449.4,5.00489500
1787654820,79449.4,79481.6,79441.1,79442.4,6.11142400
1787654880,79442.4,79446.9,79315.5,79353.1,6.07594000
1787654940,79361,79369.1,79327.2,79361.2,8.14366400
1787655000,79361.2,79361.2,79322.1,79353.1,5.22334500
1787655060,79360.8,79381.1,79340.5,79374.6,5.48144400
1787655120,79374.6,79413.8,79374.6,79413.2,4.14683300
1787655180,79413.2,79428,79361.1,79361.1,5.94477800
1787655240,79358.4,79393.2,79358.4,79365.5,6.32988100
1787655300,79365.5,79405.2,79365.5,79374.2,2.30164400
1787655360,79375.6,79401,79374.2,79398.8,3.53556000
1787655420,79398.8,79398.8,79349.2,79363,3.42199300
1787655480,79362.9,79363,79337.1,79337.1,3.74987200
1787655540,79335.7,79335.7,79306.6,79309.9,2.33105400
1787655600,79311.7,79323,79302.6,79302.6,3.68560300
1787655660,79299.2,79331.1,79299.2,79323.7,6.55652400
1787655720,79324.4,79339,79299.2,79299.2,4.14915800
1787655780,79299.2,79299.2,79259.3,79267.3,3.72852800
1787655840,79267.2,79275.4,79266,79268.5,3.00630300
1787655900,79268.4,79299.2,79253.9,79299.2,6.15883300
1787655960,79302.6,79407.9,79302.6,79391.5,3.59595800
1787656020,79391.5,79403,79363.2,79379.2,3.73698900
1787656080,79379.1,79398.7,79363.1,79363.1,3.74334900
1787656140,79377.3,79377.3,79215.2,79254.9,5.10843600
1787656200,79257.1,79277.1,79151.1,79151.1,5.26171900
1787656260,79151.1,79151.1,79104.9,79127.3,6.02023300
1787656320,79130.7,79208.8,79130.7,79208.7,5.43614300
1787656380,79207.1,79233.1,79102.1,79115.9,4.67074500
1787656440,79115.9,79142.1,79086.9,79101,4.02214400
1787656500,79100.9,79114.4,79068.5,79102.4,6.50567800
1787656560,79114.3,79144.8,79106.6,79131.7,5.26180300
1787656620,79131.8,79181.5,79118.2,79173.3,5.06561500
1787656680,79179.8,79248,79173,79240.2,6.37322800
1787656740,79240.2,79262.6,79181.6,79187.7,8.48461800
1787656800,79196.3,79262.7,79196.3,79258.9,8.68574900
1787656860,79255.7,79291.1,79235.4,79291.1,9.61313800
1787656920,79290,79307.2,79235.5,79254,7.99429800
1787656980,79254,79304.8,79254,79304,7.61230900
1787657040,79304,79304,79276.2,79276.3,9.34776100
1787657100,79276.2,79291.2,79270,79275.2,4.83268100
1787657160,79275.2,79275.3,79200.2,79269.2,7.92051500
1787657220,79269.2,79282.5,79203.8,79203.9,6.27892000
1787657280,79216.2,79272.5,79216.2,79264.4,3.29346700
1787657340,79264.3,79264.4,79219.6,79259.3,6.93944500
1787657400,79260.4,79324.3,79259.4,79324.3,5.91935500
1787657460,79325.1,79347.3,79317.5,79319.7,3.35712300
1787657520,79319.8,79345.8,79315.2,79315.2,4.05202000
1787657580,79315.3,79331.1,79276.3,79314.7,5.67835200
1787657640,79314.6,79365.1,79307.2,79359.6,4.69538400
1787657700,79359.6,79397.7,79347.1,79379.1,3.42973000
1787657760,79379.1,79435,79371.1,79435,3.59617600
1787657820,79434.8,79448.3,79406.5,79427.2,5.17938000
1787657880,79431.6,79474.1,79395.1,79395.2,5.40500800
1787657940,79395.2,79395.2,79329.1,79329.1,3.49587200
1787658000,79328.2,79328.2,79285.7,79322.8,7.83706700
1787658060,79322.8,79322.8,79260.2,79266.3,6.99484900
1787658120,79273,79273.1,79232.2,79233.5,4.72473700
1787658180,79233.5,79243.4,79227.4,79227.5,6.00520000
1787658240,79227.4,79227.4,79156.6,79156.6,3.61114700
1787658300,79156.6,79179.6,79128.9,79147.7,4.80343100
1787658360,79133.8,79187.8,79127.9,79179.6,7.50631000
1787658420,79179.7,79185.9,79155.8,79155.9,5.41863400
1787658480,79155.9,79163.7,79139.5,79146.4,6.48618200
1787658540,79142.1,79151.5,79082.7,79082.9,6.19263900
1787658600,79088.7,79179.6,79088.7,79179.6,10.65994400
1787658660,79181.4,79181.4,79099.7,79104.2,6.02044200
1787658720,79115.8,79125.5,79082.6,79088.1,7.19983400
1787658780,79088.2,79113.4,79086,79094.4,3.57361200
1787658840,79094.5,79098.2,79086,79086.1,2.46180600
1787658900,79086,79108.1,79047.4,79108,6.61931300
1787658960,79108,79144.5,79100.2,79144.4,3.77488100
1787659020,79144.5,79167.9,79144.5,79167.9,8.60450900
1787659080,79167.9,79176,79155.9,79155.9,6.97661100
1787659140,79155.8,79170.4,79095.6,79123.9,3.87057700
1787659200,79123.9,79148.6,79110.2,79112.8,5.35004000
1787659260,79112.7,79176,79112.7,79149.3,6.29091200
1787659320,79149.3,79176.8,79011.3,79027.8,8.16957000
1787659380,79030.6,79081.4,78948.1,79077.5,7.26282800
1787659440,79077.5,79081.5,78956.8,78999.2,6.63352200
1787659500,78992.4,78996,78896.7,78896.7,8.91347200
1787659560,78896.5,78896.5,78756.3,78756.3,16.88226700
1787659620,78756.3,78808.4,78702.8,78717.1,14.62861000
1787659680,78717,78816.4,78680,78816.3,14.47743200
1787659740,78816.4,78880.8,78785,78842.4,13.91265500
1787659800,78842.4,78877.2,78822.4,78864.9,20.74267200
1787659860,78861,79050.9,78851.1,79050.8,21.83318500
1787659920,79050.9,79050.9,78967.6,79017.6,21.31675700
1787659980,79017.6,79046.4,79015.1,79024.6,20.17665800
1787660040,79026.3,79080,79026.3,79080,23.60436700
1787660100,79080,79080,79046.4,79048.3,6.26941400
1787660160,79048.2,79070.4,79014.5,79044,11.50524800
1787660220,79044,79057.2,78981.1,78981.1,12.87377100
1787660280,78981.1,78981.1,78889.3,78920,12.79125900
1787660340,78920,79016,78915.4,78946.7,11.77730500
1787660400,78948.5,78953.8,78914,78920.1,5.30179200
1787660460,78915.4,78920,78849.3,78912.2,1.31263000
1787660520,78914.2,78914.2,78712,78739.3,6.97204400
1787660580,78747.7,78837,78717,78837,1.68188900
1787660640,78841.2,78896.5,78831.5,78893.5,0.16945700
1787660700,78896.5,78929.8,78793.4,78793.4,10.65531700
1787660760,78793.5,78797.3,78646.5,78686.7,14.03992800
1787660820,78686.6,78776.9,78654.8,78763.9,11.74859900
1787660880,78762.4,78810.9,78738.8,78810.9,9.99754300
1787660940,78810.8,78887.6,78810.8,78887.6,8.15146300
1787661000,78887.6,78898.2,78796.7,78898.2,6.57773100
1787661060,78901.2,78907.2,78847.6,78872.9,14.62427800
1787661120,78872.8,78946.6,78866.5,78946.6,13.22195900
1787661180,78946.5,78975.4,78928.1,78975.3,13.14702000
1787661240,78964.6,78971.9,78921.8,78967.1,13.28747600
1787661300,78967.1,78993.9,78954.9,78970.8,11.39700900
1787661360,78970.8,79002.2,78959.6,78989.7,4.99784600
1787661420,78989.7,78999.3,78915.4,78947.8,8.70582800
1787661480,78947.8,78967.7,78896.5,78947.6,7.00275300
1787661540,78947.6,78967.6,78906.2,78906.2,5.57060000
1787661600,78909.4,78923.2,78780.9,78841.2,8.52740500
1787661660,78841.2,78918.4,78809.7,78906.7,5.57933000
1787661720,78913.9,78959.5,78913.9,78959.5,5.12656600
1787661780,78959.4,78981.1,78904.9,78928,4.26732400
1787661840,78924.9,78941.5,78902.4,78928,4.96059800
1787661900,78935.9,78967.7,78896.5,78951.8,6.76317700
1787661960,78951.8,78975.3,78920.1,78975.3,5.28170200
1787662020,78975.4,79030.5,78975.3,79020.7,5.79904200
1787662080,79020.6,79055.5,79015.1,79050.5,5.68097500
1787662140,79054.7,79059.8,79038.8,79038.8,6.09980600
1787662200,79038.8,79083.8,79031.2,79072,4.31742700
1787662260,79072,79089.7,79059.4,79078.5,7.41775800
1787662320,79079.7,79090.9,79068.3,79078.6,6.98010100
1787662380,79078.5,79078.5,78996.8,78996.8,5.28383200
1787662440,79000.4,79046.4,78994.3,79036.3,6.87911700
1787662500,79036.3,79046.8,78999.3,79038.4,5.09544200
1787662560,79034.5,79034.6,78994,79007,4.81775800
1787662620,79007,79013.1,78983.4,79012,5.75691500
1787662680,79012.1,79015.1,78947.7,78947.7,5.12115200
1787662740,78947.8,78996.7,78947.7,78988.2,4.85714600
1787662800,78988.2,79004.9,78985.7,79002.5,3.83288100
1787662860,78997.8,79048.7,78993.5,78993.5,2.38093600
1787662920,78993.5,79001.4,78938.2,79001.4,3.38190800
1787662980,79001.4,79064.8,79001.4,79061.2,6.50856800
1787663040,79052.1,79070,79045.2,79070,4.92461400
1787663100,79069.9,79073.4,79053,79059.8,1.65730300
1787663160,79059.7,79072.7,79041.1,79072.7,5.81788500
1787663220,79072.6,79086.4,79015.2,79015.2,8.58621900
1787663280,79015.2,79015.2,78803.9,78836.1,4.84854000
1787663340,78840.1,78922.4,78820.4,78867.1,6.08711700
1787663400,78867.2,78922.4,78843.8,78901.5,7.34454100
1787663460,78901.4,78922.3,78780.9,78781,11.51146900
1787663520,78784.9,78788.2,78721,78721.1,10.55281200
1787663580,78721,78870,78721,78869.9,9.71023100
1787663640,78869.9,78875,78809.5,78811.4,3.87438700
1787663700,78813.3,78813.3,78754.3,78754.3,7.98651300
1787663760,78754.4,78762.1,78704.4,78723.3,10.21291700
1787663820,78721.9,78772.6,78704.4,78715.3,7.82383800
1787663880,78715.3,78715.3,78638.3,78658.3,7.56876500
1787663940,78659.6,78741,78659.6,78737.1,3.92039800
1787664000,78722.8,78804,78718.8,78772.6,0.75848600
1787664060,78773.1,78815,78740.8,78757.8,1.48795800
1787664120,78772.6,78772.6,78669.1,78737.3,0.53026200
1787664180,78737.3,78739.7,78582.6,78739.7,2.30985500
1787664240,78739.7,78818.4,78739.7,78764.6,0.82324100
1787664300,78764.7,78815,78715.2,78745.3,12.39012500
1787664360,78748.9,78764.7,78661.7,78706.2,14.99604200
1787664420,78706.2,78709.7,78615.8,78629.7,17.60440500
1787664480,78618,78661.6,78592.1,78652.3,15.84852300
1787664540,78652.3,78714.1,78639.1,78643.4,15.86907400
1787664600,78644.9,78815,78602.8,78678.3,10.32877000
1787664660,78681.8,78780.4,78661.8,78780.4,10.27246700
1787664720,78777.5,78832.2,78726.9,78811.4,10.68160200
1787664780,78810.8,78981.4,78796.2,78884.1,9.34463300
1787664840,78894.7,79031.4,78878,79031.3,8.11652600
1787664900,79031.4,79142.3,78981.9,79105.8,17.29753700
1787664960,79105.8,79224.2,79077.8,79099.8,14.72059100
1787665020,79092.5,79186.7,79072.6,79145.7,17.44173900
1787665080,79156.5,79182.9,79122.3,79128.2,14.38319200
1787665140,79128.2,79158.4,79048.7,79064.3,15.30085200
1787665200,79049.5,79062.6,78915.2,78924.2,16.66179900
1787665260,78919.6,78981.8,78870,78969.7,17.73192500
1787665320,78969.8,79079.9,78870,78890.7,17.85181200
1787665380,78890.7,78895.8,78695.8,78695.8,17.61069000
1787665440,78717.6,78770.7,78618.3,78643.5,16.10512400
1787665500,78646.7,78661.7,78480.7,78491.3,20.07611300
1787665560,78495.8,78615.6,78380.5,78615.6,15.27330800
1787665620,78605.7,78655.6,78498.4,78529.5,15.37830900
1787665680,78529.5,78661.6,78450.4,78499.5,14.68878100
1787665740,78499.4,78549.4,78420,78485.5,14.65607400
1787665800,78483.5,78498.3,78363.7,78405.8,15.83076200
1787665860,78412.4,78426.8,78113.5,78305,21.68809300
1787665920,78311.2,78382.2,78233.5,78241.8,24.78952600
1787665980,78242.6,78325.1,78122,78286.1,22.97196900
1787666040,78296.2,78373.3,78296.2,78357.7,21.47589800
1787666100,78357.8,78464.8,78248.2,78406.4,32.77843200
1787666160,78406.4,78556,78389.2,78543.7,30.06526500
1787666220,78543.7,78559.8,78483.5,78508.2,31.54404800
1787666280,78506.2,78582.6,78499.6,78575.3,32.79787500
1787666340,78575.2,78660.8,78545.1,78654.7,29.41545100
1787666400,78654.7,78674.3,78612.6,78624.1,17.97549700
1787666460,78627.9,78704.4,78590.7,78681.1,17.70607800
1787666520,78674.5,78778.3,78529.4,78544.9,22.07681700
1787666580,78561.7,78715.9,78561.7,78702,15.47197600
1787666640,78698.1,78813.8,78683.2,78805.7,16.99459900
1787666700,78805.7,78876.9,78805.7,78852.1,13.79025800
1787666760,78857.4,78869.3,78759.1,78759.3,13.07647100
1787666820,78759.2,78893.6,78751.4,78893.6,11.17552100
1787666880,78893.7,78932.2,78822.1,78864.9,15.59267600
1787666940,78869.3,78954,78864.9,78947.2,16.50096100
1787667000,78941.7,78979.7,78895.5,78946.3,11.01985800
1787667060,78944.7,79023.2,78916.7,78955.4,10.99963800
1787667120,78951.3,79016,78882.4,78988.8,9.96342100
1787667180,78988.7,79016,78971.9,79002,10.67945400
1787667240,79002,79055.6,78971.9,78995.7,11.86901500
1787667300,78986.5,79042.9,78903.2,79035.2,2.84335200
1787667360,79027.3,79110.4,78979.9,79109.1,14.06002400
1787667420,79109,79109,78951.8,78995,14.29364000
1787667480,78975.2,79019.4,78917.9,78956,13.35746400
1787667540,78936.6,79019.3,78936.6,78949.2,11.91345100
1787667600,78949.1,79007.6,78903.1,78999.8,15.98766600
1787667660,79003.6,79011.5,78964.6,79011,3.76446700
1787667720,79011.4,79082.6,78969.2,79025.1,2.08256500
1787667780,79025,79082.5,79018.5,79062.2,2.55239500
1787667840,79082.7,79130.3,79043.2,79130.3,0.39552000
1787667900,79130.3,79234.4,79082.9,79093.3,6.04228100
1787667960,79112.7,79209.7,79073.6,79204.9,8.54087700
1787668020,79205.3,79258.8,79185.9,79209.7,9.02687100
1787668080,79201.9,79206.1,79116.6,79193.8,9.92752800
1787668140,79193.8,79304,79193.8,79203.6,8.84398000
1787668200,79209.6,79217.3,79032.6,79169.9,16.90819900
1787668260,79157.7,79217,79122.4,79217,13.41129600
1787668320,79217.3,79316.3,79217.2,79308.1,11.54856000
1787668380,79306.7,79379.5,79284.7,79351.1,11.26578000
1787668440,79337.3,79339.2,79183.6,79226.8,14.79927800
1787668500,79230.3,79254.6,79193.9,79217.9,14.94207500
1787668560,79217.9,79274.6,79204,79274.6,16.73429600
1787668620,79274.6,79314.9,79256,79273.4,15.01398200
1787668680,79270.7,79273.3,79154.2,79154.2,13.71803800
1787668740,79154.2,79167.3,79100,79111.2,15.74825700
1787668800,79111.3,79176.3,79095.4,79122.4,10.04622900
1787668860,79116.6,79181.8,79086.8,79091.3,7.35515000
1787668920,79097.6,79138.3,79061.7,79071.5,8.13373400
1787668980,79071.4,79139,79060.2,79139,8.02618900
1787669040,79146.1,79183.5,79146.1,79169.9,5.30639400
1787669100,79169.9,79227.7,79160.7,79193.9,4.84398900
1787669160,79196.6,79233.8,79183.7,79212.7,6.37374200
1787669220,79212.7,79303.3,79200,79273.8,5.88830200
1787669280,79273.4,79278.3,79217.3,79217.3,5.99861500
1787669340,79217.4,79233.6,79195.9,79202.9,5.10444300
1787669400,79203.5,79234.2,79191.6,79231.3,6.90319300
1787669460,79230.5,79325.1,79193.9,79316.1,5.91334100
1787669520,79322.7,79349.9,79297.3,79297.4,5.94779100
1787669580,79297.4,79301.2,79251,79273.4,6.10784600
1787669640,79270.1,79293.2,79236.9,79260,5.87564200
1787669700,79256.3,79349.8,79256.3,79325.2,6.18694800
1787669760,79325.2,79376.3,79325.2,79344,5.44668800
1787669820,79343.7,79376.3,79297.1,79297.3,4.21861800
1787669880,79297,79297,79177.7,79233.6,7.07605600
1787669940,79233.5,79270.7,79185.9,79232.2,7.58736200
1787670000,79241.6,79249.5,79150.8,79198.5,7.12731200
1787670060,79198.5,79235.6,79172.2,79172.3,8.80897400
1787670120,79172.2,79211.8,79155.9,79194,8.64811200
1787670180,79195.9,79298.9,79159.1,79182.4,8.96491900
1787670240,79182.5,79211.9,79162.6,79188,11.44272900
1787670300,79188.1,79262,79188.1,79212.7,6.38483900
1787670360,79212.8,79319,79212.8,79318.9,7.59057100
1787670420,79319,79358.5,79285.4,79285.4,6.07850200
1787670480,79285.4,79319,79244.2,79286.3,6.77179900
1787670540,79286.2,79315.2,79259.5,79291.7,6.66004900
1787670600,79291.7,79323.2,79200,79224.3,4.16467300
1787670660,79227.7,79267.4,79156,79180,6.51796800
1787670720,79187.9,79187.9,79132.2,79132.2,5.16419900
1787670780,79132.2,79140.4,79061.2,79087.9,4.89306600
1787670840,79088,79145.9,79088,79094.5,4.72630400
1787670900,79100.8,79140.4,79020.5,79140.4,7.11851800
1787670960,79144.3,79236.3,79144.3,79227.7,7.74841000
1787671020,79221.8,79224.8,79137.8,79156,6.41737500
1787671080,79156.1,79236.3,79156.1,79208,5.99789800
1787671140,79208,79253.9,79198.5,79216.3,6.24616700
1787671200,79216.4,79280,79204,79277.8,6.68834900
1787671260,79277.8,79277.8,79197.1,79235.7,5.80148000
1787671320,79235.6,79268,79212.3,79251.6,7.59132700
1787671380,79250,79259.4,79172.2,79182.2,5.05697900
1787671440,79182.3,79206.1,79150.9,79168.8,7.20521300
1787671500,79168.8,79180,79119.6,79130.9,4.42659800
1787671560,79119.3,79121.6,79083.7,79111.9,10.28647000
1787671620,79117.4,79132.4,79090.4,79132.4,19.45769000
1787671680,79132.4,79195.9,79109.5,79195.9,3.85463200
1787671740,79197.9,79243.5,79192,79236.5,3.82126700
1787671800,79236.5,79265.4,79219.8,79264.9,6.51728600
1787671860,79264.8,79264.8,79227,79239.6,5.56807600
1787671920,79239.2,79259.5,79187.3,79219.7,7.31929600
1787671980,79219.8,79337.3,79212.2,79337.2,6.10701400
1787672040,79336.4,79336.4,79260.4,79298.7,6.24037400
1787672100,79299.3,79402.6,79291.2,79384.8,6.75139000
1787672160,79395,79478.9,79366,79400.8,8.65623200
1787672220,79400.8,79478.9,79379.8,79422.7,9.56971600
1787672280,79422.8,79442.8,79388.2,79438.9,6.12178800
1787672340,79442.8,79442.9,79363.4,79371.1,5.83242400
1787672400,79371.1,79371.1,79323.7,79352.5,10.32567700
1787672460,79352.5,79377.1,79304,79360.5,11.18541800
1787672520,79357.9,79395,79355.1,79355.9,11.60822500
1787672580,79355.9,79383.3,79319,79356.4,11.80697600
1787672640,79356.4,79403,79345.3,79395.5,10.48598300
1787672700,79395.5,79437.9,79391.3,79434.9,4.71759200
1787672760,79434.8,79434.8,79394.1,79394.7,5.05570500
1787672820,79393.4,79402.5,79347.1,79347.1,5.33950000
1787672880,79346.1,79346.2,79286.1,79286.1,3.18355000
1787672940,79286.1,79326.5,79277.9,79322.8,3.10136200
1787673000,79322.8,79323.2,79262.9,79323.1,3.89679000
1787673060,79315.3,79315.3,79290,79298.4,2.86048100
1787673120,79298.5,79347,79298.4,79306.8,4.85933900
1787673180,79306.9,79356.7,79290.4,79330.2,3.53166500
1787673240,79330.2,79358.2,79330.2,79331.5,3.62036200
1787673300,79331.6,79379,79331.5,79357.1,3.14841800
1787673360,79357.1,79403,79357.1,79364.9,4.38247000
1787673420,79364.9,79419,79364.9,79419,3.47399800
1787673480,79420.3,79505.8,79420.3,79475,5.80260800
1787673540,79475.1,79534.3,79475.1,79496.3,4.73993200
1787673600,79496.3,79514.7,79469.6,79469.6,5.37583900
1787673660,79469.7,79552.1,79461.1,79528.5,4.13872500
1787673720,79515.1,79517.6,79427.9,79460.8,3.96301100
1787673780,79460.8,79570.1,79460.8,79540.9,3.79158000
1787673840,79545.9,79545.9,79488.7,79488.8,4.30295400
1787673900,79488.8,79515.5,79446.2,79451.7,5.90188000
1787673960,79451.6,79451.6,79405.2,79410.6,7.35438700
1787674020,79410.6,79436.8,79400.2,79428.9,5.49309100
1787674080,79422.4,79422.4,79367,79375.6,5.69032800
1787674140,79365.1,79378.2,79337.4,79337.4,4.48920400
1787674200,79337.4,79351.4,79292.8,79317.3,3.42592800
1787674260,79317.3,79332.6,79263.7,79263.7,2.11984000
1787674320,79263.6,79263.7,79195.7,79195.7,3.31182700
1787674380,79195.8,79251.1,79191.8,79198,1.81788100
1787674440,79198,79198,79161.4,79174.2,3.82812300
1787674500,79170.6,79190.1,79132,79190.1,1.09754900
1787674560,79197.9,79199.6,79152.8,79152.9,5.33405200
1787674620,79163.2,79180.2,79159.5,79167.4,4.63886600
1787674680,79167.5,79258.2,79167.5,79258.2,6.25157800
1787674740,79245.8,79258.2,79221.8,79258.2,5.00588000
1787674800,79258.2,79277.5,79218.7,79237.6,7.03500400
1787674860,79237.6,79237.7,79161.3,79161.3,1.15696900
1787674920,79176.9,79201.3,79165.2,79174.2,0.23206400
1787674980,79174.3,79188.2,79088,79088,0.70776400
1787675040,79087.1,79117.9,79075.3,79117.9,0.92778100
1787675100,79102.8,79134.5,79086.5,79123.1,2.20748000
1787675160,79123.1,79123.1,79080.4,79080.5,2.45380000
1787675220,79080.5,79101,79080.5,79096,3.30035500
1787675280,79095.9,79134.5,79086,79128.8,4.24738600
1787675340,79128.8,79150.3,79121.6,79147.8,2.70158300
1787675400,79141.1,79202.1,79135,79202.1,5.26312300
1787675460,79199.2,79261.6,79199.2,79261.6,5.18534600
1787675520,79262.7,79353.5,79262.7,79303.9,4.41215000
1787675580,79303.8,79333.2,79258.3,79295.1,3.52671900
1787675640,79293.4,79325.2,79287.4,79294.8,5.37989700
1787675700,79294.9,79325.1,79286,79290.9,1.08699500
1787675760,79291,79297.9,79254.7,79297.8,3.68938800
1787675820,79297.8,79297.8,79204.7,79221.7,4.40288000
1787675880,79221.8,79252.3,79213.9,79237.7,3.97807500
1787675940,79237.7,79258.1,79216.6,79216.6,4.23944800
1787676000,79216.7,79218.8,79185.1,79194.4,4.73437000
1787676060,79194.4,79263.8,79194.4,79256.2,4.04534900
1787676120,79256.3,79293.4,79256.3,79293.4,3.12885300
1787676180,79297.8,79334,79290.6,79290.7,2.73847800
1787676240,79290.7,79290.7,79228,79228.1,1.45382700
1787676300,79228.1,79331.3,79224.2,79318.4,1.65237600
1787676360,79321.8,79353.5,79318.4,79344.6,1.90368900
1787676420,79333.8,79341.8,79228,79228,1.83701800
1787676480,79228,79305.4,79228,79305.3,4.24485000
1787676540,79305.3,79313.5,79272.2,79272.2,2.01214200
1787676600,79272.2,79284,79240,79240.8,4.61348200
1787676660,79240.8,79240.8,79210.6,79210.7,4.10426200
1787676720,79210.7,79231.7,79178.1,79204.2,4.34004300
1787676780,79204.3,79204.3,79152.6,79154.4,3.58452900
1787676840,79154.4,79162.3,79125.1,79133.5,4.38006100
1787676900,79133.6,79133.6,79103.1,79105.8,5.60695000
1787676960,79105.7,79123.3,79087.6,79123.3,6.32390000
1787677020,79126.4,79179.1,79096.8,79148.5,4.16574000
1787677080,79148.6,79150.4,79119.6,79150.4,5.93860300
1787677140,79150.3,79179.1,79122.1,79145.1,4.10747700
1787677200,79145.1,79145.2,79081.5,79081.5,4.41070900
1787677260,79081.5,79133.5,79081.5,79112.8,2.87106300
1787677320,79112.9,79133.5,79051.6,79109.7,4.48181700
1787677380,79101.8,79128,79079.9,79088.4,4.57208700
1787677440,79088.4,79096.9,79053.1,79067.8,2.57721800
1787677500,79067.7,79137.9,79057.7,79093.5,3.37434300
1787677560,79093.5,79093.6,79020,79020.9,2.66416100
1787677620,79020.9,79042.7,79008.9,79017.8,2.65985100
1787677680,79017.8,79017.8,78866,78917.7,6.93359300
1787677740,78917.8,78976,78882.3,78963,4.48944300
1787677800,78963,78991.2,78917.9,78922.9,4.15594900
1787677860,78923,78944.5,78900.3,78900.3,2.50307100
1787677920,78900.4,78951.2,78900.4,78940.4,2.02914800
1787677980,78940.5,78951.1,78893.4,78903.9,4.78116300
1787678040,78903.8,78969.9,78903.8,78961.6,4.19544200
1787678100,78961.7,79002.3,78953.1,78953.2,10.10308900
1787678160,78953.2,79018,78953.2,78962.7,8.18014700
1787678220,78962.8,79002.3,78962.8,79002.2,7.18030100
1787678280,79002.2,79002.3,78962.7,78976.8,5.24919700
1787678340,78976.8,78976.8,78951.2,78951.3,6.30106400
1787678400,78951.3,78989,78951.2,78989,3.67729300
1787678460,78988.9,79010,78953.5,78976.8,3.53908300
1787678520,78984.5,78984.5,78884.4,78884.4,3.30739800
1787678580,78884.5,78884.5,78786.4,78805.8,4.36522500
1787678640,78813.1,78865.7,78809.4,78865.6,5.21960000
1787678700,78863.3,78865.6,78821,78841.8,4.18720800
1787678760,78841.8,78841.8,78788.3,78795.3,4.21911500
1787678820,78795.3,78821,78795.3,78804.7,4.44728800
1787678880,78804.6,78820.9,78790.3,78804.1,3.76182100
1787678940,78804.1,78869.6,78751.3,78793.2,5.17461200
1787679000,78793.3,78896.8,78793.3,78896.7,8.38353800
1787679060,78897.5,78944,78868.2,78944,8.59549700
1787679120,78944,78967.5,78935.5,78967.5,9.37978900
1787679180,78967.5,79044.4,78963,79044.4,5.95356400
1787679240,79044.4,79089.4,79007.9,79051.5,8.70201000
1787679300,79051.5,79051.5,78995.5,79010.2,4.23545400
1787679360,79010.2,79041.4,79010.2,79018.8,5.70156400
1787679420,79018.8,79057.5,79018.7,79054.5,3.48589700
1787679480,79049.7,79083.6,79041.4,79081.1,4.03612000
1787679540,79081,79081,79015.3,79050.8,4.24159400
1787679600,79050.8,79128.7,79049.3,79128.6,3.41758100
1787679660,79128.7,79176.6,79122.8,79143.6,2.99610600
1787679720,79136.6,79176.3,79133.5,79164.7,3.22870400
1787679780,79174.7,79174.7,79133.6,79137.3,3.11843600
1787679840,79143.5,79152.3,79121.2,79144.3,4.38380300
1787679900,79144.4,79175.8,79136.5,79175.6,3.41747200
1787679960,79175.5,79195.6,79164.7,79164.8,2.00765600
1787680020,79164.6,79199.9,79159.7,79193.3,3.43354100
1787680080,79193.2,79219.4,79193.2,79219,3.87113400
1787680140,79219,79219.1,79190.6,79196,3.30716700
1787680200,79196,79196,79152.2,79152.5,2.91979100
1787680260,79152.2,79176.3,79152.2,79163.4,2.17950900
1787680320,79163.4,79192.1,79163.4,79184,1.88004300
1787680380,79184.1,79189.6,79168.4,79184.1,2.41683100
1787680440,79184.1,79231.7,79184.1,79192.1,2.42066700
1787680500,79186.2,79223.6,79185.8,79223.5,1.89116700
1787680560,79223.6,79245.1,79204.4,79204.4,2.92335600
1787680620,79201.7,79223.8,79200.1,79211.2,3.11684000
1787680680,79211.2,79245.9,79186.1,79245.9,3.16908100
1787680740,79246,79252.3,79231.8,79231.8,2.96857500
1787680800,79231.9,79233.9,79211.8,79233.9,2.93395400
1787680860,79241.7,79274.6,79241.7,79245.6,2.45680600
1787680920,79245.7,79280,79245.6,79280,2.81973400
1787680980,79279.9,79319.3,79268.9,79289.4,3.19210700
1787681040,79289.4,79289.4,79225.9,79233.9,2.51061900
1787681100,79233.8,79265.5,79220.2,79262.3,3.11124300
1787681160,79262.4,79278.5,79237.2,79247.6,3.50048000
1787681220,79246.3,79272,79240.3,79240.3,4.16379100
1787681280,79240.4,79245.5,79223.2,79226,2.98419900
1787681340,79226,79281.5,79223.2,79270.2,4.52554800
1787681400,79270.2,79270.3,79226,79241.8,1.13946300
1787681460,79249.8,79249.8,79224.6,79233.9,3.48099600
1787681520,79241.8,79302.5,79241.8,79302.5,3.15249800
1787681580,79302.4,79377.6,79281.5,79333,3.67902800
1787681640,79333,79333,79298.4,79316.4,1.60080400
1787681700,79317.9,79330.8,79317.9,79324,3.09284600
1787681760,79329.2,79337.2,79289.5,79289.5,6.55324500
1787681820,79289.5,79289.5,79257.8,79281.5,7.25255100
1787681880,79281.4,79309.1,79257.7,79257.8,4.72753100
1787681940,79257.7,79282.6,79253.8,79282.5,4.27175200
1787682000,79282.5,79282.5,79257.6,79259,3.23690100
1787682060,79272.3,79281.5,79241.8,79241.8,0.82085500
1787682120,79243.1,79273.5,79243.1,79265.6,0.06308000
1787682180,79265.6,79313.3,79265.6,79313,0.11821500
1787682240,79304.2,79317.2,79261.8,79261.8,0.35094500
1787682300,79272.4,79274.4,79257.8,79264,1.01682800
1787682360,79263.2,79263.2,79241.9,79247.6,1.78055600
1787682420,79247.6,79265.5,79240.7,79260.2,1.35125000
1787682480,79265.6,79281.5,79257.9,79264.1,2.11982600
1787682540,79265.8,79287.3,79265.8,79269.7,2.08176400
1787682600,79269.7,79269.7,79210.1,79210.1,4.00371500
1787682660,79206.5,79218,79193.2,79195.9,5.40517900
1787682720,79196.1,79206.7,79154.6,79167.7,4.71714800
1787682780,79167.6,79179,79143.2,79178.9,4.01620900
1787682840,79179.4,79199.5,79162.5,79162.5,1.52990800
1787682900,79160.3,79193,79160.2,79173.2,3.08291800
1787682960,79173.1,79173.1,79130.8,79130.8,3.69850100
1787683020,79130.8,79131,79107.1,79130.2,4.92496700
1787683080,79130.2,79146.7,79123.2,79131.5,5.45484600
1787683140,79130.4,79162.5,79123,79155.6,3.46877200
1787683200,79155.7,79159.5,79146.7,79146.8,1.89779700
1787683260,79146.8,79173.1,79140.4,79140.4,1.91863600
1787683320,79140.4,79142.6,79140.4,79140.7,2.13008300
1787683380,79140.7,79166.6,79140.7,79166.6,2.28473300
1787683440,79166.7,79170.1,79166.7,79168.6,0.98287400
1787683500,79168.6,79178.2,79160.1,79178.2,1.33385800
1787683560,79178.3,79224.4,79178.2,79211.7,2.32763200
1787683620,79211.6,79233.8,79211.6,79232.1,1.03918500
1787683680,79232.1,79236.3,79219.7,79222.5,0.90463100
1787683740,79222.5,79222.5,79199.8,79200,1.07170700
1787683800,79210.1,79221.8,79186.5,79186.5,1.98254400
1787683860,79186.5,79204.2,79186.5,79194.3,3.37506600
1787683920,79194.3,79194.4,79154.6,79154.7,1.48917300
1787683980,79153,79153,79061.7,79061.7,4.13555400
1787684040,79082.6,79082.6,79055.6,79064.2,3.68874600
1787684100,79066.3,79082.1,79052.3,79082,4.35327700
1787684160,79082.1,79095.3,79073.1,79095.2,2.92745200
1787684220,79095.3,79095.3,79083.3,79091.1,4.05257300
1787684280,79091.2,79119.2,79091.1,79110.2,3.48758500
1787684340,79110.3,79138.9,79110.3,79123,2.61495900
1787684400,79123,79162.2,79123,79156.7,2.50886200
1787684460,79156.9,79173.6,79151.2,79173.3,2.15049300
1787684520,79173.3,79187.2,79173.3,79187.1,0.41016100
1787684580,79187.2,79187.2,79133,79133,0.62895100
1787684640,79132.9,79132.9,79020.6,79020.6,2.34179700
1787684700,79020.6,79094.8,79020.6,79094.8,1.36812500
1787684760,79094.8,79094.8,79019.6,79019.6,1.91561400
1787684820,79022.7,79046,79022.7,79046,2.70997100
1787684880,79053.9,79068.5,79053.9,79068.4,3.47273600
1787684940,79068.5,79085.5,79062.6,79076.8,1.95094000
1787685000,79076.9,79086.5,79076.8,79086.5,1.61861300
1787685060,79086.5,79114.8,79086.4,79086.4,2.11981800
1787685120,79086.5,79086.5,79054,79069.7,2.22850600
1787685180,79070.6,79136.7,79070.6,79136.7,2.83880300
1787685240,79136.7,79168.6,79136.7,79157.6,3.57297700
1787685300,79157.9,79185.2,79156.1,79185.2,2.53720300
1787685360,79185.2,79187.1,79148.7,79164.2,2.36323000
1787685420,79165.8,79192.6,79165.8,79187.1,2.18367100
1787685480,79187.1,79217.3,79187.1,79205.5,2.28032600
1787685540,79205.5,79233.7,79205.5,79232.8,1.07999100
1787685600,79232.8,79232.8,79153.6,79153.6,2.56773700
1787685660,79153.6,79191.6,79153.6,79180.5,1.27305100
1787685720,79183.3,79183.3,79144.1,79172.5,1.75361400
1787685780,79173.6,79173.6,79157.2,79164.4,1.19912800
1787685840,79167.8,79170.5,79161,79168.9,1.73891100
1787685900,79169.9,79169.9,79086.5,79086.5,2.09518300
1787685960,79086.5,79086.5,78986,78986.1,1.69083000
1787686020,78986,78986.1,78918.9,78919,2.60278600
1787686080,78918.9,78958.2,78913,78929.3,2.48871700
1787686140,78938.7,78955.4,78929.7,78934.1,1.88174200
1787686200,78929,78929,78896.5,78896.5,1.56860500
1787686260,78896.5,78896.5,78889.1,78895.2,3.05344700
1787686320,78895.2,78895.2,78855.6,78861.2,2.47590300
1787686380,78861.2,78885.2,78833.7,78848.9,1.65161300
1787686440,78848.8,78885.3,78833.7,78885.3,2.44550500
1787686500,78885.8,78945.3,78885.8,78911.4,4.47441500
1787686560,78911.9,78931.1,78911.8,78931.1,1.64891000
1787686620,78931,78931,78885.9,78885.9,2.82497400
1787686680,78885.9,78918.9,78885.9,78902.2,1.77322400
1787686740,78902.2,78902.3,78885.8,78885.8,1.06326500
1787686800,78885.9,78886,78823.3,78825.9,2.16882800
1787686860,78825.8,78877.1,78820.7,78877.1,1.88197200
1787686920,78877.2,78877.2,78781,78809.7,2.52670800
1787686980,78809.8,78817.6,78731.9,78756.4,2.16031300
1787687040,78756.5,78770.8,78732,78747,1.99569300
1787687100,78747.1,78810.1,78747.1,78790.6,5.36962000
1787687160,78789.8,78793,78739.7,78739.7,4.65984800
1787687220,78739.8,78783.6,78739.8,78783.6,5.07068800
1787687280,78783.5,78804.9,78770.5,78775.5,4.47370700
1787687340,78775.5,78815.5,78752.7,78768.3,3.97813900
1787687400,78768.2,78770.5,78739.6,78770.5,2.44849500
1787687460,78770.5,78852.5,78770.5,78852.4,2.18973500
1787687520,78852.5,78895,78852.5,78885.6,3.83278000
1787687580,78887.1,78937.6,78876.3,78927.8,2.15463200
1787687640,78927.8,78937.6,78896.1,78896.8,1.81441600
1787687700,78896.9,78896.9,78849.1,78871.6,2.67117900
1787687760,78871.6,78917.5,78871.6,78917.5,4.83248800
1787687820,78917.5,78930.1,78904.1,78918.5,2.83135300
1787687880,78911.9,78926.4,78911.9,78924.6,3.84310100
1787687940,78924.6,78945.9,78918.6,78919.9,3.80513500
1787688000,78920,78981.8,78909.9,78920.2,4.87405600
1787688060,78920.3,78920.3,78867.1,78899.1,3.53250900
1787688120,78899.1,78912.4,78853.2,78853.2,1.73691400
1787688180,78853.3,78866.6,78808.9,78808.9,3.89180800
1787688240,78808.8,78808.8,78676,78788.8,4.95384700
1787688300,78786.6,78819.8,78735.8,78819.8,5.35782300
1787688360,78819.9,78853.2,78804.2,78827.5,3.87632300
1787688420,78832,78866.1,78813.9,78817,8.76180600
1787688480,78816.9,78853.2,78816.9,78849.6,7.97879900
1787688540,78849.6,78867.9,78835.6,78867.9,6.92389400
1787688600,78867.6,78874.5,78840,78852.2,3.24580400
1787688660,78843.5,78843.5,78804.3,78808.2,1.78710300
1787688720,78808.3,78835.6,78807.3,78807.3,3.28827700
1787688780,78807.3,78851.3,78804.3,78851.3,3.91890700
1787688840,78851.3,78886.5,78848.8,78886.5,3.21950000
1787688900,78878.2,78886.4,78851.4,78886.4,2.26602400
1787688960,78886.5,78918.2,78833,78833,1.28230600
1787689020,78829.2,78884.4,78829.2,78884.3,2.63012500
1787689080,78884.4,78945.5,78884.4,78921.9,1.83478700
1787689140,78919.1,78958.1,78914.2,78958.1,2.30035500
1787689200,78958,78958.1,78904.8,78914.1,0.90565200
1787689260,78906.3,78914,78881.7,78911.8,0.13213900
1787689320,78911.7,78919.8,78892.4,78919.8,0.02743300
1787689380,78919.8,78922,78909.1,78922,0.00647900
1787689440,78925.8,78925.8,78895.2,78895.2,0.03289100
1787689500,78892.2,78892.3,78853.2,78853.3,0.68221800
1787689560,78853.3,78853.3,78804.2,78813.9,1.96542500
1787689620,78814,78827.7,78786.6,78800.1,1.45073000
1787689680,78800.1,78812,78778.9,78788.5,1.18546000
1787689740,78795.9,78812,78771.8,78771.9,2.29058400
1787689800,78777.5,78788.4,78735.9,78741.4,1.84362600
1787689860,78735.8,78771.8,78692.3,78727.1,4.14455600
1787689920,78727.7,78744.6,78702.3,78733.6,2.44162600
1787689980,78735.7,78761.7,78735.7,78752.6,1.64061200
1787690040,78752.6,78756.7,78739,78754.8,1.47181600
1787690100,78754.8,78783.8,78754.8,78783.8,2.66148600
1787690160,78783.8,78783.8,78720.1,78757.1,2.58636700
1787690220,78747.7,78770.3,78735.1,78735.1,3.46303000
1787690280,78735.1,78735.1,78675.3,78675.3,4.20957500
1787690340,78687,78688.9,78548.8,78587.4,6.60933400
1787690400,78587.5,78606,78546.2,78554,4.79230000
1787690460,78553.9,78566.3,78545.5,78549.7,3.10343000
1787690520,78546.3,78546.3,78440.4,78471.4,5.31009200
1787690580,78474.6,78515.2,78452.7,78513.6,4.40851300
1787690640,78513.7,78546.1,78372.2,78467.1,5.40436500
1787690700,78467.1,78521.2,78467.1,78515,1.00622100
1787690760,78521.2,78550.1,78295.2,78302.6,8.67018400
1787690820,78302.7,78318.4,78213.4,78235.8,9.13946700
1787690880,78238.5,78257.8,78169.6,78190.4,7.55939300
1787690940,78196.9,78265.3,78174,78223.4,8.20066600
1787691000,78227.9,78449.3,78204.8,78417.6,20.72233700
1787691060,78417.5,78417.5,78323.5,78357.9,24.72638700
1787691120,78357.9,78382.7,78282.1,78295.1,19.32106400
1787691180,78295,78305.2,78244.7,78245.7,19.21015300
1787691240,78245.7,78321.8,78245.7,78283.5,20.37552800
1787691300,78283.5,78283.6,78231.7,78251.1,9.18807600
1787691360,78251.1,78282.1,78196.5,78196.6,16.03315100
1787691420,78208.8,78243.4,78179,78243.4,12.24235100
1787691480,78243.4,78244.7,78181.6,78211.7,9.02022700
1787691540,78211.7,78220.3,78198.1,78204.5,12.14381700
1787691600,78204.4,78238.2,78170.4,78226.5,19.67445400
1787691660,78226.6,78226.6,78118.6,78122.4,16.40803400
1787691720,78122.5,78203.7,78122.4,78181.1,13.20568100
1787691780,78181.2,78287.9,78133.9,78145.6,17.09536000
1787691840,78145.6,78220.4,78145.6,78211.6,17.53459500
1787691900,78210.2,78284.6,78210.2,78280.2,8.19015100
1787691960,78276.9,78291.4,78234.2,78245.8,9.53720700
1787692020,78244.2,78262.2,77914.2,78021,16.14169500
1787692080,78029.4,78039.7,77865,78039.7,17.58809100
1787692140,78039.6,78100.2,77975.8,77975.8,11.36450800
1787692200,77975.8,78123.3,77910,78106.5,26.78373900
1787692260,78106.5,78233.6,78072.2,78176.7,25.83337600
1787692320,78176.6,78191.8,78127.4,78166.7,23.71069300
1787692380,78166.6,78280,78166.6,78280,28.32994600
1787692440,78280,78301.8,78269.1,78284.6,23.74969600
1787692500,78284.6,78292.2,78208.8,78238.2,7.15856500
1787692560,78238.1,78346.1,78238.1,78338.7,10.25453800
1787692620,78323.4,78368,78307.9,78368,11.07774100
1787692680,78368,78457,78364,78415.6,9.01855000
1787692740,78414.1,78455.2,78411.1,78455.2,10.14577500
1787692800,78455.2,78455.2,78277.2,78316.3,14.13996900
1787692860,78302.9,78418.4,78302.8,78417.6,6.09885200
1787692920,78411.9,78413.9,78324.3,78340.1,5.38997100
1787692980,78338.9,78361.2,78331,78347.9,5.79573200
1787693040,78347.9,78380.1,78346.5,78377.2,5.48568500
1787693100,78377.2,78400.8,78332.4,78400.8,2.22318700
1787693160,78405.9,78431.9,78390.1,78393,4.70163900
1787693220,78385.3,78408.6,78366.7,78387.6,4.10211700
1787693280,78387.6,78404.6,78385.5,78400.8,4.54190800
1787693340,78400.7,78479.2,78400.7,78463,4.31050400
1787693400,78463,78476.2,78450.6,78476.1,6.81559600
1787693460,78478.5,78478.5,78431.9,78431.9,3.96246300
1787693520,78431.8,78452.7,78415.1,78423.9,3.74997500
1787693580,78417.7,78431.9,78380.2,78399.8,3.79675100
1787693640,78399.8,78476,78399.8,78475.5,2.80350000
1787693700,78475.5,78535,78470.7,78535,3.39353500
1787693760,78535.1,78627.8,78535.1,78591.1,3.51335200
1787693820,78593.8,78593.8,78540.7,78544.6,1.34777700
1787693880,78562,78571.9,78540.8,78560.2,2.99917600
1787693940,78560.4,78617.2,78560.4,78611.7,3.03036600
1787694000,78603.1,78652.5,78579.8,78647.3,6.51207800
1787694060,78647.2,78648.4,78588.3,78618.6,7.14147500
1787694120,78608.8,78610.9,78588.2,78610.8,4.00236600
1787694180,78610.9,78615.3,78572,78586,5.89177000
1787694240,78586,78610.9,78570.4,78587.5,5.04114700
1787694300,78587.4,78611,78570.4,78603,2.46227200
1787694360,78603.1,78621.3,78598.5,78611.2,4.16517000
1787694420,78621.2,78621.2,78570.4,78587.7,2.31790800
1787694480,78587.8,78608.8,78572.6,78604.7,3.21469100
1787694540,78604.8,78618.8,78604.8,78618.8,2.62781600
1787694600,78621.2,78621.3,78587,78599.1,1.51592300
1787694660,78599.1,78618.6,78587.6,78592.3,1.28340500
1787694720,78592.2,78603.5,78540.7,78603.4,3.20727300
1787694780,78599,78599,78579.7,78583,2.46564200
1787694840,78587.5,78618.6,78587.5,78618.6,1.04691800
1787694900,78618.6,78618.6,78536.1,78579.7,1.88689400
1787694960,78585.6,78638.8,78558.6,78638.8,2.03345000
1787695020,78642,78667.7,78613.2,78613.3,2.25551400
1787695080,78613.3,78649.9,78588.3,78591.5,1.17771400
1787695140,78594.9,78618.7,78564.2,78565.8,1.56403400
1787695200,78565.7,78667.9,78565.7,78667.9,0.54943600
1787695260,78667.9,78668,78605.4,78667.9,3.12917400
1787695320,78667.9,78704.4,78613.6,78675.7,3.34161900
1787695380,78675.7,78715.2,78675.7,78715.2,2.80599600
1787695440,78715.2,78725.1,78713,78717.7,4.66759300
1787695500,78717.7,78775.6,78709.7,78731.7,6.91537600
1787695560,78731.8,78777.5,78731.7,78777.5,3.51247800
1787695620,78777.5,78800.8,78769.5,78800.7,2.45879300
1787695680,78800.7,78909.2,78800.7,78828.7,7.13486300
1787695740,78838.7,78838.7,78809.5,78813.3,3.68012100
1787695800,78811.8,78840,78811.8,78832,4.85286900
1787695860,78831.9,78921,78824.4,78918.5,6.36929200
1787695920,78918.4,78920.9,78879.9,78909,5.54100300
1787695980,78909,78945.9,78890.1,78939.1,6.70204300
1787696040,78939.1,78946.5,78879.9,78928.8,8.91760600
1787696100,78933.2,78954.7,78928.6,78949.4,5.43760500
1787696160,78949.4,79009.3,78942.1,78981.6,4.56110000
1787696220,78981.5,78981.5,78888,78891.2,4.45800700
1787696280,78902.7,78902.8,78841.9,78879.2,4.72160500
1787696340,78879.2,78921.3,78879.2,78921.3,3.56043500
1787696400,78921.3,78932.1,78854.6,78854.6,1.04405000
1787696460,78854.6,78857.8,78816.6,78837,0.47926900
1787696520,78841.3,78841.4,78818.4,78818.4,0.30210800
1787696580,78818.5,78847.5,78818.5,78834.2,0.06980000
1787696640,78847.9,78871.7,78847.9,78870.7,0.16624800
1787696700,78870.6,78870.6,78824.3,78824.4,2.60889000
1787696760,78824.3,78824.3,78732.3,78732.4,3.61143200
1787696820,78732.4,78747.4,78630.4,78631.1,4.30933200
1787696880,78630.4,78688.2,78608.3,78608.3,3.33378000
1787696940,78606.7,78645.7,78606.7,78642.3,1.37936700
1787697000,78642.3,78652.2,78595.4,78652.2,4.98601900
1787697060,78652.1,78721.4,78652.1,78721.4,3.88616100
1787697120,78721.5,78777.8,78721.5,78761.6,4.91858000
1787697180,78761.6,78808.3,78761.6,78808.3,5.33898300
1787697240,78808.3,78847.8,78808.3,78842.3,3.48995700
1787697300,78842.3,78853.3,78828.3,78851.6,5.92168300
1787697360,78850.2,78865.8,78777.4,78793,3.68365200
1787697420,78792.9,78831.6,78775.7,78823.9,1.87634800
1787697480,78824,78832.1,78793.2,78793.2,2.89626100
1787697540,78793.2,78821.3,78775.7,78808.7,4.90610600
1787697600,78800.8,78805.7,78788,78800.8,2.16944700
1787697660,78803.3,78827.7,78803.3,78824.3,0.86718800
1787697720,78824.2,78835.8,78816.5,78817.3,2.23498500
1787697780,78817.3,78826.9,78777.6,78789.5,3.32161300
1787697840,78789.5,78793,78777.3,78788,4.41605000
1787697900,78788,78851.5,78777.6,78851.5,1.72680700
1787697960,78853.7,78853.8,78826.7,78832.1,1.51928500
1787698020,78832.2,78863.6,78832.2,78863.6,1.51909500
1787698080,78865.9,78869.4,78857.5,78864.7,3.30928400
1787698140,78864.6,78864.6,78827.5,78864.5,2.82312400
1787698200,78865,78885.8,78853.8,78871.4,3.32078900
1787698260,78871.6,78879.3,78869.3,78879.3,1.43796500
1787698320,78885.7,78895,78880.6,78889.1,2.11279600
1787698380,78889.2,78918.5,78889.2,78896.8,2.28687000
1787698440,78896.8,78910.4,78896.4,78896.5,1.87736800
1787698500,78896.4,78903.6,78867.6,78902.8,2.01291700
1787698560,78906,78951.2,78906,78922.6,1.90397100
1787698620,78922.6,78949.9,78918.4,78918.6,2.08422900
1787698680,78918.6,78926.4,78910.7,78910.8,1.15962800
1787698740,78910.8,78910.8,78888,78890.5,1.88755800
1787698800,78890.5,78908.9,78860.8,78897.2,0.71317300
1787698860,78900.2,78960,78900.2,78952.3,1.63882800
1787698920,78955,78960.8,78955,78960.7,1.10987200
1787698980,78960.8,78967.7,78944.3,78952.4,1.37990500
1787699040,78952.4,78955.4,78905,78955.4,0.97674800
1787699100,78955.4,78966.7,78954.9,78954.9,1.97553700
1787699160,78954.9,78967.9,78881.5,78886,2.25086700
1787699220,78889.5,78912.8,78855.3,78855.3,2.82344300
1787699280,78855.3,78860.7,78822.1,78860.7,2.18658000
1787699340,78860.6,78860.7,78826.6,78842.2,2.48164200
1787699400,78842.2,78842.2,78808.6,78808.6,1.58172500
1787699460,78818.8,78855.3,78808.5,78848.7,2.87845400
1787699520,78842.4,78842.4,78818.8,78834.4,2.31089500
1787699580,78834.4,78976.9,78834.4,78976.9,3.61583100
1787699640,78976.8,78976.8,78938.5,78953.1,2.61925300
1787699700,78953,78968,78923.3,78923.4,3.52912700
1787699760,78922,78952.2,78905,78944,3.08825700
1787699820,78949.1,78955.3,78905,78920.7,4.45336600
1787699880,78919.7,78942.1,78857.9,78858.1,3.11458600
1787699940,78858.1,78858.2,78763.9,78795.3,6.13731500
1787700000,78797.8,78797.8,78741.5,78768.2,8.05472700
1787700060,78779.6,78788.7,78733.3,78733.3,7.37467200
1787700120,78734.7,78782.5,78732.6,78746.9,5.56823600
1787700180,78746.9,78756.1,78725.5,78725.5,4.57601200
1787700240,78736.9,78740.3,78662.7,78675.7,5.36018200
1787700300,78677.7,78685.8,78631.3,78654.2,5.50052000
1787700360,78654.2,78662.4,78639.1,78648.7,3.37060000
1787700420,78648.9,78658.8,78629.3,78654.6,5.15766600
1787700480,78654.6,78713.2,78654.6,78713.2,4.00058100
1787700540,78713.3,78754,78703.9,78732.7,4.46252000
1787700600,78732.9,78744.8,78639,78639,2.38787400
1787700660,78639.1,78678.5,78639.1,78677.8,3.13263000
1787700720,78677.9,78713.3,78668.6,78707.5,2.81671200
1787700780,78707.5,78741,78701.4,78740.9,3.14928000
1787700840,78741,78803.8,78741,78771.8,2.80892300
1787700900,78771.6,78782.1,78689.1,78716.8,2.53976400
1787700960,78716.7,78732.7,78713.3,78717,1.94367800
1787701020,78711.7,78711.7,78693.6,78709.8,3.12661500
1787701080,78709.8,78709.8,78655.8,78661.4,2.87608000
1787701140,78655.8,78655.8,78641.1,78641.1,1.30232300
1787701200,78654.6,78670.2,78631.8,78644.6,2.13649000
1787701260,78642,78646.8,78613.1,78613.1,1.20435900
1787701320,78615.8,78615.8,78521.1,78551.4,2.97685500
1787701380,78551.3,78574.8,78527.6,78562.9,1.81754200
1787701440,78553.6,78589.6,78553.6,78589.6,1.38563100
1787701500,78589.5,78589.5,78462.5,78497.1,3.72859600
1787701560,78497.1,78519.2,78462.4,78519.2,3.37742700
1787701620,78522.1,78553.2,78483.3,78497.5,4.30083400
1787701680,78497.5,78506.5,78457.4,78459.7,3.62845500
1787701740,78459.7,78475.5,78418.1,78475.5,3.71704500
1787701800,78483.3,78498.8,78444.5,78444.5,5.98307600
1787701860,78444.5,78444.5,78406.6,78429.1,3.86007000
1787701920,78429,78429,78394.6,78421.1,4.40501300
1787701980,78415.3,78506.6,78394,78506.6,4.17007700
1787702040,78514.3,78534.8,78460.1,78491.1,4.09412400
1787702100,78497.1,78498.7,78463.5,78476.8,2.87997200
1787702160,78483.3,78555.5,78483.2,78555.4,1.72414900
1787702220,78556.4,78574.7,78537.7,78552,3.42782400
1787702280,78560.2,78599.9,78514.4,78514.4,5.72118200
1787702340,78514.4,78523.7,78496.6,78523,2.37455400
1787702400,78529.9,78574.9,78491.2,78491.3,2.09744300
1787702460,78496.9,78508.9,78470.2,78470.2,1.60571200
1787702520,78462.5,78567,78462.5,78491.2,5.25832200
1787702580,78493.4,78547.8,78462.4,78547.8,4.91420000
1787702640,78547.9,78623.3,78542.5,78601.4,4.28021700
1787702700,78601.4,78601.5,78433.4,78453.6,7.39327300
1787702760,78453.7,78504,78448,78458.1,6.84488100
1787702820,78458.1,78458.1,78421,78439.1,4.21127800
1787702880,78445,78446.9,78400.4,78400.4,6.81358500
1787702940,78400.5,78400.6,78311.7,78359.1,8.95693100
1787703000,78359.2,78359.2,78309.7,78309.8,9.50459600
1787703060,78309.8,78452.3,78309.8,78452.3,8.98260100
1787703120,78452.3,78452.3,78385.9,78402.1,9.44467400
1787703180,78402.1,78423.5,78328.6,78375,9.72926500
1787703240,78374.9,78384.9,78326.3,78355.2,8.28025300
1787703300,78355.1,78503.8,78331.3,78503.8,4.92955300
1787703360,78493.1,78493.1,78425.1,78431.1,4.14978400
1787703420,78439.1,78491,78439.1,78470.2,4.48244800
1787703480,78470.1,78579,78470.1,78554,5.13571500
1787703540,78549.7,78578.7,78504.1,78522.6,4.83849200
1787703600,78522.7,78557.1,78499.6,78536.3,3.40021300
1787703660,78536.4,78555.5,78483.7,78525.1,1.55925500
1787703720,78524.5,78524.5,78454.7,78497.1,2.05262300
1787703780,78508.4,78577.8,78508.4,78574.1,0.90528600
1787703840,78574,78605.2,78559.4,78585.6,1.11430700
1787703900,78585.6,78585.6,78499,78543.4,3.45497600
1787703960,78543.4,78566,78518.7,78551.6,1.93440600
1787704020,78551.5,78555,78526.2,78546.9,2.86656900
1787704080,78546.9,78579,78509,78540.1,2.95322600
1787704140,78540.1,78586.8,78540.1,78586.7,1.87595100
1787704200,78586.7,78643.3,78566.9,78630,2.52367500
1787704260,78630,78664.1,78610.1,78643.1,2.25573500
1787704320,78643,78643,78571.2,78596.8,2.64825000
1787704380,78596.8,78644.3,78579.9,78638.5,1.98667500
1787704440,78643.5,78643.5,78574,78574.5,2.65333200
1787704500,78574.4,78586.7,78504,78563.4,3.76696600
1787704560,78555.7,78571.1,78547.9,78569.2,4.25155400
1787704620,78569.2,78569.2,78431.5,78431.5,3.44199600
1787704680,78431.5,78462.3,78400.4,78400.4,3.61758600
1787704740,78403,78458.1,78392.2,78392.2,3.21238500
1787704800,78392.2,78449.5,78367.3,78408.1,1.65921100
1787704860,78408.2,78447.3,78375,78392.6,1.70042300
1787704920,78400.4,78453.8,78365.1,78453.8,2.08615800
1787704980,78453.7,78482.2,78361.3,78380.2,2.96146600
1787705040,78380.2,78396.4,78367.1,78384.9,1.87877800
1787705100,78384.8,78477.6,78374.4,78408.1,6.54917700
1787705160,78414.5,78431.8,78392.3,78403.5,3.68739400
1787705220,78411.9,78421.3,78364.5,78401.9,4.61687300
1787705280,78397.2,78519.7,78397.2,78519.7,5.54117100
1787705340,78524,78545.4,78512.3,78529,3.69741900
1787705400,78537.1,78619.2,78517.8,78609,5.33107900
1787705460,78619.2,78672.6,78608.2,78651.7,5.71552400
1787705520,78649.1,78677.2,78623.4,78677.2,6.65177200
1787705580,78677.2,78684.7,78664.8,78677.8,4.10894000
1787705640,78674.2,78711.2,78633.5,78695.9,6.23579300
1787705700,78695.8,78695.8,78633.6,78657.1,3.51623600
1787705760,78657.1,78677.1,78648.6,78677,3.21194200
1787705820,78677.1,78677.1,78660.1,78669.3,4.48966900
1787705880,78669.3,78682.4,78660.3,78664.6,4.05535000
1787705940,78664.5,78664.5,78618,78636.2,4.19533600
1787706000,78625.7,78669.8,78602.4,78651.4,4.42964600
1787706060,78647.6,78698.2,78636.9,78698,3.68568400
1787706120,78698.1,78752.9,78698.1,78720.2,4.68221100
1787706180,78712.5,78768.5,78706.1,78768.5,5.45015400
1787706240,78768.4,78807.8,78758.8,78807.4,2.11389500
1787706300,78808.1,78865,78808.1,78858.2,3.53873900
1787706360,78865.3,78898.6,78848.5,78890.6,6.30597300
1787706420,78886.2,78899.2,78810.9,78822.4,6.18813900
1787706480,78822.4,78861.6,78822.4,78829.2,4.14527200
1787706540,78831.4,78846.1,78790.1,78803.2,3.73138300
1787706600,78799.8,78815.3,78745.4,78812.6,7.80572700
1787706660,78793.5,78799.8,78761,78799.7,6.47941200
1787706720,78799.8,78799.9,78760.7,78778.7,5.28112500
1787706780,78778.7,78779,78708.2,78725.5,7.26644100
1787706840,78718.5,78747.6,78706.4,78747.5,6.25082700
1787706900,78747.5,78838.8,78706.3,78796.3,6.10223100
1787706960,78792,78853.5,78758.4,78853.5,4.22910300
1787707020,78854.6,78870,78835.8,78837.7,2.48009900
1787707080,78837.8,78862.3,78799.8,78811.1,4.10823000
1787707140,78811.2,78865.1,78811.2,78863.5,3.20254100
1787707200,78863.5,78863.5,78828.8,78840.3,5.38177400
1787707260,78845.6,78874.5,78832.1,78861.9,4.61026100
1787707320,78864.3,78870.2,78838.9,78838.9,3.77647700
1787707380,78838.9,78863,78807.6,78863,3.39959700
1787707440,78862.9,78863,78818.4,78818.4,5.89001600
1787707500,78815.4,78815.4,78733,78752.9,1.97533400
1787707560,78753.2,78760.7,78723.6,78723.6,1.28031300
1787707620,78733.9,78760.7,78723.7,78755.1,2.04486600
1787707680,78752.8,78752.8,78718.2,78721.6,3.55991800
1787707740,78729.1,78729.4,78692,78709.9,2.34766600
1787707800,78710.8,78770.2,78710.8,78770.2,3.02899600
1787707860,78770.6,78826.1,78770.6,78826.1,8.24819500
1787707920,78827.7,78893.7,78827.7,78878.2,2.58165900
1787707980,78878.1,78893.7,78848.9,78867.1,2.01983600
1787708040,78867.2,78910.7,78867.1,78910.7,2.68423600
1787708100,78910.7,78932.8,78888.6,78932.8,3.00158500
1787708160,78932.7,78950.3,78932.7,78950.3,3.10842000
1787708220,78950.4,78956.4,78900.6,78925,2.63272900
1787708280,78911.3,78923.8,78885.9,78891.5,2.56690700
1787708340,78890.9,78909.4,78890.9,78908.1,3.73181000
1787708400,78908,78909.4,78874.6,78878.1,3.41078400
1787708460,78878.2,78881.1,78848.4,78848.4,1.79775700
1787708520,78851.4,78870.2,78846.8,78858.1,2.28439700
1787708580,78858.1,78874.7,78854.6,78854.6,2.32885100
1787708640,78855.9,78874.5,78843.1,78872,2.66296100
1787708700,78865.8,78865.8,78828.5,78828.5,1.54943700
1787708760,78828.5,78834.5,78799.8,78799.8,1.59928000
1787708820,78796.4,78826.6,78796.4,78815.5,2.69309800
1787708880,78815.5,78835.8,78815.5,78835.8,1.77249000
1787708940,78835.8,78835.8,78807.6,78831,1.66365700
1787709000,78831,78831.2,78777.9,78818.4,2.57256400
1787709060,78808.9,78817.3,78803.6,78803.6,2.73491100
1787709120,78803.7,78803.7,78790.7,78790.7,1.95133700
1787709180,78787.4,78791.2,78777.5,78791.2,1.42292000
1787709240,78791.2,78804,78788.4,78792.4,1.79751000
1787709300,78792.5,78807.6,78784.2,78784.2,2.39304000
1787709360,78784.1,78784.1,78760.7,78776.3,1.92909600
1787709420,78784,78784.1,78758.4,78776.2,1.49475700
1787709480,78776.3,78793,78776.3,78792.9,1.46289600
1787709540,78793,78811.3,78793,78807.7,1.34063400
1787709600,78815.4,78846.7,78810.9,78827.5,1.73518300
1787709660,78827.5,78872.3,78806.5,78871.8,1.29361300
1787709720,78871.7,78872.2,78839.9,78839.9,2.53373700
1787709780,78839.9,78839.9,78806.7,78806.8,4.50544700
1787709840,78806.7,78848.9,78783.9,78838.9,2.87969000
1787709900,78842.8,78846.5,78833.3,78833.4,3.90719200
1787709960,78833.4,78849,78757.6,78769.5,2.90006300
1787710020,78769.5,78778.6,78747.3,78778.6,2.62361300
1787710080,78784.1,78784.1,78742.7,78770.7,2.43966000
1787710140,78770.6,78770.6,78741.5,78741.8,3.37482498
1787710200,78741.8,78763,78741.8,78758.1,3.45302400
1787710260,78758.6,78784.1,78758.6,78776.1,2.45975400
1787710320,78763,78764.5,78761.5,78764.5,1.16093000
1787710380,78764.6,78788.9,78764.2,78788.9,2.03886800
1787710440,78790.7,78814.9,78775.4,78778.4,1.84221200
1787710500,78778.3,78794.2,78744.3,78772,1.23794100
1787710560,78772.1,78820,78772.1,78820,1.66040300
1787710620,78820,78915.3,78820,78915.3,3.54139800
1787710680,78915.3,78949.3,78913.3,78936.8,1.03336400
1787710740,78936.7,78936.7,78890.8,78890.9,1.50574900
1787710800,78893.4,78943,78893.4,78943,1.18615100
1787710860,78949,78949,78900.9,78900.9,0.11242400
1787710920,78900.9,78923.2,78900.9,78919,0.36608200
1787710980,78919.1,78943,78913.3,78943,0.13800300
1787711040,78949.4,78983.4,78949.4,78983.4,0.48676300
1787711100,78985.8,79105.3,78985.8,79105.2,3.32160300
1787711160,79105.3,79217.4,79105.2,79137.8,4.55326100
1787711220,79139.7,79218.4,79139.5,79202.8,3.12578900
1787711280,79199.8,79235.9,79199.7,79235.9,3.23659600
1787711340,79235.9,79235.9,79226.4,79226.5,0.79048700
1787711400,79226.4,79226.4,79125.1,79147.6,6.92396800
1787711460,79147.6,79195.6,79140.2,79155.5,6.87507800
1787711520,79155.6,79187,79125,79186.9,5.52732000
1787711580,79187,79234.4,79187,79234.4,1.44569600
1787711640,79234.3,79234.4,79155,79183.4,5.48252100
1787711700,79183.5,79212.3,79163.3,79196.3,7.49484900
1787711760,79210.6,79210.7,79179.1,79179.3,6.51410900
1787711820,79179.3,79184.6,79158.5,79179,5.07366400
1787711880,79179,79192.1,79152.3,79192,6.24265400
1787711940,79192,79193.9,79179.2,79183.1,0.16411400
1787712000,79183.1,79202.7,79183,79194.8,1.12063100
1787712060,79194.8,79202.8,79155.7,79155.9,2.27980800
1787712120,79156,79182.2,79132.2,79182.1,2.33710500
1787712180,79182.6,79182.6,79143.4,79143.5,2.69132900
1787712240,79155.4,79163.3,79145.8,79145.8,1.43346000
1787712300,79145.9,79173.1,79143,79167.8,1.37973000
1787712360,79168,79168,79133.2,79133.2,1.39766000
1787712420,79133.3,79147.6,79127,79132.2,0.99335800
1787712480,79132.2,79139.7,79123.9,79125.3,2.05709100
1787712540,79131.7,79131.8,79102.8,79125.7,1.12966300
1787712600,79120.8,79120.8,79092.4,79092.4,1.96533700
1787712660,79091.5,79113.3,79076.6,79113.3,1.88948700
1787712720,79113.3,79116.8,79092.5,79097.8,3.32154000
1787712780,79108,79109.7,79083.3,79083.3,3.38969600
1787712840,79083.3,79083.3,79038.2,79059.1,3.74226600
1787712900,79064.4,79109.4,79064.4,79109.4,2.13478600
1787712960,79109.5,79127.5,79109.4,79127.5,1.71281800
1787713020,79131.8,79131.8,79116,79117.2,2.54302500
1787713080,79121.4,79131.3,79121.4,79122.4,2.26869200
1787713140,79129.8,79129.8,79109.4,79109.5,1.69679600
1787713200,79109.4,79119.5,79079.7,79119.5,2.16773200
1787713260,79110.2,79150,79110.2,79150,0.86727000
1787713320,79150,79181.2,79133.9,79133.9,1.49563300
1787713380,79126.1,79148.7,79070.9,79071,0.95158500
1787713440,79086.6,79086.6,79066.4,79066.4,0.62708500
1787713500,79066.5,79086.6,79066.4,79086.5,2.93318800
1787713560,79086.5,79112.6,79063,79063,3.02378100
1787713620,79063,79065.3,79058.6,79060.2,2.28835800
1787713680,79060.3,79060.3,79045.9,79045.9,2.64724600
1787713740,79048.5,79054.2,79045.8,79050.3,2.98272900
1787713800,79050.3,79082,79050.3,79063.1,1.08004000
1787713860,79063,79078.8,79059.6,79059.7,0.95806000
1787713920,79064.5,79079.5,79064.5,79079.4,1.52477000
1787713980,79079.4,79079.5,79064.1,79071,1.60609400
1787714040,79071,79081.9,79040.2,79040.2,3.63053100
1787714100,79040.3,79065.3,79039.5,79062.9,2.10612100
1787714160,79063,79065.7,79008.1,79026,1.26193100
1787714220,79026,79045.5,79023.8,79023.8,1.65546000
1787714280,79023.7,79023.7,79002.2,79002.5,1.03714400
1787714340,79000.1,79000.1,78991.7,78991.7,0.21860800
1787714400,78998.5,79015.8,78993.5,79015.8,1.64552200
1787714460,79015.8,79084,79015.8,79084,2.74664600
1787714520,79086.6,79092.1,79083.2,79083.2,2.19112600
1787714580,79090,79116.8,79090,79112.8,1.76112900
1787714640,79112.8,79112.8,79093.9,79093.9,2.94618900
1787714700,79092.1,79108.8,79078.6,79099.5,2.55178800
1787714760,79096.4,79110.1,79094.2,79104.5,3.21343300
1787714820,79094.5,79094.5,79056.8,79070.2,2.62103900
1787714880,79063,79063,79031,79038.4,3.32647900
1787714940,79038.4,79047.3,79023.8,79037.4,1.99783600
1787715000,79037.4,79037.4,79018.9,79022.1,1.34613100
1787715060,79022,79022,78976.7,78976.7,2.72459400
1787715120,78982,78982,78894.4,78945.1,3.41002800
1787715180,78937.3,78989.6,78937.3,78974.5,1.36655300
1787715240,78968.7,78984.4,78961,78973.8,2.01671300
1787715300,78981.7,79055.1,78981.7,79055.1,8.07485200
1787715360,79055,79110.2,79055,79070.9,6.04768200
1787715420,79075.3,79075.3,79029.4,79038.5,3.79852500
1787715480,79029.4,79062.9,79023.4,79061.3,3.67491500
1787715540,79054.3,79054.6,79037.4,79037.4,2.49619700
1787715600,79037.3,79037.3,78976.5,78976.5,1.20157100
1787715660,78976.6,79025.1,78974.5,79025.1,4.04413900
1787715720,79025,79058.6,79023.5,79048,3.87577100
1787715780,79048.1,79058.5,79031.7,79058.5,3.07634100
1787715840,79058.5,79070.8,79047.9,79047.9,4.98014300
1787715900,79052.7,79071.3,79037.3,79039.4,4.28073400
1787715960,79039.4,79039.4,78968.7,78972.1,2.02921200
1787716020,78972,78972,78942.3,78952,2.28062500
1787716080,78951.3,78960.9,78936.9,78960.2,1.60632700
1787716140,78960.1,78980.8,78951.8,78976.5,2.06145400
1787716200,78976.4,78981.1,78947,78981.1,2.79950700
1787716260,78984.4,79000,78977.3,79000,15.56795000
1787716320,79000,79018.8,78990.3,79012.2,3.87680100
1787716380,79012.2,79023.6,78999.4,78999.4,1.22191600
1787716440,78999.5,79015.8,78999.3,79015.6,1.93246100
1787716500,79015.7,79082.1,79015.7,79082,3.42953600
1787716560,79082,79086.5,79058.5,79065,2.88780600
1787716620,79065,79066.1,79056.7,79056.7,3.42351900
1787716680,79056.6,79100,79056.5,79099.9,1.62950600
1787716740,79100,79100,79079.5,79079.6,1.51481500
1787716800,79079.5,79079.5,79005.7,79016.7,2.13648300
1787716860,79016.8,79028.7,78978.6,78978.6,2.26291500
1787716920,78979.5,78994.4,78963.1,78994.4,2.13176800
1787716980,78994.4,79002.3,78963.8,78963.8,2.91006400
1787717040,78963.9,79010.1,78963.1,79010,1.22307100
1787717100,79010,79034.6,78994.4,79034.6,2.20014600
1787717160,79025.7,79065.1,79025.7,79065.1,2.47867300
1787717220,79065.1,79078.2,79057.3,79064.9,2.47288500
1787717280,79065,79104.5,79043.9,79052.1,3.82866900
1787717340,79052.1,79138,79052.1,79138,3.33651800
1787717400,79140.8,79190.5,79140.8,79147.9,3.54322800
1787717460,79148,79165.8,79087,79087,3.08878000
1787717520,79082.9,79096.8,79073,79073,2.11191100
1787717580,79065.1,79065.1,79006.1,79018,2.36334700
1787717640,79017.9,79041.6,78963.5,79041.6,13.08932300
1787717700,79041.6,79057,78973.5,79014.6,3.71936500
1787717760,79010.6,79052,79010.6,79041.6,1.98647200
1787717820,79033.8,79038,79025.8,79038,2.88956600
1787717880,79041.6,79099.6,79041.6,79088.8,2.59440500
1787717940,79094.7,79136,79091.9,79125.9,3.79311100
1787718000,79125.5,79135.3,79031.6,79037.7,1.47930300
1787718060,79037.7,79038.2,79002.3,79018,0.29898600
1787718120,79025.8,79034.8,79025.8,79034.5,0.23463200
1787718180,79029.2,79073,79025.9,79073,0.36221600
1787718240,79075.1,79104.4,79074,79104.4,1.08304400
1787718300,79104.5,79114.7,79088.7,79088.7,2.49426500
1787718360,79088.7,79088.8,79033.7,79033.8,3.12677700
1787718420,79033.8,79038.1,79025.8,79027.8,11.91146100
1787718480,79027.8,79049.3,78992.4,79009.1,6.25462800
1787718540,79009.1,79009.1,79007,79007.5,5.26582500
1787718600,79007.5,79045.2,79007.5,79045.1,2.79022000
1787718660,79045.2,79046.7,79033.7,79046.7,4.07874100
1787718720,79049.2,79049.6,78973.5,78973.5,3.84983100
1787718780,78973.6,78973.6,78933.3,78945.9,4.44475500
1787718840,78945.8,78945.8,78900.4,78925.9,2.63042800
1787718900,78925.8,78931.6,78889.2,78896.5,4.73736100
1787718960,78896.5,78938.7,78896.5,78938.7,4.55961000
1787719020,78939.4,78978.7,78939.4,78978.7,3.44695800
1787719080,78985.4,78992.7,78980.5,78990.6,3.50713100
1787719140,78993.4,79002.2,78931.7,78938.1,4.60277800
1787719200,78938.1,78960.3,78938.1,78960.3,1.02301900
1787719260,78963.1,78971.8,78963.1,78964.1,1.37970500
1787719320,78965.9,78989.6,78965.9,78986.7,2.26613800
1787719380,78986.6,78986.7,78970.9,78972.9,2.47554300
1787719440,78972.8,78978.5,78963.1,78964.1,3.14617400
1787719500,78964.1,78964.1,78900.4,78908.2,1.30075000
1787719560,78896.8,78896.8,78886.9,78887,0.79557000
1787719620,78888.7,78888.7,78840.8,78840.8,2.05116900
1787719680,78840.8,78876.9,78792.3,78853.4,2.63692900
1787719740,78851.9,78867.5,78851.9,78853.5,1.35020500
1787719800,78856.5,78879.5,78856.4,78878.4,3.19543100
1787719860,78878.4,78895.1,78875.9,78895,4.39636900
1787719920,78890.2,78890.2,78843,78849.4,4.75774900
1787719980,78849.5,78900.3,78849.5,78861.2,4.00659400
1787720040,78861.2,78881.7,78861.2,78879.3,3.33088200
1787720100,78879.4,78880.2,78825.5,78825.6,0.98930600
1787720160,78825.5,78842.5,78803.9,78803.9,2.71396000
1787720220,78803.8,78814.3,78784.5,78814.3,2.00494600
1787720280,78814.3,78842.9,78814.2,78832.6,2.07686800
1787720340,78832.5,78837.2,78817.8,78817.8,2.17249100
1787720400,78817.9,78849.9,78816.4,78816.4,1.17591200
1787720460,78816.5,78832.3,78792.9,78824.5,1.14475800
1787720520,78824.6,78824.6,78761.9,78823.8,1.36551900
1787720580,78823.7,78826.2,78782.3,78793.1,1.93950000
1787720640,78793.1,78802.7,78761.9,78761.9,1.99270400
1787720700,78766.5,78766.5,78675.9,78684,3.90446900
1787720760,78677.2,78687.1,78635.7,78635.7,5.30815400
1787720820,78645.1,78730.7,78643,78720.4,3.25359800
1787720880,78720.4,78740.7,78684,78740.7,3.42221900
1787720940,78740.8,78808.5,78740.8,78808.4,1.75259800
1787721000,78808.5,78838.9,78808.5,78838.9,2.22190600
1787721060,78838.8,78879,78838.8,78869,3.94325800
1787721120,78863.4,78892.9,78849.9,78892.8,2.47727400
1787721180,78892.9,78949.5,78882.4,78910.4,3.50333600
1787721240,78910.4,78933.8,78902,78902,3.97118500
1787721300,78902,78902,78842.5,78842.5,3.04306900
1787721360,78840,78886.9,78829,78879.1,2.95003400
1787721420,78883.2,78886.1,78800.9,78800.9,3.59616800
1787721480,78797.8,78849.9,78759.7,78759.7,7.07804400
1787721540,78759.8,78793,78746.5,78746.5,3.99880200
1787721600,78753.3,78816.8,78753.3,78816.8,3.20692500
1787721660,78816.7,78885.3,78804.3,78873.6,5.66508400
1787721720,78872.6,78892.8,78850,78892.8,4.56709500
1787721780,78892.9,78949.4,78892.8,78949.4,5.18194500
1787721840,78949.3,79020,78949.3,79020,5.93507100
1787721900,79020.1,79063.3,78979.8,78992.8,2.55362600
1787721960,78996.6,78996.6,78954.3,78954.3,4.04302900
1787722020,78954.3,78975.4,78954.3,78965.3,3.08379300
1787722080,78965.2,79004.4,78965.2,78981,3.48127200
1787722140,78980.9,79026.4,78980.9,79018.9,2.41963200
1787722200,79022.5,79060,78980.9,79043.8,3.49341400
1787722260,79043.7,79114.7,79043.7,79094.3,5.06756400
1787722320,79097.9,79132.6,79090.9,79126.9,5.25725600
1787722380,79126.9,79127,79093.6,79094.6,4.80966800
1787722440,79093.5,79106.6,79060,79060.1,2.58159400
1787722500,79060.1,79060.1,79032.7,79035.8,3.98797100
1787722560,79035.9,79042.5,78988.8,79011.9,2.61086600
1787722620,79006.5,79075.2,79006.5,79072,4.08034100
1787722680,79072.1,79077.5,79051.5,79051.8,4.62508500
1787722740,79053.3,79072.9,79051.5,79072.9,4.30147300
1787722800,79073.1,79085.2,79051.5,79085.2,2.84011500
1787722860,79085.1,79111.3,79085.1,79103.3,2.21622100
1787722920,79103.2,79103.3,79090.9,79098,1.15168600
1787722980,79098,79122.3,79097.9,79107.2,1.61271500
1787723040,79107.1,79114.3,79085,79114.3,2.01531000
1787723100,79111.3,79113,79085.2,79085.2,1.36853700
1787723160,79085.2,79095.2,79069.1,79069.1,0.96521100
1787723220,79069.2,79080.1,79063.2,79063.2,1.24767500
1787723280,79062.4,79091.7,79033.4,79052.2,2.42593200
1787723340,79054.1,79064.6,79034.3,79064.5,1.73381500
1787723400,79066.9,79066.9,79034,79041.1,2.83366900
1787723460,79041.1,79041.1,79028,79028,2.49690700
1787723520,79026.5,79051.4,79020.1,79041.7,3.27306300
1787723580,79041.6,79041.7,78969.3,78974,2.49455900
1787723640,78977.2,78977.2,78948.8,78950.1,4.18016400
1787723700,78955.4,79004.5,78955.4,79004.5,2.79705300
1787723760,79004.5,79004.6,78998.6,78998.8,1.46010600
1787723820,78999.5,79037.5,78996.6,79030.5,2.48225000
1787723880,79035,79056.4,79034.9,79040.9,4.05463500
1787723940,79040.8,79090.8,79040.8,79090.8,3.47247900
1787724000,79090.8,79132.3,79078.5,79132.3,2.10225900
1787724060,79132.2,79149.3,79074.2,79094.1,1.71849900
1787724120,79100.8,79107.4,79035.5,79060.1,1.91577900
1787724180,79065.8,79069.4,79014.4,79037.4,1.94241100
1787724240,79038,79106.6,79038,79095.2,1.36251300
1787724300,79095.3,79186.1,79095.3,79180.8,3.59923000
1787724360,79180.7,79199.2,79163.8,79187.5,4.36829900
1787724420,79187.5,79207.5,79171.6,79171.6,4.65459900
1787724480,79171.4,79171.4,79144.5,79161.9,3.38505500
1787724540,79161.9,79170.8,79132.1,79170.7,3.11422400
1787724600,79170.8,79170.8,79118.3,79118.3,2.37765900
1787724660,79118.3,79118.4,78976.3,79006.9,3.31868700
1787724720,79006.8,79030.1,78967.4,79030.1,5.83623800
1787724780,79030,79030.1,78975.8,78995.4,3.60920200
1787724840,78998.1,79013.4,78983.1,79002.5,3.34493100
1787724900,78998.8,79008.9,78989.2,78991.8,1.50702300
1787724960,78991.9,79054.9,78991.9,79054.8,2.22364200
1787725020,79054.8,79054.8,78998.7,78998.8,1.84902700
1787725080,78998.7,78998.8,78943.9,78947.3,2.11120300
1787725140,78947.3,78947.3,78881.3,78882.9,3.06669500
1787725200,78882.9,79011.3,78875.2,79009.8,3.48200400
1787725260,79006.5,79006.5,78961.2,78984.4,0.04957400
1787725320,78976.9,78976.9,78928.3,78930.3,0.14673300
1787725380,78928.2,78928.3,78897,78901,0.13611000
1787725440,78904.3,78912.8,78865.9,78865.9,0.02647300
1787725500,78865.9,78896.9,78832.3,78896.9,3.35165000
1787725560,78904.5,78920.4,78889.1,78912.5,2.75031900
1787725620,78912.5,78927,78889.4,78926.9,3.58276700
1787725680,78927,78951.7,78927,78936.2,2.61469900
1787725740,78936.2,78936.2,78893.7,78893.7,1.06888500
1787725800,78893.6,78904.8,78882.8,78904.7,2.54494300
1787725860,78904.8,78960.4,78887.8,78887.8,3.89388800
1787725920,78912.6,78928.2,78904.7,78927.2,3.16833100
1787725980,78916.1,78920.7,78867.3,78873.5,1.77932300
1787726040,78867.2,78908.9,78867.2,78905.6,3.41118700
1787726100,78905.8,78951.7,78905.8,78908.9,1.71778000
1787726160,78909,78909.1,78881.3,78881.3,1.73227900
1787726220,78881.3,78881.3,78842.2,78842.3,2.43003100
1787726280,78842.7,78850,78811,78850,2.94609100
1787726340,78856.7,78863.2,78842.2,78861,1.94778100
1787726400,78862,78893.6,78862,78873.5,1.75210200
1787726460,78873.6,78943.9,78873.4,78943.9,1.78534900
1787726520,78943.9,78946.7,78930.5,78944,2.85015200
1787726580,78951.5,78959.1,78943.8,78956.7,2.43166400
1787726640,78945,78945,78912.6,78939.5,2.72630700
1787726700,78939.4,78955.5,78928.2,78955.4,1.05772000
1787726760,78955.7,78961.1,78949.1,78949.1,1.37927900
1787726820,78949.1,78949.2,78949.1,78949.1,1.12084100
1787726880,78949.1,78949.1,78873.5,78881,2.23536800
1787726940,78885.2,78902,78865.7,78890.1,1.32599800
1787727000,78892.7,78920.4,78892.6,78901.8,1.62380800
1787727060,78898.8,78899,78876.2,78898.3,1.30308600
1787727120,78898.3,78908.8,78881.4,78901.8,1.65705200
1787727180,78901.9,78904.8,78885.1,78904.8,2.50521700
1787727240,78901,78927.1,78900.9,78927.1,1.41028100
1787727300,78927,78936,78911.7,78915.2,1.93303600
1787727360,78915.3,78929,78896.9,78928.1,5.19206700
1787727420,78928,78943.8,78923.4,78926.4,1.70010900
1787727480,78926.3,78926.4,78912.6,78920.2,2.31640300
1787727540,78920.3,78945.5,78920.3,78945.2,1.50866100
1787727600,78945,78949.1,78906.9,78906.9,2.33466700
1787727660,78906.9,78914.4,78889.7,78889.7,1.28320300
1787727720,78883.5,78949,78865.2,78945.8,3.07759600
1787727780,78945.7,78976.7,78913.7,78970.1,4.76987000
1787727840,78970.2,79015.4,78970.2,79015.3,3.52357500
1787727900,79015.3,79058.8,79015.3,79040.2,2.71770800
1787727960,79040.2,79072.8,79040.1,79072.8,2.96090200
1787728020,79075.9,79095,79048,79048,3.65002800
1787728080,79047.9,79048,79000.9,79000.9,3.16838600
1787728140,79000.9,79000.9,78930.4,78930.5,3.59714800
1787728200,78930.5,79008.7,78930.5,78993.1,2.88682400
1787728260,78993.2,79028,78993.1,79021,2.68160200
1787728320,79020.9,79020.9,78968.1,78968.2,2.20915000
1787728380,78968.2,78977.3,78946,78946.1,2.46351300
1787728440,78946.1,78985.6,78942.8,78985.6,1.42617300
1787728500,78985.5,79016.6,78977.5,78986,10.24292700
1787728560,78985.9,79004.4,78985.2,78985.3,1.31400000
1787728620,78985.4,78988.6,78961.1,78977.4,1.49130900
1787728680,78977.5,78993.1,78969.6,78973.3,1.62841800
1787728740,78973.5,78983.6,78954.6,78962.7,1.63550800
1787728800,78962.8,78964.6,78946.1,78946.1,3.45694200
1787728860,78942.8,78985.2,78899.5,78971.7,3.02586900
1787728920,78977.4,78994.2,78974.5,78985.3,3.12729400
1787728980,78988.5,79004.4,78988.5,78995.5,4.28961500
1787729040,78995.5,78995.5,78953.9,78953.9,3.23001900
1787729100,78953.9,78978.4,78941.9,78976.9,2.01829700
1787729160,78976.9,79022.2,78946.1,79022.2,2.93564300
1787729220,79022.2,79032.2,78995.9,79005.3,1.38310600
1787729280,79005.2,79005.2,78984.3,78984.4,1.13949800
1787729340,78984.3,78984.3,78946.2,78946.2,2.13238600
1787729400,78946.1,78946.2,78914.8,78933.6,1.79912200
1787729460,78933.7,78934.4,78901,78901,2.90055500
1787729520,78901,78925.7,78896.7,78896.7,2.39977500
1787729580,78894.4,78961.7,78894.3,78961.7,2.32465400
1787729640,78968,78977.3,78941.9,78977.3,1.68219900
1787729700,78977.3,78994.2,78966,78994.2,1.66526900
1787729760,78994.2,79008.7,78975.9,78976.9,2.15571100
1787729820,78977,78993,78969.6,78993,1.89559400
1787729880,78992.9,79043.7,78984.9,79032.8,2.73085500
1787729940,79028.6,79028.6,78977.4,79000.9,1.62499100
1787730000,79000.9,79003.8,78993.1,78997.6,1.71642100
1787730060,78997.7,79007.2,78997.6,79007.2,1.57347900
1787730120,79002.4,79002.4,78968.1,78993,3.53607500
1787730180,78993,79028,78993,79002.5,2.75979800
1787730240,79001,79004.3,78977.4,78997.3,3.86529900
1787730300,78997.3,78997.3,78985.2,78988.8,0.91224900
1787730360,78988.7,78992,78968.2,78991.9,3.99031600
1787730420,78991.9,79000.9,78968.2,78985.2,2.37846800
1787730480,78985.2,79002,78969.6,79002,1.25887900
1787730540,79002,79002,78985.2,78998.9,2.64434700
1787730600,78998.8,79020.4,78985.2,79020.4,2.36273400
1787730660,79020.4,79024.7,79008.7,79008.8,0.97597300
1787730720,79008.7,79055.8,79008.7,79055.8,0.93137700
1787730780,79055.7,79055.8,79008.8,79008.8,1.27456000
1787730840,79008.7,79008.7,78961.2,78961.2,2.34447700
1787730900,78961.1,78961.1,78923,78923,1.30375900
1787730960,78923.1,79000.8,78923.1,78980.5,3.17576700
1787731020,78977.4,78989.9,78974.2,78984.6,1.18175800
1787731080,78984.5,78984.6,78938.3,78940.5,1.40875600
1787731140,78938.2,78938.2,78915.8,78929.7,2.30898000
1787731200,78929.7,78929.7,78895.1,78917,3.00072000
1787731260,78914.8,78940.3,78880.1,78880.1,1.68268800
1787731320,78880.1,78892.8,78852,78852,4.50517200
1787731380,78852.1,78889.7,78852.1,78856.2,2.46948100
1787731440,78858.6,78905.3,78853.3,78896.6,4.13999500
1787731500,78896.6,78896.6,78828.3,78828.4,3.89624200
1787731560,78828.4,78876.4,78828.4,78872.3,4.21284700
1787731620,78872.4,78895,78859.6,78894.9,4.14500100
1787731680,78894.9,78971.5,78894.9,78950.5,2.50196800
1787731740,78950.6,79079.6,78950.6,79058,4.05043100
1787731800,79057.9,79104.9,79042.3,79087.7,2.94149600
1787731860,79089.3,79116.8,79079.8,79079.8,4.13086200
1787731920,79079.7,79097.2,79076.5,79097.2,2.54032500
1787731980,79097.3,79105.9,79076.6,79076.8,2.14060400
1787732040,79089.2,79089.2,79036.6,79037.4,2.79130700
1787732100,79037.4,79050.5,79028.7,79050.4,1.77949500
1787732160,79050.5,79105.8,79049.9,79105.5,3.55249800
1787732220,79105.5,79105.5,79042.2,79042.2,3.82667900
1787732280,79042.2,79042.2,78979.5,78994.1,2.73152300
1787732340,78994.2,79003,78987.4,78987.5,3.05613800
1787732400,78987.4,79001.1,78987.4,78987.6,2.29070000
1787732460,78987.6,78988.3,78979.5,78979.5,0.01818700
1787732520,78979.5,78979.5,78903,78924.6,0.15407700
1787732580,78924.7,78961.8,78924.7,78960,0.01770300
1787732640,78961.7,78961.8,78940.9,78956.1,0.02074200
1787732700,78961.8,78987.4,78961.8,78980.9,0.89933800
1787732760,78980.8,79001.3,78980.8,79001.3,1.53972500
1787732820,79003,79003.1,78987.4,78987.4,3.00264900
1787732880,78981.9,78995.2,78972.2,78995.2,0.86907300
1787732940,78995.1,79003,78987.4,78987.4,2.30822300
1787733000,78981,78991.3,78922.8,78939.3,2.19022200
1787733060,78940.4,78999.9,78940.4,78999.9,2.16171800
1787733120,79000,79012.8,78987.4,78987.5,1.92735300
1787733180,78987.4,78987.4,78948.2,78979.5,2.36756800
1787733240,78979.4,78979.4,78934.9,78934.9,2.05137200
1787733300,78935,78935,78922.7,78922.7,1.63522400
1787733360,78922.7,78940.4,78909.2,78922,3.31785000
1787733420,78922,78922.3,78901.2,78914.1,3.32149300
1787733480,78909.1,78909.2,78895,78898.8,1.46472500
1787733540,78907.5,78924.8,78907.5,78917,2.24179200
1787733600,78923.4,78923.4,78907.9,78908,0.94385300
1787733660,78915,78944.3,78915,78927.1,2.55403200
1787733720,78927,78956,78927,78956,2.30207300
1787733780,78953.4,78979.5,78940.4,78971.8,2.68145100
1787733840,78983.8,79012.7,78963.7,79007.7,1.96874800
1787733900,78995.3,79012.8,78979.5,78979.6,0.71915700
1787733960,78975,78977.6,78936.8,78947.1,2.07265900
1787734020,78946.9,78946.9,78917,78928.9,2.88510700
1787734080,78928.9,78928.9,78912.9,78912.9,1.08356600
1787734140,78913,78932.7,78911.7,78911.8,2.26985800
1787734200,78924.8,78942.1,78909.1,78917,4.02197700
1787734260,78917,78917,78834.3,78839.3,1.99845200
1787734320,78838.9,78838.9,78809.5,78809.5,2.58494500
1787734380,78809.1,78809.1,78776.3,78787.1,2.54359200
1787734440,78787.1,78787.1,78708.1,78708.1,2.92420000
1787734500,78706.8,78711.2,78658.6,78703.5,3.82778600
1787734560,78703.5,78714.2,78691,78709.5,3.64785500
1787734620,78704.6,78714.2,78653.2,78675.3,1.65298800
1787734680,78675.4,78675.4,78601.7,78620.9,3.53581300
1787734740,78620.9,78706.4,78613.3,78706.4,5.18064200
1787734800,78711.1,78743.6,78675.2,78725.4,4.51741500
1787734860,78725.5,78851.2,78705.3,78802.1,7.68506100
1787734920,78802.1,78825.3,78780.3,78825.3,5.70308800
1787734980,78825.3,78841.1,78813.1,78841,3.30027200
1787735040,78841.1,78862.4,78817.7,78817.7,5.36813000
1787735100,78816.7,78841.1,78810.6,78841.1,7.57253400
1787735160,78841.1,78862.4,78841.1,78862.3,5.80380600
1787735220,78862.3,78870.8,78862.3,78870.8,3.34531300
1787735280,78870.8,78870.8,78802.1,78806,7.08828300
1787735340,78806.1,78813.2,78800,78800.2,5.93395200
1787735400,78800.1,78841,78800.1,78823.9,2.27511900
1787735460,78825.5,78838.1,78817.7,78838.1,2.39447200
1787735520,78838.2,78838.2,78783.2,78783.3,2.49405000
1787735580,78783.3,78783.3,78747.6,78747.7,2.54878200
1787735640,78747.7,78778.7,78747.7,78778.7,1.28494100
1787735700,78778.6,78778.6,78679.2,78679.2,2.55304200
1787735760,78677.8,78693.2,78593.7,78593.8,4.13543800
1787735820,78593.8,78607.7,78463.7,78539.8,6.72645500
1787735880,78539.8,78572,78464.4,78485.1,5.02233400
1787735940,78473.2,78478.6,78428.3,78476.3,4.17100000
1787736000,78484,78514,78468.5,78507.1,8.39641100
1787736060,78507.1,78530.4,78468.5,78468.5,10.56340300
1787736120,78468.6,78475.4,78426.2,78436.3,6.95786600
1787736180,78430.3,78437.6,78400.3,78400.4,11.53461200
1787736240,78400.4,78429.9,78393,78399,10.38864800
1787736300,78406.8,78464.4,78406.8,78464.4,7.01128200
1787736360,78464.4,78507.2,78464.4,78487.6,4.39189500
1787736420,78479.6,78483.9,78441.5,78476.4,4.87243000
1787736480,78476.5,78484.1,78460.8,78481.8,5.27800000
1787736540,78483.3,78545.1,78481.3,78526.7,5.28591100
1787736600,78528.9,78530.4,78476.8,78481,1.18401800
1787736660,78476.3,78553.6,78476.3,78545.9,3.38686300
1787736720,78545.8,78563.5,78538.2,78550.9,3.19959000
1787736780,78553.6,78584.5,78547,78578.8,2.31472600
1787736840,78578.8,78584.6,78561.3,78561.3,3.03977600
1787736900,78561.4,78576.8,78546.3,78546.4,6.20421600
1787736960,78546.4,78553.8,78515,78525.7,2.92962300
1787737020,78522.6,78524.9,78487.6,78511.3,1.99272400
1787737080,78511.4,78526.4,78499.5,78526.4,1.75921900
1787737140,78526.5,78535.4,78491.7,78491.7,1.81527000
1787737200,78488.8,78488.8,78410.9,78417.3,4.83681600
1787737260,78414.5,78446.1,78407.8,78440.5,3.05597800
1787737320,78440.6,78446.1,78400.2,78400.2,3.88115600
1787737380,78403.8,78423,78403.8,78406.8,2.83695200
1787737440,78406.8,78406.8,78331.9,78331.9,3.71027700
1787737500,78332,78369.7,78332,78369.6,2.86161700
1787737560,78369.7,78385.1,78345.1,78360.5,4.08500300
1787737620,78360.4,78367.2,78248.1,78332.4,6.01130700
1787737680,78322.3,78391.3,78314.4,78391.3,3.68614200
1787737740,78391.3,78431.3,78391.3,78428.5,3.83023300
1787737800,78424.6,78431.4,78398.8,78430.8,5.84371400
1787737860,78431.2,78473.7,78414.5,78473.7,2.65686800
1787737920,78473.7,78487.5,78437.6,78448.6,5.29626100
1787737980,78448.8,78453.1,78399.1,78414.4,2.85570700
1787738040,78404.6,78422.1,78399.2,78399.2,2.85314800
1787738100,78413.2,78445.4,78399.1,78422.9,5.31856300
1787738160,78422.2,78432.8,78414.5,78427.2,6.08678000
1787738220,78427.2,78457.9,78427.2,78452.5,3.84886400
1787738280,78445.5,78457.3,78437.6,78443.4,4.87169600
1787738340,78443.3,78449.3,78443.3,78449.2,4.54561600
1787738400,78443.3,78443.3,78409.2,78409.2,3.00724300
1787738460,78409.3,78443.5,78376.5,78435.4,3.62643500
1787738520,78432.3,78432.3,78393.7,78401.4,2.62657100
1787738580,78401.3,78401.3,78347.6,78378.3,3.43166500
1787738640,78375,78386,78289.8,78305.6,3.36398000
1787738700,78309,78359.5,78309,78339.9,0.53431000
1787738760,78340,78391.3,78339.9,78391,2.59041200
1787738820,78389.2,78389.2,78340.4,78368.6,2.44589600
1787738880,78368.7,78368.8,78347.6,78347.6,2.11878900
1787738940,78347.7,78362.1,78324.5,78362.1,2.16205800
1787739000,78362.2,78362.2,78332.2,78335.3,2.19609900
1787739060,78335.3,78362.2,78327.3,78362.1,2.24720500
1787739120,78362.2,78373.6,78355.3,78373.6,3.25304100
1787739180,78373.6,78433.4,78373.5,78433.4,1.85962600
1787739240,78440.1,78478.5,78432.1,78432.2,2.84850700
1787739300,78432.1,78465.1,78424.6,78432.3,3.29684000
1787739360,78432.3,78494.1,78432.3,78494.1,2.67271100
1787739420,78494.1,78513.5,78494.1,78513.5,3.32397800
1787739480,78504.5,78529.1,78501.9,78523.8,3.80038200
1787739540,78523.7,78529.3,78504.5,78529.2,2.23475600
1787739600,78529.3,78583.9,78529.3,78540.4,1.52627800
1787739660,78540.5,78540.5,78505.5,78507,0.05645400
1787739720,78523.7,78548.2,78523.7,78531.3,0.01109700
1787739780,78534.8,78552.6,78526.5,78552.6,0.00840600
1787739840,78552.6,78582.5,78552.6,78582.5,0.03168700
1787739900,78580.1,78598.5,78580.1,78582.6,0.69265300
1787739960,78582.7,78636.2,78582.6,78628.4,2.22096300
1787740020,78624.1,78633.4,78617.9,78629.9,1.66844200
1787740080,78629.9,78629.9,78617.9,78624.5,1.53173600
1787740140,78617.9,78640,78617.9,78628.3,1.59432700
1787740200,78628.2,78646.1,78623.4,78641.1,5.07580500
1787740260,78641.2,78641.2,78572.6,78579.2,6.54190900
1787740320,78579.2,78625.7,78579.2,78625.6,5.35023400
1787740380,78625.6,78630.4,78602.4,78630.3,4.11217400
1787740440,78630.3,78649.9,78630.3,78649.9,3.20868000
1787740500,78649.9,78672.2,78641.2,78649.8,2.15537300
1787740560,78649.9,78680.5,78641.7,78650.3,3.32912400
1787740620,78650.3,78656.7,78624.5,78656.7,2.95189600
1787740680,78663.6,78676.2,78641.2,78658.8,2.63584200
1787740740,78658.7,78804.8,78655.7,78742.5,4.19279600
1787740800,78742.4,78757.4,78696.8,78696.9,3.40647200
1787740860,78696.8,78710.9,78664.4,78700.1,2.60050700
1787740920,78706.1,78718.7,78687.7,78687.8,2.43789900
1787740980,78687.8,78740.9,78687.7,78740.8,3.74602000
1787741040,78742.1,78755.9,78718.8,78725.2,3.81594100
1787741100,78725.3,78741.7,78703.3,78741.7,0.93944900
1787741160,78741.7,78741.7,78703.3,78715.1,3.81445200
1787741220,78705.8,78741.8,78703.3,78733.9,1.84200400
1787741280,78733.9,78776.8,78733.9,78754.9,3.04327000
1787741340,78754.8,78846.1,78754.8,78846,4.55340200
1787741400,78834.8,78877.9,78819.9,78849.7,7.77394300
1787741460,78849.6,78856.5,78812.1,78812.1,3.42903000
1787741520,78812.2,78812.2,78788.9,78789.9,3.25256200
1787741580,78789.9,78796.6,78765.4,78796.6,2.58270900
1787741640,78799.2,78801.7,78763.2,78781.1,3.50846300
1787741700,78781.1,78792.5,78758.5,78758.5,1.21923100
1787741760,78758.6,78758.6,78728.1,78728.1,2.30403400
1787741820,78728.2,78728.2,78718.8,78718.9,1.29889800
1787741880,78718.9,78721.1,78712.6,78712.7,1.74445100
1787741940,78712.7,78734.3,78712.7,78724.5,1.32313200
1787742000,78724.4,78740.8,78690.1,78690.1,1.91809400
1787742060,78690.1,78744.4,78690.1,78744.4,1.38733000
1787742120,78744.4,78761,78744.3,78750.9,1.69206800
1787742180,78751,78783.1,78739.3,78773.1,1.52422500
1787742240,78773.1,78773.1,78736.7,78752.1,0.79819300
1787742300,78749.9,78765.8,78735.1,78743.5,2.28360200
1787742360,78743.5,78743.5,78728.8,78728.8,0.93248900
1787742420,78728.8,78728.8,78710.3,78710.4,0.94056900
1787742480,78710.4,78710.4,78697.8,78697.8,0.31219100
1787742540,78697.8,78697.9,78663.6,78674.9,1.33774300
1787742600,78682.1,78690,78679,78690,0.27201200
1787742660,78689.9,78705.5,78685.8,78705.4,1.39009000
1787742720,78705.5,78705.5,78701.5,78704.6,1.82806400
1787742780,78704.8,78704.8,78664.3,78674.5,1.61930400
1787742840,78674.5,78709,78674.5,78700.5,1.96825100
1787742900,78700.5,78713.2,78697.9,78698,0.73632700
1787742960,78697.9,78730.7,78697.9,78730.7,0.80595400
1787743020,78730.6,78730.6,78708.7,78710.3,0.79959000
1787743080,78708.8,78708.9,78666.7,78670.7,1.21903100
1787743140,78670.7,78670.7,78651.2,78667.1,0.81107200
1787743200,78667.2,78678.5,78644.5,78644.5,1.40595500
1787743260,78644.4,78697.1,78644.4,78675.1,1.71347500
1787743320,78688.8,78689.9,78668.7,78689.9,1.77829300
1787743380,78689.9,78705.7,78677.8,78690,2.20813900
1787743440,78682.3,78690,78659,78690,2.66557900
1787743500,78689.9,78705.4,78689.9,78690,0.64641800
1787743560,78689.9,78690,78613,78613.1,1.30714700
1787743620,78613.1,78643.5,78613,78643.5,1.36080400
1787743680,78643.5,78643.6,78628,78628.4,1.17165000
1787743740,78628.5,78647.6,78628.2,78628.3,2.69550500
1787743800,78628.2,78635.7,78612.5,78620.9,2.06133500
1787743860,78620.9,78621,78602.9,78608.6,1.16460400
1787743920,78608.5,78608.5,78581.7,78584,2.00582300
1787743980,78590.4,78602.9,78581.5,78600.6,1.77626400
1787744040,78600.5,78600.5,78564.4,78564.4,2.22485600
1787744100,78564.4,78598,78558.3,78598,1.12479800
1787744160,78598,78612.3,78542.4,78542.4,2.20387700
1787744220,78542.4,78542.4,78410.1,78410.1,2.26879900
1787744280,78409.7,78409.7,78311.2,78390.5,4.46064100
1787744340,78396.2,78396.2,78344,78382.3,0.77831500
1787744400,78382.3,78413.5,78350.1,78388.2,5.02944700
1787744460,78381.9,78419.2,78370.5,78419.2,4.74685500
1787744520,78419.2,78457.9,78396.2,78457.8,2.54179200
1787744580,78457.8,78488.7,78452.2,78481.5,2.83406800
1787744640,78481.5,78488.8,78474.3,78481.1,1.37637600
1787744700,78481,78481,78434.7,78434.7,3.13899100
1787744760,78434.7,78434.7,78399.9,78400.1,1.63617700
1787744820,78400.1,78432.7,78400.1,78404,2.82146700
1787744880,78404,78416,78387,78416,2.26699600
1787744940,78411.6,78418.1,78380.8,78388.6,2.16117500
1787745000,78388.7,78427,78388.7,78427,1.96403200
1787745060,78427,78458.1,78426.4,78458.1,3.74006300
1787745120,78458.1,78476,78450.2,78461.3,1.97239500
1787745180,78461.4,78542.3,78461.4,78542.3,2.65874900
1787745240,78542.7,78542.7,78511.9,78521.2,2.29488400
1787745300,78519.6,78519.6,78511.9,78512,3.45395200
1787745360,78512.1,78558.3,78512.1,78543,2.67237500
1787745420,78555.4,78577.9,78527.8,78527.8,3.03995100
1787745480,78527.9,78527.9,78476.2,78476.2,1.73343500
1787745540,78476.2,78488.8,78476.1,78488.7,3.16665600
1787745600,78488.8,78529.8,78488.8,78524.5,1.98932300
1787745660,78524.6,78560.5,78524.5,78545.3,1.59443400
1787745720,78545.3,78549,78522,78539.2,1.61462600
1787745780,78539.5,78539.5,78468.1,78483.4,2.23546900
1787745840,78483.4,78522,78468,78521.9,1.37913200
1787745900,78513.4,78513.4,78425.4,78437.3,3.02519900
1787745960,78437.4,78437.4,78354.1,78394.2,1.71691400
1787746020,78400.6,78421.7,78382.4,78382.5,3.55285100
1787746080,78382.6,78406.3,78382.6,78406.2,2.02587400
1787746140,78405.8,78431.4,78405.8,78431.4,3.85218500
1787746200,78431.4,78460.3,78431.4,78460.3,2.07638300
1787746260,78460.3,78460.3,78414,78424,1.15557300
1787746320,78423.9,78437.2,78423.9,78437.1,2.80153300
1787746380,78437.1,78445,78408,78408,1.12455000
1787746440,78406.4,78406.4,78391,78393.3,1.15280500
1787746500,78393,78393,78366.7,78366.7,0.82685300
1787746560,78366.7,78384.2,78293,78379.1,1.80776400
1787746620,78380.9,78414,78380.9,78414,1.62787900
1787746680,78421.7,78424.8,78380,78386.4,2.14821300
1787746740,78386.4,78421.7,78386.4,78391.4,2.59367600
1787746800,78393.8,78461.5,78383.2,78461.5,0.33672400
1787746860,78466.5,78487.8,78452.7,78483,0.26823700
1787746920,78483,78529.3,78483,78529.3,0.20751700
1787746980,78529.3,78556,78529.3,78543.7,0.05071900
1787747040,78549.5,78591.2,78549.5,78582,0.30246000
1787747100,78583.8,78643.4,78581.4,78643.4,1.21119400
1787747160,78643.3,78649.8,78602.5,78602.5,2.72094500
1787747220,78599.3,78655.6,78599.3,78649,2.50980400
1787747280,78646.7,78646.7,78622.5,78639.6,1.48911000
1787747340,78630.4,78707.8,78622.5,78707.8,2.50477800
1787747400,78707.7,78707.7,77942.8,78366.7,19.16572800
1787747460,78366.7,78459.2,78285.8,78397.2,8.01722900
1787747520,78390.9,78448.4,78354.1,78442.1,3.60164100
1787747580,78442.3,78498.8,78405.7,78478.6,3.84359100
1787747640,78488.6,78504.8,78400.6,78400.6,3.87710800
1787747700,78400.7,78483,78400.7,78460.3,5.52894500
1787747760,78451,78464.6,78398.6,78398.6,25.28128500
1787747820,78398.7,78410.7,78228.1,78263,25.05811000
1787747880,78262.9,78298.7,78175.2,78298.7,23.86834000
1787747940,78301.9,78328.4,78203.4,78236.2,24.75917200
1787748000,78236.1,78269,78213.5,78236.3,27.24134000
1787748060,78236.2,78321.2,78229.7,78312,9.18962000
1787748120,78306.4,78329.4,78295.9,78329.3,11.13056800
1787748180,78329.3,78375.6,78302.7,78375.6,8.88203800
1787748240,78375.6,78377.2,78269,78269,8.72554900
1787748300,78269,78377.2,78269,78306.4,4.83618400
1787748360,78302.7,78302.7,78203.4,78237.2,4.76805000
1787748420,78237.3,78268.9,78206.6,78252.5,4.47260600
1787748480,78252.4,78283.9,78237.3,78283.5,5.05232900
1787748540,78283.4,78321.7,78268.1,78315.6,4.11045100
1787748600,78315.5,78433.5,78306.5,78433.2,5.18596400
1787748660,78433.4,78444.1,78379.7,78383.1,4.63673100
1787748720,78386.7,78401.7,78321.7,78329.7,5.49542100
1787748780,78329.7,78354.1,78314.1,78326.5,4.83282100
1787748840,78318.5,78337,78283.3,78314,4.55273000
1787748900,78306.5,78344.8,78291,78337.3,5.28540400
1787748960,78337.3,78390.9,78337.3,78390.9,2.71843700
1787749020,78390.9,78421.6,78390.9,78405.7,4.10010200
1787749080,78405.7,78406.4,78337.1,78342.2,7.32415500
1787749140,78347.2,78359.7,78314.1,78314.1,3.91486800
1787749200,78314,78370.3,78288.5,78370.3,0.65195000
1787749260,78378,78416.5,78378,78408.8,1.72827500
1787749320,78416.5,78446.6,78335.3,78339.6,3.69410900
1787749380,78347.2,78347.5,78282.5,78282.8,3.31255700
1787749440,78293,78335.2,78242.4,78242.4,3.55676400
1787749500,78237,78248.7,78201.2,78205.5,6.06111500
1787749560,78205.5,78232.5,78194,78232.5,3.85596000
1787749620,78232.4,78278.1,78157.5,78157.5,5.69088200
1787749680,78157.6,78178.5,78123.3,78140.5,5.87966600
1787749740,78137.4,78155.6,78080.5,78109.6,5.16300300
1787749800,78109.7,78130,78026.5,78121.6,9.09376400
1787749860,78130.1,78138.6,78048.7,78085.3,5.16006700
1787749920,78094.4,78104.2,77980.1,78044.1,6.04933200
1787749980,78048.6,78093.3,78033.4,78079.3,6.08535000
1787750040,78086.8,78162.3,78086.8,78125,2.43733000
1787750100,78125,78147.9,78109.8,78135.9,5.22688200
1787750160,78137.8,78171.3,78079.2,78171.2,6.50881300
1787750220,78171.2,78171.2,78086.8,78096.9,4.67335900
1787750280,78092.6,78163.3,78073.8,78132.6,5.32188300
1787750340,78130.2,78155.5,78109.7,78140.4,7.02472600
1787750400,78132.7,78148.5,78125,78125,0.01395700
1787750460,78117.6,78132.9,78028.1,78039.6,1.27700100
1787750520,78043.3,78073.2,78000,78048.7,0.47873700
1787750580,78055.2,78138.6,78055.2,78094.8,1.42448500
1787750640,78102.8,78102.8,78020.1,78020.1,0.08580900
1787750700,78019.9,78036.6,77980.2,78003,1.65323300
1787750760,78002.9,78033.3,77913.2,77949.6,3.41107500
1787750820,77949.6,78007.9,77949.6,78007.9,3.93082800
1787750880,78007.8,78053.4,77999.9,78045.6,3.89321400
1787750940,78045.6,78071.5,78034.5,78048.8,4.33406300
1787751000,78062.2,78226.2,78062.2,78204.2,9.75637400
1787751060,78199.4,78218.5,78057.8,78117.4,7.72924300
1787751120,78124.9,78147.8,78073.3,78138.2,8.13011600
1787751180,78147.9,78248.7,78147.9,78248.7,7.24733700
1787751240,78248.8,78368.1,78248.8,78339.5,6.20880500
1787751300,78335.2,78335.2,78271.9,78293.5,14.27850700
1787751360,78293.6,78368.3,78272,78363.2,10.07470700
1787751420,78366.6,78406.6,78335.2,78406.6,11.14209000
1787751480,78406.6,78490.4,78406.6,78438.3,11.55391700
1787751540,78438.2,78438.2,78368.3,78368.3,12.64402800
1787751600,78362.7,78464,78331.9,78416.8,9.24225700
1787751660,78417,78422.8,78362.6,78408.8,8.55933100
1787751720,78408.8,78463.9,78368.4,78463.9,8.24300000
1787751780,78464,78485.6,78412.5,78447.3,10.27884400
1787751840,78447.4,78490.9,78431.9,78490.9,9.70499800
1787751900,78490.8,78541.5,78479.2,78541.5,9.19666400
1787751960,78541.4,78552.8,78386.7,78406.1,8.36804700
1787752020,78406.1,78447.2,78378,78434.1,7.01523400
1787752080,78434,78456.9,78401.5,78425,6.97819900
1787752140,78426.8,78455.2,78377.7,78377.7,8.70813400
1787752200,78376.6,78376.6,78285.8,78285.8,4.60779700
1787752260,78285.9,78285.9,78240.8,78266.1,5.58827600
1787752320,78271.9,78283.8,78116.4,78135.5,4.48629100
1787752380,78130.6,78252.4,78117.4,78252.4,5.27128900
1787752440,78252.3,78269.6,78181.7,78224.5,5.25423300
1787752500,78223.1,78327.3,78206.8,78327.3,6.39226000
1787752560,78327.2,78327.2,78252.7,78293.4,5.46541300
1787752620,78293.3,78347.1,78278.1,78339.1,6.83269300
1787752680,78332,78420,78331.9,78408.1,6.47400300
1787752740,78408.2,78455,78408.2,78450.4,3.83176600
1787752800,78450.4,78459.2,78290.7,78410.6,5.11250000
1787752860,78410.7,78472.8,78403.5,78472.8,3.75395100
1787752920,78473.7,78585.8,78458.8,78558.6,3.95107000
1787752980,78558.6,78558.6,78503.6,78526.7,3.38497000
1787753040,78520.9,78557.6,78519.8,78540.6,3.85999400
1787753100,78538.6,78542.1,78511.4,78534.5,7.78898500
1787753160,78534.5,78536.6,78480,78536.6,5.17322500
1787753220,78542.2,78591.8,78542.2,78578.6,8.52563500
1787753280,78578.6,78597.2,78565.3,78597.1,7.39154000
1787753340,78597.1,78597.5,78548.3,78548.4,6.43156100
1787753400,78548.4,78557.6,78488.2,78557.5,3.15112500
1787753460,78557.6,78597.6,78556,78593.2,6.69077300
1787753520,78593.2,78593.2,78480.5,78574.2,7.67709300
1787753580,78574.1,78574.1,78503.7,78515,10.71619900
1787753640,78515,78515.1,78449.7,78449.8,6.18377100
1787753700,78449.7,78496.7,78442,78496.6,3.32728100
1787753760,78496.7,78565.2,78496.7,78555.2,8.18638400
1787753820,78549.7,78557.6,78511.4,78547.5,9.70731200
1787753880,78547.5,78565.5,78537.7,78559.8,9.66946500
1787753940,78557.6,78557.6,78500.9,78513,7.32288900
1787754000,78518.9,78534.4,78483.4,78519,7.74849800
1787754060,78522.2,78526.6,78472.8,78503.5,1.08585500
1787754120,78503.6,78534.5,78488.2,78488.2,0.47006100
1787754180,78488.2,78542.1,78480.5,78480.5,0.14872600
1787754240,78485.9,78485.9,78403.7,78403.7,0.28524900
1787754300,78403.5,78403.5,78321,78330.5,6.08200100
1787754360,78334.2,78340.6,78264.1,78264.1,6.97424900
1787754420,78263.2,78290.7,78219.3,78219.3,4.50589900
1787754480,78216.5,78234.6,78210.1,78224.6,5.47124200
1787754540,78224.6,78258.7,78224.5,78235.3,6.02830400
1787754600,78242.2,78280.6,78211.7,78242.4,6.45950500
1787754660,78247.1,78247.1,78180,78237.5,5.15143200
1787754720,78237.6,78270.4,78196.3,78249.9,6.44417800
1787754780,78249.9,78249.9,78179,78188.7,5.47412900
1787754840,78181.1,78204,78156.7,78188.7,5.40550200
1787754900,78181,78181.1,78097.5,78136.9,1.62302500
1787754960,78128.1,78181,78128.1,78180.9,7.49072400
1787755020,78181,78260.1,78181,78234.4,4.82517900
1787755080,78234.4,78234.4,78142.8,78150.6,4.19673600
1787755140,78150.5,78158.1,78122.5,78152.5,6.46297400
1787755200,78152.4,78202.5,78150.5,78150.5,7.23600600
1787755260,78150.6,78173.4,78106.6,78142.9,5.35397200
1787755320,78154.6,78188.1,77951.8,78024,46.42738500
1787755380,78024,78073.2,77986.7,78045.2,6.76311500
1787755440,78045.2,78045.3,77976,77987.8,6.72221700
1787755500,77987.7,78022.1,77905.3,77909.5,2.38534800
1787755560,77916.9,77958.2,77896.5,77921.9,10.96117500
1787755620,77921.9,77973.9,77914.4,77932.6,7.61705200
1787755680,77932.7,77956.6,77865,77956.6,11.10998400
1787755740,77956.5,77999.9,77934.1,77990.8,9.49354800
1787755800,77990.8,78041.3,77958.3,77959.8,19.77801600
1787755860,77959.9,78009.3,77943.5,77944.8,12.70759600
1787755920,77944.8,77993.5,77943.6,77961.1,13.41475900
1787755980,77953.4,77963.1,77888,77888.1,7.72746600
1787756040,77888.1,77914.3,77777,77795.3,12.51758200
1787756100,77795.3,77831.2,77795.3,77815.7,15.26622500
1787756160,77815.6,77837.3,77781,77781.1,18.78466000
1787756220,77781,77830.4,77777.1,77823.1,10.51813200
1787756280,77823.2,77866.5,77800.5,77864,13.16536200
1787756340,77864,77864,77785.4,77800.5,17.47998500
1787756400,77800.5,77879,77770,77875.2,10.73137200
1787756460,77875.3,77886.6,77856.2,77862.5,9.15676900
1787756520,77862.6,77862.6,77703.9,77759.4,10.90304200
1787756580,77759.3,77759.3,77666.6,77727.5,9.68392900
1787756640,77727.5,77727.6,77638.6,77653.6,9.25534100
1787756700,77656.5,77881.9,77644.5,77881.9,22.13125300
1787756760,77882.7,77885,77798.9,77798.9,18.04645700
1787756820,77799,77895.1,77788,77895.1,14.82742300
1787756880,77895.1,77949,77879.2,77885.1,14.73820300
1787756940,77885.1,77949.1,77879.2,77935.7,13.43351900
1787757000,77935.7,77944.8,77916.9,77929.8,5.68555000
1787757060,77929.8,77930.6,77888.9,77909.4,6.95640800
1787757120,77909.5,77909.5,77848.5,77848.5,4.48850900
1787757180,77848.5,77871.4,77840.1,77840.1,5.19900800
1787757240,77840.1,77879.1,77840.1,77848.6,4.58108800
1787757300,77848.5,77871.4,77736.7,77746.9,0.98590800
1787757360,77747,77803.2,77732.5,77803.2,4.21673400
1787757420,77803.1,77804.4,77742.8,77781.7,4.24974600
1787757480,77780.5,77810.7,77749.3,77810.7,5.62991900
1787757540,77796.5,77798.4,77757.8,77787.2,3.36788000
1787757600,77787.2,77856.2,77787.2,77834.6,11.32793100
1787757660,77834.7,77895,77834.7,77886.5,8.82600700
1787757720,77886.5,77909.3,77863.8,77863.8,8.38696100
1787757780,77863.9,77954.8,77863.9,77937.9,8.05256300
1787757840,77937.8,77939.4,77916.9,77935,7.68542500
1787757900,77935,77986.6,77935,77977.7,7.62126700
1787757960,77977.7,78057.7,77977.6,78052.7,7.18809900
1787758020,78053.8,78090.8,78053.7,78090.8,6.00037400
1787758080,78091,78130.7,78091,78107.3,7.91463100
1787758140,78107.5,78154.5,78107.4,78154.4,8.87532200
1787758200,78154.4,78161.6,78042.7,78042.8,4.21074400
1787758260,78042.7,78076.6,78042.5,78076.6,6.15014400
1787758320,78076.7,78092.6,78031,78037.7,6.28545800
1787758380,78032.8,78038.6,78000.5,78012.4,6.09434100
1787758440,78008.1,78008.1,77947.3,77947.3,6.42176000
1787758500,77955,77977.7,77921,77947.3,4.23134100
1787758560,77947.3,77962.5,77946.5,77947.3,3.67072800
1787758620,77947.4,77985.3,77947.4,77985.3,4.69136500
1787758680,77985.3,78008,77971.1,77971.3,4.08807500
1787758740,77971.2,78004.8,77971.2,78000.6,4.55512400
1787758800,78000.6,78118.2,78000.6,78118.2,4.51992500
1787758860,78118.1,78121,78099.5,78099.5,3.43996300
1787758920,78092.7,78105.5,78069.1,78105.5,3.01595200
1787758980,78105.5,78105.5,78053.8,78053.8,1.87194700
1787759040,78050.3,78076.6,78020,78041.2,3.85152100
1787759100,78041.2,78074.6,78041.2,78066.2,3.43183400
1787759160,78066.3,78096.7,78066.2,78076.8,4.32804100
1787759220,78076.8,78087.4,78053.9,78066.6,3.96071700
1787759280,78066.5,78131.4,78066.5,78131.4,3.94299800
1787759340,78131.4,78140,78114.8,78140,4.75078600
1787759400,78140,78145.4,78122.5,78122.5,2.59924100
1787759460,78118.2,78122.5,78040.9,78040.9,2.04455400
1787759520,78038.6,78084.3,78038.6,78084.2,3.98585700
1787759580,78084.3,78084.3,78039,78039,2.61486100
1787759640,78041.9,78060.8,78041.8,78046.5,1.24722200
1787759700,78046.5,78074.6,78031,78074.5,2.09646000
1787759760,78074.5,78105.4,78050.9,78105.4,2.98178700
1787759820,78105.4,78107.3,78067.1,78069,1.77719400
1787759880,78069,78069.1,78042,78051,3.27422300
1787759940,78051.1,78060.2,77972.2,78009.3,2.90681200
1787760000,78009.2,78086.9,78009.2,78033.2,2.67496400
1787760060,78026,78028.1,77995.5,77995.6,2.85299700
1787760120,77995.5,78007,77983.7,77983.8,3.07518800
1787760180,77991.1,78048.4,77983.7,78018.3,2.69343700
1787760240,78018.3,78094.5,78010.7,78094.5,2.34616000
1787760300,78094.4,78094.5,78071.7,78094.5,3.56216000
1787760360,78094.5,78105.9,78079.3,78079.3,2.33245000
1787760420,78073.9,78125,78066.6,78125,3.44200400
1787760480,78125,78163.2,78117.4,78140.4,4.84291200
1787760540,78140.3,78163.2,78126.1,78133.7,4.31313500
1787760600,78134,78143.6,78109.8,78139.8,0.99019700
1787760660,78132.6,78132.6,78099.4,78099.5,3.12182700
1787760720,78099.4,78099.4,78079.3,78079.4,1.59334500
1787760780,78092.5,78092.5,78066,78066.1,2.12922900
1787760840,78066,78088.1,78048.9,78081.5,2.38924100
1787760900,78081.5,78108,78048.9,78064,2.86139400
1787760960,78052.5,78054.9,77991.3,77995.8,1.81819100
1787761020,77995.7,78025.8,77988,78011.1,1.77554700
1787761080,78013.6,78056.4,78013.6,78056.4,1.33173900
1787761140,78064,78071.5,78033.6,78033.7,2.25007400
1787761200,78033.7,78125,78033.7,78117.6,0.25777600
1787761260,78117.7,78132.5,78089.6,78121.6,0.15635800
1787761320,78123.9,78123.9,78071.6,78071.6,0.30111600
1787761380,78064,78064,78025.9,78026,0.09380700
1787761440,78025.9,78048.4,78018.4,78048.3,0.13048700
1787761500,78044.1,78048.3,78033.7,78034.9,0.96582600
1787761560,78034.9,78071.5,78003.1,78003.1,1.61180300
1787761620,78003.2,78018.1,77983.8,78003,3.53447000
1787761680,78003,78041.2,78003,78041.1,1.84405300
1787761740,78042.7,78064.1,78042.7,78061.5,0.84883800
1787761800,78061.5,78061.5,78018.3,78018.4,6.05633300
1787761860,78018.3,78048.3,78010.7,78041.7,1.93648800
1787761920,78042,78088.5,78037.9,78088.5,1.93326300
1787761980,78094.5,78097.7,78042.8,78064,2.76611800
1787762040,78064,78102.1,78061.9,78102.1,2.51534500
1787762100,78102.1,78140.7,78102,78140.7,3.79915900
1787762160,78140.6,78140.7,78064,78086.9,2.11533000
1787762220,78086.8,78086.8,77997.4,78017.7,2.71564300
1787762280,78018.3,78025.8,77987.9,78018.9,2.56777600
1787762340,78020,78020,77970.4,77970.5,3.80374200
1787762400,77970.4,78018.3,77952,77970.4,5.14032900
1787762460,77976.5,78018.3,77972.5,77995.6,2.45782700
1787762520,77999.9,77999.9,77912.3,77929.4,4.44419200
1787762580,77929.4,77929.4,77860.7,77866.6,5.03761700
1787762640,77866.5,77900.3,77866.5,77870.9,3.86618100
1787762700,77881.3,78004,77881.3,77993.6,5.93191200
1787762760,77995.5,78018.3,77980.3,77995.5,3.90999300
1787762820,77995.5,78041.1,77990.7,78041.1,4.44233200
1787762880,78039.9,78125.1,78026.1,78125.1,4.05971000
1787762940,78125,78163.1,78082.5,78082.6,4.29174700
1787763000,78082.5,78124.9,78079.3,78120.7,6.35432100
1787763060,78120.8,78120.8,78094.5,78109.3,5.26120200
1787763120,78109.3,78109.3,78010.7,78036.3,4.29455400
1787763180,78036.4,78041.2,77991.4,78010.7,4.91629300
1787763240,78018.2,78025.9,78015.2,78025.9,4.06786000
1787763300,78025.9,78034.4,78020.4,78024.8,2.48027200
1787763360,78018.4,78018.4,77987.9,77994.9,2.79296700
1787763420,77994.9,78003,77972.8,78003,3.95333000
1787763480,78002.9,78071.6,77985.6,77989.4,1.81714800
1787763540,77989.5,78020.3,77989.5,77995.5,3.10277500
1787763600,77995.6,78020.8,77993.4,78013.6,1.50108500
1787763660,78013.7,78066.6,78013.7,78051.5,3.41041500
1787763720,78051.7,78066.6,78010.7,78020.8,5.31052700
1787763780,78020.8,78020.8,78009.2,78009.2,1.89503200
1787763840,78020,78043.3,78020,78043.3,3.88973300
1787763900,78043.3,78051.4,78043.3,78051.4,1.22345700
1787763960,78051.3,78051.4,78004.2,78043.4,3.03601600
1787764020,78043.7,78080.6,78043.7,78080.5,3.18765400
1787764080,78080.5,78089.3,78067.5,78089.3,0.84289300
1787764140,78089.4,78119.4,78089.4,78089.4,1.86146400
1787764200,78089.2,78097.1,78051.4,78066.6,2.12980100
1787764260,78068.5,78087.2,78059,78087.2,0.98052200
1787764320,78087.2,78089.4,78074.2,78089.4,0.85660200
1787764380,78097.1,78119.9,78097.1,78112.3,4.49447500
1787764440,78112.2,78131.8,78112.2,78131.8,1.62794000
1787764500,78131.8,78233.6,78131.7,78233.6,2.01694800
1787764560,78234.1,78248.1,78220.9,78220.9,3.87425800
1787764620,78221,78248.6,78211.6,78242.4,3.04392300
1787764680,78242.5,78280,78229.6,78229.6,2.60191300
1787764740,78229.7,78257.4,78229.7,78244,1.53370400
1787764800,78244,78285.5,78242.1,78256.9,5.15679300
1787764860,78257.3,78285.5,78257.3,78285.4,2.83900200
1787764920,78285.4,78299.1,78239.7,78265.3,4.54400500
1787764980,78265.3,78313.7,78239.7,78313.7,8.92450600
1787765040,78313.8,78345.4,78285.5,78344.5,7.00644800
1787765100,78344.6,78345.4,78344.5,78345,3.46148200
1787765160,78345,78347,78334,78334.3,5.09616300
1787765220,78334.3,78479.9,78334.3,78464.5,6.34413200
1787765280,78464.5,78496.7,78432.2,78479.8,6.32517800
1787765340,78479.9,78506.7,78479.9,78506.7,7.71975200
1787765400,78506.6,78556.3,78502.9,78553.9,7.16957100
1787765460,78553.8,78553.8,78491.4,78526.1,6.86282700
1787765520,78526,78549.2,78511.2,78528.3,7.46624600
1787765580,78528.2,78541.5,78503,78541.4,8.24268000
1787765640,78541.4,78574.7,78530.1,78574.7,3.87555300
1787765700,78574.6,78578.9,78518.4,78518.4,8.04686700
1787765760,78518.5,78533.8,78504.8,78504.8,4.15694900
1787765820,78504.9,78530.8,78495.3,78530.7,6.50465700
1787765880,78530.8,78543.9,78510.8,78520.3,3.90528000
1787765940,78520.3,78533.8,78504.9,78533.7,3.76136200
1787766000,78533.8,78584.2,78533.8,78584.2,4.28597900
1787766060,78566.5,78600,78556.7,78594.6,3.47124200
1787766120,78594.7,78594.7,78572.4,78572.4,1.43071100
1787766180,78572.4,78580.1,78549.2,78555,3.26256300
1787766240,78555,78555,78503,78512.6,4.32286200
1787766300,78520.2,78520.2,78478.6,78478.6,4.73847800
1787766360,78478.7,78487.6,78426.1,78426.2,6.27650400
1787766420,78426.1,78426.1,78380,78380,7.11940200
1787766480,78380.1,78426.1,78366.3,78426.1,8.37546600
1787766540,78426.1,78449,78404.1,78404.2,4.08315300
1787766600,78404.1,78436.9,78395.4,78433.7,1.61699700
1787766660,78433.8,78441.5,78418.4,78418.5,1.71780200
1787766720,78418.4,78433.8,78414.1,78425.4,2.57797800
1787766780,78425.5,78449.1,78425.5,78449.1,2.09340200
1787766840,78456.7,78465.6,78456.7,78465.2,1.02046700
1787766900,78465.3,78465.3,78441.6,78441.7,2.41161900
1787766960,78441.7,78472.1,78441.6,78472.1,0.61324800
1787767020,78472.1,78475.2,78456.9,78475.2,0.78111500
1787767080,78475.2,78475.2,78414.2,78414.2,0.55160500
1787767140,78414.1,78439.8,78413,78439.8,1.10150600
1787767200,78439.8,78441.5,78404.8,78405.1,1.86442800
1787767260,78405.2,78436.2,78397.9,78436.2,1.19219200
1787767320,78436,78490,78436,78489.9,1.50467100
1787767380,78489.7,78495.1,78489.7,78495,1.23535600
1787767440,78495,78520.7,78474.6,78474.6,1.86239800
1787767500,78474.6,78474.6,78459.2,78459.2,1.54343500
1787767560,78459.3,78482.3,78444,78444,1.84765400
1787767620,78445.5,78466.9,78445.5,78458.3,2.03198900
1787767680,78458.3,78505.3,78458.3,78505.3,1.30706500
1787767740,78505.3,78528.5,78505.3,78524.3,1.38483900
1787767800,78524.2,78536.8,78499.1,78523.5,1.99613000
1787767860,78522.4,78594.2,78500,78553.2,4.23426700
1787767920,78553.2,78655.8,78553.2,78621,2.84501300
1787767980,78625.8,78625.8,78597.8,78597.8,1.39441700
1787768040,78597.8,78597.8,78551.6,78561.5,2.93641900
1787768100,78561.6,78567,78498.2,78520.5,4.32699400
1787768160,78520.6,78549.9,78496.6,78549.9,8.48329700
1787768220,78549.8,78551.6,78549.7,78551.6,6.35719800
1787768280,78551.6,78574.7,78551.6,78565.3,6.69668500
1787768340,78565.2,78565.3,78536.8,78544.5,7.16200400
1787768400,78544.6,78544.6,78536.8,78542.1,5.79065900
1787768460,78544.5,78597.7,78544.5,78597.7,0.06271000
1787768520,78597.7,78597.7,78549.9,78549.9,0.08502900
1787768580,78544,78555.8,78515.3,78515.3,0.06573600
1787768640,78515.2,78515.2,78476.9,78505.3,0.24649000
1787768700,78505.4,78520.8,78505.4,78513,2.33688100
1787768760,78497.7,78497.7,78472.5,78472.5,0.95326500
1787768820,78472.6,78474.6,78451.5,78463.8,2.90445900
1787768880,78463.8,78467.6,78437.7,78461.2,2.75040200
1787768940,78450.4,78476.6,78450.3,78471.9,2.75429700
1787769000,78471.8,78490,78471.8,78489.9,0.67603300
1787769060,78489.9,78489.9,78453.7,78453.7,1.25727900
1787769120,78453.6,78453.6,78429.1,78447.3,2.39336300
1787769180,78439.4,78470.7,78439.4,78470.7,1.23873900
1787769240,78470.6,78470.7,78413.1,78429.4,1.65778300
1787769300,78425.1,78425.1,78410.1,78410.2,1.85975900
1787769360,78410.2,78420.7,78410.2,78420.7,1.47013700
1787769420,78420.8,78428.4,78413.1,78418.2,1.59991500
1787769480,78418,78427.3,78371.8,78382.3,2.26552000
1787769540,78382.4,78390.1,78375.2,78390.1,0.99948700
1787769600,78390.2,78390.2,78309.8,78309.9,5.99899100
1787769660,78316.1,78318.3,78306.2,78313.3,1.91568800
1787769720,78313.4,78330.9,78296.1,78313.4,2.27469600
1787769780,78305.9,78313.4,78280.3,78284.4,2.03364500
1787769840,78297.8,78301.7,78290.5,78290.6,1.36067300
1787769900,78305.8,78318,78290.5,78299.2,1.65081000
1787769960,78309.5,78369.4,78309.5,78369.4,3.37287600
1787770020,78369.4,78404.8,78369.4,78404.8,2.76678200
1787770080,78404.7,78404.8,78390.1,78397.9,1.25939300
1787770140,78397.7,78404.8,78374.8,78404.8,1.85979600
1787770200,78404.7,78405.5,78404.7,78405.5,0.23850300
1787770260,78405.5,78424.8,78397.8,78397.9,2.14820200
1787770320,78397.8,78435.7,78397.8,78435.7,0.43943000
1787770380,78435.6,78435.7,78420.8,78435.7,1.10245900
1787770440,78435.7,78459.2,78435.6,78459.2,0.97462400
1787770500,78459.2,78459.2,78436.4,78436.4,0.59297500
1787770560,78436.5,78436.5,78436.4,78436.5,0.00299200
1787770620,78436.4,78465.9,78436.4,78465.8,0.46653000
1787770680,78465.8,78491.8,78465.8,78491.8,0.98561700
1787770740,78492.8,78497.6,78466.9,78474.4,0.96658400
1787770800,78474.5,78504.4,78453.5,78504.3,2.88335800
1787770860,78504.3,78504.3,78457.1,78462.8,1.38281700
1787770920,78463,78492.8,78462.9,78492.7,1.76268400
1787770980,78492.7,78492.8,78446.4,78458.1,1.74519500
1787771040,78450.9,78461.5,78446.3,78446.6,0.66788300
1787771100,78446.9,78447,78415.6,78426.6,1.38932600
1787771160,78430.9,78446.3,78430.9,78446.3,1.25889300
1787771220,78446.3,78446.3,78407.9,78423.2,2.37416100
1787771280,78423.2,78428.1,78406.4,78406.5,1.37224700
1787771340,78406.4,78415.5,78405.5,78405.5,0.49208400
1787771400,78402,78438.6,78395.2,78438.6,0.51957100
1787771460,78446.2,78453.5,78418.4,78418.4,1.27364600
1787771520,78415.5,78415.5,78392.5,78400.1,1.20252800
1787771580,78400.1,78400.1,78377.2,78377.2,1.38733200
1787771640,78377.4,78380.6,78377.4,78380.6,0.71026600
1787771700,78380.7,78418.6,78380.7,78400.3,1.98182600
1787771760,78400.2,78400.2,78386.9,78387,1.99550600
1787771820,78387,78415.5,78387,78400.2,2.67158100
1787771880,78400.2,78423.3,78400.2,78423.3,0.74023700
1787771940,78426.1,78446.2,78384,78407.8,2.36757900
1787772000,78407.8,78407.8,78347.8,78361.9,1.34269600
1787772060,78361.9,78376.2,78293,78293,1.97027500
1787772120,78292.9,78323.5,78285.4,78316.2,1.86489500
1787772180,78308.3,78324.9,78308.2,78324.8,1.90256900
1787772240,78324.8,78339.6,78316.2,78339.5,1.28700200
1787772300,78331.3,78384.8,78316.2,78384.8,1.00634700
1787772360,78384.9,78552.4,78384.9,78552.4,3.06583500
1787772420,78553.8,78569.3,78530.8,78546,3.04072600
1787772480,78546.1,78561.6,78511,78511,2.18373600
1787772540,78509.1,78530.8,78509,78530.8,0.87509100
1787772600,78530.8,78538.5,78522.2,78522.2,5.24249800
1787772660,78515.5,78546.2,78494.3,78534,2.60318400
1787772720,78530.8,78530.9,78507.7,78515.5,4.54201100
1787772780,78515.4,78519,78492.4,78507.7,4.10058100
1787772840,78507.7,78508.3,78484.6,78490.5,3.60310400
1787772900,78490.5,78498.8,78448.6,78461.6,3.51145800
1787772960,78461.5,78479.3,78461.5,78476,1.70683900
1787773020,78469.4,78475.5,78438.4,78438.5,1.53679500
1787773080,78438.5,78453.8,78423,78423,2.07984800
1787773140,78415.6,78415.6,78407.9,78415.6,2.37672900
1787773200,78415.5,78415.5,78378.7,78389.3,2.35505600
1787773260,78389.4,78415.4,78386.3,78400.5,3.34016400
1787773320,78400.5,78415.6,78400.3,78400.3,1.95054400
1787773380,78415.1,78415.1,78406.8,78410.1,2.17830100
1787773440,78410.1,78427.8,78410,78427.8,0.95886300
1787773500,78427.8,78453.9,78427.8,78453.9,1.64139900
1787773560,78453.2,78461.6,78453.2,78461.5,1.91933900
1787773620,78461.6,78479.3,78454.1,78466,0.78525200
1787773680,78454.4,78485.6,78454.4,78461.7,1.95233600
1787773740,78461.6,78477,78461.6,78476.9,1.01666700
1787773800,78476.9,78500.5,78455.1,78461.1,1.54577600
1787773860,78461.2,78540.5,78455.1,78525.9,1.05703700
1787773920,78525.9,78527.4,78505.1,78505.2,0.41621400
1787773980,78514.2,78514.2,78492.4,78492.4,0.60026700
1787774040,78484.7,78484.7,78453.5,78453.5,0.82264300
1787774100,78453.6,78484.7,78453.6,78484.7,2.38200500
1787774160,78492.4,78492.4,78461.6,78461.6,2.86025100
1787774220,78461.6,78461.7,78446.3,78446.4,3.03742400
1787774280,78446.4,78453.3,78440.4,78453.3,1.50669800
1787774340,78453.3,78469.2,78446.3,78469.2,4.03712400
1787774400,78469.3,78485.1,78434.7,78448.6,2.92894600
1787774460,78448.6,78463.9,78394.9,78395.1,2.78421200
1787774520,78413,78441,78410.3,78441,1.52100400
1787774580,78448.6,78487,78448.4,78487,2.54916700
1787774640,78486.9,78505.1,78479.2,78490.7,2.27473800
1787774700,78494.7,78510.1,78484.8,78510.1,1.85054500
1787774760,78510.1,78517.9,78510,78517.8,1.06031900
1787774820,78517.8,78517.9,78502.4,78517.8,2.50226400
1787774880,78517.7,78518,78502.4,78502.4,1.56029700
1787774940,78502.4,78502.4,78479.4,78480.1,1.02601100
1787775000,78479.4,78485.3,78472.1,78472.3,1.01246600
1787775060,78477.5,78477.6,78448.6,78448.6,0.72321900
1787775120,78448.7,78448.7,78441,78441.1,0.37215500
1787775180,78441,78448.5,78418,78446.1,1.06264100
1787775240,78436.2,78436.2,78417.9,78417.9,0.75826300
1787775300,78418,78441,78406.3,78441,0.31741400
1787775360,78448.6,78448.6,78417.9,78433.2,0.44913200
1787775420,78433.2,78433.2,78416.3,78416.3,0.35287600
1787775480,78416.3,78417.9,78402.6,78405.4,1.65637200
1787775540,78407.2,78415.5,78387.3,78408.8,1.29327500
1787775600,78407.6,78407.6,78341.4,78341.4,1.25795500
1787775660,78341.3,78341.3,78236.4,78236.4,1.03442900
1787775720,78234.3,78241.9,78200.1,78229.1,0.13742900
1787775780,78234.3,78280.1,78234.3,78280.1,0.04574300
1787775840,78280.3,78318.4,78280.3,78318.3,0.00790400
1787775900,78318.4,78387.3,78318.4,78365.8,4.28505700
1787775960,78365.7,78365.8,78348.6,78356.5,5.14064000
1787776020,78356.5,78356.5,78341.3,78341.3,4.35766700
1787776080,78341.3,78391.4,78341.3,78389.6,7.50467300
1787776140,78389.9,78394.9,78389.9,78394.8,3.77540200
1787776200,78394.9,78398.6,78379.6,78394.9,1.84580800
1787776260,78389.3,78406.1,78379.6,78379.6,0.87203000
1787776320,78386.2,78386.2,78349,78349,1.36139900
1787776380,78349,78349,78333.7,78333.7,1.46185500
1787776440,78333.9,78349,78331.7,78340.5,1.25916400
1787776500,78333.7,78333.7,78310.7,78310.7,0.00893100
1787776560,78310.7,78310.7,78288.4,78303,1.02843300
1787776620,78303,78331.6,78300.5,78331.6,1.09239100
1787776680,78331.6,78351.1,78331.6,78351.1,0.61630200
1787776740,78356.5,78372,78341.4,78371.7,0.68016900
1787776800,78371.7,78395.8,78371.7,78395.7,1.72061800
1787776860,78395.8,78425.6,78395.8,78425.6,0.68787500
1787776920,78425.4,78425.5,78425.1,78425.1,0.40252400
1787776980,78424.9,78425.6,78410.4,78410.4,0.83518000
1787777040,78410.3,78410.4,78392.6,78402.5,0.44619800
1787777100,78402.5,78402.5,78389.3,78401.4,0.25621300
1787777160,78389.4,78410.3,78389.4,78402.7,0.46214000
1787777220,78402.7,78410.1,78402.5,78402.5,0.53387000
1787777280,78402.4,78402.5,78402.2,78402.2,0.51894000
1787777340,78402.2,78402.3,78387.3,78387.3,0.38292300
1787777400,78387.4,78387.4,78383.1,78383.2,0.28699400
1787777460,78383.1,78410.3,78383.1,78403.6,0.44825900
1787777520,78402.9,78402.9,78383.1,78402.6,0.62018700
1787777580,78402.6,78425.5,78402.6,78425.5,0.37186400
1787777640,78425.5,78425.6,78413,78425.6,0.58064100
1787777700,78425.8,78454.2,78425.8,78454,0.77939000
1787777760,78454,78454,78441,78445,0.31324000
1787777820,78445,78448.6,78444.9,78448.5,0.05401400
1787777880,78448.6,78457.2,78448.6,78457.2,0.86186700
1787777940,78459.3,78459.3,78449.9,78449.9,0.60254300
1787778000,78450,78458.5,78450,78458.4,0.37773000
1787778060,78458.4,78459.3,78434,78442.1,0.40162800
1787778120,78442,78450.9,78381.6,78432.3,1.89739100
1787778180,78432,78432,78406.9,78420.2,0.82656000
1787778240,78420.3,78428,78412.7,78412.7,0.46030400
1787778300,78412.7,78472.8,78412.7,78472.7,1.21511600
1787778360,78472.7,78519.7,78472.7,78519.7,1.97918500
1787778420,78519.7,78538.9,78493,78538.9,3.47070700
1787778480,78538.9,78605.5,78538.9,78605.5,2.41554700
1787778540,78606,78612.9,78597.1,78612.9,3.05724800
1787778600,78613,78651.1,78570.6,78651,5.58511600
1787778660,78651.1,78694.5,78648,78694.5,2.05929800
1787778720,78694.4,78697.3,78643.3,78681.1,3.26211800
1787778780,78681,78760.7,78658.8,78752.3,4.09189700
1787778840,78757.2,78801.1,78743.6,78782.4,3.79958200
1787778900,78782.4,78797.9,78743.8,78797.9,5.12245100
1787778960,78797.8,78819,78774.7,78813.3,5.87976400
1787779020,78813.2,78813.3,78768.3,78807.2,3.89611700
1787779080,78813.3,78827.5,78808.9,78813.3,5.43009000
1787779140,78813.3,78813.3,78737.7,78759.1,5.26233500
1787779200,78759.2,78770.6,78743.7,78766.8,5.71061000
1787779260,78766.9,78820.9,78766.9,78818.5,2.43552000
1787779320,78815.6,78820.9,78751.9,78766.9,6.14776200
1787779380,78767,78767,78736,78736,3.99426600
1787779440,78736.1,78782.4,78736,78782.4,4.07341400
1787779500,78782.4,78841.9,78770.9,78770.9,3.32605800
1787779560,78766.9,78790.1,78759.3,78784.2,1.24340300
1787779620,78784.2,78784.2,78728.2,78735.7,1.88405100
1787779680,78735.6,78751.4,78705.2,78720.6,2.15474000
1787779740,78720.6,78798.7,78720.5,78759.2,2.41567100
1787779800,78751.8,78751.8,78674.2,78676.1,5.27620600
1787779860,78678.2,78681.9,78660.6,78660.6,1.40905100
1787779920,78660.6,78704.5,78660.5,78704.4,2.26594000
1787779980,78704.5,78720.5,78693.8,78709,3.26401300
1787780040,78709.1,78743.7,78700.4,78743.6,4.68653900
1787780100,78743.6,78770.9,78743.6,78770.9,0.12047300
1787780160,78770.9,78829.8,78770.9,78829.8,0.69008200
1787780220,78829.7,78829.7,78777.8,78777.8,1.05092300
1787780280,78774.6,78777.9,78770.9,78770.9,1.44306600
1787780340,78767.9,78785.9,78767.9,78783.9,1.28752300
1787780400,78783.9,78783.9,78751.4,78751.8,2.57147200
1787780460,78751.9,78751.9,78734.2,78734.3,0.81440600
1787780520,78734.2,78734.3,78720.5,78720.5,1.35759400
1787780580,78720.5,78743.7,78705.2,78728.2,2.53015600
1787780640,78728.3,78735.9,78712.8,78712.9,1.87393100
1787780700,78712.9,78718.9,78695.3,78707.7,1.20331200
1787780760,78707.6,78727,78707.6,78722.8,1.49209900
1787780820,78722.7,78722.8,78697.2,78697.3,0.43998600
1787780880,78697.3,78697.5,78681.9,78682,1.15399900
1787780940,78682.1,78697.5,78674.3,78697.4,2.13345400
1787781000,78703.3,78735.9,78703.3,78735.9,1.53896900
1787781060,78709.3,78737.6,78709.3,78737.6,0.84625400
1787781120,78737.7,78737.7,78736,78737.7,0.42875800
1787781180,78737.7,78797.8,78737.7,78784.3,1.05169400
1787781240,78784.4,78803.8,78784.2,78789.1,0.53335100
1787781300,78784.2,78784.2,78759.2,78759.4,0.58171900
1787781360,78763.9,78763.9,78751.8,78758,0.79803000
1787781420,78758.1,78766.9,78758.1,78766.9,0.75315100
1787781480,78767,78774.6,78767,78774.5,0.74569900
1787781540,78774.5,78774.5,78721.2,78721.2,1.75227900
1787781600,78722,78771.6,78680.8,78771.5,1.28783600
1787781660,78771.6,78830.9,78771.4,78798.9,1.22233500
1787781720,78804.2,78823.2,78784.6,78791,0.45863700
1787781780,78800.1,78831.8,78795.9,78831.8,0.72025600
1787781840,78831.7,78861.1,78807.9,78861.1,0.52384100
1787781900,78848.5,78861.9,78848.5,78861.9,1.25914800
1787781960,78861.9,78866.7,78810.6,78811.7,2.33430900
1787782020,78811.6,78854.3,78811.6,78838.8,2.59551600
1787782080,78838.8,78839.5,78810.7,78810.7,1.33848500
1787782140,78810.6,78815.6,78794.4,78794.4,1.86547600
1787782200,78794.4,78794.4,78764.9,78764.9,0.51243700
1787782260,78764.9,78784.6,78732.7,78732.8,3.06324600
1787782320,78732.7,78775,78732.7,78774.5,0.95274700
1787782380,78775,78815.5,78730,78730,3.51796400
1787782440,78730.1,78792.3,78730,78792,4.52316000
1787782500,78792.1,78831,78769.1,78830.9,1.50383300
1787782560,78831,78888,78831,78876.7,4.34769600
1787782620,78877.1,78918.9,78810.6,78815.6,5.44823700
1787782680,78815.7,78871.5,78815.6,78871.5,3.10242300
1787782740,78877.5,78916.9,78862.7,78885.4,6.18976200
1787782800,78885.3,78918.9,78869.9,78918.9,3.64661700
1787782860,78919.5,78978.3,78919.5,78978.2,0.36166500
1787782920,78967,78967,78905,78916.4,0.95949600
1787782980,78916.3,78921.2,78888.7,78888.7,0.42941200
1787783040,78886.3,78892.9,78815.7,78820.1,0.44875300
1787783100,78822.9,78862,78804.9,78838.5,3.85189800
1787783160,78838.5,78885.3,78838.5,78877.6,4.79175700
1787783220,78877.5,78877.5,78846.5,78846.6,2.73229600
1787783280,78846.5,78852.8,78846.5,78847.2,3.25920700
1787783340,78847.2,78847.2,78804.9,78816.7,2.25764800
1787783400,78823.2,78823.2,78780.4,78815.4,2.20119400
1787783460,78815.4,78815.5,78738.4,78738.4,2.59315800
1787783520,78738.5,78738.5,78713.3,78713.4,1.55274800
1787783580,78713.3,78746,78707.3,78742.3,1.70814700
1787783640,78730.5,78758.5,78730.5,78758.5,2.13297800
1787783700,78758.7,78769.1,78722.9,78722.9,1.76323600
1787783760,78722.8,78722.8,78672,78672.1,0.92594600
1787783820,78672.1,78681.7,78614.9,78653.2,1.99533900
1787783880,78654.9,78663.7,78637.9,78645.7,1.17508500
1787783940,78645.6,78645.6,78603.2,78603.2,2.30930100
1787784000,78603.3,78630.2,78600,78623.7,1.60007600
1787784060,78623.6,78623.6,78597.2,78622.4,2.14583600
1787784120,78622.1,78668.8,78607.1,78666.5,1.93301600
1787784180,78671.9,78680.8,78668.8,78668.9,2.00296700
1787784240,78668.8,78691.8,78661,78679.6,0.79929900
1787784300,78677.3,78680.8,78655,78655,1.85821100
1787784360,78654.9,78680.7,78654.9,78676.3,2.91814200
1787784420,78675.5,78675.5,78663.3,78673.4,0.97004300
1787784480,78673.5,78673.5,78644.6,78644.6,1.23777800
1787784540,78638.9,78639,78607.1,78607.2,1.80197600
1787784600,78607.1,78607.1,78577.3,78577.3,0.71810600
1787784660,78577.4,78591.7,78560.1,78560.2,1.39533200
1787784720,78560.2,78603.2,78560.2,78603.2,1.26594100
1787784780,78603.2,78603.2,78576.3,78577.4,0.75799100
1787784840,78580.8,78592,78580.8,78585.7,1.25350100
1787784900,78599.4,78599.4,78577.3,78577.3,1.38004700
1787784960,78577.3,78584.1,78568.6,78568.6,0.70203200
1787785020,78568.6,78608.2,78568.6,78608.2,0.80706600
1787785080,78614.7,78722.7,78614.7,78722.7,1.98383600
1787785140,78722.3,78730.6,78713.9,78713.9,2.50920800
1787785200,78707.3,78707.3,78647,78678.8,5.31035900
1787785260,78677.9,78717.3,78677.9,78694.3,4.43531300
1787785320,78694.2,78709.6,78694.2,78709.6,4.13321700
1787785380,78709.8,78748.2,78709.8,78743.6,3.44352700
1787785440,78743.5,78748.3,78730.6,78748.3,3.32211600
1787785500,78748.4,78748.4,78725,78725.3,1.51338300
1787785560,78725.2,78725.3,78694.2,78694.2,1.87156500
1787785620,78694.2,78694.3,78672.7,78686.3,1.20847700
1787785680,78686.2,78694.2,78671,78694.2,1.93621600
1787785740,78694.1,78694.1,78670.1,78678.9,1.06114700
1787785800,78679,78709.7,78679,78709.7,1.23105200
1787785860,78713.5,78713.5,78686.5,78688.3,2.97970400
1787785920,78688.2,78694.2,78678.8,78687.6,0.72273300
1787785980,78694.1,78694.2,78678.1,78678.3,0.61799000
1787786040,78678.2,78709.9,78678.2,78706.2,1.67407800
1787786100,78701.9,78702,78694.4,78694.4,1.38281500
1787786160,78694.4,78706.8,78672.7,78696.2,1.55763700
1787786220,78696.3,78732.7,78696.3,78727.8,1.34997500
1787786280,78727.9,78739,78722.4,78722.4,1.54573900
1787786340,78722.4,78722.4,78701.9,78715.6,1.78037800
1787786400,78715.6,78715.7,78701.9,78709.5,0.35291400
1787786460,78709.6,78725,78688.3,78724.9,1.33533400
1787786520,78725,78739.1,78717.4,78717.4,1.82523300
1787786580,78717.4,78748.1,78717.3,78730.8,1.36731800
1787786640,78737.7,78740.5,78687.8,78740.5,1.45311100
1787786700,78734.4,78798.4,78717.4,78798.4,1.76422200
1787786760,78800,78832.3,78798.6,78832.3,1.77406800
1787786820,78832.2,78848.7,78832.2,78848.7,1.66800200
1787786880,78848.6,78901.2,78848.5,78901.2,3.61299200
1787786940,78901.3,78901.3,78860,78860,2.28623400
1787787000,78860,78887.4,78860,78887.4,1.77718100
1787787060,78887.4,78910.6,78887.4,78895.3,1.81004100
1787787120,78895.2,78943.9,78879.7,78918.4,2.63906000
1787787180,78914.3,78918.4,78884.3,78884.4,2.91752100
1787787240,78884.4,78903,78879.8,78879.9,1.90071100
1787787300,78880,78954,78880,78954,3.37965200
1787787360,78956.3,78999.5,78946.1,78999.4,4.98581900
1787787420,78999.4,78999.5,78905.6,78957.2,4.32563700
1787787480,78957.3,78988.4,78934.5,78988.3,3.36640400
1787787540,78988.3,78988.3,78952.3,78952.3,1.66756100
1787787600,78952.3,78952.3,78912.6,78941.7,6.14106600
1787787660,78941.7,79018.8,78941.7,79018.7,5.78170600
1787787720,79018.8,79057.6,79005.8,79013.7,7.10177200
1787787780,79005.9,79039.2,78993,79031.1,7.27093700
1787787840,79027.2,79042.7,79019.5,79042.7,5.82572400
1787787900,79042.8,79081.7,79042.8,79081.5,4.36821200
1787787960,79081.5,79171.1,79042.8,79171.1,6.72092400
1787788020,79171,79171,79106.3,79112.9,3.99119000
1787788080,79106.3,79106.3,79042.8,79042.9,4.21317700
1787788140,79042.8,79061.2,79007.1,79061.2,5.34073400
1787788200,79066,79080.2,79035,79035,7.33445700
1787788260,79035,79035,79005.9,79017.2,6.74602500
1787788320,79017.1,79104.6,79017.1,79073.9,8.12920400
1787788380,79073.8,79073.8,79039.4,79070.7,6.28087300
1787788440,79066.7,79071.9,79042.8,79071.8,8.26066500
1787788500,79071.8,79071.8,79042.6,79050.5,3.56318000
1787788560,79050.6,79111.4,79050.5,79111.4,4.84186600
1787788620,79111.3,79120.4,79084.7,79109.8,3.11741300
1787788680,79109.8,79109.9,79011.7,79011.7,4.49673000
1787788740,79011,79027.2,79005.8,79027.1,2.19745700
1787788800,79027.3,79027.3,78954.7,78967.1,3.48128200
1787788860,78958.5,78980.7,78939.7,78980.6,3.04842700
1787788920,78980.7,79006,78980.6,78990.6,3.88831200
1787788980,78990.5,78990.5,78928.5,78976.8,4.41760300
1787789040,78967.3,78967.3,78852.4,78860.9,5.95805300
1787789100,78860.9,78928.5,78846.7,78925.3,5.82337500
1787789160,78925.4,78925.4,78886.5,78905.2,5.36773600
1787789220,78905.2,78936.2,78880.1,78936.2,3.75813400
1787789280,78936.1,78990.5,78929.3,78967.2,3.34626900
1787789340,78967.3,78982.7,78954.6,78967.2,4.16860900
1787789400,78967.2,78974.9,78902.5,78902.5,1.91023500
1787789460,78897.4,78897.4,78842.5,78874.1,2.89230600
1787789520,78874.2,78889.7,78874.2,78878.1,3.50395700
1787789580,78874.2,78874.3,78832.3,78832.3,3.65788600
1787789640,78832.3,78850.9,78827.8,78841,2.61109800
1787789700,78840.9,78843.2,78824.5,78843.2,1.51259700
1787789760,78843.1,78843.1,78828.9,78828.9,1.19012200
1787789820,78832.7,78832.8,78832.7,78832.7,0.22605000
1787789880,78832.8,78865.8,78832.8,78865.7,1.60397100
1787789940,78865.8,78928.5,78865.8,78928.5,2.68864000
1787790000,78936,78936.2,78928.5,78936.1,1.59013300
1787790060,78936.2,78939.7,78921.8,78939.5,0.13527200
1787790120,78939.5,78941.6,78933.7,78936.5,0.08939900
1787790180,78943.7,78943.7,78881.8,78881.8,0.10511100
1787790240,78881.8,78881.8,78866.5,78866.5,0.03301700
1787790300,78866.4,78866.4,78843.2,78850.8,1.31819100
1787790360,78850.8,78850.9,78828.1,78828.1,0.16514700
1787790420,78828,78843.3,78824.5,78843.2,2.98588100
1787790480,78843.4,78843.5,78840.9,78840.9,1.14956200
1787790540,78841.1,78897.5,78841.1,78897.5,0.95027900
1787790600,78902.4,78902.4,78874.2,78874.2,0.84260000
1787790660,78874.2,78874.3,78866.4,78866.4,0.34275500
1787790720,78862.1,78881.9,78851,78851,1.17643700
1787790780,78850.9,78874.2,78850.9,78874.1,0.82173500
1787790840,78867.9,78870.9,78853.7,78853.7,0.85094000
1787790900,78850.9,78860,78827.7,78827.7,1.69748400
1787790960,78827.8,78843.2,78813.1,78813.1,0.98575700
1787791020,78812.3,78812.3,78798.5,78812,1.20789100
1787791080,78812.3,78832.1,78812.2,78812.3,0.83973400
1787791140,78812.3,78835.5,78812.2,78835.5,0.46082300
1787791200,78835.4,78835.5,78820,78820.1,2.76386300
1787791260,78820.1,78820.1,78801.6,78801.7,1.61116100
1787791320,78801.6,78801.7,78794,78798.6,1.65755900
1787791380,78798.6,78889.7,78798.6,78889.7,2.59549200
1787791440,78885.1,78905.1,78871,78881.4,2.71743200
1787791500,78881.3,78897.4,78834.7,78834.8,2.01405900
1787791560,78834.7,78834.8,78808.3,78808.4,2.76421700
1787791620,78808.3,78808.5,78782.3,78782.3,1.87126600
1787791680,78782.1,78789,78766,78789,4.05314000
1787791740,78789.1,78796.8,78766,78796.8,4.40294400
1787791800,78796.7,78835.5,78796.7,78835.5,1.05932400
1787791860,78835.5,78850.3,78781.4,78781.4,2.48036700
1787791920,78781.3,78781.3,78724.6,78750.4,4.57260000
1787791980,78746.4,78750.4,78727.3,78729.6,2.02927400
1787792040,78729.7,78729.7,78723.8,78723.8,1.64834500
1787792100,78723.9,78758.1,78722.8,78722.9,3.92558800
1787792160,78722.9,78722.9,78698,78711.2,3.77256900
1787792220,78711.2,78750.3,78711.2,78724.8,3.69417700
1787792280,78724.7,78724.7,78704.2,78704.3,2.10342900
1787792340,78704.3,78704.3,78686.4,78686.4,0.86352400
1787792400,78685.6,78706.4,78682.3,78692.5,1.76388900
1787792460,78692.4,78737.2,78691,78737.2,2.06147600
1787792520,78737.3,78751.1,78729.6,78744.8,1.45424100
1787792580,78745,78745,78673.9,78714.1,3.61473200
1787792640,78714,78740.5,78714,78738.2,2.29108900
1787792700,78740.4,78762.3,78722.7,78727.8,1.73900900
1787792760,78727.8,78768.1,78727.8,78762.3,3.14525100
1787792820,78762.4,78779.3,78747.3,78747.4,2.26072200
1787792880,78759.3,78759.3,78701.4,78701.5,1.67897100
1787792940,78701.5,78745,78701.5,78729.7,2.67560000
1787793000,78729.6,78768.1,78729.6,78737.3,3.49341600
1787793060,78733,78768.4,78729.7,78739.9,3.14186100
1787793120,78739.9,78745,78727.4,78727.4,2.53424000
1787793180,78727.3,78732.8,78691,78691.1,1.87529700
1787793240,78691.1,78691.5,78633.2,78672.8,1.87837800
1787793300,78660.5,78660.5,78625.8,78644.8,1.82914100
1787793360,78644.8,78660.2,78629.5,78636.5,4.79147800
1787793420,78636.6,78658.8,78553.8,78606.4,4.04531300
1787793480,78606.3,78664.8,78606.3,78664.8,3.41358000
1787793540,78664.8,78683.3,78664.8,78668.1,4.28298000
1787793600,78668.2,78714,78668.2,78693.7,1.54041200
1787793660,78694.4,78736.4,78692.6,78736.3,4.52093600
1787793720,78736.3,78736.4,78721.8,78728.7,3.51504400
1787793780,78728.7,78765.1,78728.6,78765.1,2.82627300
1787793840,78765,78790.2,78765,78784.8,4.36536500
1787793900,78778,78823.5,78778,78823.4,3.25776000
1787793960,78823.4,78850.3,78819.7,78837.9,1.36068000
1787794020,78840.6,78880,78829.9,78880,2.02206500
1787794080,78882.2,78956.5,78882.2,78938.3,2.36928400
1787794140,78932.4,78935.3,78898.4,78935.3,2.03369300
1787794200,78935.3,78971.6,78935.2,78953.8,4.31969400
1787794260,78946.2,78946.2,78814.6,78827.7,3.37641600
1787794320,78827.6,78845.4,78783.6,78814.5,4.70755700
1787794380,78814.4,78868.5,78814.4,78858.8,4.68494500
1787794440,78858.8,78873.5,78833.8,78870.7,4.64219400
1787794500,78870.7,78879.9,78783.6,78799,5.00245900
1787794560,78806.7,78829.9,78806.7,78814.5,2.56855000
1787794620,78814.5,78853.1,78814.4,78853,3.88944100
1787794680,78853.1,78909.2,78853.1,78853.3,2.99232500
1787794740,78868.6,78868.6,78845.4,78845.5,2.76884000
1787794800,78845.4,78845.4,78822,78822,0.94961300
1787794860,78822,78822,78783.6,78783.6,0.94838100
1787794920,78783.6,78791.2,78745,78745,1.70644800
1787794980,78742.7,78775.9,78742.7,78771.8,1.93917900
1787795040,78771.8,78771.8,78721.8,78721.8,1.99320300
1787795100,78721.8,78760.3,78708.2,78760.3,1.23986900
1787795160,78760.3,78775.8,78749.1,78775.8,1.76593000
1787795220,78775.9,78865,78775.9,78865,3.51508000
1787795280,78868.6,78906.9,78868.6,78906.9,1.70054400
1787795340,78907,78951.1,78907,78951.1,2.16554500
1787795400,78951.2,78991.4,78947.6,78991.4,2.65771400
1787795460,78992,79013.2,78979.3,78992.7,2.84412500
1787795520,79006.7,79008.2,78988.3,78996.1,3.48143300
1787795580,78996,79000.3,78946.2,78958.2,3.40856600
1787795640,78958.1,78958.1,78915.1,78938.3,3.18964600
1787795700,78938.3,78987.6,78938.2,78987.5,3.74951200
1787795760,78987.6,78987.6,78969.3,78969.3,4.39057200
1787795820,78961.7,78961.7,78953.9,78953.9,3.71394600
1787795880,78953.9,78954,78915.1,78915.1,4.18176700
1787795940,78915.2,78926.7,78891.8,78907.3,4.79439200
1787796000,78907.3,78968.3,78890.3,78961.8,4.54848000
1787796060,78967.7,78974.5,78932.8,78933,1.73811500
1787796120,78932.9,78948.2,78917.2,78917.2,0.84444700
1787796180,78917.2,78940.4,78917.2,78927.4,0.86022900
1787796240,78927.4,78932.7,78916.2,78932.7,1.41455400
1787796300,78932.6,78940.4,78917.2,78924.9,3.96354600
1787796360,78925,78925,78917.2,78917.3,1.63306900
1787796420,78917.2,78932.7,78917.2,78932.7,1.06515700
1787796480,78932.7,78940.4,78916.2,78929.6,1.97143400
1787796540,78940.4,78940.4,78925,78932.6,1.60673200
1787796600,78932.6,78942.2,78932.6,78942.2,1.20526800
1787796660,78942.3,78950.3,78886.3,78886.3,1.55523300
1787796720,78888,78909.5,78870.8,78878.6,1.18339200
1787796780,78878.5,78878.5,78864.2,78864.2,1.49169100
1787796840,78864.2,78901.8,78855.3,78891.7,1.79586200
1787796900,78881.7,78881.7,78864.1,78864.1,0.40319800
1787796960,78864.1,78864.2,78847.6,78847.6,1.69973800
1787797020,78847.6,78847.7,78827.6,78835.8,1.41925100
1787797080,78835.8,78835.8,78812.1,78812.1,1.65803500
1787797140,78812.1,78846.7,78812.1,78832.2,2.60809600
1787797200,78832.2,78846.7,78832.1,78846.6,0.30377800
1787797260,78832.2,78839.8,78824.5,78839.8,0.05098500
1787797320,78829.8,78830,78829.7,78830,0.02309700
1787797380,78839.8,78839.8,78786.2,78786.3,0.10371600
1787797440,78786.3,78786.3,78753.7,78762.7,0.59817000
1787797500,78762.7,78778,78742.8,78742.8,0.91413300
1787797560,78742.7,78756.2,78725.4,78756.2,1.26268700
1787797620,78760.2,78760.2,78760.1,78760.2,0.31317400
1787797680,78762.7,78764.9,78760.1,78760.1,0.97833000
1787797740,78760.1,78760.2,78749.5,78755.9,0.40934100
1787797800,78755.9,78762.5,78749.6,78759.8,1.16503500
1787797860,78759.8,78768.8,78759.8,78768.7,0.77902700
1787797920,78768.7,78774.4,78755.9,78774.3,1.16182700
1787797980,78774.3,78778.1,78773,78778.1,0.37368300
1787798040,78784.1,78784.1,78780.7,78784.1,0.96382200
1787798100,78784,78784,78742.4,78762.4,0.86820000
1787798160,78762.5,78793.5,78762.5,78793.5,1.08450600
1787798220,78793.5,78799.7,78747.3,78747.3,0.88338500
1787798280,78747.3,78762.7,78747.2,78762.7,1.02155700
1787798340,78758.1,78762.6,78741.2,78749,0.66738400
1787798400,78749,78750.8,78709.5,78725.3,2.07310000
1787798460,78725.4,78739.5,78725.3,78739.4,0.52707100
1787798520,78739.5,78750.1,78739.5,78750.1,0.94302700
1787798580,78750.1,78750.1,78750,78750,0.04867400
1787798640,78750,78750,78732.1,78738.6,1.45855900
1787798700,78738.7,78760.1,78732.7,78747.2,0.80978300
1787798760,78747.2,78760.2,78743.2,78760.2,0.71833600
1787798820,78760.1,78760.2,78747.3,78754.5,0.59575200
1787798880,78754.4,78754.5,78732.7,78732.7,0.32562800
1787798940,78732.8,78754.9,78724.1,78754.9,0.38133600
1787799000,78754.8,78758.5,78739.5,78758.5,2.15984200
1787799060,78758.5,78785.8,78758.4,78785.8,0.69054500
1787799120,78785.7,78786,78773.3,78773.3,1.34777900
1787799180,78773.3,78775.7,78754.9,78754.9,1.71639200
1787799240,78757.8,78766,78754.9,78755.1,1.10150200
1787799300,78755.1,78760.1,78747.2,78747.3,0.34279400
1787799360,78747.2,78747.2,78732,78732,0.48979500
1787799420,78732,78732.1,78716.4,78716.4,0.88173800
1787799480,78716.4,78731.5,78716.4,78720.8,1.43493500
1787799540,78720.8,78731.6,78720.8,78731.6,1.17876700
1787799600,78731.5,78731.6,78707,78715,1.43676000
1787799660,78714.9,78726.3,78705.7,78726.3,1.14301400
1787799720,78726.4,78726.6,78726.4,78726.6,0.39792100
1787799780,78726.5,78726.5,78721.5,78721.5,0.86882200
1787799840,78721.6,78721.7,78721.5,78721.7,0.27555200
1787799900,78721.7,78721.7,78721.6,78721.7,0.04816800
1787799960,78721.7,78780.2,78721.7,78777.4,1.11241800
1787800020,78780.2,78787.2,78780.2,78783.2,1.05456000
1787800080,78772.7,78772.7,78741.9,78750,0.54005700
1787800140,78749.9,78750,78726.5,78726.5,0.71253200
1787800200,78726.5,78738.4,78726.5,78738.4,0.80009200
1787800260,78738.4,78738.4,78738.3,78738.3,0.01466200
1787800320,78738.3,78738.4,78717.1,78717.2,0.39932100
1787800380,78717.1,78717.1,78672.5,78687.9,1.30918200
1787800440,78687.8,78687.9,78680.2,78687.4,0.94122900
1787800500,78687.4,78690.8,78663.3,78671,0.61683600
1787800560,78666.1,78666.2,78647.6,78647.7,0.91048700
1787800620,78657,78657.1,78647.7,78648.4,1.07759400
1787800680,78648.4,78695.6,78647.6,78695.6,1.07903800
1787800740,78703.3,78749.5,78703.3,78749.4,1.25729100
1787800800,78749.5,78788,78741.1,78741.1,2.68119100
1787800860,78741.1,78749.2,78725,78748.3,2.01776800
1787800920,78748.3,78892.6,78748.3,78880.7,2.90787500
1787800980,78880.7,78888.5,78853.4,78888.5,1.15843500
1787801040,78888.5,78987.4,78888.5,78949.2,1.94857300
1787801100,78949.2,78949.2,78881.5,78881.6,9.15035500
1787801160,78881.6,78896.2,78880.7,78888.1,8.94857100
1787801220,78888,78934.8,78888,78934.8,7.41241800
1787801280,78934.8,78934.9,78905.7,78912.6,7.30714600
1787801340,78919.4,78919.4,78897.1,78897.1,8.62115700
1787801400,78897.2,78901.3,78872.9,78872.9,1.44609400
1787801460,78871,78871.1,78849.8,78865.2,1.95892900
1787801520,78849.9,78857.5,78845,78857.5,1.85592300
1787801580,78852.7,78884.4,78848.9,78873.1,2.41094100
1787801640,78873.1,78896.2,78860,78860.1,2.11014200
1787801700,78872.9,78872.9,78849.8,78856.7,1.87314200
1787801760,78856.8,78873,78856.7,78858.3,1.83903300
1787801820,78858.4,78903.9,78858.3,78888.5,0.70665400
1787801880,78880.7,78880.8,78852,78852,1.82309100
1787801940,78852,78852.1,78846.3,78846.3,1.05897700
1787802000,78846.3,78857.4,78845.5,78847.7,0.17511300
1787802060,78845.1,78848.4,78828.8,78828.8,0.58964700
1787802120,78828.8,78909.3,78828.8,78898.5,1.39372100
1787802180,78889.7,78924.3,78875.8,78912.2,1.40539200
1787802240,78911.8,78911.8,78875,78875,0.38554100
1787802300,78875.1,78923.1,78857.6,78923,2.17657700
1787802360,78923.1,78923.1,78901.4,78901.5,3.37334600
1787802420,78901.4,78901.4,78873.1,78873.1,3.37193200
1787802480,78873.1,78873.1,78845,78845.1,4.97925100
1787802540,78845.1,78845.1,78842.1,78844.3,3.07754400
1787802600,78842.1,78851.8,78842.1,78842.2,4.19550900
1787802660,78842.1,78842.1,78811.2,78826.5,3.10596600
1787802720,78826.5,78826.6,78780.4,78780.4,1.98717300
1787802780,78780.4,78795.7,78777.9,78795.6,4.48604600
1787802840,78793.2,78817.4,78790.5,78817.3,1.76711200
1787802900,78817.3,78817.4,78803.5,78803.5,3.75839800
1787802960,78811.2,78817.3,78803.5,78817.3,2.15258600
1787803020,78817.3,78817.4,78810.7,78810.7,3.02244600
1787803080,78810.7,78834.3,78810.7,78819.1,3.94668300
1787803140,78819.1,78834.3,78819.1,78834.3,3.20168200
1787803200,78834.3,78842.4,78834.3,78842.4,1.23474000
1787803260,78842.3,78842.4,78842.3,78842.4,0.31377200
1787803320,78842.3,78847.9,78830,78830,0.69555900
1787803380,78844.2,78869.4,78844.2,78869.4,0.74708700
1787803440,78875.1,78882.9,78859.7,78859.8,0.71479300
1787803500,78862.3,78862.3,78828.8,78828.8,1.74299400
1787803560,78826,78826,78821.1,78821.2,1.30162000
1787803620,78821.2,78821.2,78809.1,78809.2,1.41437400
1787803680,78809.1,78809.2,78799.9,78799.9,0.63583300
1787803740,78800,78876,78800,78876,2.42686300
1787803800,78875.9,78875.9,78842.4,78842.6,1.11401600
1787803860,78842.5,78846.7,78842.5,78846.7,0.58840600
1787803920,78846.8,78859.6,78843.4,78843.4,2.84639200
1787803980,78843.5,78852,78843.5,78852,0.68887400
1787804040,78851.9,78859.6,78851.9,78855,0.76157400
1787804100,78854.9,78890.6,78854.9,78890.5,0.82686300
1787804160,78893,78893.1,78893,78893,1.43260000
1787804220,78893,78893,78859.7,78859.8,5.00842200
1787804280,78859.8,78886.7,78859.8,78885.7,1.18977300
1787804340,78885.7,78885.7,78872.5,78879.1,2.36970100
1787804400,78879,78879,78844.4,78851.2,2.30965100
1787804460,78859.7,78867.4,78836.5,78836.5,0.07150200
1787804520,78828.8,78844.2,78821.1,78844.2,0.00466900
1787804580,78844.2,78844.2,78828.8,78836.5,0.09811200
1787804640,78844.2,78845.8,78844.2,78844.3,0.44437400
1787804700,78844.3,78845.8,78823.5,78823.5,1.59410500
1787804760,78823.5,78824.7,78823.4,78824.7,0.46761700
1787804820,78824.7,78824.7,78813.5,78813.6,0.44136200
1787804880,78822.7,78822.7,78809.2,78809.2,0.52816300
1787804940,78809.1,78809.2,78788.3,78788.3,0.66434200
1787805000,78788.3,78788.3,78742.7,78742.8,0.46338700
1787805060,78742.7,78744.6,78741.6,78744.5,0.28252800
1787805120,78744.6,78744.7,78744.6,78744.7,0.05452500
1787805180,78744.6,78744.7,78741.5,78741.5,0.31594400
1787805240,78741.5,78741.5,78710.9,78710.9,0.21297100
1787805300,78711,78711,78705.7,78707.1,0.98361000
1787805360,78707.1,78752.5,78695.1,78697.8,1.80081600
1787805420,78696.2,78722,78687.6,78721.9,1.35396200
1787805480,78721.9,78724.2,78713.2,78724.2,0.57340000
1787805540,78724.2,78751.7,78724.2,78751.7,1.83738600
1787805600,78751.7,78756.6,78743.7,78744.1,2.83721100
1787805660,78744.1,78751.7,78737.8,78751.6,4.17734600
1787805720,78751.6,78763.6,78751.6,78763.5,2.62377000
1787805780,78763.6,78809.1,78763.6,78809,3.77519100
1787805840,78809.1,78809.1,78806.9,78807,1.88497500
1787805900,78807,78809.1,78782.5,78782.5,0.38381000
1787805960,78782.7,78797.9,78782.5,78782.5,3.11482000
1787806020,78782.5,78782.5,78728.6,78741.8,2.39487300
1787806080,78741.9,78741.9,78728.7,78728.8,0.38159900
1787806140,78728.7,78736.3,78728.6,78736.3,1.61674800
1787806200,78736.3,78744,78722,78722,6.38013200
1787806260,78722,78722,78709.4,78709.5,4.21149100
1787806320,78709.5,78724.4,78709.5,78724.4,2.57341900
1787806380,78724.4,78724.6,78713.2,78724.5,4.37507400
1787806440,78724.6,78744,78724.5,78743.9,1.04509900
1787806500,78744,78747.9,78743.9,78747.8,0.76680600
1787806560,78747.9,78747.9,78736.8,78736.8,0.90522500
1787806620,78736.7,78747.8,78736.7,78747.8,0.71390700
1787806680,78747.8,78767,78747.8,78767,1.02601500
1787806740,78767.1,78774.8,78764,78774.7,0.84960500
1787806800,78774.8,78780,78769.9,78770,0.40990700
1787806860,78770,78774.2,78769.9,78774.2,0.30723400
1787806920,78774.1,78774.2,78769.9,78769.9,0.25239600
1787806980,78769.4,78769.4,78754.9,78754.9,0.65262700
1787807040,78755,78755,78687.5,78687.5,0.84234300
1787807100,78685.5,78685.7,78666.6,78675.8,0.63309500
1787807160,78675.8,78684.6,78661.7,78661.7,0.85770500
1787807220,78661.8,78680.2,78661.8,78680.1,0.69567200
1787807280,78680.2,78698,78674.1,78698,0.48274200
1787807340,78698,78719.6,78698,78707.9,0.73750800
1787807400,78709.3,78719.6,78700.1,78700.2,1.02979500
1787807460,78700.2,78700.2,78687.9,78688,0.38231400
1787807520,78687.9,78692.4,78679.2,78692.4,0.89656400
1787807580,78692.3,78692.4,78669.9,78669.9,0.41128500
1787807640,78673.9,78674,78654,78654.1,0.92825400
1787807700,78654.1,78654.1,78652.5,78652.6,1.94038300
1787807760,78652.6,78652.6,78638.6,78638.6,1.41752900
1787807820,78638.7,78642.6,78638.3,78638.3,0.37698400
1787807880,78638.3,78638.4,78638.3,78638.3,0.82993500
1787807940,78646.3,78652.5,78642.7,78642.7,0.31390200
1787808000,78642.7,78648.1,78639.6,78639.6,6.44220700
1787808060,78639.7,78661.7,78639.7,78659.9,3.56068500
1787808120,78659.9,78661.7,78659.9,78661.6,0.43367800
1787808180,78661.7,78669.3,78661.7,78669.3,0.72468700
1787808240,78669.2,78734.8,78669.2,78734.7,1.74803000
1787808300,78734.8,78792.5,78734.8,78754.9,1.00574100
1787808360,78754.9,78754.9,78738.6,78738.6,2.38024100
1787808420,78738.7,78738.7,78723.5,78723.5,1.60980600
1787808480,78723.5,78723.6,78654.1,78665,0.78596100
1787808540,78664.9,78665,78652.9,78653.4,0.83456000
1787808600,78661.7,78677,78661.6,78677,1.94966100
1787808660,78676.9,78676.9,78633.2,78646.2,1.34097300
1787808720,78646.2,78649.5,78646.2,78649.3,3.94581200
1787808780,78649.3,78649.3,78634.1,78646.3,1.36129100
1787808840,78646.3,78646.3,78607.9,78633.6,3.58149600
1787808900,78637.3,78637.3,78602.9,78627.8,0.83057500
1787808960,78627.9,78638.3,78607.5,78638.2,2.51533700
1787809020,78638.2,78662.7,78637.9,78662.6,7.47482000
1787809080,78662.7,78702.1,78662.7,78702.1,2.23769600
1787809140,78700.2,78700.2,78678.5,78692.4,1.43928200
1787809200,78692.3,78726.9,78692.3,78726.9,2.30788700
1787809260,78728.9,78799,78728.9,78764,2.70691300
1787809320,78764,78764.1,78728.9,78734.7,0.87175100
1787809380,78732,78732.1,78700.1,78700.1,1.73751600
1787809440,78697.3,78707.8,78677,78707.7,2.02231300
1787809500,78707.8,78723.2,78703.4,78715.4,1.67280100
1787809560,78714.8,78769.4,78714.7,78769.3,1.51661700
1787809620,78776.6,78786.6,78776.6,78786.5,2.30921000
1787809680,78786.5,78800.2,78785.6,78792.3,0.78530000
1787809740,78800.2,78823.5,78800.1,78823.5,2.06175800
1787809800,78827.4,78840.1,78823.3,78823.3,1.89673000
1787809860,78827.4,78854.2,78827.3,78854.2,2.44230500
1787809920,78854.2,78922.8,78854.2,78900.4,2.41695600
1787809980,78900.5,78908.3,78853.3,78853.3,1.95709100
1787810040,78853.4,78853.4,78846.5,78846.5,1.09262200
1787810100,78846.5,78846.5,78800.2,78800.4,3.89655500
1787810160,78800.4,78807.9,78800.2,78807.9,1.73900600
1787810220,78807.9,78831.3,78807.8,78831.3,2.69330700
1787810280,78831.3,78892.7,78831.3,78892.7,3.79593000
1787810340,78888.3,78909.8,78877.5,78909.8,4.00182300
1787810400,78903.6,78903.6,78865.6,78865.6,0.78834700
1787810460,78865.6,78865.6,78843.8,78857.1,2.45412600
1787810520,78857,78857,78842.1,78842.1,2.76506900
1787810580,78842.2,78842.2,78817.8,78822.8,2.49616200
1787810640,78822.7,78822.8,78806.8,78806.8,2.55565900
1787810700,78806.8,78817.8,78806.8,78817.8,3.55241200
1787810760,78817.7,78839.6,78817.7,78839.6,3.32474900
1787810820,78826.7,78826.7,78810.1,78810.1,3.02487900
1787810880,78810.4,78820.2,78810.4,78812.3,4.64156600
1787810940,78812.3,78813.6,78812.3,78813.5,2.83811500
1787811000,78813.6,78813.6,78791.2,78791.2,1.65976900
1787811060,78791.3,78791.3,78763.9,78764,0.46017500
1787811120,78764,78764.3,78744,78744,0.68360400
1787811180,78744,78744,78657,78669.1,1.47476100
1787811240,78667.2,78679.3,78656.4,78679.2,2.08666400
1787811300,78679.2,78680.5,78646.3,78646.3,1.25882900
1787811360,78646.3,78697.3,78603,78663.6,5.54577600
1787811420,78670.5,78725.3,78669.4,78721.5,4.52022800
1787811480,78725.2,78731.1,78702.3,78705.1,2.99607000
1787811540,78705.1,78717.7,78702.3,78717.7,3.01277900
1787811600,78717.6,78721.1,78710.1,78710.1,2.84582900
1787811660,78719.4,78794.6,78719.4,78779.4,0.25296900
1787811720,78779.3,78779.3,78744.1,78744.1,0.33432400
1787811780,78744,78748.4,78735.7,78748.3,0.02718200
1787811840,78735.7,78741.3,78664,78675.2,1.24071000
1787811900,78675.1,78696,78665,78671.7,4.50049300
1787811960,78671.7,78674.6,78663.9,78665.4,1.58606600
1787812020,78665.3,78665.4,78664,78664,1.35270800
1787812080,78664.1,78664.1,78625.6,78625.7,1.67241900
1787812140,78625.6,78644.5,78610.3,78644.5,1.38650500
1787812200,78648.5,78786.9,78648.5,78774,5.75896400
1787812260,78776.1,78787.6,78731.4,78740.7,3.44992700
1787812320,78740.8,78740.8,78687,78694.7,1.86912700
1787812380,78693.1,78717.7,78691,78714,2.17785100
1787812440,78717.7,78740.8,78712.8,78740.7,2.83397400
1787812500,78740.7,78748.5,78740.7,78748.5,1.45141400
1787812560,78748.8,78748.9,78741.6,78741.7,4.44017200
1787812620,78741.6,78769.9,78741.6,78769.9,3.74346600
1787812680,78771.5,78771.5,78761.5,78761.6,1.96283600
1787812740,78761.5,78761.6,78748.6,78748.6,4.13741000
1787812800,78748.6,78774,78744.5,78744.5,4.21332000
1787812860,78744.5,78744.5,78725.5,78725.5,1.93333500
1787812920,78725.5,78733.1,78725.4,78733.1,0.91337100
1787812980,78733.1,78736.3,78721.2,78736.3,1.10297400
1787813040,78736.2,78744.3,78732.7,78744.3,1.01925600
1787813100,78744.4,78777.1,78744.3,78771.6,1.11794600
1787813160,78771.5,78783.8,78771.5,78783.8,0.53984100
1787813220,78783.7,78783.8,78783.7,78783.7,0.40958400
1787813280,78783.8,78787,78783.7,78786.9,0.39244600
1787813340,78787,78787.3,78779.3,78779.4,0.76849600
1787813400,78787.6,78819.5,78787.5,78819.5,0.71216300
1787813460,78819.4,78820,78802.4,78813.6,1.17263300
1787813520,78813.6,78813.6,78794.9,78810,1.20366400
1787813580,78810,78817.8,78779.4,78817.8,0.74827500
1787813640,78819.9,78839.6,78817.8,78817.8,0.85476700
1787813700,78810.1,78833.2,78810.1,78833.1,1.65668600
1787813760,78833.1,78840.1,78815.1,78815.1,2.42011600
1787813820,78815.1,78825.6,78815.1,78825.5,1.70241000
1787813880,78825.6,78840.9,78825.5,78840.9,1.51056700
1787813940,78840.8,78840.8,78825.5,78825.5,2.89196600
1787814000,78808.1,78808.1,78773.8,78776,3.38763800
1787814060,78776.1,78789.3,78776,78789.3,1.55902800
1787814120,78789.3,78789.3,78770.8,78770.9,0.98364700
1787814180,78781.5,78786.1,78781.4,78786.1,1.52783300
1787814240,78786,78789.3,78773.8,78789.3,1.49160300
1787814300,78789.2,78789.3,78775.5,78788.5,0.95340300
1787814360,78788.4,78788.5,78766.1,78773.9,1.46076900
1787814420,78773.9,78773.9,78766.1,78773.2,1.96665800
1787814480,78773.3,78789.2,78773.2,78789.1,2.07141900
1787814540,78789.2,78793,78781.5,78784.9,1.64278900
1787814600,78779.9,78789.2,78779.1,78789.1,0.89697000
1787814660,78789,78794.5,78789,78794.2,1.08451400
1787814720,78794.2,78794.2,78785.6,78785.8,0.81214400
1787814780,78785.7,78794.4,78785.7,78794.3,0.52125500
1787814840,78794.3,78864.5,78794.3,78839.9,1.67613500
1787814900,78838.3,78841.8,78827.7,78827.7,1.13812100
1787814960,78827.7,78829.6,78827.7,78829.6,1.02240500
1787815020,78829.7,78829.7,78820.5,78820.6,0.25511800
1787815080,78820.5,78820.6,78820.5,78820.5,0.48614900
1787815140,78820.5,78830.6,78820.5,78824.4,1.02705700
1787815200,78824.5,78835.4,78820.1,78820.1,0.91101400
1787815260,78820,78820.1,78811.2,78811.3,0.12114300
1787815320,78811.3,78835.4,78811.3,78835.4,0.62847400
1787815380,78843,78843.1,78835.4,78835.5,0.47448300
1787815440,78835.4,78835.4,78788,78788,1.98769000
1787815500,78788,78788,78750.7,78758.4,1.42414700
1787815560,78766,78781.5,78766,78776.1,2.30060500
1787815620,78776.1,78789.2,78775.9,78789.1,1.11933200
1787815680,78789.1,78804.6,78789.1,78804.6,0.67038200
1787815740,78804.5,78804.5,78789.2,78796.8,1.33959200
1787815800,78796.8,78804.6,78790.4,78804.6,1.10158000
1787815860,78804.6,78844.5,78804.6,78842.1,1.23358000
1787815920,78842.1,78858.6,78840.7,78840.7,1.27172500
1787815980,78840.6,78865,78820.5,78855,2.49349100
1787816040,78855.1,78865,78855.1,78865,0.16963800
1787816100,78864.9,78865,78855,78855,1.12704500
1787816160,78854.9,78865,78854.9,78865,1.07547400
1787816220,78863.8,78864.6,78862.9,78862.9,1.30231000
1787816280,78862.8,78862.8,78829.6,78835.2,2.31248900
1787816340,78835.2,78867.9,78835.2,78867.8,2.40351100
1787816400,78867.8,78867.8,78843.1,78843.2,2.25829900
1787816460,78843.1,78850.9,78843.1,78850.8,0.94779800
1787816520,78850.8,78866.2,78850.5,78866.2,1.53866800
1787816580,78866.3,78874,78866.3,78873.9,1.43413000
1787816640,78873.9,78874,78843.1,78843.1,1.61615500
1787816700,78853.3,78866.9,78853.3,78859,0.98530700
1787816760,78859.1,78859.1,78846,78858,1.81601500
1787816820,78858,78868.5,78857.9,78868.5,1.91257400
1787816880,78868.4,78868.5,78858.6,78858.6,0.37588500
1787816940,78858.6,78864.9,78858.6,78864.8,1.79706900
1787817000,78864.8,78904.9,78864.8,78904.9,3.12162900
1787817060,78904.9,78931.5,78904.9,78931.5,2.04826300
1787817120,78931.4,78985.9,78931.4,78975.7,2.75962800
1787817180,78984.7,78987.3,78959,78959.1,3.64863900
1787817240,78959,79041.8,78940.3,79028.7,3.52083100
1787817300,79028.6,79069,79028.6,79060.7,3.75192100
1787817360,79060.7,79088,79060.6,79088,1.05350100
1787817420,79088,79097.8,79044.9,79046,6.73957400
1787817480,79045.9,79067.4,79038,79067.3,6.13365500
1787817540,79067.4,79096.9,79067.4,79083,5.69337300
1787817600,79083,79120,79045.6,79054.1,5.89437800
1787817660,79054.1,79062.8,79046.2,79055.3,4.55711800
1787817720,79064.6,79191.1,79064.6,79191.1,7.24936200
1787817780,79191,79399,79179.5,79390.5,6.93208000
1787817840,79388.7,79503.8,79359.1,79436.2,9.86377100
1787817900,79442,79442,79283.8,79297.4,3.59931200
1787817960,79297.5,79373.1,79291.2,79352.3,0.70387800
1787818020,79361,79494.2,79353.8,79493.2,0.21891600
1787818080,79497.9,79649.6,79488,79617.3,7.02881500
1787818140,79614.1,79748,79614.1,79748,2.13132200
1787818200,79740.4,79861.7,79726,79828.4,14.26785100
1787818260,79827.5,79871.2,79733.5,79733.9,17.90834900
1787818320,79733.5,79733.5,79631.3,79638.5,17.32369900
1787818380,79638.5,79667.8,79572.2,79599.5,15.81495700
1787818440,79599.9,79631,79545.1,79631,14.94314200
1787818500,79631.5,79641.4,79498.1,79501.6,15.64349400
1787818560,79508.1,79551,79502.8,79525.5,16.22587400
1787818620,79525.5,79534.5,79498.2,79511.4,17.92462600
1787818680,79511.5,79511.5,79497.5,79501.6,13.48423600
1787818740,79501.6,79525.4,79485.2,79515.9,19.17320600
1787818800,79515.9,79523,79450.5,79474.5,5.18729100
1787818860,79482.4,79517.1,79482.4,79517,1.40832900
1787818920,79517,79610,79506,79588.2,2.42905200
1787818980,79588.3,79600,79535.2,79552.8,0.73941800
1787819040,79552.9,79584.3,79552.9,79584.2,0.08713100
1787819100,79584.2,79664.6,79583.9,79664.6,4.05093600
1787819160,79666.5,79735.8,79666.5,79687,12.51939300
1787819220,79686.9,79686.9,79642.9,79672,8.96696900
1787819280,79672.1,79748,79664.5,79699.5,8.86202400
1787819340,79699.6,79747.5,79694.4,79743.3,12.01277500
1787819400,79747.6,79857.4,79747.6,79784.3,12.10822700
1787819460,79788.6,79857.4,79788.6,79844.3,9.18756200
1787819520,79844.3,79868,79827.6,79828.6,7.74879500
1787819580,79828.6,79867.9,79800.9,79867.9,7.24369900
1787819640,79868,79883.8,79836.5,79851.8,7.44868200
1787819700,79851.9,79851.9,79775.2,79815.1,9.84737100
1787819760,79820.6,79820.6,79757.4,79757.4,10.51188200
1787819820,79757.4,79800.8,79718.1,79796.8,9.04544700
1787819880,79800.7,79804.8,79765.4,79775,5.60487200
1787819940,79775.1,79788.8,79757.4,79781.1,5.93585700
1787820000,79781,79789,79755,79764.9,5.19486100
1787820060,79764.9,79868,79755.1,79867.7,4.22867800
1787820120,79867.8,79931.2,79827.5,79931.2,6.33844900
1787820180,79931.3,79988,79925.8,79925.8,10.96658300
1787820240,79925.8,79939.2,79907.6,79923.3,4.03580300
1787820300,79923.3,80021.1,79923.3,80010.1,15.15866100
1787820360,80009.2,80009.2,79868.1,79878.7,10.05757000
1787820420,79883.7,79899.6,79844.3,79878.2,13.32308600
1787820480,79878.3,79880.8,79819.6,79845.6,9.42466300
1787820540,79845.6,79868,79800.8,79800.9,11.69685900
1787820600,79800.8,79836.4,79789.1,79793.3,17.85001000
1787820660,79789.2,79867.9,79789.1,79857.7,19.77049700
1787820720,79857.8,79868.2,79780,79780,21.46236500
1787820780,79780.1,79823.2,79780.1,79823.1,18.15132800
1787820840,79823.1,79844.3,79774.2,79779.3,22.13073900
1787820900,79779.2,79780.5,79695,79725.8,12.17771200
1787820960,79725.9,79787.7,79725.9,79782,6.56762000
1787821020,79780.7,79789,79763.2,79780.9,4.84920400
1787821080,79781,79783.6,79747.6,79766.8,5.14010500
1787821140,79766.8,79766.9,79733.8,79763.1,5.19720100
1787821200,79759.3,79762.2,79683.9,79751.3,3.73295000
1787821260,79743.5,79759.2,79721.7,79759.2,3.95304400
1787821320,79759.1,79789.8,79688.9,79735.7,5.74993600
1787821380,79751.2,79827.2,79751.2,79789.8,4.60382600
1787821440,79783,79794.2,79751.3,79751.3,5.64918100
1787821500,79751.3,79782.9,79717.7,79769.3,6.73312700
1787821560,79768.1,79779.3,79704.2,79766.7,3.83546400
1787821620,79766.8,79808.3,79766.8,79807.8,6.59292900
1787821680,79807.9,79846,79807.9,79844.3,4.91057100
1787821740,79845.9,79845.9,79775,79791,3.74881000
1787821800,79806.5,79845.9,79804.7,79845.9,4.33242400
1787821860,79845.9,79880.2,79845.9,79871.3,6.78359400
1787821920,79870,79881.9,79838.1,79844.1,5.23310500
1787821980,79848,79869.7,79845.6,79869.7,4.53128300
1787822040,79869.6,79869.7,79846,79869.7,4.32365300
1787822100,79869.6,79887.8,79789.8,79848.9,2.69575500
1787822160,79850.8,79914.5,79848.2,79914.5,7.41307900
1787822220,79917.1,79921,79887.8,79909.2,3.29425900
1787822280,79909.2,79909.2,79830.2,79875.3,4.06047500
1787822340,79875.3,79993.6,79875.3,79993.6,3.33954300
1787822400,79993.6,80080,79978.2,80072,9.28862300
1787822460,80072,80081.5,80012.6,80081.5,5.63431000
1787822520,80081.6,80081.6,80012.2,80053.7,7.35763400
1787822580,80053.7,80061.4,80029.3,80061.4,5.59146800
1787822640,80061.4,80089.6,80048.3,80083.7,6.61034000
1787822700,80083.6,80239.9,80083.6,80204.1,18.71516000
1787822760,80220.8,80400,80220.8,80388.9,17.25039400
1787822820,80398.2,80491.5,80375.5,80427.3,17.50271500
1787822880,80433.5,80466.9,80380.2,80427.5,14.77388800
1787822940,80450.6,80494.4,80446.1,80493.1,12.41321700
1787823000,80493.1,80520.9,80305.1,80346.9,27.20660400
1787823060,80351.2,80408.6,80351.2,80402.7,21.12010500
1787823120,80402.7,80408.6,80306.8,80330.8,21.14145800
1787823180,80330.7,80337.3,80290.2,80295,19.58485500
1787823240,80303,80309.2,80220.9,80220.9,31.50067800
1787823300,80221,80226.9,80209.4,80226.9,9.65665300
1787823360,80226.8,80317.1,80214,80317.1,11.67057100
1787823420,80317.1,80317.1,80227,80235,10.91049100
1787823480,80234.9,80306.8,80227,80270.3,7.99825500
1787823540,80270.3,80314.8,80270.3,80290.9,7.64549300
1787823600,80290.8,80322.7,80236.3,80322.7,7.43861100
1787823660,80315.5,80322.8,80282.8,80282.8,4.28271200
1787823720,80282.8,80282.8,80209.4,80209.5,4.42469500
1787823780,80209.4,80270.3,80209.4,80258.9,3.77266200
1787823840,80270.2,80270.3,80250.9,80251,4.17043500
1787823900,80250.9,80250.9,80236.3,80236.9,6.35088900
1787823960,80236.8,80250,80227.6,80236,1.90148600
1787824020,80236,80274.8,80236,80274.8,2.93416000
1787824080,80274.8,80274.8,80236.5,80248.9,6.43321000
1787824140,80248.9,80248.9,80201,80201,4.29744200
1787824200,80200.1,80200.1,80074.6,80082.6,4.70038500
1787824260,80083.7,80101.8,80055.8,80055.8,4.07010900
1787824320,80054.8,80091.5,80051.9,80083.6,2.84421800
1787824380,80083.6,80115.4,80083.6,80112.7,2.80244800
1787824440,80112.8,80112.8,80058.1,80069.4,3.62790800
1787824500,80069.3,80069.3,80051.9,80052,1.55544700
1787824560,80056.4,80056.4,79990.3,79990.3,6.58945000
1787824620,79990.3,80004.9,79979.9,79988.5,4.30514300
1787824680,79988.4,79988.5,79924.1,79948.8,4.98381400
1787824740,79955,79988.4,79955,79988.4,4.70958700
1787824800,79988.4,79995.1,79926.8,79950.3,13.54477600
1787824860,79950.3,80011.4,79950.3,80011.4,10.37581000
1787824920,80011.5,80021.8,79937.9,79961.3,8.61564600
1787824980,79966.3,79998,79946.6,79997.9,8.55506800
1787825040,79997.9,80056.7,79982.2,80056.7,9.12646700
1787825100,80056.7,80077.4,80056.7,80076,6.79193500
1787825160,80075.9,80125.1,80062.7,80125.1,6.36386800
1787825220,80125,80145.7,80117.1,80117.1,3.47981200
1787825280,80117.1,80132.5,80109,80132.5,4.54165500
1787825340,80132.6,80152.5,80132.6,80152.5,4.43044300
1787825400,80152.5,80156.8,80147.9,80155.6,3.24619700
1787825460,80155.8,80155.8,80090.3,80090.3,2.32618800
1787825520,80090.4,80090.4,80005.1,80019.1,5.28079300
1787825580,80014,80014,79943.3,79943.4,4.11498500
1787825640,79943.4,79948.1,79804.4,79933.9,5.16780900
1787825700,79934,79978.9,79841.4,79859.5,3.82086800
1787825760,79883.1,79921.5,79862,79921.2,6.13646200
1787825820,79921.4,79958.3,79895.1,79958.3,5.84343900
1787825880,79958.3,79977.3,79949.2,79975.6,5.82646500
1787825940,79975.7,79988.2,79966.3,79966.3,2.81208900
1787826000,79966.4,79995.7,79950.5,79995.7,1.94861500
1787826060,79994.7,80024.6,79987.2,80009.8,0.25025600
1787826120,80013.4,80020.9,79974.2,79974.2,0.27376000
1787826180,79966.3,79966.3,79846.5,79846.5,0.99092100
1787826240,79846.5,79857.2,79769.8,79800,0.94281700
1787826300,79799.9,79808.3,79712,79721.5,5.67912600
1787826360,79721.6,79745.1,79345.7,79518.5,17.25038400
1787826420,79518.5,79614.8,79490.6,79614.8,4.92703100
1787826480,79619.4,79673.5,79619.4,79643,5.18006100
1787826540,79643.1,79688.3,79643.1,79662.3,4.84209200
1787826600,79662.4,79662.4,79532.8,79602.1,17.94382600
1787826660,79602.1,79667.2,79602.1,79619.4,17.46752400
1787826720,79619.5,79666.5,79619.5,79666.4,20.71704000
1787826780,79666.4,79674.4,79643,79650.9,16.19636200
1787826840,79650.9,79651,79620.3,79620.4,14.37641000
1787826900,79620.3,79644.1,79571.5,79573.8,3.53391900
1787826960,79573.9,79584.1,79423.6,79455.1,5.55167900
1787827020,79447.1,79498.6,79369.7,79450.8,6.75551800
1787827080,79450.9,79494,79400.2,79494,5.05066200
1787827140,79493.9,79509.1,79433.6,79455,5.24876800
1787827200,79455,79549.2,79454.9,79549.2,7.73769000
1787827260,79549.2,79596,79541.1,79596,6.10180800
1787827320,79595.9,79602.1,79580.2,79595.8,6.03553800
1787827380,79595.8,79644.5,79595.8,79644.5,5.51099400
1787827440,79644.5,79648.5,79611.6,79611.6,5.07870300
1787827500,79611.7,79621.7,79595.9,79595.9,2.80302600
1787827560,79595.9,79610.8,79586.4,79609.3,2.89132600
1787827620,79611.5,79619.4,79496.3,79496.3,3.40036600
1787827680,79496.3,79522.8,79496.3,79522.8,2.24826900
1787827740,79522.8,79560.9,79522.6,79525.3,3.83110000
1787827800,79522.9,79541,79509.7,79541,3.00499000
1787827860,79540.9,79564,79517.5,79523.7,3.63112500
1787827920,79533.1,79611.4,79533.1,79603.4,2.07430600
1787827980,79603,79635,79595.7,79602.4,3.65921000
1787828040,79602.3,79603.7,79581.4,79599.9,2.69146900
1787828100,79599.8,79599.8,79564.5,79578.6,3.92424900
1787828160,79578.7,79580.2,79556.7,79556.7,3.53615100
1787828220,79556.8,79610.4,79552.4,79596,4.18540600
1787828280,79595.9,79602.1,79575.7,79589.1,3.25367200
1787828340,79589,79620.3,79575.9,79620.3,2.04781200
1787828400,79627.2,79627.2,79558.5,79609.1,11.57434100
1787828460,79621,79644.8,79590.2,79636.3,12.19189000
1787828520,79636.4,79671.1,79629.1,79636.9,13.29059400
1787828580,79636.9,79699.8,79636.9,79676.8,11.27262600
1787828640,79676.8,79723.1,79676.8,79701.6,13.03613100
1787828700,79702.4,79702.4,79636.9,79691.9,14.60538900
1787828760,79691.9,79715.3,79662.2,79673.1,12.60852800
1787828820,79673.1,79707.6,79673.1,79705.6,12.07195400
1787828880,79705.6,79705.6,79668.3,79668.6,10.72398500
1787828940,79668.5,79723.1,79668.3,79676.3,14.65321500
1787829000,79676.3,79699.8,79676.2,79696,8.59538000
1787829060,79696,79696,79652.7,79652.7,7.72518800
1787829120,79652.7,79672.6,79652.6,79672.6,5.39655300
1787829180,79672.5,79707.6,79660.5,79707.5,5.95373500
1787829240,79707.4,79761.5,79699.8,79754,6.26083900
1787829300,79753.9,79761.5,79746.8,79754.9,8.14001800
1787829360,79754.9,79761.4,79743.2,79750.8,9.96168700
1787829420,79750.7,79750.7,79673.2,79678.4,11.21533200
1787829480,79678.4,79684.1,79636.9,79660.4,13.82967200
1787829540,79660.4,79688.7,79646.9,79688.7,10.49768900
1787829600,79688.6,79741.4,79677.5,79741.3,19.59518600
1787829660,79741.4,79768.5,79689,79715.4,18.58325200
1787829720,79715.5,79731.2,79704.3,79731.2,19.33046300
1787829780,79731.2,79754.7,79730,79737,16.58501000
1787829840,79736.9,79747,79723.4,79747,14.08779400
1787829900,79747,79754.8,79731.2,79731.2,12.81427100
1787829960,79731.2,79749.7,79563.9,79564,8.02742800
1787830020,79563.9,79589.9,79542.9,79542.9,9.34092700
1787830080,79543,79556.2,79495.9,79556.1,11.14158500
1787830140,79556.1,79556.2,79503.7,79519.4,10.58084000
1787830200,79519.3,79519.4,79431.1,79431.2,4.16521400
1787830260,79432.3,79480.9,79410.3,79454.8,8.88359900
1787830320,79454.7,79459.8,79390.1,79449,7.71335800
1787830380,79449,79566.2,79449,79566.2,7.48190100
1787830440,79543.8,79551.1,79512.8,79532.6,4.23840500
1787830500,79532.5,79532.5,79464.6,79511.4,8.72764500
1787830560,79511.4,79527.1,79444.7,79454.6,4.70338000
1787830620,79456.9,79456.9,79390.1,79441.2,6.65784200
1787830680,79441.2,79469.4,79409.9,79420.5,2.61597100
1787830740,79425.4,79441.2,79405.8,79405.8,5.10749900
1787830800,79410,79430.6,79397.7,79397.7,4.00168100
1787830860,79400.2,79441.2,79397.7,79428.1,2.41771900
1787830920,79428.1,79437.7,79393.1,79426.6,5.19614800
1787830980,79426.7,79449,79426.7,79449,2.41356600
1787831040,79447.4,79447.4,79434.8,79436.1,2.82457700
1787831100,79436.2,79472.9,79417.7,79456.8,3.72689300
1787831160,79456.9,79464.6,79409.9,79433.4,2.71513000
1787831220,79433.4,79451.5,79433.3,79451.3,1.74303700
1787831280,79451.3,79463.7,79433.4,79433.4,3.79068700
1787831340,79433.5,79441,79388.9,79388.9,4.45106100
1787831400,79396.6,79409.9,79366.2,79366.2,3.50614400
1787831460,79365.8,79365.8,79193.6,79339.7,8.48277600
1787831520,79339.7,79401.1,79339.7,79401.1,2.96346700
1787831580,79401.1,79453,79393.1,79453,3.64586600
1787831640,79453.1,79485.4,79453.1,79485.4,3.29964000
1787831700,79485.4,79503.3,79472.4,79503.2,9.81499000
1787831760,79503.3,79503.3,79472.4,79490.8,10.65477100
1787831820,79490.8,79490.9,79482.8,79482.9,6.77590700
1787831880,79482.8,79490.6,79482.8,79490.5,5.72834100
1787831940,79490.5,79490.5,79480.2,79480.5,12.52049800
1787832000,79480.5,79524.5,79480.5,79513.5,1.51536100
1787832060,79515.4,79517.9,79497.8,79513.3,2.18092900
1787832120,79513.3,79513.3,79435.3,79489.9,3.11271300
1787832180,79489.9,79490,79443.2,79458.6,2.14315300
1787832240,79458.7,79464.9,79435.3,79435.3,2.01619600
1787832300,79443.1,79457.3,79410.4,79427.5,3.81413500
1787832360,79427.6,79457.4,79404.1,79404.1,2.79899100
1787832420,79396.3,79404,79388.6,79388.7,1.79598400
1787832480,79388.7,79404.1,79380.8,79380.8,2.35067800
1787832540,79380.8,79435.3,79380.8,79435.3,2.70395600
1787832600,79443.1,79466.5,79443.1,79466.4,4.15498400
1787832660,79466.5,79554.8,79466.5,79529.9,4.06625100
1787832720,79529.1,79540.3,79520,79520.1,3.89922500
1787832780,79520.1,79520.1,79466.5,79482.1,3.11339200
1787832840,79482.1,79513.6,79482.1,79505.7,2.30318500
1787832900,79505.7,79552.1,79505.7,79521.3,2.80675900
1787832960,79521.2,79521.2,79486.1,79486.1,2.12069300
1787833020,79483.8,79483.8,79435.3,79442,2.29520100
1787833080,79450.9,79450.9,79404.6,79404.7,1.99468000
1787833140,79404.6,79419.7,79396.8,79406.7,2.41825300
1787833200,79404.2,79452.2,79404.2,79452.1,1.06176500
1787833260,79452.1,79482,79443.2,79482,0.14899200
1787833320,79482.1,79519.9,79482.1,79519.9,0.03498000
1787833380,79520,79530.1,79510.8,79512.5,0.01784200
1787833440,79512.6,79536.6,79493,79536.6,0.19124800
1787833500,79536.6,79558.5,79529.1,79558.5,1.53015100
1787833560,79558.5,79567.7,79550,79567.7,0.42410000
1787833620,79568.1,79587.8,79559.8,79583.9,1.68730300
1787833680,79579,79584.8,79554.4,79558.7,1.22970600
1787833740,79558.7,79564.1,79553.9,79553.9,2.25689600
1787833800,79553.9,79553.9,79513.4,79521.2,1.84035500
1787833860,79529,79536.9,79505.6,79513.4,1.34267700
1787833920,79505.6,79507.9,79467.9,79467.9,2.23357600
1787833980,79468,79477.7,79427.9,79427.9,1.11826800
1787834040,79427.5,79429.7,79410.4,79411.9,1.69404500
1787834100,79414.1,79414.1,79312.6,79314,4.53662700
1787834160,79319.8,79349.4,79269,79269,4.19903100
1787834220,79287.3,79316.2,79271.7,79308.9,5.51564000
1787834280,79300.3,79333.9,79271.5,79318.4,2.48012800
1787834340,79315.4,79383.7,79315.4,79358.3,3.63460300
1787834400,79368,79380.6,79350.1,79350.1,1.61467100
1787834460,79350.1,79354.2,79326.3,79334.9,1.37821400
1787834520,79338.2,79338.3,79292.3,79317.6,2.81199300
1787834580,79317.5,79317.5,79292.8,79294.6,2.96937000
1787834640,79294.7,79294.7,79267.7,79267.7,2.25684800
1787834700,79278.1,79295,79278.1,79295,3.51983800
1787834760,79295,79318.4,79295,79318.3,1.03371400
1787834820,79318.4,79321.4,79284.2,79284.3,1.65541200
1787834880,79284.2,79297.2,79284.2,79297.2,1.19029200
1787834940,79297.2,79318.4,79297.2,79318.4,2.56854000
1787835000,79318.3,79333.9,79303.5,79333.9,1.92978900
1787835060,79341.7,79350.9,79312.6,79317,1.92984100
1787835120,79317,79317,79287.3,79287.3,1.53965600
1787835180,79287.2,79287.3,79273,79283.5,1.54001000
1787835240,79283.5,79302.3,79283.4,79289.8,0.95408800
1787835300,79287.3,79317.2,79287.2,79295.1,2.13777500
1787835360,79295.1,79295.1,79291,79295.1,0.70376100
1787835420,79295,79296.8,79294.9,79294.9,1.46707400
1787835480,79295,79310.6,79295,79295.1,0.92955200
1787835540,79295,79295,79265.5,79279.5,2.27304500
1787835600,79279.5,79327.3,79279.5,79289.3,1.02221900
1787835660,79296.9,79325.3,79292.9,79323.1,1.43521600
1787835720,79323.2,79325.7,79304.8,79310.2,1.63826500
1787835780,79310.8,79320.3,79297,79297.1,1.58350400
1787835840,79297,79304.8,79284.3,79284.3,1.28787900
1787835900,79284.3,79297,79269.7,79297,1.01899800
1787835960,79297,79317.9,79290.9,79317.9,1.13333900
1787836020,79317.8,79351.4,79310,79351.3,1.42633100
1787836080,79351.3,79385,79336,79358.6,2.59456700
1787836140,79358.6,79366.9,79284.2,79284.2,1.90230600
1787836200,79284.4,79343.7,79284.4,79311.4,4.31019800
1787836260,79318.9,79330.3,79289.2,79320.2,2.73283200
1787836320,79320.3,79351.5,79320.3,79343,2.07463100
1787836380,79342.9,79374.8,79335.9,79374.8,1.94600400
1787836440,79374.7,79374.7,79343.7,79356.3,2.47344100
1787836500,79359.2,79409.2,79359.2,79390.4,0.92802900
1787836560,79398.1,79431,79374.8,79385.5,3.01645700
1787836620,79385.4,79385.4,79338,79338,1.23249800
1787836680,79343.1,79359.2,79320.3,79320.4,1.75034900
1787836740,79335.2,79343.6,79306.3,79324.6,2.22381100
1787836800,79324.6,79366.9,79321.2,79365.7,6.20816800
1787836860,79364.6,79385.4,79351.5,79366.1,4.54048400
1787836920,79367,79377.2,79359.3,79374.7,4.45923400
1787836980,79374.8,79424.2,79374.8,79424.2,5.35149800
1787837040,79429.3,79435.8,79406.4,79419.9,3.82422900
1787837100,79420,79448.8,79359.2,79447.2,6.95635100
1787837160,79439.2,79486.8,79439.2,79486.7,3.64388500
1787837220,79479.8,79481.5,79421.6,79445,5.18502800
1787837280,79443.7,79443.7,79396.5,79396.5,4.84674200
1787837340,79396.6,79396.6,79351.6,79351.7,3.14321600
1787837400,79351.6,79351.6,79231.3,79343.7,5.12587500
1787837460,79348,79359.1,79172.3,79172.4,6.56601800
1787837520,79172.3,79227,79120.1,79141.8,5.83604400
1787837580,79141.9,79216.9,79105.1,79216.9,6.51809500
1787837640,79216.9,79242.6,79122.6,79159.4,5.60859400
1787837700,79159.5,79203.8,79135.1,79203.8,10.42880600
1787837760,79203.8,79250.3,79188.3,79234.8,10.47709500
1787837820,79234.8,79250.5,79144.4,79203.8,10.98147500
1787837880,79209.5,79271.9,79180.6,79228.4,13.86300600
1787837940,79223.5,79265.9,79188.3,79259.8,9.60557300
1787838000,79265.9,79269.4,79160.2,79216.9,7.58021800
1787838060,79216.8,79273.7,79188.3,79188.3,6.30553000
1787838120,79188.3,79269.2,79141.9,79252.2,7.27114800
1787838180,79253.2,79273.7,79252.8,79265.4,6.75584400
1787838240,79265.5,79325.1,79221.8,79232.7,4.87074300
1787838300,79234.1,79325.1,79201.2,79321.2,6.68920300
1787838360,79315.9,79343.7,79289.3,79289.3,7.70513800
1787838420,79295.3,79312.5,79132.2,79138.1,7.92532600
1787838480,79155,79155,78927.8,79082.8,30.50474900
1787838540,79087.5,79087.5,78972.2,79045.6,9.54172700
1787838600,79054.5,79165,79054.5,79165,19.74624200
1787838660,79165,79236.3,79157.3,79217.3,18.79917100
1787838720,79217.3,79328.1,79213.3,79328,15.03984500
1787838780,79316,79320.3,79287.2,79296.9,18.13190900
1787838840,79296.8,79320.3,79258.1,79298.6,16.61462700
1787838900,79298.7,79436.8,79298.7,79434.5,9.88677400
1787838960,79434.6,79488.8,79398.2,79406,8.97254800
1787839020,79406,79464.3,79358.8,79464.2,6.53594000
1787839080,79464.1,79526.9,79437.2,79526.9,5.70479100
1787839140,79527,79570.1,79510.6,79536.5,6.58551800
1787839200,79535.3,79564.7,79497.7,79501.8,4.06973100
1787839260,79501.8,79501.8,79428,79491.1,8.10405100
1787839320,79496.7,79620.1,79485.9,79611,7.18344600
1787839380,79615.3,79651.5,79595.5,79651.5,6.29185800
1787839440,79654.7,79728.2,79642.5,79702.5,9.54607100
1787839500,79699.4,79807.5,79699.4,79775.9,13.54018300
1787839560,79754.3,79775.9,79579.7,79579.8,10.62285700
1787839620,79579.8,79657,79557.7,79587.7,10.04854200
1787839680,79597.3,79597.3,79487.5,79519.5,9.34540200
1787839740,79524,79532.8,79475.1,79501.4,8.89481300
1787839800,79501.4,79501.4,79407.9,79407.9,10.19988100
1787839860,79404.8,79444.8,79395.1,79422.7,9.04416900
1787839920,79424.4,79431.3,79360.9,79407.8,10.37076600
1787839980,79407.9,79453.7,79369,79453.6,9.76175700
1787840040,79453.7,79466.4,79418.4,79453.6,9.34505900
1787840100,79453.6,79463.9,79439.1,79462.5,2.32471700
1787840160,79462.5,79485.9,79400.1,79485.8,6.11495800
1787840220,79485.8,79571.9,79485.8,79559.3,6.85479000
1787840280,79559.3,79665.9,79556.6,79651,5.47702800
1787840340,79650.3,79709.4,79636.2,79703.9,6.70924200
1787840400,79700.5,79798.2,79700.5,79769.9,5.09439800
1787840460,79756.8,79828,79684.4,79735.9,0.68465000
1787840520,79726,79891.1,79726,79887.3,1.05818000
1787840580,79887.3,79916.9,79789.4,79823.1,5.63246400
1787840640,79830.9,79830.9,79752.4,79807.2,0.44620400
1787840700,79803.9,79815.9,79775.9,79815.9,8.57301300
1787840760,79813.5,79823.4,79791.6,79807.9,9.43424200
1787840820,79815.2,79823.1,79799.5,79812.6,10.51444000
1787840880,79812.5,79827.5,79812.5,79827.5,6.29274400
1787840940,79827.5,79909.8,79827.4,79909.7,9.06619700
1787841000,79909.8,79920.4,79816,79827.4,6.33035400
1787841060,79827.4,79957.2,79827.4,79933.5,6.31086900
1787841120,79925.6,79949.3,79861.6,79861.6,7.39302700
1787841180,79854.6,79871.5,79799.6,79870.4,4.73541300
1787841240,79878.2,79963,79878.2,79954.9,6.30393800
1787841300,79955,80047.1,79955,80012.6,9.51378300
1787841360,80004.8,80202.1,80004.8,80181.7,11.43958700
1787841420,80174.4,80184.7,80060,80101.6,9.57973900
1787841480,80110,80258.4,80110,80223.4,8.20890100
1787841540,80235,80273.4,80194.9,80211.4,6.52519200
1787841600,80211.3,80218.8,80139.3,80204.7,16.37670600
1787841660,80194.9,80298.1,80189.4,80298.1,17.59771700
1787841720,80294.9,80383.7,80290.4,80362.6,13.46328200
1787841780,80362.6,80362.6,80308.4,80360.2,15.50816500
1787841840,80360.1,80390,80330.3,80370.2,13.92214400
1787841900,80370.1,80370.1,80242.6,80282.3,3.61215000
1787841960,80282.3,80282.3,80235.9,80239.3,6.28110200
1787842020,80242.1,80242.1,80010,80043.2,12.16365000
1787842080,80043.3,80094.1,80041.2,80091.7,7.36627600
1787842140,80094.2,80134.3,80091.7,80096.8,5.82091300
1787842200,80096.9,80147.3,80096.9,80138.8,12.98835100
1787842260,80138.9,80187,80130.9,80178.9,15.44309100
1787842320,80179,80204.7,80095.3,80095.3,10.15850600
1787842380,80095.3,80115.5,80075.7,80099.7,11.14516300
1787842440,80099.7,80126.5,80060,80060,11.91985700
1787842500,80059.1,80099.7,80019.9,80060,6.34162200
1787842560,80062.2,80178.1,80060.1,80163.2,5.80138000
1787842620,80163.2,80210.7,80136.5,80181.8,9.46987300
1787842680,80194.9,80226.7,80190.5,80226.7,6.74466900
1787842740,80222.9,80262.4,80190.6,80207.5,8.04345000
1787842800,80207.6,80234.2,80176.7,80223.2,3.19812800
1787842860,80223.2,80321,80219.4,80321,6.03770200
1787842920,80320.9,80321,80205.6,80229.6,5.38677600
1787842980,80229.5,80229.5,80106.8,80110.4,5.19441900
1787843040,80110.4,80205.6,80093.3,80205.6,5.14925400
1787843100,80205.6,80359.1,80188.5,80359,13.17947500
1787843160,80359.1,80381.3,80278.2,80290.2,10.66130500
1787843220,80290.1,80315.8,80155.5,80155.5,10.22810200
1787843280,80155.5,80269,80145.3,80252,11.29855800
1787843340,80252.1,80321,80252.1,80320.9,9.36362900
1787843400,80320.9,80347.7,80280.2,80291.8,13.11638200
1787843460,80291.8,80371.5,80291.8,80357.2,13.99043200
1787843520,80357.3,80588.5,80339.7,80549.1,25.17404900
1787843580,80549,80788.8,80484,80722.9,19.10574100
1787843640,80722.9,80799.9,80638.3,80673.9,16.30881400
1787843700,80673.9,80697.8,80615.7,80619.7,31.54695200
1787843760,80619.8,80643.7,80459.9,80531.4,35.44297000
1787843820,80531.4,80710.7,80507.9,80710.7,35.01542000
1787843880,80711.6,80732.3,80621.8,80621.8,36.00911500
1787843940,80621.4,80695.9,80605.5,80639.9,37.02236000
1787844000,80634.1,80635.3,80553.2,80571.2,6.87066200
1787844060,80571.3,80627.8,80413.3,80455.5,19.37248900
1787844120,80451.5,80494.3,80429.9,80494.3,15.64015100
1787844180,80501.8,80543.3,80427.1,80534,16.72683600
1787844240,80533.9,80555.6,80483.5,80555.6,16.98165000
1787844300,80555.6,80571.6,80500.8,80531.6,15.52499500
1787844360,80526,80562.5,80523.5,80562.4,8.77254000
1787844420,80562.2,80680,80549.2,80627.8,9.35558000
1787844480,80621.3,80643.8,80602.8,80626.6,8.62969300
1787844540,80619.8,80649.2,80551.9,80602.7,9.38575700
1787844600,80602.8,80617.6,80503.9,80504,2.04927700
1787844660,80507.9,80520,80430.2,80456.1,6.01381700
1787844720,80466.3,80482.1,80418.2,80482.1,5.55698100
1787844780,80482.2,80486.1,80443.5,80475.5,6.73567300
1787844840,80464,80475.5,80383.7,80434.5,6.70351900
1787844900,80434.5,80475.4,80403.6,80435.8,12.04462600
1787844960,80435.8,80467.2,80387.7,80419,7.46320800
1787845020,80419,80494.3,80395.6,80454.2,6.63856600
1787845080,80454.3,80515.4,80427.6,80459.6,7.84753200
1787845140,80459.6,80494.2,80440.2,80440.2,6.42356900
1787845200,80440.3,80440.3,80355.7,80391.6,8.59911300
1787845260,80391.6,80475.5,80359.1,80475.5,9.54307800
1787845320,80468,80517,80451.6,80512.8,10.61719100
1787845380,80491.5,80602.8,80482.4,80543.7,9.01166300
1787845440,80541,80571.5,80491.5,80491.6,6.94972000
1787845500,80491.6,80507.5,80397.8,80403.8,9.74562800
1787845560,80410,80419.5,80329.5,80354.6,9.74252300
1787845620,80354.2,80359.1,80314,80314,8.67096100
1787845680,80314,80347.7,80312.5,80315.9,6.18150700
1787845740,80316,80339.7,80316,80339.6,8.87323600
1787845800,80339.7,80397.9,80339.7,80371.7,5.81793600
1787845860,80371.6,80371.6,80304.7,80371.6,7.47567500
1787845920,80378.3,80386.1,80347.7,80386,6.54816100
1787845980,80386.1,80399.2,80359.1,80367.6,3.93273000
1787846040,80367.5,80398.6,80343.7,80391.9,6.37793600
1787846100,80388.9,80400.8,80347.7,80347.8,7.76133200
1787846160,80347.7,80371.6,80343.7,80351.4,5.42855100
1787846220,80355.7,80419.5,80355.7,80386.1,3.68859800
1787846280,80386.1,80386.2,80359.1,80373,5.50551200
1787846340,80373.1,80379.5,80302.1,80302.1,6.55369500
1787846400,80302.1,80344.4,80293.8,80309.4,3.14942700
1787846460,80309.3,80350,80309.3,80350,2.57311600
1787846520,80357,80365.1,80311.5,80356.4,2.86951000
1787846580,80365,80391.3,80359.4,80391.3,2.03257900
1787846640,80393.1,80436.8,80393.1,80413,3.60295500
1787846700,80412.9,80476.9,80405.1,80464.2,3.93629400
1787846760,80460.9,80472.4,80293.4,80293.4,5.98181200
1787846820,80293.5,80309.3,80219.9,80219.9,5.38603100
1787846880,80220,80222.2,80192.6,80198.3,5.09663400
1787846940,80206,80221.8,80192.7,80221.8,4.87960600
1787847000,80221.8,80325.3,80221.7,80325.3,3.87414600
1787847060,80332.4,80349.2,80309.3,80343.3,5.68871000
1787847120,80346.6,80441.1,80346.6,80441.1,4.92281500
1787847180,80441,80532.5,80441,80511.4,5.99052200
1787847240,80512.6,80512.6,80372.1,80421,4.82408300
1787847300,80405.1,80474.2,80397,80474.2,3.92092200
1787847360,80459.4,80484.8,80436.9,80436.9,7.70630400
1787847420,80452.9,80517.7,80452.8,80516.1,5.23598400
1787847480,80497.3,80516.8,80478.2,80478.3,5.75173100
1787847540,80478.2,80500.9,80436.9,80468.9,10.95172200
1787847600,80469,80500.8,80448.3,80492.8,4.78005900
1787847660,80487.7,80524.9,80461.1,80524.9,0.08621500
1787847720,80524.8,80524.8,80450.1,80450.1,1.75455700
1787847780,80452.9,80484.9,80450.2,80484.8,0.25200700
1787847840,80469,80490.5,80448.3,80490.5,0.41460400
1787847900,80485.5,80520.3,80460.9,80496.4,5.41460800
1787847960,80484.9,80505.3,80452.9,80500.9,4.98328600
1787848020,80501.3,80532.9,80501.3,80528.2,6.05651100
1787848080,80528.1,80528.1,80468.9,80480.3,4.75072800
1787848140,80480.3,80484.9,80393.2,80408.4,4.54236000
1787848200,80408.4,80416.4,80322.8,80341.2,6.10373700
1787848260,80349.1,80382.1,80333.3,80373,5.41768300
1787848320,80373,80393.1,80353.1,80353.2,5.17539800
1787848380,80353.1,80381.1,80344.4,80381,5.70648000
1787848440,80373.5,80389,80334.2,80334.2,6.42009300
1787848500,80334.2,80334.2,80277.5,80323.2,4.95319000
1787848560,80323.2,80344.4,80269.6,80344.4,2.80995600
1787848620,80344.3,80381.1,80341.2,80373.1,4.66592800
1787848680,80373.1,80379,80323.9,80349.1,7.57708900
1787848740,80349.2,80389,80333.2,80389,4.42115300
1787848800,80388.9,80460.9,80388.9,80460.9,3.88651000
1787848860,80463,80545.5,80463,80514,7.95993700
1787848920,80513.9,80513.9,80487.1,80500.9,5.30273200
1787848980,80500.8,80508.9,80436.9,80508.9,4.04455700
1787849040,80508.8,80627.8,80508.8,80578.1,4.97782900
1787849100,80575.7,80608.6,80532.9,80556.8,4.85562700
1787849160,80556.9,80564.9,80501.4,80501.4,11.50716000
1787849220,80501.3,80501.3,80436.9,80436.9,11.63186000
1787849280,80429.1,80448.2,80406.7,80444.8,11.73619000
1787849340,80444.8,80460.9,80421,80449.9,10.46773600
1787849400,80449.9,80460.9,80423.3,80452.8,13.26388200
1787849460,80452.9,80482.9,80444.9,80470.8,6.21165300
1787849520,80469.5,80484.9,80460.9,80484.9,4.90227900
1787849580,80492.8,80521.1,80490.7,80514.6,6.06892300
1787849640,80514.7,80514.7,80423.8,80452.8,6.51514300
1787849700,80452.9,80452.9,80374.7,80379.1,3.85888700
1787849760,80389.5,80397,80352.2,80389.3,4.94045300
1787849820,80393.1,80412.9,80389,80391.5,3.89728900
1787849880,80391.5,80428.9,80373.1,80373.1,5.73461200
1787849940,80373.2,80409.8,80366.1,80366.1,4.88089400
1787850000,80366.2,80412.1,80335.3,80335.3,5.61875900
1787850060,80334.7,80342.7,80236.2,80236.3,5.95012300
1787850120,80236.2,80276,80236.2,80258,3.47990700
1787850180,80255.8,80310.8,80234.2,80305.6,4.57435800
1787850240,80305.7,80334.7,80279,80334.7,5.05030400
1787850300,80334.7,80342.7,80304,80338.5,4.71119300
1787850360,80342.7,80480,80342.7,80422.8,4.65968200
1787850420,80422.9,80434.6,80382.6,80388.8,5.17754600
1787850480,80388.7,80476.1,80374.7,80446.4,3.65716600
1787850540,80447.8,80525.1,80446.5,80512.5,6.03442500
1787850600,80512.6,80605.7,80510.4,80550.3,7.74959100
1787850660,80550.3,80582.3,80510.3,80526.3,6.15129100
1787850720,80526.3,80550.3,80501.5,80547.3,5.44778300
1787850780,80550.3,80661.7,80550.3,80622.4,6.34114900
1787850840,80617.9,80630.5,80591.9,80630.2,5.48883500
1787850900,80630.1,80700,80630.1,80653.9,8.08184700
1787850960,80653.9,80670.6,80590.5,80663.5,8.38285300
1787851020,80663.5,80734.9,80660.8,80734.8,9.73098700
1787851080,80734.7,80810.4,80734.4,80800.7,9.73849200
1787851140,80800.7,80857.2,80767.2,80804.1,9.33167800
1787851200,80804.2,80807.3,80785,80793,9.95977700
1787851260,80793,80815.3,80710.8,80743.3,12.54077200
1787851320,80743.3,80759,80718.8,80732.3,12.65373200
1787851380,80722.4,80725.7,80676.8,80725.6,10.03541400
1787851440,80725.7,80797.3,80725.7,80791.2,11.58687700
1787851500,80791.1,80799.3,80774.9,80799.3,8.14660000
1787851560,80799.2,80803.4,80779.2,80783.2,5.07645600
1787851620,80783.2,80791.2,80734.8,80734.8,5.39385900
1787851680,80734.8,80791.2,80734.8,80777.1,7.39118000
1787851740,80777.1,80784.6,80671.2,80718.5,5.77193800
1787851800,80718.7,80775.1,80718.7,80775.1,4.90292300
1787851860,80775,80797,80757.7,80775.1,6.59449200
1787851920,80775.1,80791.2,80727.4,80791.1,7.15142800
1787851980,80791.2,80808.9,80707.7,80707.8,6.00530500
1787852040,80707.8,80716.9,80691.9,80691.9,6.09306300
1787852100,80691.8,80712.8,80601.9,80709.1,8.41793400
1787852160,80686.6,80714.4,80671.2,80714.4,7.69450300
1787852220,80714.4,80721.9,80613,80637.6,6.74269800
1787852280,80629.6,80686.6,80629.6,80654.6,6.32435100
1787852340,80654.6,80692.5,80646.6,80677.9,5.96535300
1787852400,80677.9,80710.5,80670.6,80672.3,3.86454500
1787852460,80671.6,80671.7,80600.9,80600.9,5.72905500
1787852520,80600.9,80600.9,80545.5,80545.5,8.04392700
1787852580,80545.5,80550.3,80515.7,80546.2,7.99858200
1787852640,80546.1,80546.2,80469.7,80486.2,8.48108900
1787852700,80486.2,80502.3,80446.5,80446.5,7.49731000
1787852760,80446.4,80501.1,80428.6,80481.6,4.12841300
1787852820,80481.6,80518.2,80454.5,80478.3,4.53191700
1787852880,80478.3,80486.2,80462.4,80470.4,5.27279500
1787852940,80470.4,80510.3,80470.4,80510.3,3.94816800
1787853000,80518.2,80566.5,80502.3,80566.5,2.96599200
1787853060,80566.5,80566.5,80500.5,80500.5,3.12230600
1787853120,80500.5,80510.3,80486.3,80505.7,3.15704800
1787853180,80505.7,80509.6,80463.7,80481.6,2.25000000
1787853240,80484,80508.4,80470.3,80508.3,3.46465800
1787853300,80508.4,80533,80492.8,80499.8,2.20529800
1787853360,80499.9,80525.8,80486.3,80518.3,1.93465700
1787853420,80518.2,80518.3,80494.3,80494.3,3.34126800
1787853480,80491,80491.1,80463.6,80477.3,2.96861800
1787853540,80477.4,80477.4,80438.5,80440.8,2.31863100
1787853600,80440.8,80440.8,80387.4,80387.4,6.20494800
1787853660,80387.3,80407,80363.2,80385.8,4.01772400
1787853720,80384,80384.1,80328.2,80368,2.91150900
1787853780,80368.1,80399.8,80368.1,80375.4,4.79307900
1787853840,80375.4,80398.7,80336.2,80391.9,8.26256600
1787853900,80378.5,80395.1,80345.9,80356.8,5.44866600
1787853960,80347.9,80380.1,80347.9,80380.1,5.64986800
1787854020,80380,80415.1,80360.1,80399.8,4.90395200
1787854080,80399.9,80415.9,80384.1,80384.2,4.89430200
1787854140,80384.1,80384.1,80360.1,80383.9,3.61821100
1787854200,80383.9,80383.9,80311.2,80328.2,3.31292400
1787854260,80336.2,80344.2,80328.2,80333.2,2.04060500
1787854320,80335.4,80335.4,80260.1,80286.1,3.68850600
1787854380,80286,80292.5,79979,80053.2,12.50402100
1787854440,80053.1,80082.3,80030.8,80079.3,3.92770200
1787854500,80082.3,80193.2,80082.3,80177.9,11.38510500
1787854560,80184,80184,79982.4,79982.5,16.18652000
1787854620,79982.4,79995.6,79897.9,79901.5,13.17836300
1787854680,79898,79965.8,79882.9,79886,13.86277600
1787854740,79886,79943.9,79857.9,79908.8,11.63030500
1787854800,79908.8,79915.8,79838.9,79845,5.16700000
1787854860,79838.8,79845.6,79746.7,79767.2,1.74419000
1787854920,79775,79908.7,79775,79885.8,0.66016200
1787854980,79892,79974.8,79891.9,79918,0.54325500
1787855040,79916.6,79932.3,79908.7,79932.3,0.46273800
1787855100,79932.3,79967.2,79917.8,79956,6.91501800
1787855160,79956.1,79956.1,79869.7,79939.5,8.48469800
1787855220,79940.2,79981,79940.2,79956,8.54771000
1787855280,79956,79960.1,79923.7,79933.8,7.23043200
1787855340,79933.9,79946.4,79897.1,79908.6,7.62032900
1787855400,79908.7,79940.2,79900.8,79939.3,4.72736800
1787855460,79939.4,79948.1,79916.6,79932.2,2.65737200
1787855520,79932.2,79960.6,79932.2,79932.3,4.04463700
1787855580,79924.4,79924.4,79830.3,79830.3,2.90216000
1787855640,79830.3,79870.4,79830.3,79866.1,3.58461600
1787855700,79866,79947.2,79861.5,79947.2,3.86069000
1787855760,79947.2,79979.5,79935.3,79963.5,3.15721000
1787855820,79956.1,79979.6,79956.1,79979.6,2.42284300
1787855880,79979.5,80000,79979.5,80000,2.44425000
1787855940,79999.9,80003.3,79979.6,80003.3,1.88473700
1787856000,80003.3,80009,79987.5,80009,2.30918000
1787856060,80009,80009,79982.5,79982.6,2.10329300
1787856120,79982.6,79982.6,79924.4,79924.5,3.31215700
1787856180,79924.4,79924.4,79873.9,79908.6,2.99164700
1787856240,79908.7,79963.7,79908.7,79963.7,2.78230000
1787856300,79963.7,79963.7,79926.2,79926.3,1.56857900
1787856360,79926.3,79977.1,79926.3,79977.1,2.44259400
1787856420,79977.2,79987.5,79977.1,79978.4,2.19955600
1787856480,79978.5,80030.7,79978.5,80029.3,2.96497800
1787856540,80029.2,80029.2,79979.6,79979.7,1.63038900
1787856600,79979.6,79979.6,79914.1,79940.2,2.05635300
1787856660,79948,80009.6,79948,80000.6,2.36017500
1787856720,80007.4,80012.1,79992,80012.1,1.35841700
1787856780,80012.1,80030.7,80012.1,80030.6,1.32910400
1787856840,80030.6,80030.6,80019.1,80019.1,1.29043600
1787856900,80019.2,80032.7,80004,80011.2,2.04419800
1787856960,80003.9,80049.4,80003.9,80047.4,1.96659500
1787857020,80048.1,80111.9,80048,80108.3,2.56220200
1787857080,80108.4,80116.8,80098.2,80116.8,1.95007200
1787857140,80116.7,80159.4,80116.7,80159.4,1.85808200
1787857200,80160,80175.7,80127.2,80163.1,2.09994400
1787857260,80163.2,80167.6,80131.4,80131.5,2.61668800
1787857320,80131.6,80155.1,80123.5,80155.1,1.49467800
1787857380,80155,80193.1,80131.4,80192.8,2.71058500
1787857440,80192.8,80225.4,80192.8,80212.9,2.96922600
1787857500,80213.6,80237.1,80213.5,80237.1,1.59292200
1787857560,80237.1,80244.5,80237,80244.2,2.75735600
1787857620,80244.5,80283.3,80226.6,80226.6,3.88149900
1787857680,80232.6,80274.3,80232.6,80274.2,3.99494200
1787857740,80274.3,80297,80226.6,80226.6,2.68080200
1787857800,80226.6,80242.3,80218.5,80232.4,4.57979100
1787857860,80232.5,80249.5,80225.6,80228.8,2.94187300
1787857920,80228.7,80242.3,80218.7,80242.2,2.88648700
1787857980,80233.2,80235.2,80155.2,80155.2,3.21392800
1787858040,80155.2,80186.8,80155.2,80171.1,4.33329800
1787858100,80171.1,80171.1,80107.6,80124.9,2.05517000
1787858160,80124.8,80144.8,80111.8,80144.8,3.14185600
1787858220,80144.8,80170.9,80144.8,80168.7,3.26701100
1787858280,80168.7,80194.6,80136,80194.6,2.26509400
1787858340,80194.7,80234.3,80162.8,80162.9,3.22448300
1787858400,80162.9,80170,80144.9,80144.9,1.85985200
1787858460,80144.8,80178.9,80133.9,80178.9,3.28262400
1787858520,80178.8,80202.6,80157.3,80157.3,2.16847300
1787858580,80155.2,80157.4,80105.2,80105.3,2.46872600
1787858640,80105.3,80123.5,80105.2,80117.6,1.81387300
1787858700,80121.9,80131.4,80121.9,80126.1,1.36762900
1787858760,80126,80126.1,80100.8,80100.8,1.81190600
1787858820,80099.9,80110.1,80049.4,80049.4,2.59845400
1787858880,80044.5,80131.4,80044.5,80131.4,2.75646100
1787858940,80131.3,80171.7,80131.3,80171.7,2.95879100
1787859000,80171.7,80194.7,80171.7,80179,1.70063200
1787859060,80179,80194.5,80171,80174,1.77638100
1787859120,80174,80226.7,80171,80171,1.61605200
1787859180,80149.1,80170.9,80126.7,80153.2,2.35572600
1787859240,80147.3,80147.3,80123.5,80131.4,0.99764400
1787859300,80131.5,80131.5,80099.7,80099.7,3.27311300
1787859360,80099.8,80109,80036.6,80036.7,2.80341400
1787859420,80036.6,80037.7,80001.1,80028.5,2.52152000
1787859480,80028.6,80060.1,80028.6,80030.8,1.75333700
1787859540,80030.8,80052.3,80011,80012.7,4.09780500
1787859600,80012.5,80012.6,79992,79992.1,3.08819900
1787859660,79992.1,79992.1,79983.6,79983.6,3.90074200
1787859720,79983.6,80012.8,79983.6,80012.7,3.14025200
1787859780,80012.8,80012.8,80002.4,80002.5,3.00811700
1787859840,80002.5,80012.9,80002.5,80012.9,2.10807800
1787859900,80018,80036.4,80014.4,80036.4,3.18443600
1787859960,80036.4,80054.3,79997.1,80000.2,1.83541000
1787860020,80000.2,80012.8,79989.3,79996.3,1.45540000
1787860080,79997.3,80030.6,79997.3,79999.2,1.38063000
1787860140,79999.2,79999.2,79989.2,79997,1.86396700
1787860200,79996.9,80012.8,79985,80012.8,2.47885500
1787860260,80012.8,80012.8,79961.5,79968,2.25305000
1787860320,79968,80044.3,79968,80038.5,3.88787500
1787860380,80038.5,80044.4,80012.8,80012.9,3.65376200
1787860440,80012.9,80049.3,80010.9,80049.3,3.24772800
1787860500,80049.4,80049.4,80012.8,80012.9,0.70247000
1787860560,80012.9,80032.4,79976.3,79981.3,3.13077800
1787860620,79981.3,79989.2,79973.5,79973.5,3.04517400
1787860680,79973.4,79973.4,79949.7,79949.7,1.99354900
1787860740,79949.8,79949.8,79883.3,79919,1.89885000
1787860800,79919.1,79934.3,79904.2,79904.3,4.39157500
1787860860,79904.3,79904.3,79888.5,79888.5,4.76078000
1787860920,79888.5,79904.2,79887.5,79904.2,1.60018800
1787860980,79904.2,79935.7,79904.1,79920,3.63595500
1787861040,79919.9,79920,79888.5,79901.8,5.36095900
1787861100,79901.7,80033.6,79896.3,80033.6,2.31994100
1787861160,80033.5,80051.4,80009.9,80017.9,2.24473300
1787861220,80017.9,80017.9,79979.3,79982.9,4.01012500
1787861280,79982.9,79990.8,79959.4,79975,2.68963600
1787861340,79975,80030.2,79959.6,80028.3,2.19782400
1787861400,80027,80027,79990.8,79990.8,1.63766700
1787861460,79990.8,79998.7,79988,79988,2.58545900
1787861520,79986.9,79998.7,79968.7,79998.7,1.21051000
1787861580,79998.6,80003.7,79975,79975,2.36579500
1787861640,79975,79975.1,79955.9,79956,0.67431700
1787861700,79956,79956,79955.9,79956,0.39129300
1787861760,79967.1,79971.4,79959.3,79969.2,1.06475000
1787861820,79969.1,79990.8,79969.1,79990.8,0.55202100
1787861880,79990.7,79998.7,79983,79983,1.86412400
1787861940,79998.1,80002.8,79975,80002.8,1.59624200
1787862000,80002.9,80037.2,80002.9,80037.2,1.03716100
1787862060,80038.1,80085.5,80038.1,80085.5,0.09028800
1787862120,80093.4,80117.1,80092.7,80092.7,0.09522200
1787862180,80087.7,80087.7,80053.9,80069.5,0.18197700
1787862240,80054,80054,80023.4,80045.9,0.12652600
1787862300,80045.9,80045.9,80022.3,80023.8,2.70400100
1787862360,80023.8,80058.7,79991.2,79991.2,3.02217100
1787862420,79991.2,80029.6,79991.2,80023.1,2.01391300
1787862480,80023,80037.2,80007.3,80019.6,1.96023600
1787862540,80019.7,80019.7,79990.7,79995.2,2.39908800
1787862600,79995.3,79995.3,79990.7,79990.8,0.95318600
1787862660,79990.8,79998.7,79985.1,79985.2,0.67301700
1787862720,79985.2,80006.6,79985.2,79999.3,1.06494000
1787862780,80001.4,80001.4,79986,79998.7,0.98676300
1787862840,79998.7,80006.4,79993,79995.4,1.09487800
1787862900,79995.4,80006.4,79990.8,79990.8,3.47109800
1787862960,79994.7,79994.7,79990.8,79990.9,1.23012500
1787863020,79990.8,79998.7,79990.8,79998.7,0.30944500
1787863080,79998.6,80006.4,79998.6,80006.4,0.53404700
1787863140,80006.4,80006.4,79995,79995.1,0.56280000
1787863200,79995,80009.1,79995,80009.1,0.09331000
1787863260,80009.1,80009.2,80009.1,80009.2,0.34578800
1787863320,80009.1,80053.8,80009.1,80037.1,0.70947100
1787863380,80037.2,80053.8,80023.4,80023.4,0.66228400
1787863440,80023.3,80028.3,80022.3,80022.4,0.70060600
1787863500,80022.3,80025.7,80017.8,80023.9,0.50857900
1787863560,80027.5,80044.6,80027.5,80034.5,0.85527700
1787863620,80034.6,80041.4,80014.5,80014.5,0.99555600
1787863680,80014.5,80014.5,79991.1,79991.2,1.02843000
1787863740,79991.1,79993.3,79968.7,79993.3,0.76127100
1787863800,79993.2,80006.6,79990.9,79990.9,1.30458600
1787863860,80004.4,80017.8,80004.4,80009.3,0.95554500
1787863920,80009.3,80009.4,79982.9,79983,0.74282300
1787863980,79982.9,79983,79968.6,79968.6,1.15022200
1787864040,79968.7,80006.5,79968.7,79990.8,1.46429200
1787864100,79990.9,80010.7,79987,79987,2.59709400
1787864160,79987,80006.6,79987,80006.5,1.83971900
1787864220,80006.6,80061.7,80006.6,80061.7,1.19624100
1787864280,80061.8,80088.6,80061.8,80088.6,1.88143300
1787864340,80093.3,80093.4,80070.9,80093.4,1.65763600
1787864400,80093.4,80117.3,80051.7,80051.7,2.17854600
1787864460,80051.6,80051.7,80019.9,80039.8,1.12031700
1787864520,80039.9,80051.8,80034.4,80034.4,0.77409400
1787864580,80034.5,80071.3,80034.4,80071.3,0.90896500
1787864640,80071.5,80078.3,80071.5,80078.2,1.10242100
1787864700,80078.2,80078.2,80039.9,80039.9,2.27889500
1787864760,80039.9,80095,80039.9,80084.5,3.29369200
1787864820,80084.6,80118.7,80084.6,80118.7,2.65439900
1787864880,80118.6,80119.8,80087.1,80087.1,3.97676900
1787864940,80087.1,80087.1,80072.2,80074.8,0.51780000
1787865000,80074.9,80074.9,80074.8,80074.9,1.02500100
1787865060,80074.9,80144.9,80074.8,80144.9,1.22373200
1787865120,80145.2,80151.7,80130.2,80142.3,4.57693800
1787865180,80142.4,80150.3,80095,80095,4.27804900
1787865240,80089.6,80103,80089.5,80100,3.33165600
1787865300,80095.1,80132,80093.3,80132,2.18369200
1787865360,80132,80132,80087.1,80087.1,1.74711500
1787865420,80079.2,80079.2,80047.6,80062.7,2.21803500
1787865480,80063.3,80063.4,80024.9,80024.9,3.51886200
1787865540,80024.8,80039.8,80007.3,80016.1,3.46799800
1787865600,80017.6,80017.7,80003.6,80004.1,2.64135700
1787865660,80004,80078.3,79986.1,80078.3,2.10566500
1787865720,80102.5,80106.6,80094.7,80102.7,1.21850800
1787865780,80102.6,80126.6,80072.2,80072.2,2.40337100
1787865840,80072.2,80072.3,80070.6,80070.6,1.69777200
1787865900,80070.7,80070.7,80070.6,80070.6,0.71651400
1787865960,80070.6,80079.2,80070.6,80079.2,1.48954400
1787866020,80079.1,80087.1,80055.5,80055.6,1.04109500
1787866080,80055.5,80055.6,80051.6,80051.7,1.22276600
1787866140,80051.6,80051.7,80039.8,80039.9,1.17357700
1787866200,80039.9,80088.6,80039.8,80070.8,1.19595500
1787866260,80070.7,80070.8,80070.7,80070.8,0.12611800
1787866320,80070.8,80129.1,80070.8,80129,1.08822400
1787866380,80129,80129.1,80118.7,80118.7,0.27761800
1787866440,80118.7,80118.8,80102.9,80102.9,0.34937700
1787866500,80103,80103,80079.2,80092.9,0.67561400
1787866560,80092.8,80092.9,80058.6,80058.6,1.32790700
1787866620,80058.6,80071.3,80058.6,80071.3,1.01669700
1787866680,80071.2,80071.3,80058.6,80058.7,1.13530900
1787866740,80058.7,80063,80058.6,80062.9,0.53267400
1787866800,80062.9,80069.8,80055.5,80055.6,1.48119400
1787866860,80055.6,80057.7,80040.1,80044.5,0.71906100
1787866920,80044.5,80044.5,79978.5,79978.5,0.71108100
1787866980,79978.6,80008.1,79978.6,80008.1,0.66825400
1787867040,80008.2,80024.6,79984.6,80024,1.51955700
1787867100,80024,80024.7,80000.4,80024.7,2.50576600
1787867160,80024.6,80039.8,80024.6,80038.1,2.19979100
1787867220,80038,80087,80038,80087,3.31337700
1787867280,80075.1,80087.1,80063.5,80083.6,2.45143600
1787867340,80083.7,80103.5,80083.7,80103.4,1.51314000
1787867400,80105.1,80131.9,80105,80105.1,0.87361000
1787867460,80105.1,80105.1,80095,80095.1,1.62185100
1787867520,80095,80095.1,80071,80071,0.36016900
1787867580,80069.9,80103,80069.8,80087.2,1.82091000
1787867640,80087.2,80118.6,80087.2,80113.7,0.80270700
1787867700,80113.8,80126.6,80113.8,80120.9,2.42509300
1787867760,80120.8,80138,80120.8,80138,0.75783400
1787867820,80137.9,80150.3,80137.9,80150.3,0.26803400
1787867880,80150.2,80175.4,80150.2,80175.3,0.84467200
1787867940,80175.4,80183.9,80175.4,80183.9,0.92410300
1787868000,80188,80220,80188,80220,1.19848800
1787868060,80220,80251.8,80220,80251.8,1.14044900
1787868120,80251.7,80273.3,80239.5,80273.2,1.16125100
1787868180,80272.7,80273.5,80272.7,80273.5,0.87497700
1787868240,80273.5,80317.3,80254.8,80275.7,1.23671900
1787868300,80275.8,80302.4,80273.3,80273.4,1.71129700
1787868360,80273.4,80273.4,80247,80247,0.93385200
1787868420,80247,80314.1,80247,80294.5,2.51911700
1787868480,80294.5,80294.6,80263,80263.1,1.11014400
1787868540,80263,80270.6,80239.1,80239.1,1.80328400
1787868600,80239,80239,80219.9,80221.6,1.89443800
1787868660,80220,80254.8,80215.2,80254.7,1.96706000
1787868720,80254.8,80270,80247.9,80270,2.40488400
1787868780,80270.1,80278.5,80262.8,80262.8,0.95778400
1787868840,80272.9,80274.7,80246.9,80247,0.85313600
1787868900,80248.3,80307.6,80248.3,80307.6,0.43811100
1787868960,80310.2,80392.7,80310.2,80373.9,1.48029600
1787869020,80366,80402.1,80366,80389.8,0.83444600
1787869080,80389.8,80432.2,80389.7,80408.3,1.80135900
1787869140,80408.3,80429.5,80383.3,80383.3,0.84936700
1787869200,80383.3,80429.5,80383.3,80397.8,1.68339200
1787869260,80389.8,80400.6,80381.2,80381.2,0.10381500
1787869320,80381.1,80386.8,80354.1,80366,0.28585600
1787869380,80358,80366,80353.2,80366,0.10022700
1787869440,80369.2,80369.3,80327.3,80327.3,0.08675200
1787869500,80327.2,80334.2,80321.3,80328.5,1.45747700
1787869560,80328.4,80328.4,80294.6,80294.6,2.90760800
1787869620,80294.5,80294.5,80273.3,80273.3,1.91865300
1787869680,80273.4,80284,80209.3,80243.3,3.85539300
1787869740,80238.6,80248.4,80237.3,80237.3,2.30405400
1787869800,80237.4,80237.4,80192.8,80195.4,4.78053500
1787869860,80195.4,80218.3,80191.5,80207.3,6.80922000
1787869920,80207.4,80254.8,80207.3,80254.8,3.76711800
1787869980,80254.8,80293.9,80254.8,80283.7,5.73692200
1787870040,80290.3,80290.3,80279.1,80287.6,2.97890700
1787870100,80278.9,80278.9,80239,80239,1.66642900
1787870160,80252.4,80252.4,80171.7,80171.7,1.24673400
1787870220,80171.6,80191.4,80154.5,80191.2,1.69584300
1787870280,80191.3,80223,80191.3,80209.7,1.16275300
1787870340,80209.7,80262.8,80209.7,80262.8,1.95108900
1787870400,80262.7,80262.7,80219.7,80222.8,1.23951800
1787870460,80222.9,80222.9,80192.6,80203.6,1.26907400
1787870520,80204.3,80245.1,80204.3,80245.1,1.93529800
1787870580,80246.4,80287.1,80246.4,80278.6,2.13405100
1787870640,80278.7,80294.5,80278.7,80289.2,0.87314200
1787870700,80289.1,80289.1,80246.9,80247,0.48598600
1787870760,80247,80247,80219.5,80246.8,1.06966400
1787870820,80246.8,80262.8,80239,80262.8,1.51285300
1787870880,80262,80270.7,80254.7,80270.6,1.42395200
1787870940,80270.6,80270.7,80234.4,80234.5,1.00609600
1787871000,80237.3,80273.2,80235.4,80235.5,1.64448700
1787871060,80235.5,80247,80235.5,80239.1,0.14388200
1787871120,80239.1,80254.8,80238.7,80254.7,1.09973500
1787871180,80254.7,80269.7,80254.7,80269.6,0.59558500
1787871240,80269.6,80269.6,80246.9,80247,0.53341600
1787871300,80246.9,80247,80246.9,80246.9,0.03419500
1787871360,80246.9,80252.3,80246.9,80252.2,0.96535700
1787871420,80252.2,80252.3,80252.2,80252.2,0.38039100
1787871480,80252.2,80300.2,80252.2,80300.2,1.59265000
1787871540,80300.1,80300.3,80300.1,80300.3,0.51939700
1787871600,80300.2,80300.3,80260.4,80260.4,1.63709300
1787871660,80260.3,80303.1,80260.3,80302.3,1.51219900
1787871720,80302.2,80302.2,80296,80296.1,0.97504300
1787871780,80298.6,80298.6,80264.3,80264.3,0.51631800
1787871840,80264.3,80264.4,80226.5,80226.5,1.01021400
1787871900,80226.6,80240.5,80226.5,80232.7,1.83700400
1787871960,80232.7,80232.7,80232.6,80232.7,0.41314600
1787872020,80232.6,80232.7,80220.5,80230.7,1.69960500
1787872080,80230.6,80262.4,80230.6,80254,2.35415300
1787872140,80254,80260,80216.8,80216.8,1.60731400
1787872200,80216.9,80232.6,80199.6,80232.5,1.16949900
1787872260,80232.4,80256.4,80232.4,80232.6,3.75956300
1787872320,80233.3,80252,80216.8,80216.8,1.40257700
1787872380,80216.9,80216.9,80211.3,80211.3,0.46253900
1787872440,80211.3,80211.4,80150.1,80161.4,1.34151500
1787872500,80167.8,80219.9,80138.6,80219.9,1.91364600
1787872560,80220,80220,80187.1,80200.8,2.07535300
1787872620,80200.9,80253.4,80200.9,80253.4,0.79564400
1787872680,80256.3,80325.5,80256.3,80296,0.99721900
1787872740,80288.6,80288.6,80267.8,80280.1,1.44515700
1787872800,80280,80359.5,80280,80359.5,1.33530900
1787872860,80359.5,80361.1,80288.2,80305.6,1.38113100
1787872920,80305.7,80363.6,80305.7,80363.6,1.64159500
1787872980,80365.3,80388,80365.3,80388,1.52167700
1787873040,80388,80391.6,80361.1,80374.4,1.46009600
1787873100,80374.4,80374.4,80320.1,80320.2,1.59163300
1787873160,80320.1,80335.6,80319.8,80327.5,2.21655700
1787873220,80327.5,80327.6,80294.7,80303.8,2.39269400
1787873280,80303.8,80316.1,80298.6,80306.7,1.37040000
1787873340,80316,80334.2,80315.5,80322.6,3.30823900
1787873400,80322.5,80326.8,80287.1,80287.1,2.39272100
1787873460,80287.1,80296,80272.4,80272.5,1.45946000
1787873520,80272.5,80290.4,80272.5,80287.1,1.95162500
1787873580,80287.1,80296,80280.1,80296,1.67047800
1787873640,80295.9,80296,80280.1,80286.6,1.97162900
1787873700,80286.7,80286.7,80272.2,80272.2,1.11695500
1787873760,80272.2,80296,80272.2,80272.8,1.20943500
1787873820,80272.7,80277.5,80268.2,80277.5,1.66646600
1787873880,80277.6,80288.1,80277.5,80288,0.58559300
1787873940,80288,80288.1,80288,80288.1,0.33522800
1787874000,80288,80295.1,80288,80295,0.21189200
1787874060,80294.9,80303.9,80294.8,80294.9,1.07005500
1787874120,80294.9,80294.9,80294.8,80294.8,0.81263200
1787874180,80294.8,80294.9,80277.5,80277.6,0.87964000
1787874240,80277.5,80277.5,80253.4,80264.3,0.35714900
1787874300,80264.2,80276.6,80253.4,80275.5,0.04576600
1787874360,80275.4,80275.4,80232.7,80232.7,0.74427300
1787874420,80232.7,80244.3,80194,80194,0.82615700
1787874480,80200.1,80226.5,80200.1,80226.5,1.02954300
1787874540,80226.5,80240.5,80226.5,80240.4,0.59987100
1787874600,80240.5,80265.8,80240.4,80265.8,0.47531200
1787874660,80266,80319.7,80265.9,80280.4,2.79385500
1787874720,80280.4,80295.9,80264.3,80295.9,0.79067100
1787874780,80296,80296,80280.1,80288,0.59247900
1787874840,80288,80288,80278.6,80283.4,0.46954400
1787874900,80283.3,80283.3,80272.2,80272.2,0.68238400
1787874960,80272.3,80280.1,80256.5,80256.5,1.74912600
1787875020,80256.4,80256.9,80240.6,80256.9,0.84943300
1787875080,80257,80257,80240.7,80253.3,1.20013300
1787875140,80253.4,80253.4,80253.3,80253.4,0.04354500
1787875200,80256.4,80269.3,80253.3,80257.9,0.82987900
1787875260,80253.4,80253.4,80193,80194.3,0.89498300
1787875320,80193.1,80193.5,80172.1,80172.1,1.41851500
1787875380,80172.2,80194.6,80172.2,80194.6,1.44334800
1787875440,80194.6,80194.6,80170.9,80170.9,1.08345300
1787875500,80163.1,80194.5,80157.8,80194.5,0.81053300
1787875560,80194.5,80194.5,80178.8,80191,0.58970000
1787875620,80190.9,80206.6,80178.8,80178.8,0.59617100
1787875680,80177.3,80177.4,80155.7,80175.4,1.62694400
1787875740,80163.6,80183.7,80163.6,80183.6,1.83478400
1787875800,80182.6,80202.4,80171,80202.4,1.38221700
1787875860,80202.5,80226.2,80202.4,80226.1,1.04921800
1787875920,80226.1,80234.1,80226.1,80234,2.17315300
1787875980,80234.2,80252,80226.6,80238.7,1.28674100
1787876040,80241.9,80250,80222.9,80222.9,1.39470400
1787876100,80218.4,80329.2,80218.4,80321.1,1.06480600
1787876160,80329.2,80376.7,80329.1,80361,0.89946000
1787876220,80360.9,80404,80349.3,80392.7,2.50422800
1787876280,80392.7,80414.7,80361,80414.6,2.76290600
1787876340,80414.6,80414.6,80376.9,80376.9,1.89576400
1787876400,80376.8,80395.1,80349.3,80376.9,4.26103200
1787876460,80377.2,80405.3,80376.9,80376.9,0.09214000
1787876520,80376.9,80408.4,80376.9,80408.4,0.09125400
1787876580,80408.6,80455.6,80406.3,80424.7,0.20423100
1787876640,80424.5,80424.5,80395.2,80395.2,0.09752100
1787876700,80395.1,80395.1,80341.2,80345.2,4.25540700
1787876760,80345.2,80432.5,80341.7,80432.5,3.35865600
1787876820,80440.4,80464.3,80408.7,80464.3,4.86069900
1787876880,80464.3,80464.3,80416.7,80416.7,2.68165600
1787876940,80416.7,80423.6,80400.7,80423.5,3.05931800
1787877000,80423.5,80423.5,80384,80384.1,3.52184800
1787877060,80384,80416.6,80365.1,80392.8,3.03983200
1787877120,80392.7,80477.6,80389.8,80477.6,2.93491700
1787877180,80477.7,80496.9,80424.5,80424.6,3.05635600
1787877240,80424.6,80440.4,80371,80440.3,5.83357500
1787877300,80440.3,80480,80424.6,80432.6,4.77035100
1787877360,80432.6,80450.4,80416.6,80416.7,4.20736300
1787877420,80416.6,80462,80399.5,80461.9,4.59032900
1787877480,80462,80496.2,80462,80491.6,4.01617300
1787877540,80491.6,80497,80464.4,80497,3.70065200
1787877600,80498.2,80498.5,80440.4,80440.4,3.36059300
1787877660,80440.4,80446.9,80408.6,80408.7,3.37137100
1787877720,80408.6,80438.6,80384.8,80432.9,2.97538900
1787877780,80432.9,80432.9,80388.8,80388.8,2.40126900
1787877840,80388.7,80416.5,80388.7,80416.5,2.94649000
1787877900,80416.6,80424.5,80385.7,80393.3,3.36481600
1787877960,80398.7,80398.7,80365.5,80365.5,3.11099700
1787878020,80365.6,80376.8,80365.5,80365.5,1.87780900
1787878080,80365.6,80416.5,80344.3,80410.3,5.08199700
1787878140,80404.8,80440.4,80404.8,80409.5,6.94580500
1787878200,80409.4,80420.4,80408.7,80416.7,2.53164600
1787878260,80411.9,80420.5,80400.1,80400.1,3.17227500
1787878320,80400,80400,80368.9,80392.7,2.33894300
1787878380,80400.6,80472.2,80400.6,80472.2,11.71113400
1787878440,80472.2,80482.6,80453.5,80453.6,2.27240100
1787878500,80453.5,80525,80440.5,80506,2.99983800
1787878560,80506.1,80575.5,80496.2,80562.1,3.10645200
1787878620,80562.1,80700,80544,80695.8,4.99188100
1787878680,80695.8,80695.8,80636.5,80636.6,3.11234700
1787878740,80636.6,80636.6,80544,80572.7,3.91091800
1787878800,80575.8,80673,80575.8,80650.3,5.91228800
1787878860,80649.2,80748.1,80618.7,80745.2,25.97349400
1787878920,80745.2,80780.8,80705.1,80717.3,12.40820800
1787878980,80717.2,80813.6,80712.3,80793.2,15.05843500
1787879040,80793.3,80815.9,80727.4,80785.3,12.00553600
1787879100,80785.3,80785.3,80745.2,80761.2,4.64838100
1787879160,80761.2,80761.2,80713.2,80729.3,8.74760400
1787879220,80729.3,80744.1,80702.1,80722,6.67968300
1787879280,80721.9,80745.1,80689.1,80745.1,9.37910600
1787879340,80745.2,80801.2,80729.7,80793.7,7.93287600
1787879400,80800.7,80816,80789.7,80816,4.36771000
1787879460,80801.3,80873.1,80741.2,80741.2,5.63151200
1787879520,80741.3,80785.3,80741.2,80746.5,4.44013400
1787879580,80752.9,80802.9,80746.4,80798.7,5.15320900
1787879640,80798.6,80798.6,80754.6,80754.6,3.24247600
1787879700,80754.6,80754.6,80681.5,80749.3,3.65821400
1787879760,80749.3,80809,80744.3,80796.2,6.38296200
1787879820,80796.1,80799.9,80768.1,80793.3,6.11920300
1787879880,80793.9,81017.8,80777.2,80986.4,13.70876000
1787879940,80975.8,81060.9,80945.8,80990.6,9.30427500
1787880000,80990.1,81131,80973.3,81103,22.07597300
1787880060,81102.9,81111.1,80999.9,81016.8,20.04938300
1787880120,81018.5,81042.7,81002.4,81014.6,22.22940700
1787880180,81014.5,81026.6,80986.3,81026.5,19.37816500
1787880240,81026.6,81105,81013.5,81055.2,18.42999600
1787880300,81055.2,81074.1,81026.4,81026.4,12.07503800
1787880360,81026.3,81091.2,80995.5,81080.9,12.76594100
1787880420,81075.1,81110.3,81028,81103.4,12.09588300
1787880480,81103.4,81123.5,81083.9,81084.2,12.38862400
1787880540,81102.8,81191.1,81083.8,81131.6,13.00706100
1787880600,81131.6,81199.5,81091.2,81091.2,6.59664300
1787880660,81090,81115.4,81063.5,81091.2,7.52398000
1787880720,81091.2,81249.8,81083.1,81245,9.01484600
1787880780,81244.9,81473.2,81228.8,81236.9,17.66766300
1787880840,81236.9,81236.9,81103.7,81147.8,9.18813900
1787880900,81147.8,81165.3,81110.3,81164.1,34.86506500
1787880960,81164.1,81172.1,81071.7,81077.7,35.27104800
1787881020,81077.8,81119,80887.5,80891,37.70345400
1787881080,80891,80943.2,80807.3,80841.3,29.51833700
1787881140,80841.3,80924.4,80829.1,80921.8,32.63593300
1787881200,80921.8,80943.2,80881.6,80887.6,18.41504800
1787881260,80881.7,80929.9,80849.5,80929.9,17.33750100
1787881320,80929.9,80962.1,80874.4,80876.6,17.68791100
1787881380,80876.5,80936.1,80873.7,80935.9,15.94351200
1787881440,80921.9,80925.8,80838,80838,14.75119500
1787881500,80836.4,80889.6,80833.4,80866.6,6.88244200
1787881560,80866.5,80866.6,80800.9,80818.9,9.09075800
1787881620,80817.4,80817.4,80720.4,80737.6,7.60101400
1787881680,80729.2,80768.1,80705.1,80705.2,7.84042500
1787881740,80705.2,80711.6,80690.8,80705,7.75765500
1787881800,80705,80754.6,80705,80754.5,7.83359000
1787881860,80754.5,80754.7,80534.9,80534.9,9.16872600
1787881920,80534.5,80628.5,80511.6,80620.4,7.98088400
1787881980,80628.5,80641.2,80559,80563.1,9.84739600
1787882040,80563.2,80617.2,80563.2,80617.2,6.14266900
1787882100,80617.2,80648.8,80609.2,80609.2,5.60483600
1787882160,80609.2,80609.3,80466.9,80497.2,9.71541700
1787882220,80497.1,80512.1,80431.7,80431.7,9.75285900
1787882280,80431.7,80510.2,80431.7,80489.6,5.38787700
1787882340,80489.6,80510.2,80489.6,80501.3,6.65498900
1787882400,80497.7,80500.1,80396,80417.8,7.51718200
1787882460,80423.1,80464.8,80381.8,80436.2,7.49924700
1787882520,80436.1,80436.2,80329.3,80333.4,7.07030200
1787882580,80349.9,80352.1,80307,80347.8,9.26565900
1787882640,80349.6,80435.2,80349.6,80435.2,9.02385200
1787882700,80435.4,80435.4,80387.7,80411.5,7.72790300
1787882760,80411.5,80475,80387.7,80427.5,8.36229200
1787882820,80427.5,80427.5,80363.9,80363.9,7.55296000
1787882880,80363.9,80401.4,80363.9,80381.3,6.02839400
1787882940,80381.3,80420.8,80363.9,80420.7,6.56436100
1787883000,80420.8,80482.1,80419.5,80419.5,9.28300100
1787883060,80419.6,80424.1,80332.2,80332.2,13.46124400
1787883120,80332.3,80340.1,80306.9,80306.9,7.34626500
1787883180,80307,80316.3,80274.3,80316.2,9.84294200
1787883240,80316.3,80339.9,80233.9,80235.3,8.67059300
1787883300,80233.8,80299.6,80159.9,80181.8,7.82279700
1787883360,80181.9,80213.3,80096,80139.6,6.58260100
1787883420,80139.9,80139.9,80092.8,80103.1,5.84236900
1787883480,80103,80118.6,80050,80086.4,5.57682600
1787883540,80086.3,80118.7,80050.1,80118.7,7.08190700
1787883600,80118.7,80150.2,80071.6,80118.7,1.78541700
1787883660,80126.6,80157.8,80042.5,80042.5,0.58390200
1787883720,80055.6,80075.8,80001,80007.1,1.10609600
1787883780,80006.6,80006.6,79950.2,79977,1.22643900
1787883840,79977.8,80071.5,79977.8,80071.5,1.12641200
1787883900,80071.5,80103.2,80071.5,80103.1,10.76166500
1787883960,80103.2,80118.7,80071.5,80071.5,9.94990300
1787884020,80071.6,80079.2,80022.2,80047.7,11.11254600
1787884080,80047.8,80047.8,79954,79954,10.76351900
1787884140,79954,79959.7,79921.1,79921.1,7.54248400
1787884200,79921.1,79961.3,79844.5,79852.4,5.24474900
1787884260,79846.1,80016.4,79823.2,79992.5,8.16859000
1787884320,79994.2,79998.6,79940.1,79975.9,7.39560000
1787884380,79975.8,80018.7,79945.7,80002.9,7.94787300
1787884440,80004.3,80053.3,80000.7,80053.2,6.56914600
1787884500,80053.2,80079.3,80040.1,80079.3,9.76698000
1787884560,80079.9,80114.8,80055.7,80062.9,8.93997100
1787884620,80062.8,80144.6,80062.8,80130.7,9.16370700
1787884680,80130.7,80151.4,80123.5,80126.4,6.91140700
1787884740,80126.6,80134.5,80047.9,80074.2,7.32392800
1787884800,80074.3,80074.3,80041.5,80041.5,3.34706900
1787884860,80041.5,80102.9,80038.9,80067.1,6.62035000
1787884920,80067.1,80103,80000.8,80000.8,5.90814100
1787884980,80000.7,80071.5,79979.5,80058.1,5.12285400
1787885040,80058.1,80058.1,79977.2,80024.2,6.92661500
