ts,open,high,low,close,volume
1787293200,75284.4,75284.4,75220.2,75229.1,413312
1787293260,75229,75332.7,75220,75272.1,168862
1787293320,75268.2,75275.6,75102.1,75102.1,504771
1787293380,75102,75127.7,75061.1,75105.2,889948
1787293440,75105.2,75211.6,75066.3,75194.6,454663
1787293500,75194.5,75232,75158.6,75221.1,371727
1787293560,75225,75397.9,75223.3,75370.9,536704
1787293620,75369,75481.3,75369,75426.3,746990
1787293680,75426.2,75426.2,75342.3,75342.3,608627
1787293740,75342.2,75368.2,75296.2,75298.1,192578
1787293800,75298.2,75375,75289.2,75370.8,203596
1787293860,75370.8,75437.4,75370.8,75416.7,433251
1787293920,75416.6,75565.1,75413.4,75543.6,1014925
1787293980,75543.6,75623,75530.9,75596.6,1509363
1787294040,75596.6,75613,75527.8,75604,1239168
1787294100,75603.9,75604,75518.9,75589.8,850212
1787294160,75589.9,75589.9,75454,75511,347684
1787294220,75511,75539.5,75484.3,75538.1,227734
1787294280,75538.2,75573.2,75491.3,75573.1,265838
1787294340,75573.2,75692.1,75566.6,75669.7,834371
1787294400,75669.7,75711.6,75644.1,75646.6,1041209
1787294460,75646.6,75669.6,75533.9,75549.5,1145159
1787294520,75549.5,75549.6,75350.6,75361.1,859892
1787294580,75361,75387.5,75280.4,75387.5,940675
1787294640,75387.4,75472,75341.3,75351.7,1021251
1787294700,75351.8,75355.3,75250.2,75266.7,808557
1787294760,75266.6,75299.5,75265.5,75274.5,286069
1787294820,75274.8,75380.1,75273.7,75360.2,275927
1787294880,75354.8,75444.6,75343.7,75438.5,354139
1787294940,75438.6,75590.4,75438.6,75486.5,791886
1787295000,75491.1,75519.4,75444,75450.7,477294
1787295060,75450.7,75463.5,75427.8,75435.6,153020
1787295120,75429.6,75506.1,75389.5,75392.1,341575
1787295180,75392.1,75498.7,75377.8,75456.2,291108
1787295240,75459,75536.4,75459,75506.8,297534
1787295300,75510.2,75590,75495.2,75528.6,490004
1787295360,75528.7,75595,75494.9,75587.3,331782
1787295420,75587.3,75595,75533.3,75563.5,215307
1787295480,75558.2,75558.8,75527.8,75558.8,161250
1787295540,75561.6,75615.6,75561.5,75608.5,184202
1787295600,75608.5,75678,75573.8,75677.9,377848
1787295660,75678,75686,75615.4,75627.4,439668
1787295720,75626.6,75850,75620.3,75801.9,2086698
1787295780,75801.9,75805.5,75725.1,75788.2,1544390
1787295840,75788.3,75788.3,75660.2,75689.3,833463
1787295900,75689.3,75727.7,75608.2,75624.1,685833
1787295960,75624.2,75735.8,75624.2,75672.8,287386
1787296020,75675,75805.9,75675,75795.4,491319
1787296080,75795.4,75887.8,75771.7,75858.1,839373
1787296140,75857.4,75869.9,75808.2,75825,907286
1787296200,75825.1,75944.9,75825,75927,1675419
1787296260,75927.1,75985,75872.1,75984.5,1590379
1787296320,75984.6,75998.5,75877.7,75889,1290898
1787296380,75889,75911.3,75879.1,75880.1,737547
1787296440,75880,75939.4,75835,75934.4,520637
1787296500,75934.4,76442.6,75900.2,76246.7,7568815
1787296560,76246.8,76893.8,76200.5,76602.3,10988008
1787296620,76602.2,76875.5,76472.1,76561.5,8197011
1787296680,76561.4,76627.7,76454,76497.9,5881835
1787296740,76497.9,76538.1,76414.7,76437,2258218
1787296800,76437.1,76488.9,76363,76431.7,1589480
1787296860,76431.6,76457.1,76332.4,76348.8,1472127
1787296920,76353.8,76397.4,76235,76235.1,1654241
1787296980,76235.1,76430,76221.1,76320.9,1331353
1787297040,76320.9,76387.5,76208.2,76208.3,1057155
1787297100,76208.2,76334.3,76208.2,76307.3,546590
1787297160,76307.4,76333.7,76292,76303.2,437970
1787297220,76303.2,76306.9,76240,76240.1,457981
1787297280,76240.1,76359.7,76214.7,76359.3,830909
1787297340,76359.3,76446.2,76352.5,76373.8,1173749
1787297400,76377.5,76477.8,76331.6,76423.7,1355095
1787297460,76426,76450.2,76358.6,76360.9,1087326
1787297520,76362.5,76472.1,76333,76467.5,762676
1787297580,76467.5,76536.7,76272.7,76272.8,1121639
1787297640,76272.8,76376.8,76252.1,76355,678415
1787297700,76355,76453.1,76332.5,76360,546678
1787297760,76358.2,76415.7,76332.5,76358.4,526214
1787297820,76358.4,76371.8,76264.4,76300.7,552098
1787297880,76300.7,76408.2,76288,76373,782494
1787297940,76373.1,76525.4,76359.8,76505.8,1035002
1787298000,76505.8,76560,76410.4,76530.3,1067718
1787298060,76530.4,76544,76463.8,76515.6,693723
1787298120,76515.6,76689.7,76488.6,76689.6,1158147
1787298180,76685.6,76774.3,76606.5,76677.8,1886648
1787298240,76674.1,76678.1,76552,76562.1,1259338
1787298300,76562,76622.1,76476.8,76516,1070876
1787298360,76508.4,76566.5,76413.3,76536.6,1196583
1787298420,76536.6,76567.2,76490,76554.3,699693
1787298480,76557,76584,76453.7,76478.9,513320
1787298540,76475.3,76478.7,76382.2,76431,730288
1787298600,76430.9,76470.5,76381.4,76387,695138
1787298660,76387,76387,76324.2,76334.9,544604
1787298720,76334.8,76343.3,76305,76317.7,557080
1787298780,76317.7,76320.9,76275.8,76293.1,543120
1787298840,76293.1,76350.9,76282.5,76306.8,608186
1787298900,76306.9,76419.2,76302.1,76370.3,552051
1787298960,76370.3,76427.1,76362.4,76418.3,509474
1787299020,76414.4,76427.8,76337,76400.3,490216
1787299080,76403.9,76407.2,76204.9,76214.4,976894
1787299140,76217,76333.8,76205.2,76303.5,1048997
1787299200,76303.6,76375,76262,76344.7,1179533
1787299260,76344.8,76470.6,76323.7,76456.6,807603
1787299320,76456.6,76500.2,76454.9,76489.3,453226
1787299380,76489.2,76760,76489.1,76750.2,1537714
1787299440,76750.2,76750.2,76616.5,76616.8,1141227
1787299500,76616.9,76644.2,76555.8,76555.8,534753
1787299560,76555.7,76555.7,76463,76486.6,502776
1787299620,76486.6,76677.8,76480.1,76677.8,627763
1787299680,76677.7,76849.4,76672.8,76845.4,1296262
1787299740,76845.5,76847.4,76635.3,76758.1,1225778
1787299800,76758.1,76758.1,76665.6,76694.3,831186
1787299860,76694.4,76747.6,76679,76705.1,557813
1787299920,76705,76954.9,76696.2,76899.5,1298032
1787299980,76899.4,77076.5,76865.5,77011.7,3653859
1787300040,77011.8,77236.4,76828.7,76878.7,5280630
1787300100,76878.8,76961.8,76824.6,76928.1,2536038
1787300160,76928,77184.4,76842.4,77003.5,2184995
1787300220,77003.5,77142.5,76947.9,77098.9,1973490
1787300280,77098.8,77228.2,77032.8,77191.9,2043049
1787300340,77186.2,77268.6,77077.8,77146.7,2178344
1787300400,77139.9,77187.9,77090.4,77108.7,951789
1787300460,77108.7,77120.9,76970.7,76984.1,956753
1787300520,76979.4,77098.4,76950.8,77088.9,992800
1787300580,77088.9,77092.7,76912.7,76987.6,819441
1787300640,76987.5,77056.8,76939.4,77018.2,920595
1787300700,77021.1,77208.4,77021,77208.4,1109757
1787300760,77208.8,77424.8,77120.5,77120.5,3461856
1787300820,77120.5,77164.5,77005.4,77044.4,2167496
1787300880,77044.4,77206.4,77034.3,77050.3,2062730
1787300940,77050.3,77221,77028.3,77221,847747
1787301000,77221,77268.9,77161.1,77228.3,924437
1787301060,77224.1,77450,77148,77385.4,2864367
1787301120,77385.3,77479.9,77380.4,77436,2482997
1787301180,77436,77571.3,77362.3,77500.7,2894990
1787301240,77504.7,77549.9,77430.8,77542.1,1902988
1787301300,77542.1,77649,77520.2,77644.7,2555794
1787301360,77641.9,77641.9,77400.2,77481.5,2336498
1787301420,77486.7,77605.7,77433.2,77556,2420275
1787301480,77560.1,77665.5,77505.1,77516.9,1913991
1787301540,77517,77568.4,77428.8,77507.9,1753565
1787301600,77502.9,77599.9,77476.3,77517.1,991009
1787301660,77517,77756,77512.7,77668.5,2435267
1787301720,77668.5,77799.7,77616.1,77736.1,2588116
1787301780,77731.1,77756.9,77597.4,77615.6,1620325
1787301840,77611.3,77750.1,77601.2,77632.2,1751696
1787301900,77632.2,77749,77553,77744.1,1368768
1787301960,77744.1,77865.7,77700.1,77810,2180653
1787302020,77810,78106.3,77810,77910.9,5063444
1787302080,77910.8,78088.6,77855.2,77997.5,3137406
1787302140,77997.5,78100.2,77928.7,77941.9,2585165
1787302200,77942,78248.2,77934.3,78127.7,3318771
1787302260,78143,78425.6,78140.1,78290.8,4398166
1787302320,78290.7,78560.5,78290.7,78464.8,4792540
1787302380,78464.8,78550.2,78423.3,78534.8,3914751
1787302440,78534.9,78699.9,78488.2,78669.9,3875310
1787302500,78669.8,78763.1,78577.8,78640.1,2998695
1787302560,78640,78848,78501.9,78789.1,3173218
1787302620,78789.1,79121.5,78717.9,79026.2,6387100
1787302680,79026.2,79359.9,78848.4,79279.7,7902607
1787302740,79279.7,79567.2,79152,79274.7,6962762
1787302800,79274.7,79385.5,78564.8,78745.2,8383668
1787302860,78745.1,78748.7,78198,78358.2,8079570
1787302920,78365.5,78407,78137.6,78372.4,7351795
1787302980,78372.5,78458.2,77600,77928.8,12358510
1787303040,77928.9,78056.7,77727.9,77846.4,7740382
1787303100,77842.3,78163.1,77669.7,77775.7,5047316
1787303160,77775.7,77797.7,77459.6,77709,7437656
1787303220,77709,77709,77240.5,77651,7242507
1787303280,77654.5,77736.5,77484.2,77672.4,4391888
1787303340,77668.6,77947.7,77656.5,77832.9,3230019
1787303400,77833,78020.9,77808.2,77923.3,2634344
1787303460,77923.3,78044,77826.2,78014.2,3299496
1787303520,78019.4,78157.8,77952.4,78123.5,1920548
1787303580,78123.5,78163,78027.8,78122.3,1790455
1787303640,78117.4,78142,77830.1,77873,1974339
1787303700,77868.8,77890,77446,77579.1,3228829
1787303760,77577.8,77776.9,77537,77732.1,2157940
1787303820,77732.2,77815.6,77582.2,77802.7,1707674
1787303880,77795.3,77951.4,77713.6,77719.6,1650575
1787303940,77719.6,77722.1,77571,77578.8,1407811
1787304000,77578.8,77798.4,77552.5,77759.7,1593227
1787304060,77759.7,77814.9,77614.9,77686.6,1110313
1787304120,77689.9,77714.9,77560.7,77643.7,1444205
1787304180,77643.6,77728.6,77600,77633.8,1225280
1787304240,77633.8,77713.4,77616.2,77641.3,895338
1787304300,77645.6,77725.5,77578,77603.7,882430
1787304360,77607,77707.4,77558.3,77558.3,878664
1787304420,77561.2,77853.4,77561.2,77840.7,1014099
1787304480,77846.5,77871.5,77665.4,77786,721218
1787304540,77786.1,77800,77653.3,77704.1,521145
1787304600,77701.5,77718.9,77605,77691.9,668963
1787304660,77692,77827.1,77640.7,77827,965261
1787304720,77827.1,77966.4,77823.2,77917.5,1397378
1787304780,77917.5,77942,77786.8,77858.1,1134825
1787304840,77858.2,77964,77858.1,77901.9,781425
1787304900,77905.3,77922,77784.5,77859.2,803568
1787304960,77859.3,77888.9,77782.7,77887.6,645461
1787305020,77887.6,78004.2,77887.6,77914.5,821627
1787305080,77914.6,77955.4,77750.5,77845.9,1035063
1787305140,77838.4,77944.7,77838.4,77883,677623
1787305200,77887,77916.1,77866.8,77875.2,334063
1787305260,77873.7,77988,77873.7,77956,470365
1787305320,77956,78064.9,77901.5,78035,797643
1787305380,78037.3,78287.7,78027.7,78253.3,1965903
1787305440,78253.2,78349.5,78173.9,78177.6,2091621
1787305500,78177.6,78298,78169.8,78290.3,1308046
1787305560,78290.4,78362.7,78186.8,78211.4,1210100
1787305620,78215.2,78300,78094.5,78292.2,1149298
1787305680,78292.2,78340,78101,78135.9,1412192
1787305740,78135.9,78292,78116.8,78247.2,852864
1787305800,78247.3,78268.9,77971.5,77971.5,781631
1787305860,77972.6,78154.2,77951.5,78153.7,725814
1787305920,78153.6,78238.5,78077.8,78116,710244
1787305980,78112.8,78132,78008.3,78008.3,408488
1787306040,78008.3,78164.3,77989.2,78058.7,534919
1787306100,78058.7,78106.3,78000,78000,517416
1787306160,78000,78056.2,77923.4,78043.9,507243
1787306220,78043.8,78053,77555.6,77699.1,2686547
1787306280,77699.1,77812.9,77695.2,77715.3,2083246
1787306340,77715,77908.2,77713.5,77896.4,995562
1787306400,77896.4,77939.9,77737.5,77832.3,1145346
1787306460,77836.9,77888.5,77776.4,77776.4,602740
1787306520,77784.7,77906.8,77778.5,77800.1,421778
1787306580,77800,77850,77708.3,77717.6,522581
1787306640,77717.5,77758.1,77602.4,77657.3,875960
1787306700,77658.1,77808.2,77633.1,77763.9,823609
1787306760,77759.8,77763.2,77603.8,77747.4,837779
1787306820,77747.3,77761.1,77645.8,77698.1,556618
1787306880,77698.1,77721.9,77664.6,77666.2,392209
1787306940,77662.2,77775.4,77658.4,77775.4,428045
1787307000,77777,77958,77777,77903.5,613561
1787307060,77908.6,78071.6,77908.6,78013.4,795175
1787307120,78013.4,78030.8,77939.8,77957.6,541507
1787307180,77957.6,78096.9,77941.5,78066.3,558285
1787307240,78066.2,78098.8,78009.8,78026.1,557623
1787307300,78029.5,78077.7,78009.1,78048.8,651754
1787307360,78045,78238,78045,78197,858067
1787307420,78197,78222.1,78128.6,78138.7,801007
1787307480,78138.7,78185.3,78128.3,78154.7,517785
1787307540,78150.4,78239.2,78150.4,78225.8,339541
1787307600,78225.8,78228.6,78031,78031,509138
1787307660,78030.2,78116.9,77994.8,78007,474732
1787307720,78018.8,78077.6,77956.7,77996.9,828777
1787307780,77996.9,78050.2,77958.3,77992.1,403816
1787307840,77992.1,78027.8,77963.6,78004.3,273760
1787307900,78005.9,78005.9,77910.6,78003,354075
1787307960,78002.1,78011.6,77682.5,77730.8,1395221
1787308020,77730.7,77820.9,77644.5,77816.9,1540771
1787308080,77812.8,77855.1,77789.8,77839.2,639329
1787308140,77839.2,77922.1,77832.2,77913,339165
1787308200,77913,77958,77835,77839.7,265066
1787308260,77841.1,77950.2,77832.1,77894,197562
1787308320,77894,77902.5,77833.8,77844.1,304512
1787308380,77841.1,77858.3,77686,77731.5,756897
1787308440,77737.8,77737.9,77655.2,77655.3,572493
1787308500,77655.2,77693.4,77602.4,77687.3,508779
1787308560,77687.3,77782,77687.3,77726.7,476154
1787308620,77726.7,77766,77700,77737.7,304102
1787308680,77737.6,77771.2,77684.3,77712.5,273977
1787308740,77712.6,77735.6,77663,77700,164235
1787308800,77700.1,77822.5,77700.1,77793,284642
1787308860,77793.5,77816.5,77753.9,77806.1,277976
1787308920,77806.5,77816.7,77692.7,77695.4,496180
1787308980,77695.3,77848.7,77695.3,77820.6,398532
1787309040,77820.6,77843.4,77800.8,77832.3,263977
1787309100,77832.4,77925.4,77832.4,77925.3,283626
1787309160,77925.3,77990.8,77905.5,77961.8,287408
1787309220,77961.8,77990.2,77924,77929.6,259834
1787309280,77929.5,77957.3,77784.8,77786.9,227299
1787309340,77784.8,77832.6,77765.8,77781,193813
1787309400,77777.9,77777.9,77736.8,77740.7,195320
1787309460,77740.8,77792.1,77722.1,77749.5,263404
1787309520,77749.5,77833.1,77746.4,77825.6,277160
1787309580,77825.6,77840,77772.1,77787.7,468262
1787309640,77787.7,77847.9,77777,77812.3,315449
1787309700,77812.3,77841.9,77805.8,77819.5,187911
1787309760,77819.5,77883.9,77819.5,77840.2,183065
1787309820,77840.2,77867.4,77840.2,77853.4,131699
1787309880,77855.9,77883,77810.7,77810.7,88069
1787309940,77810.7,77836.2,77761.1,77802,230179
1787310000,77800.9,77820.7,77709.3,77733,338084
1787310060,77732.9,77755.3,77670.1,77717.9,340479
1787310120,77717.8,77717.8,77578.7,77594.6,488316
1787310180,77598.2,77666.4,77563.8,77601.5,722284
1787310240,77601.9,77818.3,77601.9,77806.8,560862
1787310300,77806.7,77852,77775.8,77785,604809
1787310360,77785,77800.8,77725.6,77740.6,702577
1787310420,77740.6,77750.4,77700.3,77723.7,158504
1787310480,77724.8,77757.2,77701.9,77742.1,241550
1787310540,77742.1,77746.1,77717.8,77723.8,109256
1787310600,77727.5,77789,77674,77771.3,218719
1787310660,77771.3,77789,77743.4,77755.6,338619
1787310720,77751.1,77751.1,77343.2,77424.3,2135134
1787310780,77424.2,77464.9,77315,77375.4,1919941
1787310840,77375.4,77549.5,77356.8,77543.5,811400
1787310900,77547.8,77547.8,77429.6,77484.9,864580
1787310960,77485,77542.7,77351,77351,709478
1787311020,77351,77434,77351,77416.7,1011928
1787311080,77416.7,77485.5,77357.2,77357.2,421683
1787311140,77357.2,77382,77272.6,77300.5,1205776
1787311200,77300.4,77473.7,77227.9,77444.9,1467235
1787311260,77438.9,77570.1,77411.4,77546.7,1095598
1787311320,77547,77665,77520.1,77621.2,843218
1787311380,77621.3,77666,77586,77665.9,617212
1787311440,77665.9,77676.4,77418.2,77508.6,1531124
1787311500,77508.7,77520.4,77390.2,77469,1119796
1787311560,77466.6,77513.7,77418,77420,375442
1787311620,77420.1,77441.2,77351,77364.5,381870
1787311680,77354.1,77393.8,77266,77393.7,716795
1787311740,77393.7,77447.1,77391.4,77414.8,507480
1787311800,77414.8,77442.2,77313.1,77333,620053
1787311860,77333.1,77349.1,77139.8,77141.2,2680495
1787311920,77141.3,77141.3,76698.6,76846.2,7022064
1787311980,76850.2,76962.6,76587.8,76762.2,5730351
1787312040,76762.2,76808.1,76408.2,76474.6,6105456
1787312100,76478.4,76848.1,76478.3,76815,3934911
1787312160,76815.1,76930.7,76776.5,76878,1951243
1787312220,76878.1,76989.8,76878,76924.9,1126991
1787312280,76924.9,77097.6,76917.9,77025.7,1670210
1787312340,77023.5,77037.6,76964.7,76974.4,1140415
1787312400,76974.3,77036.2,76960,77030.8,600431
1787312460,77030.7,77030.7,76950.2,76978.9,602495
1787312520,76978.9,76991.6,76800.9,76818.5,926730
1787312580,76818.6,76861.6,76774.6,76850,929616
1787312640,76842.8,76875,76774.6,76833.3,604963
1787312700,76828.8,76959.9,76814,76899.4,718131
1787312760,76899.5,76918.4,76822.1,76822.2,495475
1787312820,76822.1,76855.9,76628.6,76676.8,977325
1787312880,76676.9,76717.8,76606.2,76717.8,999289
1787312940,76720,76720,76627.7,76706.3,737209
1787313000,76706.1,76804.4,76665,76796.2,549323
1787313060,76800.4,76830.4,76709.8,76825.9,539712
1787313120,76826,76915.6,76814.2,76915.5,621778
1787313180,76915.5,77021.8,76915.5,76959.1,1007402
1787313240,76959.1,77036.3,76959,77014.6,644285
1787313300,77014.6,77026,76906.4,76945.5,433168
1787313360,76945.5,76956.7,76822.2,76824.7,671465
1787313420,76824.7,76907.3,76806.9,76893.6,534070
1787313480,76886.7,76919.9,76692,76750.2,667640
1787313540,76750.2,76750.2,76673.8,76743,737319
1787313600,76746.5,76771,76645,76659.9,643985
1787313660,76659.9,76750.2,76656,76702,667206
1787313720,76702,76736.4,76510.3,76666.2,1115696
1787313780,76667.3,76829.4,76664.3,76767.5,1191599
1787313840,76777,76785.6,76551.1,76672,1123182
1787313900,76675.2,76814,76675.2,76814,960154
1787313960,76814,76916.2,76808.9,76915.1,949624
1787314020,76915.2,76981.1,76903.8,76974.5,580906
1787314080,76974.6,76974.6,76809,76840.1,636933
1787314140,76840.1,76873.4,76800,76800,524633
1787314200,76800,76823.6,76739.3,76743.9,429205
1787314260,76743.9,76849,76739.3,76849,275467
1787314320,76850,76873.7,76777,76843.3,379324
1787314380,76843.3,77010.9,76830.9,76996.5,728552
1787314440,76996.6,77016,76934.9,76934.9,504555
1787314500,76934.9,76934.9,76842,76862.6,663208
1787314560,76870.7,76870.7,76777.8,76804.8,342498
1787314620,76804.8,76892.1,76771.2,76872.9,381463
1787314680,76872.9,76910.9,76818.3,76840.2,302768
1787314740,76840.2,76880.7,76822.2,76855.6,255806
1787314800,76855.7,76876.7,76808.2,76820.4,194173
1787314860,76820.5,76881.7,76758.2,76764.9,357122
1787314920,76765,76795.7,76764.9,76788.2,311059
1787314980,76788.2,76821.3,76668.7,76672.2,524254
1787315040,76669.4,76850.2,76650.2,76806.9,657954
1787315100,76800.2,76800.2,76672.1,76696.1,461975
1787315160,76696.2,76796.1,76696.2,76748.4,281229
1787315220,76748.4,76790.1,76715.4,76770.7,201142
1787315280,76770.7,76813.6,76741.2,76741.3,206260
1787315340,76741.3,76745.9,76684.5,76689.4,248001
1787315400,76690.5,76706.2,76630.8,76702.4,315289
1787315460,76702.5,76749.8,76660,76749.8,349905
1787315520,76750,76750,76646,76749.9,315839
1787315580,76738.2,76762.4,76687.8,76717.5,378900
1787315640,76718.6,76718.6,76653.5,76699.1,464311
1787315700,76699.1,76872.8,76699.1,76859.5,591008
1787315760,76859.4,76947,76832.3,76899.3,703940
1787315820,76898.6,76999,76895.1,76980.3,615071
1787315880,76980.4,77074.7,76980.3,77035.1,861534
1787315940,77035.1,77287.1,77025,77226,1586989
1787316000,77222.3,77322.1,77197.9,77312,1668579
1787316060,77312,77445.9,77287.9,77419.1,1404846
1787316120,77418,77421,77277.6,77301.6,1717517
1787316180,77301.6,77427.7,77291.6,77369.9,1162956
1787316240,77370,77441.4,77369.9,77428.4,835647
1787316300,77428.4,77477.3,77368.7,77389.8,851698
1787316360,77387.2,77395.3,77290,77304.3,625387
1787316420,77304.4,77370.4,77300.2,77319.4,844912
1787316480,77319.4,77390,77246.3,77390,539171
1787316540,77389.9,77407.2,77341.8,77370.8,662739
1787316600,77370.8,77452.7,77370.7,77389.6,460707
1787316660,77383.4,77383.4,77300.9,77305.9,368127
1787316720,77307.9,77358.1,77272.2,77293.8,260187
1787316780,77293.8,77301,77266.7,77266.8,195853
1787316840,77266.7,77266.7,77100.1,77170.7,915028
1787316900,77161.4,77262.8,77155.3,77200.6,836465
1787316960,77200.4,77200.4,77108.2,77130.8,382290
1787317020,77130.9,77192.8,77128.6,77151.9,362356
1787317080,77151.8,77184.6,77151.8,77174.2,246667
1787317140,77174.2,77227.8,77169.6,77227.8,191624
1787317200,77227.7,77249.8,77126.2,77175.4,412258
1787317260,77175.5,77177.7,77086,77099.7,448169
1787317320,77099.7,77137.3,77076.4,77118.7,493381
1787317380,77118.7,77185.4,77070.4,77163.9,330716
1787317440,77164,77313.8,77162.1,77309.6,488059
1787317500,77309.5,77309.6,77244,77266.8,231612
1787317560,77265.4,77386.6,77253.4,77353.8,426972
1787317620,77353.8,77399.1,77332.1,77359.3,440687
1787317680,77359.4,77385.5,77200.2,77214.7,353663
1787317740,77215.2,77272,77200,77232.4,336787
1787317800,77232.4,77232.4,77154.2,77158.9,143878
1787317860,77158.9,77173.5,77030.1,77125.5,853255
1787317920,77128.6,77176.7,77126,77133.5,446056
1787317980,77133.5,77133.6,77065,77114.7,507470
1787318040,77114.8,77196.4,77110.8,77193.3,264839
1787318100,77190.1,77190.2,77082.3,77091.3,343659
1787318160,77092.2,77111.9,77059.7,77067.8,483513
1787318220,77067.9,77078,76901.8,76949.3,589861
1787318280,76953,77001.7,76862,76875.4,1075451
1787318340,76875.4,76993,76862.1,76961,617595
1787318400,76960.7,76960.7,76836.3,76866.6,570358
1787318460,76866.5,76907,76845.6,76862.3,333504
1787318520,76855.5,76931.7,76849.2,76916.7,305447
1787318580,76916.8,76935,76850.2,76859.3,357968
1787318640,76862.2,76965.7,76858.6,76965.7,362590
1787318700,76965.6,77040,76901.1,77021.1,822592
1787318760,77021.1,77139.9,77000.8,77105.3,524410
1787318820,77110.9,77221.3,77093,77163,535279
1787318880,77163.1,77169.6,77053.8,77082.5,577362
1787318940,77082.4,77117.1,77073.6,77097.4,416681
1787319000,77097.4,77097.4,76752,76929.3,1735734
1787319060,76929.4,76950.1,76621.1,76740.9,2741547
1787319120,76739.2,76760.9,76555,76742.5,2582843
1787319180,76742.5,76782.6,76612,76672.1,1640581
1787319240,76672.1,76730,76583,76600,1260636
1787319300,76603.3,76618.2,76218.2,76240.5,3213575
1787319360,76240.6,76545.3,76230.4,76533.5,4372867
1787319420,76533.5,76638.2,76511.7,76609.8,2321586
1787319480,76609.8,76870.7,76603.1,76809.1,1950364
1787319540,76805,76988,76733.8,76978.5,1579912
1787319600,76974.7,77099.9,76967.2,77047.2,1534468
1787319660,77047.1,77154.1,77017.9,77136.3,1282090
1787319720,77136.2,77326,77132.1,77283.8,1883997
1787319780,77283.9,77283.9,77126.3,77249.2,1660854
1787319840,77249.1,77307.8,77206.1,77306.4,716385
1787319900,77308.1,77451,77260.4,77314.8,1379142
1787319960,77326.2,77341.3,77136,77216,1744095
1787320020,77210.1,77361.6,77185.3,77251.4,1315397
1787320080,77251.4,77415.8,77204.4,77387.5,1275625
1787320140,77387.5,77547.1,77386.3,77461.4,2119576
1787320200,77461.3,77673.4,77456.4,77657.9,2314143
1787320260,77658.2,77700,77582,77641.2,1686649
1787320320,77641.3,77644.7,77384.8,77427.9,1994375
1787320380,77427.8,77520,77383.1,77394.4,1190187
1787320440,77385,77403.2,77225.2,77300,1487290
1787320500,77300,77397.1,77227.8,77319.6,1126151
1787320560,77319.5,77387.5,77238.8,77387.4,649716
1787320620,77387.5,77453.8,77265.1,77274.5,679538
1787320680,77269,77269,77100.2,77173.4,1288992
1787320740,77176.2,77339.2,77176.1,77248,1168472
1787320800,77248,77252.6,77110.5,77110.5,786644
1787320860,77110.6,77138,77035.8,77061.4,815711
1787320920,77060.1,77076.5,76825.3,76885.4,2664633
1787320980,76889,76958.7,76827.8,76883.9,2132370
1787321040,76880.8,76888.7,76722.1,76744.4,1275229
1787321100,76744.4,76962.4,76723.6,76958,1074552
1787321160,76955.1,77142,76955.1,77066.9,1690766
1787321220,77075.1,77088,76941.2,76975.2,997993
1787321280,76975.3,77119.9,76960.9,77082.8,469711
1787321340,77082.7,77089.3,76950.2,76970,370162
1787321400,76973.6,77072,76973.6,77046.2,443975
1787321460,77042.1,77078,76981.3,77022.3,610898
1787321520,77022.2,77090.8,76850.2,76850.2,428800
1787321580,76850.3,76954.6,76822.1,76838.2,738236
1787321640,76842.5,76850.3,76676.1,76754.7,781537
1787321700,76754.6,76902,76754.6,76890.6,1459223
1787321760,76886.5,76970.6,76784.6,76873.7,1015419
1787321820,76873.6,76901.1,76727.8,76826.1,867190
1787321880,76822.4,76853.7,76735.2,76756,713592
1787321940,76752.4,76793.1,76530.4,76661.2,2069838
1787322000,76666.5,76666.5,76538.2,76606.8,1972455
1787322060,76608.3,76685.6,76577.8,76657.9,774895
1787322120,76652.3,77085,76650,77005.2,2346535
1787322180,77005.2,77016.2,76850,76850.1,2022627
1787322240,76850,77053.7,76844.7,77008.2,1230682
1787322300,77008.2,77147.4,76999.2,77106.1,1344918
1787322360,77106.1,77110,76978.8,77075.5,992489
1787322420,77075.5,77200,77069.9,77130,817668
1787322480,77130,77158.1,77072.3,77103.8,779234
1787322540,77100.1,77134.4,77036.1,77046.2,958716
1787322600,77046.2,77146.9,77044.4,77121.3,711196
1787322660,77117.4,77192.1,77095.3,77140.1,561084
1787322720,77140.1,77198.9,77058.2,77190,643784
1787322780,77189.2,77220,77122.1,77125.7,502348
1787322840,77125.8,77130.7,77078.8,77083.5,322896
1787322900,77077.8,77093.5,77014.4,77014.5,384100
1787322960,77014.5,77229.8,77002.2,77203.1,1330756
1787323020,77203.1,77214.2,77056.7,77056.7,699609
1787323080,77056.7,77056.7,76900,76949.9,673443
1787323140,76950,76993,76840.4,76855.6,706693
1787323200,76855.4,76963.3,76852.6,76917,1248757
1787323260,76917,77000,76895.4,76963.9,327744
1787323320,76963.9,77026.4,76958.3,77005.5,964056
1787323380,77004.3,77124.9,77001.3,77097.6,450886
1787323440,77109.9,77137.7,77069,77136.9,486203
1787323500,77130.3,77232,77101.9,77224.9,645800
1787323560,77225,77319,77216.4,77301.6,828615
1787323620,77301.6,77364.8,77277.7,77312.5,842238
1787323680,77312.4,77312.5,77255.8,77281.7,582330
1787323740,77281.7,77349.8,77273.2,77327.5,495733
1787323800,77327.5,77436,77327.5,77429.3,617136
1787323860,77429.3,77440,77382.5,77420.4,632228
1787323920,77419.5,77422,77352,77383.8,835210
1787323980,77383.9,77387.5,77325.1,77336.5,339763
1787324040,77337.2,77375.6,77277.8,77291.8,503204
1787324100,77290.4,77299,77250.1,77264.9,349986
1787324160,77259.9,77380,77253.3,77371.5,211709
1787324220,77371.6,77389.7,77304.6,77340.1,213148
1787324280,77329.4,77358.3,77322.2,77342.2,129517
1787324340,77341.6,77434.1,77335.7,77367.4,245243
1787324400,77367.5,77398.4,77309.7,77380.1,463858
1787324460,77380.1,77414.3,77309.5,77354.5,381214
1787324520,77356.7,77499,77337,77464.1,774495
1787324580,77454.8,77468.8,77417.3,77438.9,591356
1787324640,77442.6,77596,77442.6,77509.5,897753
1787324700,77509.6,77630,77459.2,77629.5,1345104
1787324760,77629.6,77719.3,77616.4,77638.4,1098626
1787324820,77638.4,77638.5,77515.2,77547.6,1042464
1787324880,77548.2,77597.8,77509.9,77587.1,559751
1787324940,77588.1,77703.8,77554.9,77682.9,405964
1787325000,77683,77722,77626.6,77626.6,772132
1787325060,77635.2,77692.3,77596,77636.8,788347
1787325120,77636.8,77638.9,77572.1,77603.2,575504
1787325180,77605.4,77680,77605.4,77670,367826
1787325240,77673.9,77781.6,77630.5,77690.8,749660
1787325300,77698.1,77860,77663.8,77707.2,2201487
1787325360,77707.7,77791.5,77652,77675,1157684
1787325420,77675,77686.6,77547.9,77600.7,1101452
1787325480,77600.6,77600.6,77522.2,77567.2,810132
1787325540,77572.4,77643,77572.4,77625.4,315847
1787325600,77625.5,77637.4,77562.8,77568.2,288182
1787325660,77570.7,77576.6,77500.8,77539.9,310197
1787325720,77540,77699.9,77524.5,77683.2,447966
1787325780,77683.2,77736.8,77622.1,77646.2,340227
1787325840,77640.9,77655.9,77602.7,77611.3,359858
1787325900,77611.2,77731.3,77600.3,77711,438427
1787325960,77711.1,77758.2,77638.2,77754.1,307012
1787326020,77754.1,77799.9,77667.9,77690.2,328028
1787326080,77690.2,77738.7,77658.2,77663.5,447042
1787326140,77663.5,77670.5,77582.9,77597.3,172326
1787326200,77595.8,77658.1,77550.3,77654.1,215420
1787326260,77654.1,77699.9,77622.2,77647.1,271590
1787326320,77651.4,77731,77651.4,77708.4,251139
1787326380,77708.4,77723.6,77600.3,77616.4,298443
1787326440,77620.3,77641.5,77515.1,77550.2,335315
1787326500,77549.7,77582.7,77458.2,77491.4,382347
1787326560,77491.4,77585.9,77491.3,77579.8,396092
1787326620,77574.6,77615.4,77500.2,77516.2,309727
1787326680,77516.2,77639.9,77512.9,77635.6,252132
1787326740,77635.6,77645.9,77586.7,77600,129791
1787326800,77600,77606.7,77572.1,77584.2,215105
1787326860,77580.2,77646,77580.2,77617.8,180948
1787326920,77619.1,77639.3,77585.8,77632.1,130297
1787326980,77628.6,77628.6,77523.2,77528.2,242321
1787327040,77528.3,77528.3,77472.1,77490.2,322942
1787327100,77491.2,77534.5,77463.2,77474.6,215970
1787327160,77474.7,77493.2,77466.7,77472.5,242256
1787327220,77472.4,77480.2,77351.2,77398.6,556111
1787327280,77398.5,77413.6,77352.4,77362.3,613277
1787327340,77362.2,77449.9,77337,77337.1,427468
1787327400,77337.1,77439.9,77301,77439.9,421282
1787327460,77440,77468.6,77362.4,77446.9,336235
1787327520,77446.6,77455.9,77379.4,77405.3,232439
1787327580,77405.4,77423.7,77318.8,77340,247289
1787327640,77339.9,77377.8,77272.2,77281.7,470900
1787327700,77281.8,77323.2,77260,77265.8,503499
1787327760,77265.8,77265.9,77197.9,77247.6,386300
1787327820,77247.7,77294.6,77232,77253.4,494098
1787327880,77253.9,77258.5,77210.3,77251.5,347509
1787327940,77251.4,77255.5,77150.3,77222,424838
1787328000,77211.8,77289.4,77196.7,77270.5,552820
1787328060,77271,77308.1,77160,77175.5,693230
1787328120,77175.5,77185.6,77113.8,77181.6,384472
1787328180,77181.5,77234.2,77109.1,77114,662795
1787328240,77114,77145.4,77067.2,77068.1,597414
1787328300,77068.1,77141.1,77022.2,77064,849245
1787328360,77063.9,77092.7,77008.5,77013.3,680925
1787328420,77013.3,77046.4,76923.6,76942.4,770463
1787328480,76942.3,76975.1,76900,76942.4,677335
1787328540,76936.5,77067,76910.8,76937.5,1798952
1787328600,76936.9,77138.3,76927.8,77070.2,1584765
1787328660,77070.2,77070.2,76935.8,76947.7,569672
1787328720,76947.7,77016.3,76947.7,77000.9,478031
1787328780,77000.9,77013.1,76842.9,76846.6,680766
1787328840,76846.6,76896.2,76830,76841,545765
1787328900,76841,76960.3,76760,76954.8,1700508
1787328960,76954.8,77016.4,76928.8,76987.8,1045839
1787329020,76987.8,77099.9,76987.8,77099.8,466753
1787329080,77099.9,77173.6,77041.8,77092,2467846
1787329140,77092,77122.1,77062.3,77106.3,418645
1787329200,77106.2,77113.9,77040,77065.2,373346
1787329260,77065.2,77188.7,77056,77071.8,911764
1787329320,77071.7,77126.2,77041.3,77043.7,434833
1787329380,77041.1,77168.9,77038.5,77161.1,259703
1787329440,77157.5,77173.6,77120.3,77122.2,282624
1787329500,77122.2,77150,77072.1,77098.9,199737
1787329560,77098.9,77113.9,77074.5,77110.6,261028
1787329620,77110.6,77249.7,77110.5,77249.7,314105
1787329680,77250,77338.8,77249.8,77317.1,405542
1787329740,77317,77368.4,77300.8,77368.4,558668
1787329800,77368.4,77375,77276.4,77310.2,628240
1787329860,77310.1,77315.5,77238.2,77268.5,360383
1787329920,77268.4,77322.1,77265.7,77304.3,237934
1787329980,77301.4,77335.5,77260.3,77310,334072
1787330040,77299.7,77345.9,77299.5,77317.5,311117
1787330100,77317.5,77325.2,77264.6,77303.1,115539
1787330160,77302.8,77302.8,77241.3,77274.5,220161
1787330220,77274.6,77297,77210,77278.8,297005
1787330280,77278.7,77278.7,77200.2,77228.6,294706
1787330340,77228.6,77282,77227.8,77281.9,187137
1787330400,77282,77285.5,77237.8,77266.1,72587
1787330460,77266.1,77300,77248.8,77300,61049
1787330520,77299.9,77317.9,77235.5,77247.2,201512
1787330580,77247.2,77305.4,77243.1,77305.3,163679
1787330640,77305.2,77337.6,77282.8,77325,130385
1787330700,77325.1,77346.6,77281.4,77300.3,240282
1787330760,77301.8,77410.8,77288.9,77372.7,329027
1787330820,77372.6,77429.5,77358.6,77391.3,316289
1787330880,77391.3,77434.4,77381.6,77399.7,290164
1787330940,77400.4,77518.1,77382.2,77500.8,511347
1787331000,77500.8,77544.4,77474.6,77507.6,909382
1787331060,77507.6,77507.6,77455.2,77480.5,383071
1787331120,77480.4,77491.5,77403.1,77439.9,423799
1787331180,77445,77462.2,77425.3,77433,264495
1787331240,77441.1,77493,77404.5,77430.2,192667
1787331300,77430.3,77459.5,77404.6,77430,261501
1787331360,77430,77499.9,77430,77460.4,168655
1787331420,77460.4,77495.4,77433.4,77488.4,126970
1787331480,77488.5,77500,77477,77487.2,77741
1787331540,77487.2,77489.2,77444.6,77447.8,184424
1787331600,77447.9,77500,77422.5,77494.6,492415
1787331660,77499.8,77508.1,77453.9,77472.7,255291
1787331720,77472.7,77599,77472.7,77537.8,425687
1787331780,77529.6,77564.6,77485.4,77489.3,338237
1787331840,77489.4,77510.4,77457.3,77484.2,143477
1787331900,77484.1,77532.4,77450.8,77522.2,257845
1787331960,77522.2,77572.1,77496.5,77567.2,234517
1787332020,77567.3,77649.9,77567.2,77584.3,569171
1787332080,77584.3,77696.1,77561.7,77643,1981146
1787332140,77643.1,77677.8,77576.2,77583.3,661818
1787332200,77583.2,77621.8,77572.1,77572.2,293271
1787332260,77572.1,77628.2,77572.1,77587.6,291486
1787332320,77587.5,77587.5,77472.8,77513.2,491118
1787332380,77513.6,77530.8,77482.4,77506.3,366960
1787332440,77506.3,77539.3,77499.2,77532.6,168041
1787332500,77532.6,77536.6,77445.9,77466.5,332304
1787332560,77466.4,77485.9,77328.7,77371.6,363163
1787332620,77368,77414.9,77342.3,77414.8,508234
1787332680,77414.9,77470.7,77396.2,77470.7,231132
1787332740,77466.1,77466.1,77364.9,77365,228719
1787332800,77364.9,77365,77225.2,77270.5,574329
1787332860,77270.4,77300,77246.7,77271.6,356671
1787332920,77277.8,77282.2,77208.4,77213.1,232475
1787332980,77213.1,77248.3,77208.2,77212.8,238043
1787333040,77212.8,77226.2,77158.2,77207.6,285916
1787333100,77207.5,77280,77207.5,77255.9,396082
1787333160,77241.6,77342.7,77241.6,77342.6,247739
1787333220,77342.6,77441.6,77326.4,77441.6,284327
1787333280,77441.5,77511.6,77440,77499.9,369720
1787333340,77500,77535.5,77485.5,77535.4,296803
1787333400,77535.4,77572.1,77501.2,77565,278828
1787333460,77565,77570,77501.9,77562.7,384792
1787333520,77562.7,77625,77555,77606.1,240764
1787333580,77606.2,77619.9,77563.8,77590.5,330284
1787333640,77597,77611.8,77568,77610.8,378424
1787333700,77604,77604,77482,77503.4,370561
1787333760,77510.8,77516.6,77461.1,77482,318353
1787333820,77482,77539.2,77480,77539.2,232551
1787333880,77539.2,77590.2,77480.1,77514.5,377062
1787333940,77515.8,77539.4,77493,77522.5,203811
1787334000,77522.6,77536.7,77458.2,77475.6,197475
1787334060,77475.5,77475.5,77420,77447,433729
1787334120,77447,77447,77331.2,77331.2,318576
1787334180,77330.3,77376.7,77308.3,77371.6,353610
1787334240,77371.6,77385,77314.5,77360.5,253333
1787334300,77358,77367.2,77284.3,77288.9,339494
1787334360,77288.9,77344.8,77286.2,77340.5,210355
1787334420,77340.5,77444.4,77340.5,77419.1,175077
1787334480,77419.2,77493,77408.3,77413.7,193741
1787334540,77410.1,77412,77372.1,77391.5,159064
1787334600,77391.5,77424.9,77370,77423.8,131293
1787334660,77422.6,77422.6,77365,77396.8,226917
1787334720,77395.3,77422,77381.5,77397.3,169652
1787334780,77391.9,77405.8,77360.4,77393,109660
1787334840,77387.9,77388,77315.2,77335.4,174694
1787334900,77335.4,77376.4,77328.6,77362.9,71656
1787334960,77362.8,77422,77355.8,77417.7,226652
1787335020,77417.7,77437.6,77401.1,77421.3,170141
1787335080,77421.4,77450.2,77382.5,77403.2,111629
1787335140,77403.2,77416.5,77350.2,77368.4,321578
1787335200,77368.5,77394.7,77353.6,77386.4,95857
1787335260,77386.6,77408.2,77362.8,77391.8,138305
1787335320,77391.8,77448.9,77371.2,77440.9,323847
1787335380,77440.9,77455.2,77413.4,77427.6,206118
1787335440,77432.2,77432.2,77404.8,77409.4,57098
1787335500,77409.4,77470.7,77405.8,77459.4,123299
1787335560,77459.5,77516.3,77454.4,77508.6,375858
1787335620,77504.7,77511.8,77435.7,77445.2,238846
1787335680,77446.6,77462.7,77351.4,77353.8,213267
1787335740,77353.8,77407.3,77320,77320,176126
1787335800,77319.2,77325.8,77292.8,77304.1,193579
1787335860,77297.4,77310.9,77250,77283.2,377538
1787335920,77283.1,77320.5,77244,77320.5,442319
1787335980,77320.4,77369.3,77318.2,77343.2,165851
1787336040,77343.2,77346.8,77291.3,77291.9,98444
1787336100,77291.9,77355.7,77280,77321.4,118369
1787336160,77321.4,77369.2,77294.5,77320,138797
1787336220,77320,77325.6,77237.3,77239.7,249505
1787336280,77239.7,77268.3,77227.8,77262.6,256737
1787336340,77262.6,77392.6,77262.6,77392.5,516583
1787336400,77392.5,77472.1,77372.5,77446.8,505483
1787336460,77446.9,77466.9,77392.6,77409.4,159838
1787336520,77409.4,77433.7,77384.8,77433.7,116772
1787336580,77433.9,77433.9,77391.1,77391.1,94474
1787336640,77393.9,77418,77390.6,77390.7,75327
1787336700,77390.6,77407.3,77379,77380.4,126349
1787336760,77380.4,77419.5,77338.8,77403.5,204535
1787336820,77403.5,77407.1,77376.2,77384.5,54733
1787336880,77384.4,77444,77379.3,77379.3,227272
1787336940,77377.9,77398.5,77340.1,77358.1,92094
1787337000,77358,77366.2,77301.6,77322.9,129198
1787337060,77322.9,77422.1,77322.9,77421,131642
1787337120,77421,77424.1,77308.2,77315.6,95297
1787337180,77308.2,77313.3,77259.4,77306.2,261240
1787337240,77311.7,77330,77259.4,77259.5,93616
1787337300,77259.4,77268.1,77150,77151.1,358088
1787337360,77150,77150,77062.3,77103.6,855245
1787337420,77103.6,77162.3,77095.3,77118.1,492699
1787337480,77120.6,77151.1,77112.8,77142,157744
1787337540,77142,77205.8,77132.3,77195.5,174101
1787337600,77200.7,77208.1,77147.3,77147.4,114517
1787337660,77147.3,77147.4,77081.4,77113.3,188414
1787337720,77113.2,77117.1,76962.7,76992.4,736442
1787337780,77001.2,77003.4,76932.1,76951.5,700414
1787337840,76951.4,76982.1,76826.2,76905.5,1001765
1787337900,76905.8,76907.6,76600,76705.6,3198194
1787337960,76705.6,76768.9,76682.3,76768.9,1441102
1787338020,76768.8,76768.9,76661.6,76732.3,633216
1787338080,76733.4,76756.1,76681.1,76739.6,466624
1787338140,76739.7,76739.7,76626.4,76672.6,426320
1787338200,76672.6,76755.7,76666.1,76732.8,504786
1787338260,76732.7,76845.9,76732.7,76845.9,1008462
1787338320,76845.8,76896.6,76807.9,76896.6,440919
1787338380,76896.6,76915,76715.4,76783.4,874351
1787338440,76783.4,76814.7,76733.9,76813.5,451270
1787338500,76813.5,76911.6,76786.3,76886.5,390693
1787338560,76883.1,76945.9,76883.1,76940.6,320663
1787338620,76940.6,76971.6,76920.7,76929.1,279155
1787338680,76929.2,77057.7,76925.6,77050.7,417067
1787338740,77050.7,77114.8,77021.2,77106.5,739366
1787338800,77106.6,77161,77038.5,77038.5,532576
1787338860,77038.4,77059.1,77015.3,77021.1,281484
1787338920,77021.1,77046.5,76996.4,77018.5,266546
1787338980,77014.2,77029.9,76929.6,76937.5,274311
1787339040,76938.8,76942.8,76858.2,76869.6,273499
1787339100,76869.6,76947.7,76869.6,76885.6,281705
1787339160,76888.9,76891.5,76814.7,76835.1,246022
1787339220,76841,76884,76818.2,76883.9,190482
1787339280,76880.2,77023.1,76880.2,77011.1,292589
1787339340,77018.4,77027.8,76992.9,77021.4,308402
1787339400,77021.4,77039.9,76972.1,77039.2,167581
1787339460,77039,77076.6,77028.4,77074,110838
1787339520,77074.1,77147.2,77063.1,77142,308757
1787339580,77142.1,77142.1,77070.1,77093.2,183513
1787339640,77093.2,77121,77093.2,77101.7,87120
1787339700,77101.6,77102.4,77023.8,77029.8,248432
1787339760,77029.9,77056.8,76990,77006.2,310720
1787339820,77006.1,77006.1,76926.4,76963.8,338326
1787339880,76963.8,77041.8,76963.8,77025.6,218779
1787339940,77026.2,77077.8,77008,77070.1,151701
1787340000,77070,77080,77009.4,77080,124117
1787340060,77080,77103.2,77008.2,77044.5,231270
1787340120,77043.1,77129.1,77043.1,77111.6,280443
1787340180,77111.6,77144.3,77103.1,77141.1,94357
1787340240,77144.3,77195.4,77144.1,77158.8,312478
1787340300,77158.7,77227.8,77158.7,77223.1,364344
1787340360,77223.1,77243.1,77209.7,77220,453849
1787340420,77220,77293.4,77220,77293.4,213654
1787340480,77293.5,77300,77219.8,77263.6,167751
1787340540,77263.7,77292.1,77246.4,77282.2,203032
1787340600,77282.3,77321,77257,77273.6,259507
1787340660,77273.6,77273.9,77227.8,77231.7,188173
1787340720,77240.3,77273.8,77200.2,77200.3,106671
1787340780,77200.2,77215.3,77172.1,77199.7,403963
1787340840,77198.7,77198.7,77150.2,77158.2,294567
1787340900,77156.1,77212.2,77153.4,77192.6,170314
1787340960,77192.5,77192.6,77081.7,77120.3,198641
1787341020,77121.8,77183.5,77121.7,77176.2,210575
1787341080,77176.2,77213.1,77151.3,77203.4,164323
1787341140,77211.2,77211.3,77148.8,77148.8,108644
1787341200,77139.9,77139.9,77053.3,77077,191880
1787341260,77077,77179.7,77077,77150.5,221651
1787341320,77154.1,77177,77088.3,77096.1,156425
1787341380,77096.1,77151.2,77084,77121,152883
1787341440,77124.6,77142.6,77096.3,77136.3,128015
1787341500,77136.5,77136.5,77096.3,77113.9,91369
1787341560,77113.8,77113.9,77050,77076.4,134021
1787341620,77078.5,77208.2,77063.3,77185.2,201866
1787341680,77179.1,77214.2,77143,77183.9,215394
1787341740,77181,77196.6,77145.5,77174.1,177629
1787341800,77174.1,77174.1,77072.1,77110.3,229503
1787341860,77110.2,77189.4,77087.3,77161.6,141388
1787341920,77161.9,77165.5,77116.3,77119.3,132274
1787341980,77119.3,77136.7,77064.5,77089.4,207991
1787342040,77082,77144.2,77074.3,77126,142816
1787342100,77126,77126,77080.2,77097.6,152830
1787342160,77095.2,77095.2,77038.5,77069.6,138548
1787342220,77073.6,77079.6,77022.2,77029.9,243805
1787342280,77034.7,77034.8,76973.9,76999.5,217941
1787342340,77003.1,77024.6,76972.3,76991.8,840872
1787342400,76991.7,77009.4,76814.8,76943.3,680587
1787342460,76945.9,76974.2,76887.4,76896.7,868360
1787342520,76896.6,77009.8,76891.5,77009.8,483724
1787342580,77009.7,77059.6,77009.7,77040.6,230425
1787342640,77037.4,77139.6,77031.1,77131.9,279896
1787342700,77131.8,77131.8,76967.5,76967.6,298860
1787342760,76967.6,76972.3,76916.5,76937.7,280418
1787342820,76937.7,77056.2,76928.2,77043.8,513534
1787342880,77043.9,77126.1,76978.4,77111,483329
1787342940,77111.1,77126.1,77050.3,77086.5,251092
1787343000,77082.9,77259.3,77022.5,77225.8,646667
1787343060,77228,77228,77166.1,77166.1,512785
1787343120,77166.1,77258.2,77166.1,77258.1,246610
1787343180,77258.2,77266.2,77211.7,77213.1,159324
1787343240,77227.2,77248,77200.3,77237.4,199021
1787343300,77237.5,77346.3,77237.4,77346.3,204517
1787343360,77346.4,77380,77342.7,77375.3,436089
1787343420,77375.3,77460.8,77375.3,77460.7,477177
1787343480,77460.8,77460.8,77372.4,77390.7,416584
1787343540,77390.1,77418.6,77376.6,77376.6,254142
1787343600,77388.2,77407.1,77346.6,77354.2,173259
1787343660,77354.3,77439.8,77346.4,77429,178118
1787343720,77433.1,77457.3,77364.9,77406.9,298200
1787343780,77411.3,77444.1,77344.6,77381.4,270693
1787343840,77399.1,77495.5,77393,77479.6,365721
1787343900,77479.6,77486.8,77385.1,77400.2,287055
1787343960,77400.1,77422.8,77372.9,77404.9,137252
1787344020,77405,77472.1,77351.2,77469.1,115747
1787344080,77470.8,77470.8,77392.6,77406.8,126741
1787344140,77406.8,77454,77365.3,77454,77121
1787344200,77454,77481.2,77435.4,77481.2,123284
1787344260,77481.2,77495.8,77452,77486.3,271508
1787344320,77486.4,77486.4,77440.1,77479.6,172585
1787344380,77475.3,77495.7,77452.1,77465.5,168968
1787344440,77465.5,77487.5,77435.9,77487.5,75716
1787344500,77487.5,77487.5,77424.1,77445.5,91074
1787344560,77445.4,77492.4,77435.1,77492.3,173126
1787344620,77492.4,77492.4,77400.2,77419.6,147878
1787344680,77419.5,77423.5,77323.6,77329.9,170551
1787344740,77325.4,77377.7,77302,77357.6,159293
1787344800,77357.6,77424.1,77357.5,77424,166659
1787344860,77423.9,77472.1,77415.8,77431.3,151778
1787344920,77431.4,77467.3,77419.4,77462.2,111814
1787344980,77462.1,77464,77435.5,77456.8,72663
1787345040,77456.8,77484.7,77427.9,77435.2,234016
1787345100,77435.3,77462.5,77377.8,77414.7,120750
1787345160,77414.8,77429.6,77342.1,77342.1,172117
1787345220,77342,77353.8,77304.8,77332.3,168753
1787345280,77332.2,77370.9,77270.5,77370.9,215352
1787345340,77370.9,77390.1,77337,77390.1,92773
1787345400,77390,77432.9,77366.2,77421.2,104072
1787345460,77421.2,77508.2,77421.2,77488.3,196364
1787345520,77485.5,77485.5,77430.7,77454.6,148381
1787345580,77454.5,77493.1,77440,77488.4,148945
1787345640,77488.4,77494.9,77453.6,77453.7,140663
1787345700,77453.7,77480.7,77444,77480.7,157227
1787345760,77476.2,77481,77450.6,77475.7,78093
1787345820,77464.2,77470.5,77427.8,77456.3,112111
1787345880,77458.4,77484.6,77450.9,77478.5,99656
1787345940,77478.5,77480,77450,77474.7,30235
1787346000,77474.7,77479.9,77425.1,77430,67480
1787346060,77423.6,77479.9,77420,77462.9,103010
1787346120,77462.9,77462.9,77413.8,77430.8,128414
1787346180,77423.6,77447.9,77418.9,77429.6,47860
1787346240,77424.6,77456.2,77424.6,77438.3,32239
1787346300,77438.2,77451.7,77415.1,77426.2,27204
1787346360,77426.1,77452.2,77389.9,77389.9,50026
1787346420,77387.4,77439.9,77341,77422.2,205403
1787346480,77427.1,77433.2,77372.4,77384.5,157687
1787346540,77384.4,77413.9,77367.2,77400.4,97506
1787346600,77400.4,77582,77396.4,77567.5,391070
1787346660,77567.4,77733.3,77527.9,77637.8,1404937
1787346720,77637.8,77789.4,77540,77564.3,1621112
1787346780,77562.4,77708.3,77560.4,77708.3,808377
1787346840,77708.4,77746.2,77643.9,77649.3,311123
1787346900,77648,77655.4,77550.3,77638,254713
1787346960,77630.2,77664.9,77586.3,77635.2,348940
1787347020,77630.7,77666.6,77608.3,77629.3,212844
1787347080,77629.2,77655,77619.7,77646.5,163000
1787347140,77643.2,77688.7,77614.3,77685.6,105055
1787347200,77685.7,77689.4,77540.9,77640.5,292892
1787347260,77640.5,77707.6,77640.5,77707.3,208278
1787347320,77701.3,77756.1,77670.7,77756,192442
1787347380,77756.1,77940,77741.2,77883.8,1261085
1787347440,77883.9,78054,77876.5,78015.2,1906388
1787347500,78010.1,78010.1,77886.4,77906.3,1221909
1787347560,77907.8,78018.4,77879.7,77990,883059
1787347620,77993.2,78169.2,77969.7,78122,1153583
1787347680,78121.9,78187.9,78080.7,78135.4,1355059
1787347740,78135.4,78144.6,78002.8,78071.1,485933
1787347800,78067.9,78258.8,78067.9,78145.3,1296275
1787347860,78145.4,78171.9,78077.8,78141,942298
1787347920,78140.9,78346.2,78098.1,78287.3,873366
1787347980,78287.3,78486.1,78284.9,78356.7,2009714
1787348040,78356.7,78432.4,78301.8,78397.6,1203460
1787348100,78397.6,78443.7,78207.4,78207.4,898058
1787348160,78207.4,78207.5,78065.8,78108.2,708686
1787348220,78108.3,78195.9,78087.5,78096.4,832710
1787348280,78096.5,78158.2,78023.3,78043.6,718850
1787348340,78043.6,78095.9,77964,77991,650941
1787348400,77991.1,78169.5,77950.6,78087.1,871683
1787348460,78087,78148.3,78085.9,78139.1,725671
1787348520,78139.1,78177.6,78093.2,78177.6,265038
1787348580,78177.5,78234.4,78167.5,78223.7,348318
1787348640,78223.6,78223.6,78159.3,78212.9,320003
1787348700,78212.8,78385.2,78212.8,78384,501626
1787348760,78385.1,78387.2,78200,78222,566624
1787348820,78222.1,78250.3,78200.1,78200.1,336846
1787348880,78200.1,78321.9,78183.8,78314.9,206617
1787348940,78312.1,78332.6,78269.5,78314.5,260253
1787349000,78314.4,78338.9,78240.1,78338.9,221342
1787349060,78339,78356.8,78241.1,78270.1,473215
1787349120,78270.2,78555,78270.2,78524.9,1247229
1787349180,78523.6,78523.6,78363.5,78409.2,966790
1787349240,78409.1,78649.7,78377.2,78629.8,929688
1787349300,78629.9,78662.2,78512.1,78535.1,1223953
1787349360,78535.1,78579.3,78392,78392.5,833898
1787349420,78392,78467.3,78385.3,78448.2,551617
1787349480,78448.2,78472.1,78417.6,78422.2,350490
1787349540,78422.2,78497.4,78416.7,78485,248875
1787349600,78485,78511.1,78411.3,78430.5,403950
1787349660,78430.5,78430.5,78150.2,78171.6,811909
1787349720,78171.5,78338.7,78137.5,78321.5,876362
1787349780,78321.6,78466.3,78313.6,78424.3,702744
1787349840,78428.4,78450.7,78335.7,78359.8,449086
1787349900,78359.7,78505.3,78304.1,78497.5,436150
1787349960,78497.3,78614,78469,78576.3,730945
1787350020,78566.4,78729.6,78566.4,78695.7,1201891
1787350080,78695.6,78695.6,78546.8,78560.2,1194829
1787350140,78560.2,78745,78546.6,78703.7,487578
1787350200,78707.1,78725.2,78551,78602.4,556323
1787350260,78602.4,78667.9,78585.2,78612.2,450939
1787350320,78612.2,78684.2,78575,78638.1,319785
1787350380,78638,78687.7,78572.1,78671.4,190927
1787350440,78671.4,78733.6,78612.4,78733.6,287512
1787350500,78722.4,78722.4,78588.8,78612.9,598336
1787350560,78610.1,78699.1,78560.9,78595,608389
1787350620,78594.9,78594.9,78427.8,78532.4,622183
1787350680,78530.8,78605.3,78485.3,78594.3,408315
1787350740,78594.2,78606.1,78511.2,78585.7,385783
1787350800,78585.6,78585.6,78449.3,78485.4,325839
1787350860,78482.2,78482.2,78312.6,78470.8,366694
1787350920,78467.3,78644.6,78419.5,78638.3,409103
1787350980,78634.8,78666.2,78472.2,78488.2,479532
1787351040,78488.2,78602.6,78482.7,78504.5,496990
1787351100,78504.6,78623,78464.6,78612.6,347839
1787351160,78614.6,78640,78580.8,78589.1,269627
1787351220,78589.1,78600.4,78502.7,78502.7,242984
1787351280,78502.7,78511.2,78431,78475.9,194160
1787351340,78479.6,78484.1,78440.8,78483.9,162032
1787351400,78483.9,78511.2,78225,78244.3,475676
1787351460,78241.3,78306.2,78056.8,78235.2,1955129
1787351520,78235.2,78272.1,78159.4,78271.7,1109584
1787351580,78271.6,78358.2,78264.7,78343.8,438266
1787351640,78343.8,78358.1,78282.3,78285.8,197286
1787351700,78285.9,78314.4,78245.4,78296.6,237388
1787351760,78296.6,78425,78282,78412,271106
1787351820,78411.7,78445.7,78384.2,78413.3,226186
1787351880,78406.6,78485.4,78401.1,78453.9,511630
1787351940,78453.9,78499.9,78411.8,78432.4,375796
1787352000,78433.5,78497.9,78428.2,78475.4,161702
1787352060,78475.5,78508.2,78443.9,78465.1,155016
1787352120,78465.1,78524.2,78385.1,78501.4,172322
1787352180,78501.4,78565.9,78452.9,78452.9,281828
1787352240,78453,78520.9,78453,78488.1,172112
1787352300,78481.1,78481.1,78330.2,78335.2,243755
1787352360,78337.8,78391.6,78261.7,78379.8,262452
1787352420,78382,78399.7,78350.5,78383.5,193008
1787352480,78383.4,78400,78313.5,78350.2,569248
1787352540,78347.4,78347.4,78247,78266.4,201019
1787352600,78260.6,78279.7,78219.9,78265.4,238859
1787352660,78257.4,78449.3,78257.4,78428,324697
1787352720,78424.7,78572.9,78421.9,78488.4,1079262
1787352780,78492.3,78600.2,78489.5,78524,444244
1787352840,78524.1,78567.8,78517.4,78527.1,226548
1787352900,78527.2,78539.1,78501.9,78523.8,160896
1787352960,78523.7,78559.7,78472.1,78515.6,312829
1787353020,78519.4,78533.1,78458.2,78468.7,242693
1787353080,78463.4,78504.1,78429.1,78447.7,192662
1787353140,78447.8,78474.7,78396,78440,82416
1787353200,78440,78450.1,78322.6,78322.6,198444
1787353260,78322.1,78433.8,78307.4,78388.2,180806
1787353320,78388.1,78410.4,78325,78374.3,211940
1787353380,78374.2,78438.5,78345,78362,131032
1787353440,78362.1,78406.6,78320.1,78349.1,314452
1787353500,78349,78440,78337.7,78420.1,184364
1787353560,78426.6,78442.6,78404.1,78439.7,200732
1787353620,78442.6,78504.5,78440.9,78492.7,129206
1787353680,78492.8,78508.2,78422.7,78497,238698
1787353740,78496.9,78527.8,78441.1,78498.7,227210
1787353800,78493.5,78520.4,78462,78474.1,193222
1787353860,78482.4,78594.6,78479.6,78553.8,191335
1787353920,78550.7,78550.7,78490.7,78513.9,306915
1787353980,78514.9,78517.2,78453.2,78453.2,150231
1787354040,78452.8,78524.8,78446.5,78515.8,98975
1787354100,78515.8,78596.2,78501.7,78592.5,220869
1787354160,78588.4,78649.5,78567.3,78596.8,522010
1787354220,78596.8,78680.8,78596.6,78624.6,495603
1787354280,78628.2,78660.9,78591.5,78639.9,266859
1787354340,78639.9,78639.9,78601,78610.3,139372
1787354400,78607.6,78698,78595.7,78606.8,335438
1787354460,78601.6,78608.2,78529.4,78601.9,398128
1787354520,78602,78702.4,78597.9,78654.8,428580
1787354580,78654.9,78654.9,78600.1,78630.4,241377
1787354640,78630.4,78654.4,78580.5,78654.3,164911
1787354700,78654.4,78666,78585.2,78589.1,154834
1787354760,78590.2,78610.5,78551.3,78551.3,73985
1787354820,78554.7,78554.7,78404.1,78414,779162
1787354880,78410.6,78411.4,78321,78370.9,823434
1787354940,78371,78408,78364.5,78379.8,1050381
1787355000,78379.9,78413,78376,78397.7,389443
1787355060,78397.7,78488.9,78397.7,78427.8,138384
1787355120,78422.9,78483.1,78376,78414.9,176985
1787355180,78414.9,78437.4,78378.8,78383.2,221686
1787355240,78378.8,78378.8,78327.8,78370.4,264662
1787355300,78370.4,78404.3,78334.8,78343,270750
1787355360,78341.3,78341.3,78279,78297.4,271838
1787355420,78297.3,78314,78254,78267.1,236427
1787355480,78263.8,78290.8,78238.9,78245.7,186339
1787355540,78241.5,78249.6,78172.6,78196.4,319529
1787355600,78198.7,78277.4,78123.5,78187.4,491284
1787355660,78187.4,78213.9,78160.5,78160.5,246316
1787355720,78160.6,78165.7,78087.1,78127.6,271282
1787355780,78137.5,78296.4,78126.1,78279.1,380021
1787355840,78279.1,78372.1,78271,78350.7,496870
1787355900,78354.5,78381.3,78308.2,78308.3,451533
1787355960,78308.3,78329.9,78276.8,78276.8,164380
1787356020,78272.6,78273.1,78212.5,78213.3,171174
1787356080,78220.3,78242.4,78212.5,78228.6,105375
1787356140,78231.8,78260,78214.4,78232,156677
1787356200,78229.4,78230.5,78123.4,78123.4,203403
1787356260,78122.5,78200,78083.2,78200,396641
1787356320,78200,78271.1,78200,78259.3,364665
1787356380,78259.3,78330,78254,78295.7,242918
1787356440,78295.7,78295.7,78241.8,78281,168995
1787356500,78279.9,78279.9,78234.7,78247.6,122383
1787356560,78247.6,78259.1,78229.6,78252.4,110541
1787356620,78252.4,78338,78252.4,78294.7,213310
1787356680,78292.1,78329.8,78277.8,78329.8,132832
1787356740,78329.7,78333.7,78302,78306.4,83556
1787356800,78306.5,78333.7,78248.5,78269.6,118728
1787356860,78269.6,78431,78267.4,78431,425134
1787356920,78431.5,78479.4,78399.2,78429.5,409626
1787356980,78429.4,78455.6,78137.5,78151.3,435186
1787357040,78151.7,78155.2,78059.1,78155.2,855340
1787357100,78155.1,78155.1,77881.5,77962.3,1435334
1787357160,77962.3,77968.4,77760,77842.3,2546130
1787357220,77842.3,77871.7,77722.8,77777.8,1250810
1787357280,77777.8,77850,77691.5,77849.9,731737
1787357340,77849.9,77863.6,77809.9,77863.6,542140
1787357400,77863.5,77980.2,77840,77980.1,740920
1787357460,77971.5,77973.9,77880,77901.3,473871
1787357520,77901.3,77904.1,77830,77830,263266
1787357580,77827.9,77855.5,77777.8,77799.8,312594
1787357640,77799.8,77929.9,77799.8,77883.2,328318
1787357700,77883.1,77977.7,77827.3,77977.7,386113
1787357760,77977.6,78046.9,77961,78043.8,666177
1787357820,78043.8,78063,77952.2,77956.3,360696
1787357880,77956.3,78004.5,77936.2,77993.5,176074
1787357940,77993.6,78041,77992.9,78038.5,128312
1787358000,78038.4,78075.7,78023.9,78043.4,166938
1787358060,78033.5,78070.4,78027.8,78036.7,94857
1787358120,78036.7,78050.2,78000.3,78041.3,87135
1787358180,78041.2,78077.8,78020.9,78047.6,128784
1787358240,78039,78072.1,78004.9,78057,172927
1787358300,78055.4,78058.1,78018.2,78038.9,166337
1787358360,78038.9,78054.1,77902.8,77910.5,200973
1787358420,77910.4,78027.8,77910.4,78010.4,466435
1787358480,78010.4,78038.4,77988.8,78032.4,213067
1787358540,78032.3,78044.8,77872.1,77891.9,167132
1787358600,77891.8,77986.9,77879.7,77965.6,242707
1787358660,77965.6,78017,77959,78011.7,123223
1787358720,78015.8,78015.8,77894.1,77902.3,116109
1787358780,77902.3,77980.6,77850,77980.6,138123
1787358840,77980.5,78027.3,77861.6,77884.7,517406
1787358900,77893.5,77932.3,77866.3,77922.9,176568
1787358960,77923,77986.7,77901.7,77950.9,106743
1787359020,77950.9,77955.6,77894.3,77913.6,111376
1787359080,77910.7,77954.4,77900.1,77950.8,100285
1787359140,77949.2,77969.1,77894.5,77894.5,148845
1787359200,77894.5,77913.8,77877.6,77877.6,110540
1787359260,77877.7,77881.9,77750.2,77757.1,322929
1787359320,77757.2,77797.8,77732.1,77759,304852
1787359380,77759.1,77796.2,77720,77773.8,289822
1787359440,77777.2,77822.1,77754.4,77806.6,283362
1787359500,77798.4,77822.1,77705.1,77705.1,209222
1787359560,77705.1,77800.2,77705.1,77795.5,503627
1787359620,77795.6,77872.1,77795.6,77817.9,297722
1787359680,77813.1,77836.7,77650.8,77683.9,537445
1787359740,77677.8,77802.9,77651.4,77789.3,926591
1787359800,77788,77839.5,77758.6,77774.9,267989
1787359860,77775.3,77785,77720,77731.3,185897
1787359920,77731.2,77808.2,77725.2,77800.5,145455
1787359980,77804,77832.5,77783.3,77826.2,133113
1787360040,77826.1,77831.8,77789.1,77817,117950
1787360100,77817,77922.1,77807.1,77910,208841
1787360160,77910.1,77950.2,77906.3,77924.5,300109
1787360220,77924.5,77966.2,77904.4,77946.1,442159
1787360280,77946.1,77946.1,77829.9,77886.1,390369
1787360340,77882.3,77925.3,77882.3,77917.3,124900
1787360400,77921.3,77925.3,77902.5,77916,128220
1787360460,77916,77980,77868.7,77980,219688
1787360520,77980,77980,77922.2,77949.2,231418
1787360580,77949.3,77980.1,77929.7,77979.4,249841
1787360640,77980.1,78056.8,77945.7,78056.7,216829
1787360700,78056.4,78107.9,78027.1,78100.3,261475
1787360760,78105.8,78111.3,78039.3,78039.3,442965
1787360820,78039.4,78108,78030.9,78097.9,293211
1787360880,78097.9,78116.4,78060,78079,192036
1787360940,78079.1,78079.1,78037.5,78053,160284
1787361000,78053,78170,78040.4,78149.4,278918
1787361060,78149.3,78149.3,78101.5,78108.8,243432
1787361120,78108.8,78108.8,78050.3,78069.4,159160
1787361180,78069.5,78137.2,78061.4,78137.2,120032
1787361240,78137.2,78137.2,78058.6,78078.2,187490
1787361300,78078.1,78139.7,78071.7,78113,117571
1787361360,78112.9,78140.7,78075.4,78102.9,187724
1787361420,78102.9,78111,77992.1,78012.6,272118
1787361480,78012.6,78012.6,77963.2,77994.9,206106
1787361540,77992.3,78027.7,77950.3,77973.5,201930
1787361600,77971.4,77996.6,77936.6,77936.6,184910
1787361660,77936.6,77962.3,77908.2,77941.5,114386
1787361720,77941.5,77969.2,77855,77920.6,201010
1787361780,77920.6,77933.3,77876.3,77918.7,358757
1787361840,77918.7,77992,77907,77969.5,166116
1787361900,77969.5,78018.8,77969.5,78004.3,118687
1787361960,78004.3,78017.5,77934.3,78005,77399
1787362020,78005,78012.8,77977,78012.7,48994
1787362080,78012.7,78018.4,77984.1,77990.8,44362
1787362140,77990.8,77990.8,77960.5,77979.3,47955
1787362200,77979.3,78012.1,77979.3,78012.1,56385
1787362260,78013.7,78027.2,77999.1,78013.5,76104
1787362320,78014.7,78148,78008.3,78136.7,163495
1787362380,78136.8,78210.3,78136.8,78158.8,543704
1787362440,78158.8,78205.9,78084.9,78097,329192
1787362500,78100.6,78103.6,78050.2,78088.8,277331
1787362560,78097.3,78144.3,78097.2,78108,124664
1787362620,78108,78140,78030,78031,186647
1787362680,78031.1,78097.5,78008.2,78016.2,116781
1787362740,78016.1,78019.7,77968,77982.5,194581
1787362800,77982.6,78018.9,77968.1,78018.8,74152
1787362860,78018.7,78029.9,77955,77962.1,115684
1787362920,77962,77991.7,77916.6,77984.5,122652
1787362980,77984.5,77992,77888.1,77894.2,180952
1787363040,77894.2,77908.9,77861.9,77886.3,201229
1787363100,77886.2,77939,77882.8,77914.2,277768
1787363160,77914.2,77934.4,77880.1,77914.4,174121
1787363220,77914.5,77944.4,77897.7,77897.7,101443
1787363280,77893.7,77897.8,77822.1,77836.1,122021
1787363340,77836,77864.2,77802.5,77805.6,174069
1787363400,77810.6,77834,77792.8,77834,254415
1787363460,77836.7,77864.5,77826.9,77835.8,137687
1787363520,77835.8,77840.4,77780.1,77805.4,121219
1787363580,77805.5,77844.8,77793.9,77838.7,106558
1787363640,77839.1,77858.1,77829.1,77849.4,173635
1787363700,77849.4,77901.8,77849.4,77901.8,113149
1787363760,77901.7,77959.9,77888.4,77959.3,103752
1787363820,77959.2,77977,77924.4,77938.4,96193
1787363880,77938.5,77961.3,77924.4,77946.5,165063
1787363940,77946.6,77982.7,77785,77796.6,254747
1787364000,77796.5,77895,77753.4,77894.9,396479
1787364060,77894.6,77903.9,77822.1,77871.6,203120
1787364120,77875.8,77890.9,77855.4,77890.8,122836
1787364180,77890.8,77954.7,77867.4,77949.3,75033
1787364240,77952.8,77967.4,77924.7,77943.7,138286
1787364300,77943.8,78002.9,77937,78002.9,259570
1787364360,78002.9,78034.4,77901,77938.2,196140
1787364420,77938.2,78022,77933,77981,251917
1787364480,77981,77988.4,77953.1,77984.8,81052
1787364540,77984.9,78008.2,77960.7,77992.2,54616
1787364600,77992.2,78030,77986.5,78015.3,76522
1787364660,78012.3,78056.8,78012.3,78056.7,139335
1787364720,78056.7,78056.8,78015.3,78042.4,78185
1787364780,78042.5,78082.8,78024.8,78058.1,151068
1787364840,78058.1,78075.9,78018.8,78027.6,109684
1787364900,78027.6,78135,78006.6,78132.3,377391
1787364960,78132.3,78135,78077.8,78134.9,196475
1787365020,78135,78177.8,78125.8,78165.8,156568
1787365080,78165.7,78177.6,78111.3,78128.6,208343
1787365140,78128.7,78131.9,78080,78085.6,172613
1787365200,78085.6,78148.2,78076.6,78122.2,126253
1787365260,78128.7,78176.5,78111.1,78122.7,132174
1787365320,78121.7,78165.9,78112,78150.3,94771
1787365380,78154.2,78154.2,78112.1,78125.8,93451
1787365440,78125.8,78176,78123.1,78168,71577
1787365500,78168.1,78262.3,78152.2,78249.2,286973
1787365560,78249.2,78256,78222.1,78253.3,208437
1787365620,78253.3,78330,78246.4,78300,460891
1787365680,78303.7,78398.9,78282.5,78390.9,608265
1787365740,78391,78452.6,78351.3,78351.3,846829
1787365800,78351.3,78430.2,78339,78427,602624
1787365860,78425.5,78457.8,78410.2,78454.9,260057
1787365920,78449.9,78483.6,78344.6,78347.4,344851
1787365980,78347.4,78377.6,78263.9,78268.9,506104
1787366040,78269,78287.8,78242.1,78262.8,327427
1787366100,78262.8,78262.9,78127.1,78238.4,658897
1787366160,78238.4,78279.8,78204.1,78279.8,251038
1787366220,78279.8,78311.6,78257.5,78292.9,248615
1787366280,78292.9,78360,78231,78339.6,271251
1787366340,78337.8,78384.7,78337.8,78384.7,311062
1787366400,78384.7,78396.4,78357.2,78391.8,152512
1787366460,78391.8,78430,78379,78379,158465
1787366520,78378.9,78396.8,78358.3,78361.1,154929
1787366580,78361,78427.8,78316,78417.3,259803
1787366640,78417.2,78489.9,78409.6,78483.5,436190
1787366700,78483.5,78519.9,78392.8,78419.1,535775
1787366760,78423.1,78423.1,78352.8,78370.2,280911
1787366820,78366.8,78366.9,78300,78316.7,216540
1787366880,78316.6,78327.7,78277.5,78320.3,450684
1787366940,78320.4,78349,78299,78347.3,222104
1787367000,78347.4,78408.2,78301.7,78396.4,290663
1787367060,78395.6,78420,78360.1,78408.5,161379
1787367120,78408.5,78429.9,78375.5,78422.1,152708
1787367180,78422.1,78468.1,78400,78462.8,248070
1787367240,78463.9,78465,78410.1,78410.1,181069
1787367300,78410.2,78449.6,78394.1,78442,136479
1787367360,78439.1,78491.5,78415.9,78475.8,163373
1787367420,78475.9,78544,78458.6,78463.7,378927
1787367480,78463.7,78463.7,78399.4,78412.4,326253
1787367540,78412.5,78457.5,78412.5,78457.5,166023
1787367600,78457.4,78468.2,78391.6,78423.3,100407
1787367660,78423.3,78486,78404.1,78481.1,139027
1787367720,78481.1,78500,78481.1,78499.9,54684
1787367780,78499.9,78554,78499.9,78540.4,235171
1787367840,78540.4,78592.1,78524.1,78538.3,380744
1787367900,78538.1,78593.3,78538.1,78558,205067
1787367960,78558,78664.8,78555.8,78650.2,629189
1787368020,78650.3,78678.4,78580,78580,723623
1787368080,78580,78587.6,78552.5,78556.6,349598
1787368140,78556.6,78581.8,78527.2,78527.2,155573
1787368200,78527.2,78527.3,78450.3,78476.4,462466
1787368260,78474.2,78483.4,78409.1,78428.1,391812
1787368320,78419.6,78419.6,78365.9,78399.9,213741
1787368380,78399.9,78399.9,78338.4,78396.9,357002
1787368440,78399.2,78422.1,78368.5,78368.6,172336
1787368500,78368.5,78427.6,78340,78427.6,284363
1787368560,78427.6,78471.5,78419.2,78464.1,154054
1787368620,78464.2,78499.6,78440,78499.6,236085
1787368680,78499.6,78524.6,78493.7,78516.9,201863
1787368740,78512.9,78578.5,78512.9,78568.9,177674
1787368800,78564.6,78590.9,78476,78476.1,282568
1787368860,78476.1,78577.8,78472.2,78566.5,286177
1787368920,78566.5,78581.6,78552.1,78581.5,213182
1787368980,78581.5,78581.5,78550.8,78553.9,267114
1787369040,78556.2,78576.5,78535.8,78565.8,107258
1787369100,78565.8,78692.4,78565.7,78689.5,375464
1787369160,78689.5,78741.4,78615.8,78666.3,624286
1787369220,78666.4,78719.9,78651.1,78703,419082
1787369280,78703.1,78716.3,78685.8,78694.5,367259
1787369340,78694.5,78767,78679,78731.2,541772
1787369400,78731.3,78762.7,78716.1,78758.3,713498
1787369460,78758.2,78816,78722.1,78728.2,608443
1787369520,78728.3,78735.3,78664.1,78664.1,446364
1787369580,78664.1,78669.9,78627.9,78652.8,244154
1787369640,78652.8,78652.8,78615,78646.6,207879
1787369700,78646.6,78727.8,78646.6,78702.2,321034
1787369760,78706.8,78725.6,78659.2,78696,245505
1787369820,78695.9,78712.6,78670.6,78691.4,212817
1787369880,78684.9,78690.7,78670,78673.3,211277
1787369940,78673.3,78682.5,78643.7,78661.4,225749
1787370000,78661.5,78661.5,78593.9,78614,134595
1787370060,78614,78622.4,78522.1,78559.3,223987
1787370120,78559.2,78640,78559,78609.7,528381
1787370180,78609.7,78614.7,78547.5,78582.4,210455
1787370240,78582.4,78619.3,78573.2,78619.2,124117
1787370300,78619.2,78619.2,78529.9,78567.1,192327
1787370360,78567.2,78614.7,78560.1,78569.8,287513
1787370420,78569.8,78598.9,78561.1,78588.2,116349
1787370480,78585.5,78594.9,78563.1,78569,105060
1787370540,78569,78569.1,78519.9,78532,92525
1787370600,78531.9,78616,78531.9,78616,191938
1787370660,78616,78669.7,78615.3,78649.8,131561
1787370720,78650,78659,78560.1,78568.6,158347
1787370780,78568.5,78608.1,78561.1,78598.5,169496
1787370840,78598.4,78598.4,78520,78526,138932
1787370900,78526,78534.1,78468.4,78479.9,468999
1787370960,78473,78473,78359,78425.6,383934
1787371020,78425.7,78472.1,78421.2,78448.4,359034
1787371080,78448.4,78453.8,78377.9,78384.7,180801
1787371140,78384.6,78394.9,78372.1,78386.6,161429
1787371200,78386.6,78434.5,78386.6,78434.4,149827
1787371260,78434.5,78446.6,78345.9,78361.2,149560
1787371320,78361.2,78365.6,78229.3,78257.8,401105
1787371380,78257.9,78282,78210.5,78282,478066
1787371440,78281.9,78360.8,78266.7,78360.8,308353
1787371500,78360.8,78416.8,78360.7,78376.8,190338
1787371560,78376.7,78386.8,78252.4,78263.3,273916
1787371620,78263.3,78269.4,78227.8,78261.2,342760
1787371680,78261.1,78315.1,78256.9,78282,233727
1787371740,78281.9,78307.1,78259.7,78307.1,304962
1787371800,78307.1,78350.2,78305.4,78339.4,138228
1787371860,78339.3,78365,78306,78364.9,116458
1787371920,78365,78380.1,78346.5,78357.6,133319
1787371980,78357.5,78369.7,78349.5,78361.4,78329
1787372040,78361.5,78398.4,78360.6,78377.3,96794
1787372100,78377.3,78377.3,78300,78327,134619
1787372160,78327,78347,78258.5,78289.9,307296
1787372220,78289.9,78304.1,78220.7,78245.3,171803
1787372280,78245.2,78267.1,78205,78205,376129
1787372340,78205.1,78237,78170.3,78230.9,378978
1787372400,78230.9,78325.5,78230.9,78318.9,243570
1787372460,78318.9,78377.8,78262.1,78371.5,264121
1787372520,78371.5,78458.2,78337.1,78433,242633
1787372580,78433.1,78511.2,78433.1,78472.5,468254
1787372640,78472.4,78493.3,78452.7,78467.1,155124
1787372700,78474.3,78512,78458.5,78496.8,111660
1787372760,78491,78550,78491,78534,208099
1787372820,78533.9,78542.4,78489.7,78489.7,98641
1787372880,78489.8,78525.8,78489.7,78500.9,240810
1787372940,78501,78571.6,78500.9,78568.3,166535
1787373000,78568.3,78575.5,78489,78507.6,243977
1787373060,78507.6,78577.8,78495.9,78568.9,147870
1787373120,78568.9,78660.8,78561.4,78625,310097
1787373180,78625.1,78650,78594.5,78594.5,338773
1787373240,78594.6,78713.6,78584,78668.6,534226
1787373300,78671,78675.1,78581.6,78653.6,564192
1787373360,78657.4,78710.9,78651,78663,277707
1787373420,78670.2,78707.9,78656.6,78699.2,125614
1787373480,78699.2,78744.6,78682.4,78725.3,360820
1787373540,78729.2,78729.4,78642,78642.1,356177
1787373600,78642.1,78686,78626.1,78673.2,194534
1787373660,78673.1,78779,78663.3,78744,299967
1787373720,78744,78798.3,78731.2,78744.2,515293
1787373780,78744.2,78753.9,78678.2,78710.2,368884
1787373840,78710.2,78710.2,78619,78633.4,383606
1787373900,78633.4,78668.3,78517.6,78648.9,665705
1787373960,78645.2,78668.6,78604.3,78623.5,345064
1787374020,78623.5,78649.6,78586.8,78586.8,256134
1787374080,78586.8,78586.9,78516.5,78526.4,202934
1787374140,78526.4,78581.5,78500,78543.7,350999
1787374200,78543.7,78551.2,78500.1,78511.3,283209
1787374260,78511.4,78535.2,78463.4,78482.8,215204
1787374320,78482.8,78497.5,78462.5,78485.1,213349
1787374380,78485.1,78537.7,78461,78511.5,264370
1787374440,78511.6,78522.3,78496.9,78509.3,92125
1787374500,78509.4,78527.8,78475,78527.8,121592
1787374560,78527.7,78538.3,78480.1,78497.5,161366
1787374620,78497.5,78522.2,78460,78503.5,282927
1787374680,78503.4,78507.5,78430,78472.2,219715
1787374740,78472.2,78485.1,78435.9,78436,206290
1787374800,78436,78524.4,78407.4,78524.4,360429
1787374860,78524.4,78537.2,78481.8,78524.3,302384
1787374920,78524.3,78544.2,78472.3,78538.1,254688
1787374980,78538.1,78566,78512.2,78512.3,286407
1787375040,78512.3,78559.5,78486,78486.1,238957
1787375100,78486.1,78518.5,78419.6,78508.1,208814
1787375160,78508.1,78538,78481.7,78503.5,239898
1787375220,78503.5,78510.9,78228,78253.2,869151
1787375280,78253.2,78260.3,78105,78121.3,1760920
1787375340,78121.3,78134,77778.4,77795,6397781
1787375400,77795.8,77825.7,76643.2,76733.1,9455260
1787375460,76733.2,77069.8,76448,77069.7,7523492
1787375520,77069.7,77380.6,77063.9,77335.7,5228998
1787375580,77335.8,77384.3,77147.5,77288.7,3944588
1787375640,77288.6,77413.4,77257.4,77308.1,6677156
1787375700,77308,77520,77300.1,77437.2,2371564
1787375760,77437.2,77437.2,76716.2,77027.8,4322700
1787375820,77027.7,77280.5,76993,77228,3229508
1787375880,77228,77265.1,77083.8,77108.8,1470382
1787375940,77108.8,77134.3,76939.7,76944.9,1495223
1787376000,76944.9,77185.2,76939.7,77183.1,1074015
1787376060,77179.8,77263.2,76893.1,76922.7,1268368
1787376120,76922.7,76985,76751.2,76820.9,1986027
1787376180,76820.9,77036.4,76820.9,77029.1,1255878
1787376240,77029.1,77103.4,77029.1,77039.2,957845
1787376300,77042.4,77140.8,77019.3,77132.2,882521
1787376360,77132.3,77244,77109,77231.2,855953
1787376420,77231.2,77266,77194.3,77194.4,638520
1787376480,77194.1,77280,77168.5,77264.9,845842
1787376540,77267.7,77299.6,77244,77292.1,799808
1787376600,77292,77292,77017.3,77028.7,1142701
1787376660,77021.9,77107.3,76900,77044.3,1630364
1787376720,77044.2,77200,77040.9,77199.9,1109154
1787376780,77200,77280.5,77130.9,77268.5,552975
1787376840,77264.7,77346.4,77211.7,77338.5,670044
1787376900,77338.6,77507.8,77305.8,77475.2,825304
1787376960,77478.3,77560,77369.1,77379.7,1204718
1787377020,77379.7,77379.7,77179.2,77179.2,1296244
1787377080,77179.2,77246.7,77150.1,77222.5,630363
1787377140,77226.2,77259.3,77111.1,77115,588619
1787377200,77118.7,77230.7,77091.8,77111.9,444518
1787377260,77107.8,77173.5,77060,77067.9,424118
1787377320,77067.9,77107.2,76972.6,77058.7,816599
1787377380,77058.6,77078.1,76979.5,77025.6,415374
1787377440,77025.5,77166.2,77002.7,77166.1,357088
1787377500,77166.1,77185.2,77093.9,77110.7,499431
1787377560,77110.6,77236.9,77050,77220.5,487945
1787377620,77220.4,77307.6,77220.4,77307.5,591772
1787377680,77307.6,77371.4,77224,77369.1,631692
1787377740,77369.2,77422.9,77350,77359.4,441866
1787377800,77359.5,77411.9,77342,77360.4,445495
1787377860,77360.5,77471,77328.2,77448.2,531510
1787377920,77448.3,77494.9,77314.5,77346.1,955088
1787377980,77345.8,77361.9,77300.2,77356.6,279443
1787378040,77356.6,77360.8,77244,77339.8,636199
1787378100,77339.8,77431.9,77304.8,77379.5,327561
1787378160,77379.5,77394.2,77314.4,77351.4,182769
1787378220,77349.2,77450,77326,77409.8,529616
1787378280,77409.8,77450,77356.4,77428.1,485519
1787378340,77428.1,77436.8,77344.7,77362.3,309624
1787378400,77366.6,77421.5,77321.7,77421.1,246650
1787378460,77421.2,77427.8,77321.5,77371.6,185133
1787378520,77371.5,77384.7,77320.1,77328.2,198021
1787378580,77328.1,77377.7,77272.1,77288.4,330673
1787378640,77288.4,77336.6,77274,77294.5,277770
1787378700,77294.5,77294.5,77136.5,77178.6,402160
1787378760,77183.1,77202.9,77133.9,77141.2,579193
1787378820,77141.2,77205.2,77137.1,77200.2,220889
1787378880,77200.3,77348,77200.3,77277.8,238244
1787378940,77277.9,77345.8,77277.8,77300.4,270731
1787379000,77300.4,77321.4,77188,77193.5,271077
1787379060,77193.5,77274.2,77193.5,77272.8,261618
1787379120,77272.8,77272.8,77192.8,77192.8,175442
1787379180,77192.8,77208.2,77152,77186.8,151524
1787379240,77186.8,77207.1,77139.8,77160,211044
1787379300,77160.1,77225.6,77157.9,77212.4,204275
1787379360,77212.3,77314.3,77212.3,77274.8,365727
1787379420,77274.9,77348.3,77233.7,77238.2,249170
1787379480,77238.1,77238.1,77166.2,77213.8,226177
1787379540,77213.9,77230,77180.4,77211.3,100750
1787379600,77207.7,77314.4,77207.7,77299.6,163006
1787379660,77299.6,77310.8,77244.3,77253.7,79285
1787379720,77253.8,77276.5,77240,77276.5,131705
1787379780,77276.4,77327.8,77274.4,77318.9,184742
1787379840,77319,77368,77318.9,77360.9,201370
1787379900,77360.9,77384.1,77317.4,77341.8,321737
1787379960,77341.8,77341.8,77285.9,77289.3,376009
1787380020,77289.3,77289.3,77244,77254.1,291148
1787380080,77254,77262,77200,77225.5,133258
1787380140,77225.5,77256.7,77225.4,77236.2,94179
1787380200,77236.3,77236.3,77200.5,77210.7,174822
1787380260,77210.7,77210.7,77099.3,77128.5,522505
1787380320,77128.5,77171.6,76975.4,77095.6,859071
1787380380,77104.1,77128.2,77051.7,77088.1,500255
1787380440,77088.1,77121.8,77051.5,77073.1,197284
1787380500,77077.2,77158.3,77073.7,77150,269656
1787380560,77151.8,77238.9,77151.8,77238.8,256589
1787380620,77238.9,77409,77215.9,77408.9,465070
1787380680,77408.9,77519,77366.4,77488.4,930727
1787380740,77488.3,77547.8,77458.2,77488.3,940286
1787380800,77488.2,77559.7,77441.6,77544.2,550013
1787380860,77544.2,77558.2,77452.9,77452.9,710309
1787380920,77452.9,77464.7,77384.8,77443.3,276717
1787380980,77443.4,77458.2,77408.4,77423.2,264513
1787381040,77423.3,77433.7,77378.1,77379.9,528825
1787381100,77377.8,77459.1,77377.8,77458.5,130228
1787381160,77458.4,77459.2,77414.1,77429,148897
1787381220,77428.9,77440.3,77367.9,77440.3,106068
1787381280,77434.2,77458.1,77434.2,77442.9,126652
1787381340,77441,77450,77430.2,77437.2,95190
1787381400,77437.2,77531.7,77437.1,77506.5,364757
1787381460,77500,77524.5,77500,77517.2,164652
1787381520,77517.2,77517.2,77373.2,77454.7,312344
1787381580,77454.7,77480.6,77408.4,77480,350213
1787381640,77479.9,77479.9,77441.3,77447.6,57633
1787381700,77447.5,77448.4,77384.8,77439.8,119539
1787381760,77432,77448.3,77403.6,77447.5,191578
1787381820,77447.6,77450,77420.5,77446.6,79691
1787381880,77442.3,77473.2,77432.4,77457.7,213780
1787381940,77457.8,77489.5,77457.8,77469.6,98706
1787382000,77469.5,77494.2,77425.4,77481.3,185646
1787382060,77481.3,77511.3,77470,77511.3,163400
1787382120,77511.2,77605.9,77492.4,77573,366920
1787382180,77571.8,77643.9,77571.8,77609,498076
1787382240,77609.9,77636.2,77577.8,77612.5,401761
1787382300,77612.5,77659,77525.8,77526.9,491967
1787382360,77526.8,77596,77526.8,77574.3,301286
1787382420,77574.4,77630.9,77574.3,77630.9,206403
1787382480,77630.8,77630.8,77503.7,77517.7,225099
1787382540,77514.1,77514.1,77371.4,77376.1,539057
1787382600,77371.5,77427.8,77335.3,77362.2,530902
1787382660,77362.1,77362.1,77278.8,77316.7,351768
1787382720,77316.7,77384,77268,77296.5,642100
1787382780,77296.1,77296.2,77260,77269.4,276838
1787382840,77269.5,77377.8,77269.5,77357.5,277936
1787382900,77357.5,77383.4,77303.4,77304,157143
1787382960,77304.1,77332.8,77267.5,77267.6,304727
1787383020,77267.6,77282.8,77215,77216.7,328625
1787383080,77223.1,77270.2,77200,77229.7,298834
1787383140,77229.7,77260.8,77200,77250.3,214379
1787383200,77256.5,77384.8,77253.1,77384.8,319011
1787383260,77384.8,77448,77363.9,77393.4,389512
1787383320,77393.5,77418.5,77348.4,77361.7,182479
1787383380,77361.6,77420,77352.3,77419.9,155600
1787383440,77419.8,77420,77388.7,77410.8,146923
1787383500,77410.9,77449.5,77379.2,77392,160868
1787383560,77398.7,77420.1,77366.6,77366.6,114243
1787383620,77366.6,77437.8,77366.6,77436.8,117294
1787383680,77436.8,77436.8,77411,77416.6,61402
1787383740,77416.7,77480,77416.7,77468.3,87510
1787383800,77468.4,77479.6,77432.9,77436.6,78197
1787383860,77436.6,77459.2,77389.1,77453.1,177272
1787383920,77453.1,77483.1,77423.1,77441.4,157157
1787383980,77439.6,77493.6,77423.4,77465.2,196774
1787384040,77465.1,77465.1,77411.7,77431.8,178146
1787384100,77440.3,77454.1,77400,77419.6,116863
1787384160,77415.4,77430,77400,77410,159041
1787384220,77409.9,77450.3,77369.2,77438.5,66361
1787384280,77438.5,77438.5,77385.5,77398.2,79032
1787384340,77398.1,77400,77363.1,77389.9,89477
1787384400,77397,77410.8,77323.9,77334,251569
1787384460,77334,77374.2,77278.8,77358.2,182450
1787384520,77358.2,77399.7,77358.1,77399.7,218209
1787384580,77399.6,77416.1,77366.2,77403.3,146490
1787384640,77403.4,77414.3,77377.9,77393.1,100101
1787384700,77393.1,77431.1,77370.9,77392.5,79838
1787384760,77398,77398,77358.8,77380.1,76562
1787384820,77383.8,77383.8,77302.1,77332.3,217718
1787384880,77332.3,77338.6,77291.8,77320.8,118533
1787384940,77319,77333.3,77285.9,77322.1,134213
1787385000,77314.8,77348.4,77287,77340.3,250850
1787385060,77340.4,77348.4,77272.2,77295.1,142832
1787385120,77295.1,77322.9,77272.7,77300.1,221684
1787385180,77304.7,77327.8,77280.8,77304,197661
1787385240,77308.3,77347.6,77308.3,77324.9,124969
1787385300,77325.4,77346,77313.2,77343.2,151779
1787385360,77343.1,77343.2,77302.3,77302.3,51910
1787385420,77302.3,77312.5,77285.4,77297,152472
1787385480,77296.9,77297,77270.4,77276.3,100920
1787385540,77276.4,77299.4,77250.4,77275.1,146285
1787385600,77275.2,77326,77246.8,77326,161602
1787385660,77327.2,77362,77316.8,77327.8,153969
1787385720,77327.7,77396.2,77327.7,77363.4,201752
1787385780,77363.4,77376.3,77314.5,77326.5,176798
1787385840,77326.5,77359.3,77223.8,77223.8,142160
1787385900,77223.5,77277.8,77170.4,77214.1,609493
1787385960,77214.1,77308.2,77212.1,77286.7,439521
1787386020,77286.7,77286.7,77231.5,77282.3,200815
1787386080,77282.3,77337.9,77267.2,77334.5,77149
1787386140,77334.6,77380,77316.7,77321.4,137876
1787386200,77321.5,77397,77321.4,77360,109504
1787386260,77354.5,77392.6,77354.5,77356.5,209546
1787386320,77356.4,77408.2,77333,77378.1,150338
1787386380,77378.1,77396,77339.1,77339.2,182638
1787386440,77339.1,77417.9,77339.1,77408.2,136318
1787386500,77408.2,77419.5,77391.8,77414.6,126121
1787386560,77414.6,77414.6,77350.6,77354.2,147130
1787386620,77354.2,77364,77331.2,77338.1,70619
1787386680,77338.1,77350,77310,77323.5,73865
1787386740,77323.5,77345.6,77277.8,77299.9,109367
1787386800,77299.9,77348.4,77282.9,77282.9,304251
1787386860,77283,77314.4,77279,77303.4,82899
1787386920,77303.5,77320,77284.7,77286.3,109487
1787386980,77286.4,77300,77277.8,77282.8,243452
1787387040,77282.7,77289.4,77240,77255.8,113839
1787387100,77257.9,77285,77257.9,77261.5,80364
1787387160,77265.4,77265.4,77180,77186.3,502197
1787387220,77186.3,77202.5,77112.5,77124,549660
1787387280,77120.8,77250,77090.1,77250,790676
1787387340,77250,77257.4,77200.9,77201,390176
1787387400,77201,77212.7,77050.6,77142.8,575374
1787387460,77145.6,77170.8,77100,77101.2,507053
1787387520,77101.2,77142.5,77062.1,77105.7,321023
1787387580,77105.7,77111,77056.2,77073.2,392428
1787387640,77073.3,77126.1,77043.3,77103.2,328628
1787387700,77103.2,77178.3,77097,77124.6,387488
1787387760,77124.6,77150,77077.9,77077.9,189751
1787387820,77077.9,77123.6,77051.1,77116.2,227230
1787387880,77116.2,77116.2,77078.3,77103.6,180704
1787387940,77105.6,77127.8,77089.1,77124.2,157294
1787388000,77124.3,77150,77111.4,77118.8,106720
1787388060,77115.3,77142.4,77095,77122.5,137279
1787388120,77122.4,77127.5,77000,77099.9,479462
1787388180,77100,77275.8,77085,77274.6,758617
1787388240,77270.7,77308.2,77248.4,77275,606670
1787388300,77267.9,77274.3,77127.8,77127.9,316585
1787388360,77127.9,77155.6,77093.4,77144.6,320942
1787388420,77145.6,77166.6,77118.6,77152.3,155733
1787388480,77150,77171.1,77127.2,77168.3,93900
1787388540,77168.3,77178.1,77131.2,77178.1,54148
1787388600,77185.5,77198.4,77161.5,77196.3,77118
1787388660,77196.2,77196.3,77134.1,77196.2,102028
1787388720,77196.2,77198.4,77148.3,77156.9,149100
1787388780,77157,77168.3,77138.1,77165.7,60305
1787388840,77165.7,77184.7,77154.5,77161.7,52290
1787388900,77161.7,77172.2,77136.1,77138.7,36821
1787388960,77138.6,77177.7,77120.9,77161.7,126405
1787389020,77161.6,77172.1,77137.2,77172.1,155330
1787389080,77177.1,77198.5,77130,77153.2,115751
1787389140,77153.3,77194.2,77133.2,77188.4,118853
1787389200,77188.4,77208.2,77146.1,77147.1,114548
1787389260,77147.1,77162.1,77120,77124,150487
1787389320,77132.3,77144.1,77108.2,77131,174333
1787389380,77128.9,77128.9,77050,77050.1,235788
1787389440,77050,77098.4,77022.4,77098.4,339081
1787389500,77098.4,77126.5,77060.1,77126.5,257520
1787389560,77126.5,77158.1,77093.3,77106,213339
1787389620,77106.1,77126.6,77077.8,77080,116543
1787389680,77080.1,77133.9,77080,77129.8,141245
1787389740,77129.8,77239.2,77129.8,77225.6,153129
1787389800,77225.6,77277,77178.7,77199.5,203423
1787389860,77199.4,77300,77188.5,77281.8,527260
1787389920,77281.8,77351,77281.8,77339.1,442783
1787389980,77339.1,77344.5,77316.5,77344.5,252316
1787390040,77344.4,77354,77321,77354,199575
1787390100,77353.9,77374.9,77298.1,77332.6,237000
1787390160,77334.4,77334.4,77286.1,77323.5,197163
1787390220,77323.5,77348.4,77299.6,77321.4,151813
1787390280,77320.2,77349.9,77295.5,77304.4,129933
1787390340,77299.4,77299.5,77256,77256,104358
1787390400,77256.1,77282.1,77249.3,77265.4,134222
1787390460,77265.5,77336,77256,77327.2,134737
1787390520,77327.3,77350,77274,77276.7,134667
1787390580,77276.7,77278.9,77240.3,77244.9,115376
1787390640,77244.9,77244.9,77208.2,77208.3,136717
1787390700,77208.3,77226.6,77170.4,77226.6,159586
1787390760,77226.6,77226.6,77172.8,77185.4,108262
1787390820,77185.5,77190.7,77133.9,77147.1,113024
1787390880,77147.1,77188.7,77141.2,77188.7,102390
1787390940,77188.7,77214.3,77175.8,77184.7,75293
1787391000,77184.7,77200,77158.2,77186.8,82939
1787391060,77186.8,77214.3,77170.5,77210.6,141810
1787391120,77210.7,77223,77176.1,77186.2,65222
1787391180,77186.3,77230,77179.3,77202.9,108328
1787391240,77202.8,77204.7,77158.2,77171.5,81816
1787391300,77171.6,77195.5,77171.6,77185.2,74857
1787391360,77185.2,77211.3,77181.6,77201.6,45830
1787391420,77195.7,77197.1,77163.7,77169.9,62161
1787391480,77170,77182.6,77150,77150,50483
1787391540,77150.1,77156.2,77122.5,77148.7,135039
1787391600,77148.6,77182.4,77148.6,77167.8,96846
1787391660,77170.7,77184.7,77153.8,77157.5,40052
1787391720,77157.6,77161.1,77132.2,77159.6,40872
1787391780,77159.6,77176.7,77144.6,77171.2,52210
1787391840,77171.2,77186.7,77167.9,77174.2,46920
1787391900,77170.8,77176.7,77058.6,77065.9,293696
1787391960,77065.9,77074.2,77021.7,77021.7,421198
1787392020,77021.7,77021.7,76810.4,76894.2,1093680
1787392080,76898.4,76993,76864.5,76955.5,1245580
1787392140,76955.5,76965.6,76900.4,76947.9,580026
1787392200,76948,77014.1,76942,76981.7,376625
1787392260,76981.7,76981.8,76864.1,76890.5,348179
1787392320,76889.9,76944.7,76883.4,76904,584341
1787392380,76904.1,76993,76904.1,76958.8,214595
1787392440,76958.8,76971.6,76895.5,76907.8,209264
1787392500,76911.8,76950,76891.5,76941.9,183889
1787392560,76941.9,76953.1,76916.9,76943.7,180348
1787392620,76943.7,77013.2,76943.7,76980.4,117216
1787392680,76980.4,77020,76943.2,77010,186378
1787392740,77010,77047.7,77010,77041,166858
1787392800,77041,77057.2,76979.4,76979.5,190845
1787392860,76979.5,76982.7,76920.1,76957.4,178088
1787392920,76957.3,76957.3,76868,76872,280456
1787392980,76875.4,76921.1,76785,76836,800075
1787393040,76835.9,76926.4,76784,76909.4,962032
1787393100,76909.4,76916.7,76858,76885,251958
1787393160,76884.9,76887.9,76802.2,76874.1,290570
1787393220,76874.1,76899.9,76848.4,76852,226714
1787393280,76852.1,76905.9,76789,76800.7,349163
1787393340,76800.7,76806.7,76725,76764.9,489006
1787393400,76767.1,76868.9,76752.5,76827.4,759655
1787393460,76827.4,76828.6,76752.5,76778.7,322191
1787393520,76778.6,76778.6,76711.4,76722,450108
1787393580,76721.9,76721.9,76666,76682.2,521336
1787393640,76682.3,76741.4,76656.1,76695.7,668981
1787393700,76695.7,76777.7,76686.8,76759.9,524597
1787393760,76752.2,76806.4,76736.7,76777.3,492257
1787393820,76777.3,76836.1,76777.3,76819.4,373742
1787393880,76812.9,76824.7,76671.7,76714.4,428370
1787393940,76714.4,76748.4,76655,76661,416506
1787394000,76661,76711.4,76661,76689.9,324351
1787394060,76690,76750.2,76690,76749.1,325837
1787394120,76749.1,76753.8,76571.9,76635,647890
1787394180,76631,76709.5,76515.2,76640,1260692
1787394240,76641.2,76680.6,76588.1,76591.6,901247
1787394300,76591.7,76627.5,76555.7,76614.9,571032
1787394360,76614.8,76701.9,76614.8,76663.3,524829
1787394420,76663.3,76887.4,76660.3,76817,1845314
1787394480,76817,76943.3,76781.5,76937.4,918762
1787394540,76937.4,76942.7,76879.7,76925.4,470400
1787394600,76927.8,76935.3,76845,76898.5,399519
1787394660,76898.4,76939,76889.3,76900,245871
1787394720,76900.1,76972.7,76900.1,76940.9,293705
1787394780,76940.9,76941,76873.3,76901.9,295411
1787394840,76902,76945.1,76900.6,76922.8,377983
1787394900,76922.7,76980,76922.7,76977,160621
1787394960,76977,76985,76959.9,76980,143426
1787395020,76980,77014.5,76966.8,76996.9,256825
1787395080,76996.8,77050,76996.8,77050,287115
1787395140,77049.9,77128.2,77032.2,77068.7,502041
1787395200,77068.7,77145.5,77064.9,77145.5,525880
1787395260,77145.4,77164.8,77138.2,77157.8,230335
1787395320,77157.8,77157.8,77104.8,77107.2,312920
1787395380,77107.1,77157.2,77107.1,77140.4,184125
1787395440,77140.4,77166.2,77115.3,77155.3,159559
1787395500,77155.3,77187.5,77088,77115.5,338174
1787395560,77115.4,77115.4,77027.8,77052.9,336552
1787395620,77053,77116.1,77027.4,77098.2,297704
1787395680,77098.2,77098.2,77032.8,77037.1,155875
1787395740,77037.1,77044.4,77028.1,77044.3,137465
1787395800,77044.3,77071.2,77044.3,77059.4,146457
1787395860,77059.5,77059.5,77020,77034.7,113696
1787395920,77034.8,77057.4,77027.2,77033,92940
1787395980,77033,77044.3,77028.9,77034.7,61314
1787396040,77034.6,77040.9,76975.1,76976.9,134282
1787396100,76977,77002,76926.4,76945.6,229568
1787396160,76945.6,76958.7,76880.1,76901.5,214458
1787396220,76898.1,76925,76881.3,76886.5,129449
1787396280,76886.4,76958.2,76886.4,76958.1,195386
1787396340,76958.2,77020.2,76958.1,76962.7,133823
1787396400,76962.8,76993.2,76925.5,76925.6,140650
1787396460,76925.5,76925.5,76861.7,76888.5,190737
1787396520,76888.5,76895.7,76858.2,76858.2,118649
1787396580,76858.2,76869.9,76808.2,76839.8,293898
1787396640,76839.8,76954.8,76825.8,76954.7,248461
1787396700,76954.8,77050,76942.7,77041.9,370610
1787396760,77042,77069,76977.8,76977.8,345518
1787396820,76977.9,77013.1,76968.8,77013,173230
1787396880,77013.1,77013.1,76902.7,76909.1,197393
1787396940,76910,76936.8,76873.7,76882.1,125791
1787397000,76882,76958.2,76876.3,76951,138365
1787397060,76951,76951,76878.3,76905.7,61712
1787397120,76905.7,76924.1,76897.9,76907.6,62420
1787397180,76907.5,76907.5,76882.7,76887.7,60943
1787397240,76887.6,76903.4,76846.5,76846.5,104179
1787397300,76846.5,76882.4,76813.6,76882.4,229998
1787397360,76882.3,76886.3,76812,76839.6,255569
1787397420,76839.6,76864.9,76818.7,76832.4,110293
1787397480,76832.5,76854.6,76809.3,76843.4,127119
1787397540,76843.4,76850.6,76800,76811.3,149156
1787397600,76811.4,76887.9,76811.4,76881.4,131470
1787397660,76881.4,76927.8,76866,76923.8,159730
1787397720,76923.8,76923.8,76841.3,76841.4,204409
1787397780,76841.4,76879.9,76841.3,76878.4,110684
1787397840,76878.3,76880,76827.5,76827.6,113936
1787397900,76827.6,76923.7,76827.6,76923.6,108954
1787397960,76923.7,76933.9,76881,76908.1,103546
1787398020,76908.2,76931.1,76908.1,76929.5,76889
1787398080,76929.5,76976.8,76908.8,76948.5,194181
1787398140,76948.5,76984.1,76939.9,76968.2,249444
1787398200,76968.1,76970.9,76945,76952.5,124982
1787398260,76952.5,77090.8,76938.1,77078.5,350998
1787398320,77078.5,77087,77011.5,77038.8,261680
1787398380,77038.8,77056.3,77018.9,77044,189856
1787398440,77043.9,77089,77040.6,77083.4,82026
1787398500,77083.4,77132.4,77080.3,77096.8,238463
1787398560,77096.8,77146,77096.8,77132.6,168138
1787398620,77133,77184.6,77089.1,77156.7,257522
1787398680,77156.7,77156.7,77115.6,77123.7,304102
1787398740,77123.8,77150,77113.6,77113.9,164034
1787398800,77113.9,77157.8,77103.2,77157.7,92428
1787398860,77157.8,77157.8,77131.3,77135.2,121629
1787398920,77135.1,77135.1,77103.1,77113.4,87249
1787398980,77113.4,77145,77113.3,77124.1,225344
1787399040,77124,77171.7,77118.8,77168.8,94978
1787399100,77168.7,77207.3,77149.3,77196.5,288484
1787399160,77199,77204.3,77148.4,77182.3,236819
1787399220,77182.2,77195.8,77135.8,77146.2,238774
1787399280,77146.2,77165.8,77095.3,77120,266079
1787399340,77119.9,77123,77092.9,77095.3,65202
1787399400,77095.3,77095.3,77060.2,77067.4,196019
1787399460,77067.3,77090.7,77056,77090.7,71481
1787399520,77090.6,77090.6,77058.1,77058.1,77993
1787399580,77058.1,77106.4,77058.1,77094.4,62081
1787399640,77094.5,77094.5,77069.3,77081.8,57627
1787399700,77081.9,77092.5,77081.8,77089,58094
1787399760,77094.4,77174.2,77094.4,77152.5,252520
1787399820,77152.6,77174.2,77103.3,77103.3,170188
1787399880,77103.4,77146.9,77103.4,77143.3,76396
1787399940,77143.3,77143.4,77118,77124.8,45872
1787400000,77124.9,77124.9,77087.8,77090,185137
1787400060,77090,77188,77062.3,77188,156507
1787400120,77187.9,77275.6,77180.9,77190,545104
1787400180,77187.9,77201.3,77130.9,77137.9,362967
1787400240,77137.9,77139.6,77113,77125.6,118561
1787400300,77125.5,77155.7,77125.5,77155.7,93576
1787400360,77155.8,77239,77155.7,77221.8,168437
1787400420,77221.8,77259.4,77190.9,77242.2,191616
1787400480,77242.1,77266.7,77217.1,77260.2,325319
1787400540,77260.2,77260.2,77208.2,77235.2,171681
1787400600,77235.1,77278.3,77228.1,77243.4,162263
1787400660,77243.5,77274.6,77201.2,77248.5,145426
1787400720,77248.6,77254.4,77218,77220.6,162716
1787400780,77220.6,77228.4,77208.5,77213.2,96831
1787400840,77213.3,77259.1,77213.3,77235.3,91193
1787400900,77235.4,77250.8,77226.5,77239,89646
1787400960,77238.9,77276,77233.5,77258.4,79401
1787401020,77258.4,77261.5,77211.3,77220,74404
1787401080,77220,77224.2,77185,77200.5,99866
1787401140,77200.4,77270.8,77200.4,77244,148469
1787401200,77244,77265.3,77243.8,77247.3,88592
1787401260,77247.2,77314.9,77244.6,77301.2,262900
1787401320,77301.3,77301.6,77251.3,77260.3,470263
1787401380,77260.3,77273.6,77254.3,77267,134079
1787401440,77267,77294.5,77261.6,77266.8,174726
1787401500,77266.8,77319,77262.7,77274,106354
1787401560,77274,77296.6,77244,77288.3,266962
1787401620,77288.3,77339,77267,77325.2,236827
1787401680,77325.2,77329,77300,77305.9,170624
1787401740,77305.9,77323.3,77285.8,77316.2,120154
1787401800,77316.2,77320,77270,77292.6,131464
1787401860,77292.7,77323.3,77244,77248.9,129909
1787401920,77251.5,77274.7,77203.2,77228.7,119953
1787401980,77228.8,77242.5,77209.1,77229.4,93629
1787402040,77229.5,77230,77191.2,77215.5,203132
1787402100,77215.4,77219.4,77190,77207,113964
1787402160,77207,77236,77207,77228.1,120934
1787402220,77228,77276.6,77226.1,77245,131171
1787402280,77245.1,77248,77220,77238.5,31667
1787402340,77238.5,77246.3,77204.3,77240.1,66234
1787402400,77240.1,77269,77240,77268.9,80626
1787402460,77269,77269,77238.6,77266,35844
1787402520,77265.9,77277.8,77259.7,77274.7,39810
1787402580,77274.8,77300,77270.4,77300,109460
1787402640,77300,77332.8,77299.9,77326.2,144910
1787402700,77326.1,77350,77318.4,77349.9,254009
1787402760,77350,77350,77311,77317.3,121390
1787402820,77317.3,77350,77314.2,77349.9,104984
1787402880,77350,77387.5,77338.1,77341.5,329364
1787402940,77341.4,77341.4,77315.3,77331.5,294980
1787403000,77329.9,77333.3,77258.2,77271.9,377895
1787403060,77271.8,77272.6,77239,77239.1,182185
1787403120,77239.1,77276.4,77231.7,77256.7,193431
1787403180,77255.6,77290,77247.2,77289.9,98398
1787403240,77289.9,77300,77266.7,77299.8,105957
1787403300,77299.9,77308.1,77273.9,77288.1,46002
1787403360,77288,77314.4,77274,77303,54703
1787403420,77303.1,77331.3,77297.9,77325.9,166888
1787403480,77325.9,77325.9,77294.5,77294.6,33747
1787403540,77294.7,77301.3,77280,77280,49414
1787403600,77279.8,77306.8,77279.8,77280.5,50837
1787403660,77280.5,77280.5,77231.1,77243.3,138019
1787403720,77243.3,77262.6,77208.2,77240.3,133880
1787403780,77237.8,77237.8,77173,77188.1,242058
1787403840,77188.8,77211,77188.8,77204.1,120426
1787403900,77204.1,77227.8,77180.6,77187.9,61886
1787403960,77187.8,77210.3,77170.4,77180.4,104019
1787404020,77180.5,77219,77180.5,77208.1,75990
1787404080,77208.2,77222.8,77200,77205.2,62847
1787404140,77200.2,77253.7,77200.2,77253.7,165373
1787404200,77253.7,77258,77228.5,77231.3,84546
1787404260,77231.2,77236.8,77200,77223.3,59487
1787404320,77223.2,77240,77215.7,77232.3,65527
1787404380,77232.4,77232.4,77210.1,77222.6,80692
1787404440,77222.7,77225.4,77204.3,77206.9,35302
1787404500,77207.8,77229.5,77203.9,77213.5,138592
1787404560,77213.5,77240.9,77213.5,77227.9,81195
1787404620,77228,77228,77126.2,77138.5,134265
1787404680,77138.4,77157.6,77125,77148.9,233582
1787404740,77148.9,77156.3,77111.7,77124,85734
1787404800,77123.9,77140.4,77097.3,77119.1,188602
1787404860,77119.2,77158.1,77111.2,77155.4,202044
1787404920,77155.3,77155.9,77110.8,77116.5,67342
1787404980,77119.4,77141.4,77114.8,77137.4,40066
1787405040,77137.5,77174.4,77137.5,77170,61747
1787405100,77169.9,77235.9,77169.9,77209.2,138708
1787405160,77209.1,77233.7,77195.8,77230.2,49404
1787405220,77230.1,77230.1,77167.9,77180.1,83820
1787405280,77180,77180,77169.2,77173.4,35856
1787405340,77173.4,77180,77151.4,77158.3,27592
1787405400,77158.4,77184.2,77158.3,77181.5,41230
1787405460,77181.5,77185.3,77153.8,77153.9,71657
1787405520,77153.8,77156.7,77131.8,77135.6,37432
1787405580,77135.7,77156.6,77120.4,77125.4,127476
1787405640,77131.7,77135.9,77116.2,77116.2,48087
1787405700,77116.2,77129.5,77105.2,77118.8,93285
1787405760,77118.8,77118.9,77093,77100,151946
1787405820,77100.1,77118.3,77088.1,77118.3,127612
1787405880,77118.2,77173.6,77118.2,77150.1,285013
1787405940,77150.1,77150.1,77100.8,77114.4,140332
1787406000,77114.4,77130,77108.7,77129.9,86759
1787406060,77129.9,77172.1,77125.5,77152.5,39140
1787406120,77152.4,77152.4,77124.9,77146.7,64408
1787406180,77146.7,77152.4,77130.7,77135.5,38993
1787406240,77135.4,77152.5,77115.1,77150,58894
1787406300,77150.1,77173.6,77126.7,77173.6,43858
1787406360,77173.6,77194.5,77170.1,77178.3,104738
1787406420,77178.3,77222,77173,77222,106966
1787406480,77221.9,77289.4,77217.7,77263.7,365548
1787406540,77261.3,77261.3,77200,77234.6,183639
1787406600,77234.6,77281.7,77234.6,77281.7,204595
1787406660,77281.7,77327.8,77260.9,77326.7,180296
1787406720,77326.7,77337.8,77293.7,77329.2,184121
1787406780,77329.3,77357.5,77314.5,77317.1,347512
1787406840,77317.1,77317.1,77274.1,77282.4,185274
1787406900,77282.5,77286.3,77258.2,77264.6,96526
1787406960,77264.6,77271.8,77240.1,77240.1,86338
1787407020,77240.4,77303.5,77240.4,77292.2,59590
1787407080,77292.1,77301.4,77279.6,77291,51847
1787407140,77290.9,77297.9,77269.1,77277.9,45187
1787407200,77277.9,77311.6,77276.4,77303.7,29154
1787407260,77303.7,77309.6,77272.3,77296.5,40285
1787407320,77292.7,77292.7,77241.9,77246.8,68010
1787407380,77246.7,77246.7,77230,77231.8,126215
1787407440,77231.8,77231.8,77167.1,77190.4,128013
1787407500,77190.5,77211,77131.9,77132,223473
1787407560,77132,77138.3,77043.3,77043.9,383696
1787407620,77043.9,77044,76949,77013.7,1166610
1787407680,77013.7,77070,76992.2,77056.7,563013
1787407740,77056.6,77098.4,77044.7,77070.8,312429
1787407800,77070.9,77099.7,77000.9,77011.2,212222
1787407860,77011.1,77067.8,77011.1,77059.4,160474
1787407920,77055.4,77055.4,77028.1,77048.6,80078
1787407980,77048.5,77085.9,77040,77074,47864
1787408040,77073.9,77073.9,77011.1,77025.4,97354
1787408100,77025.5,77067.9,77025.5,77054.4,141704
1787408160,77054.3,77054.3,77006,77022.2,82085
1787408220,77022.2,77022.3,76943.4,76962.2,209259
1787408280,76962.2,76989.9,76948.3,76984.7,300663
1787408340,76984.7,77008,76975.7,76992.9,118753
1787408400,76993,77049.4,76993,77003.1,179573
1787408460,77000.1,77049.9,77000.1,77048.5,78901
1787408520,77048.6,77048.6,77000,77002.4,68204
1787408580,77002.4,77042,77000.6,77041.9,85992
1787408640,77042,77042,76984.7,77012.3,92118
1787408700,77012.3,77020.8,77007.9,77008.9,66447
1787408760,77009,77027.4,77008.9,77011.5,68888
1787408820,77011.6,77038.8,76997.7,77025.5,90521
1787408880,77025.5,77087.7,77025.4,77080.3,128073
1787408940,77080.3,77090,77072.3,77088.8,214651
1787409000,77088.9,77117.9,77062.7,77086.3,97092
1787409060,77084.9,77084.9,77027.9,77058.8,173597
1787409120,77058.8,77096.4,77036.2,77080.2,82061
1787409180,77080.3,77150,77080.3,77113.3,329644
1787409240,77113.3,77136.7,77113.3,77131.9,152195
1787409300,77131.9,77158.2,77072.2,77082.4,163200
1787409360,77082.3,77110,77080,77101,122814
1787409420,77100.9,77100.9,77080,77091.4,77325
1787409480,77091.3,77093.7,77010,77017.7,79471
1787409540,77017.8,77024.6,76963.5,76980.8,298020
1787409600,76980.8,77045.5,76977,77018.3,230621
1787409660,77018.3,77019.9,77000,77003.4,147809
1787409720,77003.5,77016.3,76967.3,76967.3,217110
1787409780,76967.3,77022,76958.2,76982,238592
1787409840,76982,76989.9,76937.4,76955.5,275925
1787409900,76955.5,76987.6,76934.9,76964,131261
1787409960,76964,76999.8,76951.3,76999.7,129689
1787410020,76999.8,77000,76971.2,76978.6,79433
1787410080,76978.5,76992.8,76947.8,76954.8,70892
1787410140,76954.6,76968.1,76948.8,76952.6,55513
1787410200,76952.6,76997.9,76944.1,76955.2,75779
1787410260,76962.9,76971.8,76945.5,76969.9,63565
1787410320,76969.9,76979.4,76939.6,76939.6,64138
1787410380,76939.5,76972.9,76910.1,76964.6,134456
1787410440,76963.7,76982.9,76936,76938.5,205786
1787410500,76938.5,76966.5,76930,76957.3,76197
1787410560,76957.3,77027.8,76954.2,77006.2,111721
1787410620,77006.3,77072,77003.5,77037.8,228358
1787410680,77037.9,77037.9,76962.4,76971,139626
1787410740,76967.7,77002.7,76967.7,76999.2,55993
1787410800,76999.2,77011.5,76965.2,76965.3,58284
1787410860,76965.2,77025.2,76939.7,77025.1,73978
1787410920,77025.1,77077.8,77010.7,77062.8,237290
1787410980,77059.1,77083,77043.6,77082.4,97221
1787411040,77082.5,77088.9,76986,77007.2,162556
1787411100,77007.1,77051.4,76991.2,77051.4,89565
1787411160,77048.5,77055,77014.1,77020.5,58744
1787411220,77020.6,77042,76980.5,77001.6,60248
1787411280,77001.6,77004.7,76965.1,76990,68844
1787411340,76990,77000,76948.8,76956.7,68044
1787411400,76956.6,76992.3,76930.8,76992.3,69462
1787411460,76991.3,77023.2,76967.9,77001.4,120876
1787411520,77001.3,77001.3,76951.1,76966.3,62230
1787411580,76966.2,76977.8,76930.9,76939.3,86169
1787411640,76939.4,76967.2,76930.8,76930.8,80854
1787411700,76930.9,76942,76915.2,76942,183054
1787411760,76942,76984.2,76942,76981,117358
1787411820,76980.9,77004,76938.9,76971.2,146928
1787411880,76971.3,76971.3,76930.6,76941.3,150317
1787411940,76941.2,76953.5,76937.9,76940.3,72020
1787412000,76940.4,76955.7,76940.3,76954.5,63585
1787412060,76954.6,76981,76940.3,76980.2,75874
1787412120,76980.2,76989.4,76878,76878.1,154801
1787412180,76878.1,76977.8,76860,76977.8,161065
1787412240,76977.8,77023.1,76972.1,76983.9,278813
1787412300,76983.8,76996,76953,76994,110020
1787412360,76990.6,77010.9,76956.8,77004,99642
1787412420,76998.1,77003.8,76971.6,76984.6,85326
1787412480,76984.6,77015,76984.5,77014.9,53837
1787412540,77014.9,77014.9,76978.3,76980.1,80685
1787412600,76980.1,77008.6,76973.3,76985.3,96866
1787412660,76985.2,77012.1,76981.4,77012.1,50161
1787412720,77012,77038.2,77002.2,77022.5,101010
1787412780,77022.6,77099,77016.2,77095.3,120629
1787412840,77095.2,77095.2,77044,77082.4,233526
1787412900,77082.4,77093.3,77058.5,77067.8,164501
1787412960,77067.7,77067.7,77006.6,77019.8,174209
1787413020,77019.7,77063.3,77019.7,77051.4,110602
1787413080,77051.3,77051.3,77015.7,77018.7,67719
1787413140,77018.8,77054.9,77018.7,77054.9,36283
1787413200,77054.8,77054.8,77000,77011.9,150725
1787413260,77011.9,77047.9,77011.8,77027,58776
1787413320,77027,77044.2,77026.2,77035.2,33216
1787413380,77035.2,77039,77011.3,77029.5,41974
1787413440,77029.5,77077.8,77029.4,77051,50116
1787413500,77051,77094.3,77051,77084.2,80194
1787413560,77084.1,77084.2,77061.7,77063.6,160690
1787413620,77063.6,77063.6,77022.4,77033,78725
1787413680,77032.9,77071,77030.9,77037.3,58753
1787413740,77037.4,77037.4,76983.4,76991.4,91626
1787413800,76991.5,76999.3,76980,76980.1,73979
1787413860,76980.1,77000.2,76908.2,76953.9,259629
1787413920,76952.7,76954.2,76923.7,76946.6,183257
1787413980,76946.5,76970.9,76924.8,76950.2,91566
1787414040,76954.3,76967.7,76949.5,76962.4,160741
1787414100,76962.4,77010.7,76962.3,76986,37737
1787414160,76986,76992.1,76956.6,76986.3,91545
1787414220,76986.3,77011.7,76986.3,77000.1,39848
1787414280,77000.1,77021.7,76983,76990.7,65516
1787414340,76990.7,76990.7,76964.9,76974.9,55296
1787414400,76974.9,77006,76971.6,76975.1,64877
1787414460,76975,76986.9,76949.5,76960,32354
1787414520,76960,77025.1,76960,77008.4,102512
1787414580,77008.4,77024.2,76972.7,77015.7,51592
1787414640,77015.7,77064.8,77015.6,77055.9,113103
1787414700,77056,77065,77014.5,77022.7,226294
1787414760,77022.7,77039,77004,77039,150194
1787414820,77038.9,77050,77033.9,77034,34936
1787414880,77033.9,77066.8,77031.5,77048.5,40549
1787414940,77048.6,77048.6,77012.4,77014.7,101377
1787415000,77014.7,77023.5,77000,77010,47181
1787415060,77010,77022.7,77000,77022.4,50861
1787415120,77022.4,77022.4,76977.8,76977.8,82906
1787415180,76977.8,77055.3,76946.1,77054.3,116954
1787415240,77054.4,77063.4,77046,77046.1,110055
1787415300,77046.4,77091.2,77038.1,77064.5,102706
1787415360,77064.5,77116,77064.5,77092.3,277827
1787415420,77092.2,77139.3,77087.6,77139.3,239247
1787415480,77139.3,77158.2,77128.1,77147.7,257955
1787415540,77147.8,77177.7,77135.8,77169.8,228543
1787415600,77169.7,77198.1,77144.9,77188.4,160679
1787415660,77188.5,77244.4,77180.1,77185.9,308762
1787415720,77185.8,77222.3,77178.2,77209.6,274087
1787415780,77209.6,77213.1,77186.8,77206.8,285974
1787415840,77206.8,77218,77194.9,77194.9,124883
1787415900,77194.9,77209,77190,77190,55680
1787415960,77188,77188,77154.5,77160.1,137153
1787416020,77159.6,77193.5,77159.6,77180.5,114344
1787416080,77180.5,77222.2,77180.5,77216,115738
1787416140,77216,77227.3,77184.8,77184.9,73768
1787416200,77184.9,77192.7,77161.5,77185.2,80506
1787416260,77185.1,77218.6,77185.1,77212.2,75982
1787416320,77212.3,77212.3,77180.3,77191.9,64306
1787416380,77191.8,77194.7,77171,77194.5,31681
1787416440,77194.5,77200,77161.7,77185,71897
1787416500,77185,77221,77185,77216.3,83430
1787416560,77216.3,77294.4,77216.3,77282.2,457671
1787416620,77282.1,77287.3,77252.1,77281.4,229054
1787416680,77281.4,77314.8,77268.7,77296.8,289849
1787416740,77296.7,77348.5,77291.9,77307.4,459626
1787416800,77307.3,77385,77307.3,77384.9,415737
1787416860,77385,77460,77327.8,77339.4,1080563
1787416920,77340.6,77392.6,77312,77370.8,1236997
1787416980,77370.9,77419.2,77370.8,77404.1,241940
1787417040,77404,77404.1,77375.2,77379.9,62566
1787417100,77379.9,77455.2,77379.8,77447.3,166194
1787417160,77450.7,77552.6,77450.6,77467.9,964435
1787417220,77467.8,77471.4,77453.8,77454.8,489651
1787417280,77454.7,77476.8,77450,77452.2,309937
1787417340,77452.3,77456,77404.6,77434.1,211992
1787417400,77434.1,77437.4,77334.6,77334.6,246405
1787417460,77340.9,77381.9,77340.9,77361.8,243222
1787417520,77361.8,77361.8,77318.9,77361.7,370633
1787417580,77361.8,77361.8,77315.6,77322.7,194421
1787417640,77322.7,77329.7,77310.6,77313.5,270316
1787417700,77315.3,77338,77313.6,77313.6,62847
1787417760,77313.7,77322.6,77300.7,77309,200392
1787417820,77309,77340.5,77307.4,77334.5,125508
1787417880,77334.5,77340.8,77328.4,77328.5,29395
1787417940,77325.1,77325.1,77273,77276.4,118248
1787418000,77276.4,77299.4,77268,77296.3,104942
1787418060,77296.3,77326,77287.8,77320.8,206688
1787418120,77316.9,77325.8,77279.3,77286.8,108445
1787418180,77286.8,77302.2,77267.9,77298.9,91346
1787418240,77298.9,77298.9,77252.4,77262.7,111271
1787418300,77262.6,77275.1,77226.8,77262.7,364577
1787418360,77262.7,77304.3,77252,77297.6,320432
1787418420,77297.7,77298.3,77281.9,77297.7,241356
1787418480,77297.8,77320.1,77255,77278.2,125473
1787418540,77278.2,77285.2,77260.1,77285.2,108633
1787418600,77285.2,77292.6,77269.1,77272.8,99060
1787418660,77272.8,77299.3,77272.7,77294,34007
1787418720,77293.9,77295.9,77265.6,77280.5,111907
1787418780,77280.4,77280.5,77259.7,77274.6,72197
1787418840,77274.7,77278.6,77268.1,77268.7,35231
1787418900,77268.7,77286.3,77268.7,77281.1,18771
1787418960,77281.1,77306.8,77266.4,77268.6,54920
1787419020,77268.7,77290.8,77268.7,77274.3,32787
1787419080,77274.2,77308.2,77274.2,77302.3,43821
1787419140,77302.3,77326.9,77302.3,77326.9,78299
1787419200,77326.8,77330,77282.8,77303.7,258358
1787419260,77303.7,77328.9,77300,77317.9,71094
1787419320,77317.8,77321.5,77281.3,77282.6,52782
1787419380,77282.7,77300,77274.2,77280.1,86061
1787419440,77280.1,77289.3,77269.7,77276.5,15043
1787419500,77276.5,77290,77270.7,77273.4,26992
1787419560,77274.6,77287.3,77274.6,77281.6,12201
1787419620,77279.8,77279.9,77269.7,77274.8,19644
1787419680,77274.7,77275.8,77103.2,77128.6,362262
1787419740,77128.6,77135.2,77058.4,77085.3,529212
1787419800,77085.3,77149.9,77085.3,77149.9,432415
1787419860,77149.8,77179.1,77141.3,77179.1,126944
1787419920,77179.1,77185.8,77159,77185.8,53240
1787419980,77185.8,77189.4,77158.4,77174.3,45777
1787420040,77177.2,77183,77153.3,77164.6,39051
1787420100,77164.6,77191.2,77164.6,77191.1,19020
1787420160,77191.1,77191.2,77164.9,77165.5,65407
1787420220,77165.6,77169.1,77142,77147.2,58593
1787420280,77147.3,77166.9,77144.8,77159.4,39066
1787420340,77159.5,77159.5,77108.2,77108.3,38163
1787420400,77108.2,77177.7,77103.2,77177.7,94649
1787420460,77177.7,77198.4,77177.6,77192.1,42362
1787420520,77192,77215.1,77189.8,77197.9,104591
1787420580,77197.8,77204.9,77166.5,77198.6,122364
1787420640,77198.5,77216.5,77195,77216.5,29808
1787420700,77216.5,77238.4,77209.4,77238.4,28383
1787420760,77238.3,77244.8,77220.6,77244.7,66092
1787420820,77244.7,77265.4,77236.1,77260.2,95536
1787420880,77258.8,77277.8,77258.8,77267.7,78837
1787420940,77267.2,77297.2,77267.2,77275.2,108671
1787421000,77275.2,77347,77275.2,77344.5,148305
1787421060,77344.5,77361.8,77339.7,77353.7,117991
1787421120,77356.2,77356.2,77305.5,77305.5,153816
1787421180,77305.4,77305.4,77260.7,77288.9,53510
1787421240,77288.9,77299.6,77281.4,77289.3,43598
1787421300,77289.3,77298.4,77260.8,77268,41213
1787421360,77268.1,77275.8,77258.2,77269.4,45959
1787421420,77269.4,77293.7,77269.4,77279.6,32453
1787421480,77279.7,77285.6,77268.4,77275,27926
1787421540,77277.1,77281.5,77257.8,77266.6,10503
1787421600,77266.7,77281.5,77258.5,77272.8,32289
1787421660,77272.9,77283,77268.2,77275.7,21521
1787421720,77275.7,77293.2,77266.8,77292.8,25744
1787421780,77292.8,77303.3,77282.4,77303.2,44286
1787421840,77303.2,77338.9,77303.1,77338.9,40627
1787421900,77339,77348,77338.2,77345.1,107072
1787421960,77345.1,77345.2,77311.9,77321,46679
1787422020,77321.1,77323.6,77288.6,77288.9,127845
1787422080,77288.8,77300.3,77266.5,77267.9,59273
1787422140,77267.9,77276.9,77226.8,77226.8,78106
1787422200,77226.8,77254.8,77221,77228.9,77795
1787422260,77228.8,77228.8,77200.5,77200.6,56424
1787422320,77200.5,77213.3,77200,77207.1,39116
1787422380,77207,77227.4,77200.1,77227.3,38531
1787422440,77227.3,77227.3,77218.3,77220.8,14397
1787422500,77220.9,77264.1,77220.8,77253.8,39363
1787422560,77253.8,77280,77248.5,77270.4,43727
1787422620,77270.3,77272.9,77227.8,77255.3,63501
1787422680,77255.4,77287.6,77252.7,77266.4,47764
1787422740,77266.4,77292.9,77255.1,77255.1,50050
1787422800,77255.2,77280.8,77246.3,77274.1,28131
1787422860,77274.2,77287.6,77271,77285.8,15398
1787422920,77285.7,77333.8,77285.7,77318.8,34974
1787422980,77318.8,77321.1,77298,77298,27799
1787423040,77298,77305,77291.5,77291.8,30495
1787423100,77291.6,77297.5,77291.5,77293.8,15928
1787423160,77293.9,77317.2,77287.5,77293.9,42064
1787423220,77293.8,77296.1,77290.1,77296.1,18690
1787423280,77296,77296.1,77285.4,77285.4,28603
1787423340,77285.5,77286.1,77259.4,77279.6,37722
1787423400,77279.6,77283.1,77268.2,77271.9,46450
1787423460,77269.5,77277.3,77259.4,77262.6,47915
1787423520,77262.6,77273.9,77259.2,77273.5,19144
1787423580,77273.5,77293.8,77261,77270.3,35616
1787423640,77267.4,77313.8,77267.4,77313.7,41845
1787423700,77313.8,77313.8,77255.3,77275.9,50639
1787423760,77276,77279.5,77224.1,77252,110326
1787423820,77251.9,77277.8,77237.4,77258.2,130504
1787423880,77258.3,77264,77244.6,77254.2,39428
1787423940,77254.1,77262,77238.3,77247.5,15974
1787424000,77247.4,77247.7,77208.6,77208.7,38497
1787424060,77208.7,77261.3,77208.7,77241.2,87615
1787424120,77241.1,77259.7,77241.1,77244,36404
1787424180,77244.1,77248.8,77233.2,77233.3,22169
1787424240,77234.7,77234.7,77202.9,77202.9,18610
1787424300,77203,77220.6,77160,77176,53403
1787424360,77176,77208.1,77158.2,77208,117250
1787424420,77207.9,77214.5,77173.5,77183,84165
1787424480,77186.3,77193.7,77158.2,77182.9,59816
1787424540,77182.8,77204.4,77182.8,77191.4,30995
1787424600,77191.3,77195.4,77158.2,77165.3,25982
1787424660,77165.4,77165.7,77140.1,77154.6,73154
1787424720,77154.6,77154.9,77140.8,77140.8,86246
1787424780,77140.9,77140.9,77113.8,77119.3,80866
1787424840,77119.4,77188.6,77119.4,77185,87119
1787424900,77185,77185.1,77169.6,77180.3,70051
1787424960,77180.3,77207,77180.2,77203.3,71184
1787425020,77203.3,77209.8,77203.2,77209.8,56929
1787425080,77209.8,77232.9,77209.8,77232.8,19391
1787425140,77232.9,77243.8,77226,77239.6,38677
1787425200,77242.1,77259.4,77220.2,77220.2,72169
1787425260,77220.2,77259.4,77220.2,77259.4,127951
1787425320,77259.4,77273,77259.3,77259.4,34733
1787425380,77259.4,77272,77250.6,77259.7,47434
1787425440,77259.7,77263.1,77230.5,77230.6,7722
1787425500,77230.6,77243.8,77225.2,77243.8,24655
1787425560,77243.8,77243.8,77220.7,77220.8,10999
1787425620,77220.7,77220.7,77200,77200,27446
1787425680,77200.1,77211.8,77179.2,77191,62322
1787425740,77191,77243.8,77184.5,77243.7,98653
1787425800,77243.8,77258.2,77220.5,77258.1,107171
1787425860,77258.1,77263.3,77247.7,77263.3,64468
1787425920,77263.2,77275.8,77258.4,77262.1,70503
1787425980,77262.2,77312.2,77262.2,77310.9,55035
1787426040,77311,77325.2,77305,77305.7,74531
1787426100,77305.6,77325.3,77305.6,77318.4,22130
1787426160,77320.9,77326,77282.2,77290.1,31349
1787426220,77290.1,77299.9,77279.4,77285.2,30643
1787426280,77285.1,77315.2,77272.5,77301,48315
1787426340,77301,77317.7,77244,77271.3,125205
1787426400,77271.3,77275.4,77258.5,77263.8,156098
1787426460,77263.8,77263.8,77244.2,77248.8,13100
1787426520,77248.9,77253.9,77242.3,77245.2,13090
1787426580,77245.2,77269.6,77245.1,77269.6,10747
1787426640,77269.5,77281.2,77253.4,77253.5,11072
1787426700,77253.5,77254.2,77242.4,77242.5,115542
1787426760,77242.4,77275.3,77227.8,77271.3,42206
1787426820,77271.4,77287.1,77260.5,77270.6,72177
1787426880,77270.6,77276.7,77266.1,77268.3,17244
1787426940,77268.4,77276.2,77260.5,77265.5,9968
1787427000,77265.6,77283.8,77265.5,77279,28673
1787427060,77282.6,77298.1,77277.2,77296.1,13823
1787427120,77298,77323.5,77298,77323.4,77201
1787427180,77323.4,77332.8,77306.2,77306.2,61231
1787427240,77303.2,77312.4,77303.2,77312.4,20795
1787427300,77312.4,77321.4,77304.9,77321.4,43636
1787427360,77321.4,77323.8,77313.6,77318.1,16635
1787427420,77318.1,77341.4,77318,77341.3,37861
1787427480,77341.4,77361.8,77341.3,77361.8,87804
1787427540,77361.7,77361.7,77323.8,77329.5,59472
1787427600,77329.5,77357,77329.5,77356.5,35978
1787427660,77356.5,77356.5,77327,77332,90466
1787427720,77332,77349.1,77332,77339.5,14746
1787427780,77339.5,77400,77335.8,77399.9,119644
1787427840,77399.9,77408.2,77381.6,77408.1,246705
1787427900,77408.1,77420,77384.8,77384.8,137175
1787427960,77384.7,77430.9,77384.7,77430.9,165976
1787428020,77430.8,77438.5,77415.6,77415.6,129133
1787428080,77415.6,77424.2,77407.8,77408.9,127510
1787428140,77413.4,77430.8,77395.7,77421.6,105811
1787428200,77421.5,77437.7,77416.5,77437.7,191194
1787428260,77437.6,77455.1,77436.5,77450,178656
1787428320,77449.9,77450,77422.7,77435.3,46345
1787428380,77435.2,77450,77434.3,77449.7,56461
1787428440,77449.7,77449.7,77432.4,77436.7,96602
1787428500,77436.8,77436.8,77432.7,77432.7,24475
1787428560,77432.8,77444,77417.1,77438.8,62973
1787428620,77438.7,77440.2,77429.7,77432.1,135653
1787428680,77432.1,77432.1,77417.4,77423.9,31738
1787428740,77423.9,77423.9,77393.2,77393.2,46300
1787428800,77393.3,77413.1,77384,77384,195117
1787428860,77384.1,77384.1,77371,77371.1,47455
1787428920,77371,77377.9,77344.4,77344.5,60506
1787428980,77344.5,77355.5,77336.9,77343,45206
1787429040,77343.1,77381.1,77343.1,77378.3,61373
1787429100,77378.2,77378.3,77349.2,77352.6,20683
1787429160,77352.7,77388.6,77352.6,77384.3,27521
1787429220,77384.3,77394.8,77379.1,77393.2,21944
1787429280,77393.1,77414.6,77393.1,77414.5,43550
1787429340,77414.6,77427.8,77407.9,77407.9,21564
1787429400,77408,77432.4,77408,77429,52492
1787429460,77429,77438.4,77424.6,77434.2,25780
1787429520,77434.1,77434.1,77407.5,77418.1,30642
1787429580,77419.9,77444,77419.5,77419.5,66278
1787429640,77419.5,77419.5,77385.4,77390.4,31809
1787429700,77390.3,77406.7,77386.4,77391.7,37168
1787429760,77391.6,77403.3,77383.1,77403.3,20393
1787429820,77403.2,77408.9,77358.2,77363,71795
1787429880,77363,77363,77326,77334.2,72002
1787429940,77330.2,77339.2,77318.5,77319.8,75658
1787430000,77319.7,77319.8,77306.9,77306.9,23868
1787430060,77307.3,77314.2,77298,77304.4,28031
1787430120,77301.1,77311,77294,77302.8,108586
1787430180,77302.9,77319.9,77302.8,77310.7,28386
1787430240,77310.6,77310.6,77300.3,77308.5,24755
1787430300,77308.5,77326,77308.5,77324.1,16530
1787430360,77324.2,77329.6,77322.1,77322.4,6752
1787430420,77322.4,77324.3,77300,77306.7,10463
1787430480,77306.6,77306.7,77276.9,77284,21815
1787430540,77284,77284.1,77272.2,77275.1,30281
1787430600,77275.1,77299,77275.1,77298.9,57733
1787430660,77299,77299,77257.1,77257.1,41992
1787430720,77257,77265.6,77257,77257.1,25993
1787430780,77257.1,77276.1,77239.2,77246.7,26618
1787430840,77246.7,77260.8,77234.3,77258.8,148965
1787430900,77258.7,77268.6,77247.7,77258.3,129978
1787430960,77258.3,77279.4,77247.8,77279.3,38670
1787431020,77279.3,77289.5,77279.3,77289.5,28127
1787431080,77289.4,77293.3,77269,77293.2,39436
1787431140,77293.2,77358.2,77293.2,77358.2,56646
1787431200,77358.1,77398,77332.2,77334.6,311554
1787431260,77334.6,77355.9,77330.1,77339.3,64209
1787431320,77339.3,77362.4,77287.7,77322.4,172117
1787431380,77322.4,77338.7,77322.4,77329.9,170720
1787431440,77329.9,77340.2,77323.3,77340.2,31138
1787431500,77340.2,77367.2,77340.1,77365.7,43928
1787431560,77365.7,77365.7,77338.8,77342.9,72162
1787431620,77343,77343,77326.2,77326.2,63482
1787431680,77326.3,77326.3,77326.2,77326.2,11772
1787431740,77326.2,77326.3,77326.2,77326.3,15369
1787431800,77326.3,77326.3,77309.1,77309.7,33953
1787431860,77309.7,77315.8,77304.5,77312.5,20593
1787431920,77312.5,77312.6,77308.3,77309.8,56177
1787431980,77309.7,77309.7,77298.4,77298.4,14367
1787432040,77298.4,77303.3,77297.2,77297.3,13938
1787432100,77297.3,77297.3,77273.9,77297.2,66046
1787432160,77294.2,77294.3,77247.8,77254.8,103850
1787432220,77254.9,77280,77246.3,77276.1,83746
1787432280,77276.2,77292.4,77276.1,77292.3,99609
1787432340,77292.3,77308.6,77292.3,77292.7,31866
1787432400,77292.7,77297.2,77244.7,77244.7,51598
1787432460,77244.7,77251.2,77173.7,77179.3,264707
1787432520,77179.3,77179.4,77075.4,77109.7,558920
1787432580,77109.6,77109.7,77069.6,77097.6,311696
1787432640,77097.5,77104.4,77001.3,77054.3,310122
1787432700,77054.3,77108.2,77054.3,77094,259300
1787432760,77097.8,77106.5,77076.3,77077.6,107265
1787432820,77077.6,77111.3,77077.6,77087.9,66720
1787432880,77087,77136.1,77085.3,77126.2,56169
1787432940,77126.2,77132.9,77112.7,77118.7,62923
1787433000,77118.6,77127,77118.6,77123.8,60946
1787433060,77123.8,77123.8,77037.9,77049.8,229251
1787433120,77049.7,77062.4,77023.9,77042.3,214793
1787433180,77042.3,77072.6,77042.3,77066.3,111999
1787433240,77066.2,77066.2,77022.3,77033.1,94620
1787433300,77033.1,77085.8,77033.1,77084.5,63729
1787433360,77084.5,77126.2,77084.5,77116.3,65245
1787433420,77116.3,77174.3,77102,77174.2,134251
1787433480,77174.3,77174.3,77146.2,77157.3,63724
1787433540,77157.3,77172.3,77146.8,77172.2,14466
1787433600,77172.3,77192.8,77172.3,77187,67288
1787433660,77187,77192.5,77117.2,77126.7,55641
1787433720,77126.6,77161.8,77119.1,77161.4,39561
1787433780,77161.4,77161.4,77132.1,77154.3,26548
1787433840,77154.3,77170.4,77112.1,77117.3,38109
1787433900,77117.2,77122.5,77103.2,77120.7,58447
1787433960,77120.7,77162.9,77120.7,77153.2,28560
1787434020,77153.3,77195.7,77153.3,77185.5,24768
1787434080,77185.5,77185.6,77165.5,77165.5,35507
1787434140,77170.6,77173.8,77156.8,77164.9,11942
1787434200,77165,77191.4,77165,77184.5,46555
1787434260,77184.4,77184.5,77068,77075.8,111237
1787434320,77075.8,77099.9,77063.4,77084.2,83391
1787434380,77084.1,77114.4,77065.4,77104.9,94462
1787434440,77104.8,77104.9,77084.1,77095.7,28695
1787434500,77098.4,77103,77058.1,77058.2,49712
1787434560,77058.1,77058.1,76988.9,77020.8,294672
1787434620,77020.9,77020.9,76993.4,76995.8,101835
1787434680,76995.8,77031.4,76965.1,77031.4,184406
1787434740,77031.3,77031.3,76972.7,76973.3,173789
1787434800,76973.3,76983.6,76930.8,76944.7,160724
1787434860,76944.8,76978.5,76944.8,76951.1,199887
1787434920,76951.2,76951.5,76906,76906.1,166681
1787434980,76906.1,76955.7,76906,76922.8,174935
1787435040,76922.8,77021.6,76916.2,77019.7,222855
1787435100,77019.7,77019.7,76959.2,76959.2,147571
1787435160,76959.1,76959.2,76909.2,76924.6,78413
1787435220,76924.5,76945.3,76879.7,76942.7,333072
1787435280,76942.7,76954.1,76924.9,76935.6,169021
1787435340,76936.5,76969.8,76936.5,76959.7,54785
1787435400,76959.7,76976,76919.2,76947.4,101516
1787435460,76946.8,76949.1,76924.3,76924.4,114718
1787435520,76924.3,76938.6,76917.1,76932.9,92885
1787435580,76932.8,76940.2,76919.2,76932.7,67443
1787435640,76932.7,76932.8,76908.2,76920.7,80780
1787435700,76920.8,76934.4,76903.8,76903.8,97701
1787435760,76903.8,76903.8,76808.2,76835.7,372010
1787435820,76835.7,76891.8,76835.7,76871.9,402608
1787435880,76871.9,76891.7,76871.9,76889.2,127990
1787435940,76889.1,76889.2,76835.2,76835.2,67663
1787436000,76835.2,76926.4,76821.4,76877.1,150622
1787436060,76877.1,76901.4,76849.2,76849.3,152306
1787436120,76849.2,76849.2,76751.2,76779.4,570081
1787436180,76780.9,76962.2,76777.9,76952.1,717838
1787436240,76952,76955,76877.9,76950.7,268600
1787436300,76950.7,77077.8,76950.6,77077.7,334252
1787436360,77077.8,77104.8,77011.2,77044.9,410828
1787436420,77044.9,77088.2,77034.8,77068.7,282570
1787436480,77068.8,77130,77052.6,77122.2,202283
1787436540,77122.2,77146.6,77086.3,77086.3,349318
1787436600,77084.1,77110.5,77051.7,77070.6,231392
1787436660,77070.7,77080.8,77053.2,77064,215238
1787436720,77064,77087,77064,77084.9,34254
1787436780,77084.9,77139.7,77059.6,77065.9,71828
1787436840,77066,77099.3,77062.8,77083.3,134112
1787436900,77083.3,77110.7,77056.1,77065.7,148916
1787436960,77065.8,77111.4,77065.8,77097.8,59534
1787437020,77097.8,77119,77075.5,77091.1,66315
1787437080,77091.1,77091.2,77053.8,77053.8,75290
1787437140,77053.9,77074.8,77016,77037.6,141289
1787437200,77037.6,77142,77037.6,77107,187360
1787437260,77104,77124.1,77086.3,77109.9,56293
1787437320,77110,77111.7,77060.2,77071.9,46642
1787437380,77071.9,77071.9,77036.2,77048.1,48168
1787437440,77048.2,77110,77048.2,77106.1,40279
1787437500,77106.1,77145.8,77106.1,77136.2,70970
1787437560,77136.2,77147,77104.9,77109.9,66879
1787437620,77109.9,77139.6,77109.9,77118.9,132219
1787437680,77119,77119,77065.7,77073,83435
1787437740,77073,77090.8,77027.8,77027.8,98278
1787437800,77027.8,77052.1,77020.3,77029.7,38436
1787437860,77029.7,77038.7,77010.6,77010.6,37224
1787437920,77009.4,77014,76953.9,76977.1,134197
1787437980,76977.1,76998.4,76853.7,76895.6,469232
1787438040,76895.5,76936.1,76895.5,76936.1,391885
1787438100,76936.1,76977.7,76936.1,76966.6,98341
1787438160,76966.6,76985,76935.9,76969.1,90208
1787438220,76969.1,77021.6,76969.1,77015.6,85361
1787438280,77015.7,77033.3,77002.3,77012.8,140649
1787438340,77012.9,77012.9,76958.2,76967.5,59543
1787438400,76967.5,76985.2,76960,76982.9,155937
1787438460,76982.8,76988.6,76972.2,76974.7,58091
1787438520,76974.6,77008.2,76962.3,77004.3,54396
1787438580,77004.3,77058.2,77004.3,77050.9,101883
1787438640,77058.1,77058.2,77026.4,77037.3,71985
1787438700,77037.3,77085.9,77016.4,77029.4,123762
1787438760,77029.4,77073.6,77001.6,77054.9,164519
1787438820,77055,77055,77020.8,77032.2,92884
1787438880,77032.2,77037.7,77019.2,77019.3,44697
1787438940,77019.3,77031.3,77008.2,77025.1,17387
1787439000,77025.1,77031.3,77013.1,77023.3,28966
1787439060,77023.3,77099.8,77023.3,77099.8,95695
1787439120,77099.7,77130,77073.9,77077.9,159106
1787439180,77081.8,77097.9,77049.4,77060.4,110464
1787439240,77060.4,77093,77060.4,77087.3,109498
1787439300,77087.4,77099,77025.8,77032.3,68989
1787439360,77032.2,77032.3,77009.3,77019.5,77432
1787439420,77019.6,77025,76977.9,76977.9,34803
1787439480,76977.9,76977.9,76938.8,76950.1,47899
1787439540,76950.1,76992.8,76950.1,76986,117344
1787439600,76986.1,77001.1,76950.7,76950.7,79705
1787439660,76950.7,77014.9,76922,77007.8,65812
1787439720,77007.8,77034.6,77001,77013.2,64129
1787439780,77013.2,77030.6,77000.5,77026.1,35535
1787439840,77026,77040,77012.3,77035.1,54647
1787439900,77035.2,77055,77001,77016.6,80419
1787439960,77016.6,77033.3,77005.1,77022.5,53306
1787440020,77022.5,77030.2,77018.6,77026.1,52391
1787440080,77026.1,77065.8,77026,77054.4,24404
1787440140,77054.4,77072,76993.9,76993.9,48937
1787440200,76993.8,77021.8,76977.8,77021.8,79208
1787440260,77021.7,77021.7,76970.7,76987.5,100953
1787440320,76987.5,76999.6,76968.4,76972,183651
1787440380,76972,76972,76949,76951.9,42274
1787440440,76955.9,76965,76930.7,76965,37940
1787440500,76965.1,76985.2,76953.8,76985.2,129578
1787440560,76983.5,76983.5,76954.6,76981.5,27764
1787440620,76981.6,76999.5,76978,76997.8,18331
1787440680,76997.8,76997.8,76974.5,76995.5,18775
1787440740,76995.5,76995.6,76991.2,76995.5,39621
1787440800,76995.5,77008.2,76991.7,77004.3,25678
1787440860,77004.3,77005.9,76989,76997.7,9985
1787440920,76997.8,76997.8,76970.2,76975.6,21357
1787440980,76975.7,77006.8,76975.6,77006.8,47131
1787441040,77006.7,77006.7,76970,76982.5,38822
1787441100,76982.4,76999.7,76977.4,76986.9,26572
1787441160,76986.8,77015.7,76981.8,76992.9,41891
1787441220,76992.8,76992.9,76979.2,76989.6,26866
1787441280,76989.6,76995.8,76930,76930.1,108120
1787441340,76930,76933.2,76927,76933.2,73697
1787441400,76933.2,76961.4,76933.2,76943.3,53305
1787441460,76943.3,76966.5,76943.3,76966.3,66954
1787441520,76966.2,76974.9,76932,76939.1,16597
1787441580,76937.2,76937.2,76922,76930.3,49319
1787441640,76930.2,76930.2,76892.6,76897.1,45646
1787441700,76897.1,76921.7,76894.7,76913.6,63414
1787441760,76913.7,76913.7,76880,76880.1,36071
1787441820,76880,76946.9,76879.5,76945.4,57748
1787441880,76946.6,76970.6,76934.4,76965.2,38839
1787441940,76965.2,76981.9,76949.8,76970,132082
1787442000,76970,76996.5,76970,76990.7,67555
1787442060,76990.7,77013.9,76988.1,77011,51187
1787442120,77011.1,77026.4,77011,77019.8,40868
1787442180,77019.7,77019.7,76993.1,77018.7,71211
1787442240,77018.7,77018.8,76997.1,76997.1,19517
1787442300,76997.1,77014.2,76988.2,77014.1,41895
1787442360,77014.2,77026.3,77012.9,77023,29333
1787442420,77023,77027.7,77021,77026.4,39296
1787442480,77026.3,77045,77026.3,77042.9,23010
1787442540,77042.9,77088.2,77042.9,77088,90290
1787442600,77090.9,77100,77061,77081.4,157836
1787442660,77081.4,77115.8,77078.9,77083.6,67727
1787442720,77083.7,77092.8,77046.8,77046.9,82782
1787442780,77046.8,77111.1,77046.8,77100.9,81856
1787442840,77100.9,77100.9,77065,77083.5,78467
1787442900,77083.5,77095.1,77076.9,77077.6,19633
1787442960,77077.5,77079.8,77073.8,77074.4,27085
1787443020,77074.4,77095.8,77074.4,77084.5,29287
1787443080,77084.5,77084.5,77079.3,77081.7,8097
1787443140,77081.7,77081.7,77052,77052.1,7179
1787443200,77052.1,77106.9,77052.1,77106.8,33958
1787443260,77106.8,77117.7,77102.2,77109.2,48882
1787443320,77109.2,77120.5,77102.1,77120.4,33527
1787443380,77120.5,77137.8,77101.1,77126.6,168241
1787443440,77126.6,77134.5,77102.1,77117.9,127834
1787443500,77112.6,77134.9,77102.4,77130,102468
1787443560,77130.1,77130.1,77107,77123.5,51916
1787443620,77123.4,77132,77123.4,77127.2,44855
1787443680,77127.3,77128.4,77109.2,77109.2,16314
1787443740,77109.2,77109.2,77078.1,77083.6,102462
1787443800,77083.5,77085.4,77059.6,77059.6,62499
1787443860,77059.7,77085.4,77027.9,77048.4,121990
1787443920,77048.5,77070.7,77048.4,77066.8,154472
1787443980,77066.9,77076.3,77040.2,77067.3,67633
1787444040,77067.3,77085.9,77064.4,77064.4,86014
1787444100,77064.5,77068.7,77036.3,77045.6,64575
1787444160,77045.7,77063.6,77036.4,77049.4,58621
1787444220,77049.5,77073.2,77049.4,77065.4,28118
1787444280,77065.4,77106.8,77054.7,77106.8,26912
1787444340,77108.2,77127.8,77085.8,77091.6,56677
1787444400,77091.5,77110,77080.5,77080.5,40167
1787444460,77080.5,77110,77078.1,77084.8,43271
1787444520,77084.8,77107.1,77075.8,77081.8,70664
1787444580,77081.8,77122.6,77080.5,77122.6,18017
1787444640,77122.5,77187.8,77103.8,77185.6,245723
1787444700,77181.4,77182.9,77150.8,77182.9,387801
1787444760,77182.9,77233.4,77177.4,77203.2,301334
1787444820,77203.2,77240,77195.6,77228.9,275580
1787444880,77229,77243.1,77194.3,77218.2,82469
1787444940,77218.2,77230.6,77210.7,77218.3,91891
1787445000,77218.2,77225.8,77210.5,77225.8,28392
1787445060,77225.8,77248.4,77222.4,77230,35969
1787445120,77230,77246.5,77227.4,77234.8,50031
1787445180,77234.8,77282.8,77231.3,77281.1,222979
1787445240,77281.1,77281.1,77247.7,77259.5,103382
1787445300,77259.5,77282.7,77253.9,77268.3,84274
1787445360,77268.3,77270.9,77228.3,77251,116625
1787445420,77251.1,77283,77241,77274.7,86207
1787445480,77274.7,77350,77208.7,77261.9,363393
1787445540,77262,77284.2,77243.5,77268.3,419011
1787445600,77270,77301.9,77219,77227.8,131334
1787445660,77228,77259.9,77211,77227.3,110248
1787445720,77227.4,77259.8,77227.4,77242.8,85627
1787445780,77239,77267.6,77235.8,77267.6,38148
1787445840,77267.6,77297.4,77259.1,77262.1,72218
1787445900,77262.1,77294.1,77245.4,77270.6,82064
1787445960,77270.6,77270.6,77231.7,77243.2,67277
1787446020,77243.2,77257.1,77235.1,77257.1,65259
1787446080,77254.6,77263.3,77244.1,77257.4,35374
1787446140,77257.4,77327.5,77257.4,77304.8,170659
1787446200,77304.8,77304.8,77291.1,77299.9,362487
1787446260,77300,77327.8,77300,77307.3,81727
1787446320,77307.4,77336,77307.3,77329.7,110824
1787446380,77329.6,77340.5,77312.4,77327.4,111650
1787446440,77327.4,77342.7,77324.3,77327.3,84387
1787446500,77327.4,77337.1,77296.2,77326.3,76011
1787446560,77326.3,77326.3,77298.4,77313,54367
1787446620,77313,77333.1,77305.4,77305.5,49681
1787446680,77305.5,77325,77305.4,77324.9,20096
1787446740,77324.9,77325,77284.1,77284.2,87678
1787446800,77284.1,77284.2,77247,77250.7,120941
1787446860,77250.8,77266.9,77220.6,77247.6,154008
1787446920,77247.5,77247.5,77233.3,77233.7,61071
1787446980,77233.7,77233.7,77178.3,77203.3,270101
1787447040,77203.4,77205.7,77158.8,77180.3,287181
1787447100,77180.4,77249.6,77180.4,77242,78932
1787447160,77242,77242,77180.3,77207,109935
1787447220,77207,77207,77180.7,77203,231545
1787447280,77202.9,77231.8,77153.1,77231.8,116286
1787447340,77231.7,77251.4,77221.9,77231.8,132496
1787447400,77231.7,77258.1,77231.7,77249.1,98319
1787447460,77249.2,77254.1,77229.6,77229.6,86193
1787447520,77229.7,77239.3,77229.2,77239.2,24150
1787447580,77239.3,77274.1,77239.3,77274,35147
1787447640,77274.1,77392.6,77274,77389.3,342305
1787447700,77389.2,77389.2,77347.1,77347.1,540554
1787447760,77347.2,77347.2,77304.8,77304.8,238758
1787447820,77304.9,77306.3,77285.9,77289.6,86660
1787447880,77289.6,77294.1,77278.8,77278.8,50578
1787447940,77278.9,77297.7,77278,77294.6,49247
1787448000,77294.6,77318.9,77294.5,77315.3,54882
1787448060,77315.3,77315.3,77285.8,77285.9,86632
1787448120,77285.8,77315.3,77282.6,77305,70255
1787448180,77304.9,77304.9,77280.1,77280.1,33984
1787448240,77280.2,77294.7,77280.2,77285,27704
1787448300,77285,77285,77231.6,77247.1,176545
1787448360,77247.1,77263.2,77247,77258.9,82126
1787448420,77259,77259,77238.8,77238.8,25193
1787448480,77238.9,77238.9,77231.6,77231.7,20176
1787448540,77231.7,77255.9,77231.7,77251.3,54636
1787448600,77251.3,77289.8,77251.3,77289.7,16476
1787448660,77289.7,77300,77235.6,77235.7,51765
1787448720,77235.6,77235.6,77196.6,77196.6,69777
1787448780,77196.6,77200.3,77160.2,77163.6,136070
1787448840,77171.1,77210.7,77167.1,77196.8,80255
1787448900,77196.9,77208.8,77163.1,77197,292455
1787448960,77196.9,77230.4,77188,77230.4,92854
1787449020,77230.3,77230.4,77197.4,77215,65695
1787449080,77227.7,77231.4,77211.7,77219.1,179784
1787449140,77222.1,77239.8,77222.1,77236.2,63832
1787449200,77236.3,77256,77225.4,77225.4,81122
1787449260,77225.5,77225.5,77193.8,77206.6,49593
1787449320,77207,77207,77141.8,77162.1,85869
1787449380,77160.1,77205.8,77160.1,77184.2,51946
1787449440,77184.2,77238.2,77175.8,77234.5,148210
1787449500,77234.6,77257.4,77221.1,77248.6,82681
1787449560,77248.5,77313.6,77246,77271,192362
1787449620,77280.1,77287.2,77248,77259.4,193473
1787449680,77259.4,77259.4,77209.3,77218.3,30393
1787449740,77218.3,77233.1,77215.6,77220.1,17632
1787449800,77220,77240.3,77179.1,77240.2,107442
1787449860,77240.2,77242.8,77216.2,77225.8,46852
1787449920,77225.9,77265.8,77225.9,77258,49762
1787449980,77258,77258,77225,77249.3,26498
1787450040,77249.2,77266,77218.5,77235.6,53353
1787450100,77235.7,77235.7,77188.4,77188.5,74314
1787450160,77188.4,77191.5,77141.1,77159.7,156579
1787450220,77159.7,77175.4,77146.6,77163.9,119040
1787450280,77163.8,77190.4,77137.8,77188.4,74012
1787450340,77188.3,77190.5,77171.8,77172.6,72927
1787450400,77172.7,77176.2,77151.9,77151.9,41983
1787450460,77153.5,77181.8,77153.5,77174.8,118612
1787450520,77177.8,77197.2,77144.5,77148.5,155513
1787450580,77148.6,77181.2,77148.5,77167.7,93298
1787450640,77167.7,77167.7,77106.1,77113.3,87323
1787450700,77113.4,77128.8,77105.1,77108.4,87828
1787450760,77108.4,77108.4,77067.3,77096.4,108681
1787450820,77098.3,77110.8,77088,77090.7,75087
1787450880,77091,77108.4,77088.7,77098.1,53528
1787450940,77098.1,77107.6,77080,77080.1,64920
1787451000,77080.1,77094,77070.1,77076.7,53859
1787451060,77076.6,77082.4,77052,77052.1,124274
1787451120,77052.1,77115,77052.1,77107.2,90350
1787451180,77107.2,77118.7,77100.9,77118.6,86836
1787451240,77118.5,77118.5,77031.5,77031.6,279457
1787451300,77031.6,77104.8,77031.6,77086.9,311639
1787451360,77086.9,77116.6,77086.9,77094.5,122021
1787451420,77094.6,77106.8,77091.1,77095.7,68791
1787451480,77095.7,77107.2,77095.6,77095.7,45361
1787451540,77095.6,77103.7,77062,77082.3,79137
1787451600,77082.4,77098.9,77066.3,77067.8,74411
1787451660,77067.7,77067.7,77032.6,77043.9,63922
1787451720,77043.8,77043.9,77024.3,77035.9,114029
1787451780,77035.9,77041.1,76987.9,77027.8,194761
1787451840,77027.8,77042,77017.2,77042,109617
1787451900,77042,77086.2,77042,77074.3,93426
1787451960,77074.3,77100,77074.3,77086.3,41546
1787452020,77086.2,77094.1,77062.5,77084.4,114312
1787452080,77083.4,77083.4,77066,77078.3,37960
1787452140,77078.4,77099.6,77078.4,77099.5,45260
1787452200,77099.6,77110.3,77086.2,77110.3,36771
1787452260,77110.3,77153.9,77110.3,77153.8,110994
1787452320,77153.9,77177.8,77153.9,77177.8,148589
1787452380,77177.8,77181.4,77166,77181.4,50632
1787452440,77181.4,77191.1,77179.7,77184.9,148229
1787452500,77184.9,77187.4,77155.4,77161.3,55403
1787452560,77161.3,77175.4,77143.8,77175.4,37554
1787452620,77175.4,77190.3,77160.8,77175.2,55195
1787452680,77175.1,77175.2,77161.8,77164,85846
1787452740,77164.1,77168.9,77160.8,77163.5,18681
1787452800,77163.5,77184.9,77163.5,77178.8,36061
1787452860,77178.8,77189.8,77167.1,77170.4,25511
1787452920,77170.4,77177.7,77128.1,77150.4,63266
1787452980,77150.3,77159.2,77150.3,77159.2,62631
1787453040,77159.1,77163.1,77152.9,77163.1,9938
1787453100,77163,77163,77141.4,77161.4,24625
1787453160,77161.4,77161.4,77139.2,77149.1,26843
1787453220,77149,77178.4,77139.2,77172.9,28004
1787453280,77172.9,77184.8,77172.9,77182.7,34587
1787453340,77182.7,77195.7,77163.6,77163.6,22871
1787453400,77163.6,77169.8,77108.4,77108.4,69984
1787453460,77108.3,77108.4,77091,77096.4,30700
1787453520,77096.5,77186,77080,77098.5,348212
1787453580,77098.4,77112.6,77040.4,77040.5,283870
1787453640,77040.5,77060.8,77040.5,77053,64641
1787453700,77054.1,77076.4,77046.3,77046.3,56764
1787453760,77046.4,77070.9,77046.4,77063.2,88586
1787453820,77063.2,77070.6,77056.4,77057.9,27316
1787453880,77057.9,77065.3,77050.2,77061.2,105006
1787453940,77058.8,77066.5,77054,77054.1,25052
1787454000,77054.1,77070.6,77054.1,77063.2,44340
1787454060,77063.3,77091.9,77061.5,77082.8,59228
1787454120,77082.8,77099.7,77067.7,77071.9,57205
1787454180,77074.7,77099.1,77047.4,77047.4,46298
1787454240,77052.9,77064,77047.4,77054.3,56872
1787454300,77054.4,77054.4,77040,77045.8,44838
1787454360,77045.9,77045.9,77028.8,77034.9,31392
1787454420,77034.8,77038.5,77019.5,77019.5,66667
1787454480,77019.5,77019.6,77000.1,77014,59014
1787454540,77014,77014,77000.2,77003.6,93174
1787454600,77003.5,77020,76993,77017.3,144288
1787454660,77017.2,77019.9,77003.4,77005.9,121706
1787454720,77005.9,77029.4,77005.9,77009,46374
1787454780,77009,77066,77009,77066,180453
1787454840,77066,77086.2,77061.6,77075,237444
1787454900,77074.9,77079.6,77038.3,77055.9,47575
1787454960,77056,77109,77056,77099.1,75018
1787455020,77098,77116.4,77087.7,77097.6,85529
1787455080,77098.4,77127.8,77087.7,77110.7,200979
1787455140,77108.3,77113.4,77081.3,77087.1,102718
1787455200,77087,77087.1,77048.7,77062.2,62644
1787455260,77062.1,77063.2,77031.5,77031.5,70134
1787455320,77031.5,77050.5,77000.1,77050.5,180202
1787455380,77051.8,77062,77002,77003.1,170445
1787455440,77003.2,77015.2,76987.5,77005.6,92767
1787455500,77005.7,77030.8,77005.7,77008.6,58589
1787455560,77008.7,77023,77005.2,77012.3,37638
1787455620,77012.3,77012.3,76989.3,76989.3,119748
1787455680,76992.6,77001.6,76988.7,76997.7,55871
1787455740,76995.4,76995.5,76966.8,76969,76803
1787455800,76969.1,76976.4,76936.8,76936.8,197518
1787455860,76936.8,76944.5,76914.4,76915,219619
1787455920,76915,76962.7,76915,76939.2,223338
1787455980,76940.8,76955.1,76892.1,76892.1,179701
1787456040,76892.2,76942.6,76892.2,76936.9,196830
1787456100,76936.8,76946.8,76917.2,76933.9,174214
1787456160,76933.9,76977.8,76918.9,76941.2,126962
1787456220,76941.2,76948.2,76938,76947.3,108178
1787456280,76947.3,76974.3,76947.3,76955.7,70161
1787456340,76955.8,76965.6,76908.2,76912.9,246018
1787456400,76912.9,76921.1,76880,76888.6,313944
1787456460,76888.6,76901.7,76886.1,76886.1,224928
1787456520,76886.1,76886.2,76863.1,76863.1,148023
1787456580,76863.1,76865.2,76850,76850,195042
1787456640,76850,76852.1,76822.2,76841.9,261286
1787456700,76842,76906.1,76841.9,76899.6,542117
1787456760,76899.6,76931.1,76890.6,76927,388163
1787456820,76927,76939.8,76913.2,76919.5,173223
1787456880,76919.5,76958.1,76896.4,76945.1,163935
1787456940,76945.1,76982.8,76939.2,76969.2,140116
1787457000,76969.2,76969.2,76932,76932.1,102099
1787457060,76932.1,76956.3,76924.2,76924.2,79479
1787457120,76924.2,76936.5,76924.2,76932.6,95917
1787457180,76932.6,76952.8,76923.2,76948.9,124224
1787457240,76948.8,76965.2,76942.4,76942.4,181432
1787457300,76942.5,76947.8,76932.9,76933.4,43178
1787457360,76933.4,76946.3,76905,76929.6,128188
1787457420,76929.6,76933,76913.4,76924.4,77299
1787457480,76924.3,76927.7,76911.6,76924.2,27033
1787457540,76924.3,76927.6,76911.9,76919.5,155398
1787457600,76919.4,76919.5,76892,76892.1,86859
1787457660,76892,76933.5,76881.4,76933.5,112960
1787457720,76933.6,76948,76878,76883.5,117784
1787457780,76883.4,76884.3,76859.8,76880.7,243596
1787457840,76880.7,76889.8,76836.6,76843.8,162330
1787457900,76843.8,76878.2,76836,76871.6,159707
1787457960,76871.5,76926.4,76866.2,76888.5,148828
1787458020,76888.5,76888.5,76846.1,76851.3,88374
1787458080,76851.2,76851.9,76697.4,76772,1820199
1787458140,76772,76821.5,76752,76809.9,1414989
1787458200,76810,76843.8,76809.4,76838.9,463732
1787458260,76838.8,76846.2,76823.2,76834.1,121789
1787458320,76834,76858.2,76829.7,76853.9,163423
1787458380,76853.9,76936.8,76843.8,76936.8,498686
1787458440,76936.8,77015,76936.8,76985.2,496339
1787458500,76985.2,77028,76967,76967,556544
1787458560,76967.1,76971.1,76942.7,76969.3,225084
1787458620,76969.3,76987.7,76920.1,76920.1,216817
1787458680,76920.1,76931.2,76881.2,76888.1,320537
1787458740,76892,76892,76800,76800.1,322641
1787458800,76800.1,76841.4,76782.4,76783.9,326038
1787458860,76784,76836.9,76784,76816.8,363077
1787458920,76810.3,76880,76810.3,76873.7,263522
1787458980,76873.6,76891.2,76859.5,76863,113913
1787459040,76863.1,76895.4,76853.5,76895.4,175342
1787459100,76895.3,76924.2,76895.3,76907.5,111040
1787459160,76907.6,76945.1,76907.6,76941.1,225753
1787459220,76941.1,76950.7,76913.7,76924.4,41116
1787459280,76924.5,76983.6,76924.5,76954.5,214249
1787459340,76954.4,76959.4,76942.4,76947.4,297266
1787459400,76947.5,76963.2,76913.6,76913.6,129614
1787459460,76913.6,76913.6,76884.9,76904.1,63024
1787459520,76904.1,76910.2,76861.2,76876.5,73151
1787459580,76876.6,76886.9,76868,76868.1,116295
1787459640,76868,76872.2,76821.6,76858.8,212113
1787459700,76858.8,76866.2,76814.9,76815,284097
1787459760,76815,76849,76805,76838.5,107426
1787459820,76838.6,76848.8,76815.5,76845.5,98854
1787459880,76845.5,76861.9,76841.9,76845.9,77506
1787459940,76845.9,76858.4,76835.8,76838.9,72047
1787460000,76838.8,76877.8,76838.8,76877.7,82062
1787460060,76877.8,76897.4,76827.9,76846.7,191720
1787460120,76854.7,76870.9,76821.9,76821.9,159487
1787460180,76821.9,76835.1,76810.4,76810.5,50205
1787460240,76810.4,76813.7,76796,76809.3,88975
1787460300,76809.4,76815.5,76727.8,76742.1,262636
1787460360,76742.1,76744.2,76652,76724.4,895998
1787460420,76724.3,76758.2,76693.8,76693.9,461316
1787460480,76693.9,76712.3,76566,76566,2193108
1787460540,76566,76677.4,76546.8,76610.6,1559601
1787460600,76614.7,76726.6,76604.9,76649.7,836662
1787460660,76649.7,76742,76649.6,76674.2,326398
1787460720,76674.2,76687.9,76650,76668.7,185774
1787460780,76668.7,76720.6,76664.9,76700.6,224878
1787460840,76700.6,76712.5,76666.4,76681.3,142232
1787460900,76681.4,76699.4,76639.9,76656,242784
1787460960,76656,76656,76627,76627.1,290247
1787461020,76627,76628.6,76586.3,76586.4,412900
1787461080,76586.3,76617.9,76572.6,76572.6,281230
1787461140,76573.5,76659.9,76470.8,76591.4,2069868
1787461200,76591.4,76738.3,76550.1,76677.7,842911
1787461260,76677.7,76714.8,76627.2,76628,466013
1787461320,76628,76644.8,76486.4,76499.8,514045
1787461380,76499.8,76534.9,76456.7,76505.3,756512
1787461440,76514.8,76613.1,76485.8,76559,858705
1787461500,76559,76640,76528.1,76529.3,500259
1787461560,76529.3,76545.3,76470.1,76536.2,386483
1787461620,76536.2,76585.6,76478.2,76484.4,570827
1787461680,76484.4,76499.9,76283.8,76339.7,2034337
1787461740,76343.8,76417.1,76166.6,76280.3,3198603
1787461800,76278.9,76415,76272.6,76360.4,1773790
1787461860,76360.4,76373.1,76299,76362,851200
1787461920,76362.1,76384.4,76330.6,76384.4,506043
1787461980,76384.3,76410,76278.9,76285.6,456285
1787462040,76285.5,76285.5,75768.8,75877.1,5027702
1787462100,75876,76050,75855.8,76008.6,5024366
1787462160,76008.6,76037.6,75823.4,75846.4,2136907
1787462220,75846.4,75859.2,75522,75724.2,4852964
1787462280,75724.2,75994.7,75664.5,75965,4824003
1787462340,75964.9,76046.7,75942.8,76039.1,1860695
1787462400,76039.1,76153.6,75996.2,76126.4,1556855
1787462460,76126.5,76196.8,76050.4,76134.7,1749075
1787462520,76134.7,76200,76103.4,76160.4,1329954
1787462580,76160.4,76187.5,76067.1,76177.8,2643234
1787462640,76177.8,76284.5,76177.7,76267.9,1016684
1787462700,76267.9,76314.2,76238.3,76247.9,1343059
1787462760,76247.9,76269.3,76163.5,76187.4,690115
1787462820,76187.4,76277.7,76187.4,76253.4,410836
1787462880,76253.5,76300,76245.1,76245.1,523272
1787462940,76245.1,76271.2,76198.4,76218.5,390425
1787463000,76218.5,76326.4,76201.3,76213.5,861359
1787463060,76213.4,76238.6,76177.8,76207,458913
1787463120,76205,76308.2,76195.1,76278,496280
1787463180,76278,76281.9,76208.6,76278.1,240142
1787463240,76278,76286.4,76220.1,76237.7,373160
1787463300,76237.7,76300,76212.9,76291.2,243833
1787463360,76291.3,76291.3,76195.9,76201,285174
1787463420,76201.1,76257.8,76195,76215.4,720575
1787463480,76215.4,76248,76195,76207.1,138696
1787463540,76207.1,76236.1,76169.1,76230.3,159954
1787463600,76230.4,76270.1,76163.7,76193.5,363925
1787463660,76195.2,76254.1,76178.1,76224.8,547960
1787463720,76224.8,76249,76153.2,76160.5,287440
1787463780,76160.5,76160.6,76134.6,76135.5,332084
1787463840,76135.6,76155.3,76088,76155.3,308263
1787463900,76155.2,76197.7,76128.6,76135.8,280372
1787463960,76135.9,76183.4,76129.9,76156,146198
1787464020,76156.1,76160.3,76088.9,76125.7,276678
1787464080,76125.8,76159.3,76114,76140.4,271977
1787464140,76140.4,76185,76140.4,76157.3,189679
1787464200,76157.4,76237.4,76150.8,76166.3,305606
1787464260,76166.3,76191.9,76050,76053.8,265459
1787464320,76053.7,76093.4,76003.1,76086.9,757214
1787464380,76087,76117.6,76072.5,76105.7,261193
1787464440,76105.7,76142.5,76087.2,76142.3,150682
1787464500,76142.3,76167.9,76101.4,76120.1,259204
1787464560,76120,76127.4,76100,76112.4,150284
1787464620,76112.3,76132.9,76091.6,76110.6,113292
1787464680,76110.6,76115.6,76088.5,76095.1,80175
1787464740,76095,76105.8,76044.4,76044.5,204797
1787464800,76044.5,76106.5,76044.4,76064.1,976394
1787464860,76064.2,76064.2,75980.7,76037.8,534819
1787464920,76037.9,76090.2,76000,76090.1,801847
1787464980,76090.1,76098,76050.4,76050.5,235051
1787465040,76050.5,76117.9,76024.4,76094.6,222869
1787465100,76094.6,76127.2,76075.3,76083.5,116890
1787465160,76083.6,76083.6,75991.1,76046.4,210769
1787465220,76046.4,76064.3,75976.7,75983.8,296897
1787465280,75983.8,75983.8,75870.5,75916.8,739384
1787465340,75916.8,75933.3,75878.1,75905.6,616710
1787465400,75905.6,75952.4,75885.8,75952.4,488099
1787465460,75952.4,75987.5,75912,75913.7,265907
1787465520,75913.7,75979.8,75913.7,75958.2,280488
1787465580,75958.3,76047.2,75943,76047.2,376482
1787465640,76047.2,76157.6,76047.2,76072.7,1538243
1787465700,76072.7,76175.4,76060.6,76127.6,587144
1787465760,76127.6,76177,76112,76126.5,364926
1787465820,76126.5,76181.7,76100,76170.1,193047
1787465880,76170.1,76188.4,76135.6,76188.3,241979
1787465940,76188.3,76280,76173.2,76280,420787
1787466000,76279.9,76280,76251,76269.5,150592
