ts,open,high,low,close,volume
1787285640,2345.09,2346.23,2344.47,2346.23,99.33220000
1787285700,2346.22,2347.61,2345.53,2347.61,85.80680000
1787285760,2347.61,2349.33,2346.29,2346.95,103.27410000
1787285820,2346.95,2347.01,2346.28,2346.86,142.69430000
1787285880,2346.9,2349.57,2346.9,2349.57,123.08240000
1787285940,2349.45,2350.35,2348.09,2348.09,73.82710000
1787286000,2348.1,2348.4,2348.1,2348.4,41.26990000
1787286060,2348.36,2349.04,2348.23,2348.41,0.73000000
1787286120,2348.58,2349.1,2348.1,2348.45,1.41260000
1787286180,2348.4,2349.79,2348.4,2349.3,4.48690000
1787286240,2349,2349.05,2347.67,2347.67,3.67070000
1787286300,2347.29,2347.44,2346.34,2346.34,17.63690000
1787286360,2346.34,2349.13,2346.27,2347.69,16.05960000
1787286420,2347.69,2347.69,2346.21,2346.34,14.86980000
1787286480,2346.38,2346.77,2345.8,2345.84,36.53540000
1787286540,2345.8,2345.91,2344.66,2344.97,26.70060000
1787286600,2344.96,2344.96,2343.67,2344.34,55.05830000
1787286660,2344.49,2348.06,2344.49,2348.06,56.20390000
1787286720,2348.1,2350,2348.1,2349.8,50.13720000
1787286780,2349.82,2350.89,2348.44,2348.6,80.10030000
1787286840,2348.68,2349.81,2348.68,2349.04,54.72000000
1787286900,2349.05,2349.56,2348.93,2349.15,33.14760000
1787286960,2349.16,2349.73,2348.76,2348.76,63.17080000
1787287020,2348.72,2349.69,2348.23,2349.69,46.44060000
1787287080,2350.03,2350.03,2348.91,2349.26,125.27170000
1787287140,2349.18,2349.18,2347.69,2348.17,41.00430000
1787287200,2347.9,2348.2,2346.79,2347.09,27.01880000
1787287260,2347.06,2348.2,2347.06,2347.52,50.19750000
1787287320,2346.79,2347.45,2345.8,2347.45,80.22700000
1787287380,2347.45,2350.35,2347.45,2349.63,48.90210000
1787287440,2349.64,2351.01,2349.63,2350.63,43.89320000
1787287500,2350.62,2350.62,2349.64,2350.19,70.68580000
1787287560,2350.08,2353.48,2350.08,2353.06,101.68460000
1787287620,2352.88,2354.2,2352.88,2353.86,106.53520000
1787287680,2353.86,2356,2353.86,2355.13,108.26140000
1787287740,2355.14,2355.3,2353.93,2353.96,73.91880000
1787287800,2354.04,2355.26,2354.04,2354.67,44.11120000
1787287860,2354.68,2354.79,2353.62,2353.99,98.05310000
1787287920,2353.99,2354.36,2353.98,2354.36,103.67700000
1787287980,2354.77,2354.98,2353.98,2354.77,81.99150000
1787288040,2354.95,2355.17,2354.93,2355.03,68.12150000
1787288100,2355.06,2355.24,2354.6,2355.1,69.92130000
1787288160,2355.09,2355.09,2353.57,2353.57,24.72570000
1787288220,2353.88,2354.41,2353.88,2354.05,55.02480000
1787288280,2354.04,2354.17,2353.88,2353.9,38.46880000
1787288340,2353.89,2354.27,2353.87,2354.15,53.48460000
1787288400,2354.16,2354.29,2353.18,2353.32,69.24490000
1787288460,2353.34,2354.43,2353.34,2354.42,63.32990000
1787288520,2354.18,2355.09,2354.1,2355.09,59.06000000
1787288580,2355.03,2356.11,2353.93,2354.07,89.99480000
1787288640,2354.06,2354.06,2350.06,2350.08,43.43310000
1787288700,2350.08,2355.72,2350.08,2355.38,75.73400000
1787288760,2355.33,2355.9,2354.19,2354.3,91.66270000
1787288820,2354.28,2354.58,2353.45,2353.45,108.79770000
1787288880,2353.45,2353.58,2353.05,2353.33,78.43980000
1787288940,2353.33,2354.02,2351.34,2352.35,93.23840000
1787289000,2352.35,2355.71,2352.31,2355.71,68.29110000
1787289060,2355.72,2357.4,2355.13,2356.98,86.32740000
1787289120,2356.99,2358.06,2356.71,2356.79,75.30700000
1787289180,2356.78,2358.38,2356.78,2358.38,90.56080000
1787289240,2358.41,2359.69,2357.69,2358.82,102.21040000
1787289300,2359.03,2360.28,2356.92,2359.67,138.84810000
1787289360,2359.66,2360.31,2358.77,2360.09,79.48230000
1787289420,2360.12,2360.27,2358.89,2360,115.49750000
1787289480,2359.69,2362.35,2359.42,2360.82,85.59320000
1787289540,2360.82,2360.82,2360.01,2360.39,79.19440000
1787289600,2360.27,2362.22,2359.28,2359.7,162.34000000
1787289660,2360.08,2360.88,2357.47,2357.5,111.99200000
1787289720,2357.45,2358.65,2357.29,2357.58,100.70370000
1787289780,2357.56,2358.02,2355.01,2356.35,107.15120000
1787289840,2356.36,2357.69,2356.28,2357.08,99.33740000
1787289900,2357.12,2357.88,2352.69,2353.38,116.84470000
1787289960,2353.54,2354.65,2352.52,2352.52,125.13720000
1787290020,2352.37,2352.82,2349.73,2352.81,84.75160000
1787290080,2352.8,2356.55,2352.12,2356.55,101.47050000
1787290140,2356.53,2356.53,2354.1,2354.1,129.67590000
1787290200,2354.1,2354.1,2352.18,2352.18,122.43590000
1787290260,2352.19,2353.56,2352.19,2353.32,117.66780000
1787290320,2353.33,2353.53,2351.7,2351.7,113.42860000
1787290380,2351.71,2354.19,2351.71,2354.06,86.78320000
1787290440,2354.07,2358.09,2354.07,2356.56,150.50830000
1787290500,2356.58,2356.64,2352.42,2352.96,36.73390000
1787290560,2352.95,2355.14,2352.95,2355.14,84.66910000
1787290620,2355.05,2355.88,2353.91,2354.38,97.23320000
1787290680,2354.36,2354.36,2352.91,2354.09,92.98590000
1787290740,2354.12,2356.38,2354.12,2355.86,94.16690000
1787290800,2355.84,2356.56,2354.63,2354.75,59.22260000
1787290860,2354.75,2355.08,2352.42,2353.44,91.51320000
1787290920,2353.55,2357.05,2353.55,2355.47,55.08520000
1787290980,2355.31,2355.31,2354.12,2354.24,74.44410000
1787291040,2354.28,2355.38,2354.25,2354.39,69.67880000
1787291100,2354.64,2354.67,2353.84,2353.84,60.23240000
1787291160,2354.28,2354.48,2353.85,2353.85,50.43660000
1787291220,2354,2354.3,2353.08,2354.14,107.91970000
1787291280,2354.51,2356.95,2354.51,2356.95,65.56490000
1787291340,2356.94,2357.33,2356.71,2357.32,72.40400000
1787291400,2357.33,2359.76,2356.98,2359.76,73.26390000
1787291460,2359.76,2361.43,2357.47,2357.91,93.14670000
1787291520,2357.91,2359.8,2357.91,2359.64,69.43050000
1787291580,2359.68,2361.63,2359.68,2360.92,88.31330000
1787291640,2360.92,2360.92,2360.52,2360.66,49.14790000
1787291700,2360.68,2364.23,2360.68,2363.22,113.05850000
1787291760,2363.18,2363.18,2362.05,2362.18,124.20790000
1787291820,2362.18,2364.53,2362.18,2364.53,135.07250000
1787291880,2364.54,2368.11,2363.35,2363.66,191.06140000
1787291940,2363.66,2368.62,2363.66,2368.58,161.86390000
1787292000,2368.26,2369.64,2365.83,2367.5,148.20450000
1787292060,2367.54,2367.7,2366.23,2367.05,198.31490000
1787292120,2367.06,2368.61,2366.78,2366.78,222.67310000
1787292180,2366.46,2373.31,2366.38,2372.42,283.68990000
1787292240,2372.16,2374.72,2371.02,2373.63,241.08880000
1787292300,2373.62,2378.57,2370.49,2378.53,397.46970000
1787292360,2378.29,2378.64,2373.21,2375.78,310.44360000
1787292420,2375.91,2376.31,2373.35,2375.75,309.33000000
1787292480,2375.85,2377.14,2373.52,2376.77,246.27450000
1787292540,2377.03,2377.44,2373.5,2373.88,289.17060000
1787292600,2373.91,2373.91,2370.45,2371.07,405.13410000
1787292660,2371.17,2371.8,2368.34,2368.34,257.92950000
1787292720,2368.87,2369.55,2365.2,2365.58,352.51040000
1787292780,2366.42,2366.46,2364.02,2364.52,302.02250000
1787292840,2364.54,2365.44,2364.46,2365.44,390.21860000
1787292900,2365.44,2368.57,2365.44,2368.33,196.41410000
1787292960,2367.71,2367.71,2365.34,2365.35,226.80710000
1787293020,2365.35,2367.17,2365.17,2365.75,636.59320000
1787293080,2365.74,2365.74,2364.28,2364.69,294.33670000
1787293140,2364.68,2365.27,2362.71,2365.27,258.18430000
1787293200,2364.86,2364.86,2361.13,2362.28,153.61450000
1787293260,2362.48,2364.59,2361.95,2361.95,98.53000000
1787293320,2361.95,2362.56,2356.76,2357.65,64.97660000
1787293380,2357.75,2358.05,2356.7,2357.03,10.58320000
1787293440,2356.99,2359.24,2355.19,2359.24,17.80860000
1787293500,2359.46,2359.93,2358.14,2359.84,122.03530000
1787293560,2359.84,2364.73,2359.84,2363.34,166.95680000
1787293620,2363.33,2364.44,2362.25,2363,201.63980000
1787293680,2362.71,2362.81,2361.11,2361.59,223.87230000
1787293740,2361.6,2362.04,2359.93,2360.49,198.73640000
1787293800,2360.5,2362.67,2360.5,2362.67,423.43290000
1787293860,2362.68,2365,2362.68,2364.26,120.21250000
1787293920,2364.26,2368.63,2364.26,2368.51,148.36940000
1787293980,2368.51,2369.76,2367.78,2369.76,458.03660000
1787294040,2369.75,2370.43,2367.44,2370.43,135.56130000
1787294100,2370.38,2372.14,2369.09,2371.9,149.43630000
1787294160,2371.9,2371.9,2368.58,2369.5,155.16130000
1787294220,2369.43,2369.57,2368.32,2369.26,146.08110000
1787294280,2369.21,2371.14,2367.91,2371.14,267.41600000
1787294340,2371.46,2373.65,2370.61,2372.71,167.08800000
1787294400,2372.7,2373.1,2371.72,2372.14,120.41350000
1787294460,2372.09,2372.62,2368.76,2368.76,166.89090000
1787294520,2368.76,2368.76,2364.25,2364.48,168.73490000
1787294580,2364.24,2369.38,2363.52,2369.38,194.94330000
1787294640,2369.17,2373.99,2369.17,2369.48,232.65030000
1787294700,2369.6,2369.68,2366.47,2367.55,234.16830000
1787294760,2367.23,2367.32,2364.56,2364.57,267.78530000
1787294820,2364.74,2372.3,2364.58,2371.49,311.59750000
1787294880,2370.84,2372.39,2370.25,2372.39,192.92140000
1787294940,2372.46,2383.54,2372.46,2376.87,461.40370000
1787295000,2376.87,2378.46,2373.34,2374.28,301.99400000
1787295060,2374.27,2374.3,2371.65,2371.9,479.59330000
1787295120,2371.9,2373.84,2369.52,2369.57,442.49340000
1787295180,2369.57,2372.86,2369.27,2370.46,426.37430000
1787295240,2370.5,2372.96,2370.5,2371.17,404.44040000
1787295300,2371.18,2372.44,2370.96,2371.45,410.63730000
1787295360,2371.56,2373.62,2370.81,2372.5,289.53590000
1787295420,2372.5,2373.36,2371.68,2371.98,254.14180000
1787295480,2371.97,2372.02,2370.62,2371.78,207.89660000
1787295540,2371.77,2372.66,2371.27,2372.38,246.16150000
1787295600,2372.38,2374.53,2370.96,2374.53,147.59460000
1787295660,2373.9,2375.45,2373.21,2374.11,116.59770000
1787295720,2374.06,2378.89,2373.61,2377.5,132.21970000
1787295780,2377.46,2377.46,2375.1,2376.12,168.34560000
1787295840,2376.15,2376.21,2372.97,2373.76,168.99780000
1787295900,2373.8,2374.88,2372.07,2372.78,189.38070000
1787295960,2372.74,2374.41,2372.66,2372.83,198.69180000
1787296020,2372.84,2376.56,2372.84,2375.73,269.86570000
1787296080,2375.98,2380.66,2375.49,2380.66,223.15670000
1787296140,2380.16,2380.66,2375.86,2376.13,182.53190000
1787296200,2376.19,2380.49,2376.19,2380.49,175.40220000
1787296260,2380.5,2381.5,2377.97,2381.4,172.77740000
1787296320,2381.41,2383.94,2379.94,2380.14,221.12210000
1787296380,2380.24,2380.66,2379.84,2379.85,178.23150000
1787296440,2379.85,2386.89,2379.55,2386.08,204.92100000
1787296500,2386.09,2394.48,2384.76,2386.45,404.81020000
1787296560,2386.45,2398.76,2385.69,2389.79,433.60210000
1787296620,2389.8,2395.56,2386.81,2388.84,270.74710000
1787296680,2389,2390.14,2385.95,2388.34,331.87070000
1787296740,2388.36,2390.83,2385.54,2386.23,375.00410000
1787296800,2386.2,2388.09,2381.41,2384.58,762.53060000
1787296860,2384.58,2384.58,2382,2382.13,818.02360000
1787296920,2382.15,2383.12,2379.5,2379.89,869.22390000
1787296980,2380.03,2383.35,2379.44,2381.22,802.16290000
1787297040,2381.51,2382.6,2377.72,2377.72,804.94360000
1787297100,2377.67,2382.99,2377.5,2382.23,568.88650000
1787297160,2382.3,2382.83,2380.3,2380.32,565.75550000
1787297220,2380.31,2380.37,2378.34,2378.94,538.15980000
1787297280,2378.97,2381.24,2377.94,2381.06,513.16320000
1787297340,2381.07,2382.15,2381.02,2381.68,505.56330000
1787297400,2381.64,2384.4,2380.26,2383.06,707.37620000
1787297460,2382.99,2388.4,2381.75,2384.46,474.88650000
1787297520,2384.46,2387.45,2383.26,2386.4,354.30930000
1787297580,2386.41,2388.42,2380.66,2380.66,395.02740000
1787297640,2381.06,2381.22,2377.92,2379.12,267.13260000
1787297700,2379.14,2379.23,2373.16,2376.53,382.85260000
1787297760,2376.54,2377.8,2374.87,2375.02,490.36600000
1787297820,2375.01,2375.9,2372.49,2373.09,475.75430000
1787297880,2373.09,2376.71,2373.09,2375.19,429.03640000
1787297940,2375.19,2384.08,2374.72,2381.89,533.43450000
1787298000,2381.89,2383.81,2378.64,2381.82,648.06650000
1787298060,2381.9,2382.22,2379.54,2381.05,523.75840000
1787298120,2381.05,2383.92,2380.4,2383.92,454.50880000
1787298180,2384.07,2387.33,2383.72,2384.34,541.45440000
1787298240,2384.37,2384.38,2380.5,2380.54,564.32340000
1787298300,2380.54,2382.32,2379.32,2381.23,353.41580000
1787298360,2381.47,2381.86,2378.59,2379.69,418.84680000
1787298420,2379.68,2382.54,2379.59,2382.31,442.72630000
1787298480,2382.31,2383.17,2377.97,2377.97,471.40450000
1787298540,2377.99,2378.02,2375.42,2376.54,517.09510000
1787298600,2376.52,2377.07,2374.62,2374.63,550.78350000
1787298660,2374.62,2374.86,2372.77,2373.73,839.50950000
1787298720,2373.73,2374.55,2372.62,2374.07,520.22620000
1787298780,2374.06,2374.06,2371.79,2371.79,330.36150000
1787298840,2371.8,2373.47,2371.48,2372.57,632.94400000
1787298900,2372.4,2373.58,2371.47,2371.47,238.03220000
1787298960,2371.47,2373.45,2371.2,2372.01,426.69440000
1787299020,2372.02,2372.38,2371.25,2371.33,417.13570000
1787299080,2371.34,2372.38,2368.06,2369.81,439.93540000
1787299140,2369.81,2371.95,2369.62,2371.94,467.64210000
1787299200,2371.95,2374.51,2370.74,2374.44,567.87790000
1787299260,2374.43,2377.16,2374.43,2376.81,282.24270000
1787299320,2376.8,2377.06,2376.48,2377,842.14450000
1787299380,2376.96,2379.9,2376.73,2379.89,439.06700000
1787299440,2379.89,2379.89,2376.14,2377.74,378.47480000
1787299500,2377.74,2378.77,2376.99,2378.66,410.79370000
1787299560,2378.65,2378.65,2376.08,2378.33,315.53420000
1787299620,2378.16,2382.46,2377.79,2382.46,378.06150000
1787299680,2382.46,2387.49,2382.23,2386.69,367.00780000
1787299740,2386.71,2387.47,2383.32,2386.06,402.33670000
1787299800,2386.02,2386.03,2383.29,2383.5,220.34020000
1787299860,2383.5,2384.61,2382.72,2383.05,281.12430000
1787299920,2383.05,2387.64,2382.95,2387.05,288.08130000
1787299980,2386.42,2388.64,2386.23,2388.16,296.27450000
1787300040,2388.16,2391.66,2382.85,2383.78,327.19760000
1787300100,2383.93,2386.73,2383.36,2385.43,246.26650000
1787300160,2385.42,2389.18,2383.7,2385.76,320.83200000
1787300220,2385.42,2388.11,2384.74,2387.71,332.01270000
1787300280,2387.72,2391.35,2387.42,2391.35,281.13800000
1787300340,2390.97,2391.95,2388.88,2390.14,336.27650000
1787300400,2389.75,2390.92,2388.58,2389.19,132.26830000
1787300460,2389.14,2389.14,2386.81,2386.9,40.10960000
1787300520,2386.81,2387.15,2384.8,2387.15,25.47300000
1787300580,2387.19,2387.23,2382.07,2382.16,22.43110000
1787300640,2382.24,2382.27,2379.58,2380.06,21.96890000
1787300700,2380.27,2386.19,2380.09,2386.04,310.26470000
1787300760,2386.04,2389.39,2385.64,2386.38,338.16370000
1787300820,2386.12,2387.61,2385.77,2386.13,323.75560000
1787300880,2386.49,2388.61,2384.2,2384.2,314.70830000
1787300940,2384.09,2388.06,2383.71,2386.9,291.11540000
1787301000,2387.05,2389.22,2386.5,2387.88,252.06550000
1787301060,2387.88,2393.47,2386.46,2392.61,274.82670000
1787301120,2392.53,2395.5,2392.01,2395.47,340.37720000
1787301180,2395.47,2396.24,2392,2395.55,426.84460000
1787301240,2395.55,2399,2392.79,2396.77,338.08360000
1787301300,2396.77,2398.76,2395.65,2398.62,349.13700000
1787301360,2398.44,2403.23,2394.28,2396.27,869.62490000
1787301420,2396.28,2402.69,2395,2401.93,543.42670000
1787301480,2401.96,2411.44,2399.02,2407.35,562.03520000
1787301540,2407.44,2410.25,2404.26,2408.42,553.86230000
1787301600,2408.42,2410.48,2406.72,2407.24,998.94210000
1787301660,2407.25,2415.91,2407.08,2412.27,933.34670000
1787301720,2412.27,2414.68,2410.46,2412.7,1016.45680000
1787301780,2412.74,2415.11,2410.3,2411.61,1019.70990000
1787301840,2411.6,2413.62,2409.21,2409.94,957.71860000
1787301900,2409.93,2420,2409.22,2418.91,915.92660000
1787301960,2418.9,2426.15,2418.12,2422.1,979.67780000
1787302020,2422.15,2432.19,2422.15,2424.95,953.83870000
1787302080,2424.96,2430.88,2422.04,2429.8,946.58520000
1787302140,2429.84,2429.84,2424.14,2425.26,974.65480000
1787302200,2425.26,2432.9,2425,2431.06,1082.52390000
1787302260,2431.05,2438.69,2430.11,2434.58,1281.66740000
1787302320,2434.58,2439,2434.01,2436.63,1132.69120000
1787302380,2436.78,2437.94,2432.92,2435.05,1256.04730000
1787302440,2435.06,2440.79,2433.83,2440.79,1258.61220000
1787302500,2440.78,2440.91,2436.87,2439.77,1559.62180000
1787302560,2439.76,2440.81,2435.07,2440.54,1128.50840000
1787302620,2440.53,2443.94,2436.82,2442.19,1421.38830000
1787302680,2442.19,2448,2436.81,2443.99,1275.73440000
1787302740,2444.03,2448.75,2440.41,2444.78,1389.23320000
1787302800,2444.78,2446.61,2425.49,2431.19,950.69480000
1787302860,2431.39,2431.39,2418.46,2420,1077.77280000
1787302920,2420,2420.75,2399.8,2406.43,1134.07730000
1787302980,2406.44,2409.08,2389.23,2403.5,912.05360000
1787303040,2403.51,2407.08,2401.48,2404.82,1032.43560000
1787303100,2404.82,2412,2399.03,2403.15,1614.70820000
1787303160,2403.5,2403.85,2390.96,2395.35,1464.15310000
1787303220,2395.45,2395.45,2376.5,2390.08,1445.99470000
1787303280,2390.08,2392.17,2385.01,2389.21,1452.69000000
1787303340,2389.05,2395.81,2388.73,2392.07,1547.68460000
1787303400,2391.91,2401.02,2391.91,2399.72,1143.04790000
1787303460,2399.72,2402.8,2397.06,2402.51,1152.74920000
1787303520,2402.51,2404.74,2400.36,2403.95,1259.19750000
1787303580,2403.94,2405.78,2401.75,2403.31,1170.37800000
1787303640,2403.5,2403.82,2397.21,2399.02,1324.50030000
1787303700,2398.65,2399.23,2386.71,2390.76,863.14500000
1787303760,2390.66,2395.55,2389.92,2393.43,781.24390000
1787303820,2393.43,2394.07,2389.28,2393.9,808.76870000
1787303880,2393,2399.79,2392.69,2393.86,435.14910000
1787303940,2393.86,2393.86,2389.05,2390.02,503.86820000
1787304000,2390.02,2392.55,2386.21,2392,330.98510000
1787304060,2391.93,2394.42,2388.16,2391.08,235.27850000
1787304120,2391.08,2391.79,2383.88,2387.5,424.24090000
1787304180,2387.5,2390.03,2386.12,2387.27,373.66610000
1787304240,2387.26,2391.69,2387.26,2388.34,555.19940000
1787304300,2388.34,2390.88,2385.65,2386.34,444.51130000
1787304360,2386.35,2390.72,2385.08,2385.78,488.73880000
1787304420,2385.98,2393.67,2385.98,2393.67,450.81530000
1787304480,2393.67,2393.69,2389.77,2392.1,408.63020000
1787304540,2392.18,2393.35,2388.19,2389.64,443.54860000
1787304600,2389.56,2389.77,2385.88,2388.31,326.77440000
1787304660,2388.32,2394.51,2387,2394.51,346.33100000
1787304720,2394.55,2399.39,2394.55,2396.8,290.26320000
1787304780,2396.8,2397.2,2394.35,2396.51,296.10210000
1787304840,2396.51,2398.6,2395.14,2395.29,261.39770000
1787304900,2395.28,2396.07,2393.73,2394.57,279.64180000
1787304960,2394.58,2395.68,2394.32,2395.68,279.11630000
1787305020,2395.82,2401.73,2395.82,2400.65,284.65780000
1787305080,2400.86,2401.83,2395.65,2398.04,267.85970000
1787305140,2398.03,2400.23,2397.75,2400.03,269.98260000
1787305200,2399.91,2401.61,2399.37,2400.7,293.10250000
1787305260,2400.7,2401.74,2398.21,2401.52,311.01240000
1787305320,2401.51,2406.08,2400.35,2404.46,304.07330000
1787305380,2404.21,2410.03,2404.21,2409.94,283.14240000
1787305440,2409.7,2411.57,2407.35,2407.84,275.93820000
1787305500,2407.92,2411.79,2407.68,2411.5,346.23530000
1787305560,2411.5,2411.77,2408.12,2408.69,392.73040000
1787305620,2408.69,2411.76,2405.26,2411.75,330.26170000
1787305680,2411.75,2413.89,2408.76,2409.71,351.63690000
1787305740,2409.71,2413.16,2409.47,2411.98,450.08030000
1787305800,2412.22,2413.41,2407.13,2407.13,236.85330000
1787305860,2407.11,2411.61,2405.92,2411.61,286.89060000
1787305920,2411.86,2416.55,2408.89,2410.17,266.80420000
1787305980,2410.52,2411.92,2407.12,2407.12,262.85570000
1787306040,2407.11,2410.84,2406.72,2407.36,373.78000000
1787306100,2407.36,2408.87,2406.46,2406.66,318.80140000
1787306160,2406.73,2407.35,2403.06,2407.35,337.92210000
1787306220,2407.7,2407.74,2392,2397.5,318.59640000
1787306280,2397.53,2401.39,2397.53,2399.35,320.98700000
1787306340,2399.38,2404.28,2399.38,2403.94,276.06240000
1787306400,2404.22,2405.25,2398.87,2399.78,358.98740000
1787306460,2399.75,2401.07,2398.39,2398.54,303.72080000
1787306520,2398.38,2402.92,2398.27,2399.16,266.98150000
1787306580,2399.17,2399.63,2395.83,2395.83,284.75060000
1787306640,2396.04,2397.95,2395.21,2396.28,309.51720000
1787306700,2396.46,2402.17,2395.43,2400.21,264.09720000
1787306760,2400.08,2400.08,2395.57,2399.63,262.98200000
1787306820,2399.64,2399.76,2395.49,2397.07,275.07660000
1787306880,2397.07,2397.2,2394.78,2395.12,336.25230000
1787306940,2395.45,2396.62,2395.45,2396.2,282.64430000
1787307000,2396.2,2402.64,2396.2,2401.88,302.40970000
1787307060,2401.89,2406.19,2401.89,2405.4,280.37560000
1787307120,2405.41,2405.82,2402.16,2402.16,219.22760000
1787307180,2402.12,2403.97,2401.49,2402.8,260.79390000
1787307240,2402.49,2403.11,2400.91,2401.38,176.24080000
1787307300,2401.35,2404.06,2401.06,2404.04,170.66520000
1787307360,2404.09,2408.75,2404.09,2408.28,200.97280000
1787307420,2408.24,2408.24,2405.51,2407,261.59970000
1787307480,2406.73,2410.4,2406.73,2409.83,202.16830000
1787307540,2409.83,2411.55,2409.24,2411.1,222.32440000
1787307600,2411.1,2411.12,2406.81,2406.81,121.96230000
1787307660,2406.8,2408.05,2405.54,2405.55,77.24210000
1787307720,2405.74,2408.05,2405,2405.82,57.26900000
1787307780,2405.86,2407.57,2404.91,2405.65,26.73030000
1787307840,2405.48,2406.3,2404.69,2404.69,16.50200000
1787307900,2404.68,2405.4,2402.71,2405.24,121.25870000
1787307960,2405.25,2405.59,2391.71,2392.87,178.64440000
1787308020,2393.29,2396.68,2390.88,2396.68,174.09350000
1787308080,2396.58,2398.64,2395.83,2396.8,164.86100000
1787308140,2396.68,2400.8,2396.4,2400.24,84.07220000
1787308200,2400.21,2401.88,2398.95,2398.96,217.68940000
1787308260,2398.96,2401.2,2398.27,2398.96,256.00320000
1787308320,2398.95,2399.24,2396.17,2396.17,272.05590000
1787308380,2396.13,2396.67,2394.09,2395.3,301.03650000
1787308440,2395.3,2395.3,2392.83,2393.24,258.16330000
1787308500,2393.2,2394.75,2391.6,2394.6,145.44480000
1787308560,2394.64,2398.37,2394.64,2397.5,188.10510000
1787308620,2397.56,2398.37,2396.54,2397.57,161.94890000
1787308680,2397.57,2399.11,2396.18,2396.64,199.77800000
1787308740,2396.72,2397.21,2394.91,2396.48,179.09120000
1787308800,2396.48,2398.87,2396.48,2397.77,277.81830000
1787308860,2397.77,2397.77,2396.06,2397.62,173.03140000
1787308920,2397.61,2398.6,2393.34,2393.54,238.95100000
1787308980,2393.39,2398.29,2393.36,2397.42,225.93770000
1787309040,2397.48,2398.24,2397.06,2397.55,195.99870000
1787309100,2397.58,2399.82,2397.58,2399.71,191.44510000
1787309160,2399.72,2404.57,2399.72,2403.74,186.25430000
1787309220,2403.78,2405.25,2402.12,2402.31,143.83680000
1787309280,2402.3,2402.9,2398.87,2398.87,131.98200000
1787309340,2398.74,2400.15,2398.72,2399.86,129.44810000
1787309400,2399.82,2399.82,2397.89,2397.89,127.67200000
1787309460,2397.77,2398.1,2395.88,2395.98,166.32150000
1787309520,2395.98,2397.08,2395.55,2396.72,109.40950000
1787309580,2396.73,2398.33,2396.51,2397.9,119.76970000
1787309640,2397.86,2398.25,2396.72,2397.21,147.94280000
1787309700,2397.24,2398.26,2395.44,2395.88,169.12890000
1787309760,2395.89,2397.67,2395.89,2396.87,125.91070000
1787309820,2396.86,2397.95,2396.56,2397.95,126.20390000
1787309880,2397.96,2398.79,2396.52,2396.72,142.77770000
1787309940,2396.68,2396.68,2393.75,2395.13,130.10090000
1787310000,2395.46,2396.46,2392.35,2392.93,90.76950000
1787310060,2392.86,2394.42,2391.7,2394.19,88.85930000
1787310120,2394.02,2394.02,2389.28,2389.48,98.10730000
1787310180,2389.5,2393.82,2389.5,2390.29,128.68240000
1787310240,2390.52,2396.51,2390.42,2396.51,127.06270000
1787310300,2396.29,2398.87,2395.67,2397.13,124.90530000
1787310360,2397.13,2397.21,2395.79,2396.46,118.96410000
1787310420,2396.33,2396.33,2394.35,2394.4,174.84050000
1787310480,2394.43,2394.91,2392.38,2392.38,173.49550000
1787310540,2392.39,2392.56,2391.43,2391.89,139.84220000
1787310600,2391.92,2392.68,2389.92,2392.05,227.31490000
1787310660,2392.04,2392.04,2389.59,2389.59,109.28590000
1787310720,2389.58,2389.58,2377.02,2383.99,206.16940000
1787310780,2383.86,2384.13,2378.57,2380.7,165.13480000
1787310840,2380.7,2386.56,2380.32,2386.56,114.03960000
1787310900,2386.38,2386.38,2382.2,2383.15,249.79650000
1787310960,2383.14,2384.28,2377.53,2378.21,327.99170000
1787311020,2378.09,2381.59,2378.09,2381.02,356.77760000
1787311080,2381.1,2383.58,2378.27,2378.43,378.93660000
1787311140,2378.26,2379.58,2372.98,2375.13,426.47330000
1787311200,2374.78,2380.77,2373.8,2378.08,378.54750000
1787311260,2377.8,2384.94,2377.13,2383.96,299.26100000
1787311320,2383.97,2388.21,2383.97,2387.22,319.29240000
1787311380,2387.23,2388.77,2385.59,2386.55,345.04990000
1787311440,2386.55,2387.24,2381.2,2384.4,462.37490000
1787311500,2384.57,2384.57,2381.21,2384.39,402.25980000
1787311560,2384.74,2385.92,2384.74,2385.36,352.28990000
1787311620,2385.1,2385.1,2381.38,2381.69,357.09860000
1787311680,2381.7,2385.28,2381.17,2385.28,440.59570000
1787311740,2385.27,2386.03,2384.94,2386.03,329.77850000
1787311800,2386.04,2386.62,2383.37,2384.51,232.78920000
1787311860,2384.52,2384.52,2379.74,2380.85,189.86240000
1787311920,2380.85,2380.85,2366.29,2370.74,350.77120000
1787311980,2371.03,2374.62,2368.04,2369.3,265.21440000
1787312040,2370.19,2370.47,2357.14,2360.56,276.24890000
1787312100,2360.63,2369.39,2360.46,2368.4,472.12040000
1787312160,2368.55,2372.42,2366.51,2371.37,499.92350000
1787312220,2371.37,2375.54,2371.37,2375.46,609.44120000
1787312280,2375.41,2379.18,2375.05,2377.93,523.84390000
1787312340,2377.86,2377.86,2375.01,2375.01,525.42500000
1787312400,2375.01,2377.85,2374.11,2377.5,429.22170000
1787312460,2377.48,2377.48,2375.47,2376.92,426.34410000
1787312520,2376.96,2377.16,2372.07,2373.7,512.45990000
1787312580,2373.96,2373.97,2372.05,2373.28,456.96280000
1787312640,2373.16,2374.48,2371.95,2373.98,388.92620000
1787312700,2373.94,2376.56,2373.76,2375.47,323.06470000
1787312760,2375.49,2375.9,2370.86,2370.86,238.05690000
1787312820,2370.86,2371.53,2362.01,2364.52,297.05400000
1787312880,2365.47,2367.67,2362.1,2367.26,236.24480000
1787312940,2367.29,2369.12,2365.88,2369.12,295.14840000
1787313000,2369.12,2372.04,2366.74,2372.04,292.28020000
1787313060,2372.04,2372.77,2369.12,2372.77,322.53570000
1787313120,2372.76,2374.98,2372.52,2374.82,328.14640000
1787313180,2374.9,2376.17,2374.16,2374.52,275.28640000
1787313240,2374.58,2377.27,2374.58,2376.92,304.53810000
1787313300,2376.91,2376.96,2372.6,2373.84,174.92960000
1787313360,2373.88,2374.78,2373,2373.66,196.86600000
1787313420,2373.67,2375.91,2373.66,2375.48,207.76100000
1787313480,2375.47,2375.57,2370.02,2371.7,230.05200000
1787313540,2371.7,2371.7,2367.21,2370.46,210.67760000
1787313600,2370.47,2371.71,2367.59,2367.8,292.18140000
1787313660,2367.41,2370.4,2367.41,2369.61,207.72130000
1787313720,2369.7,2371.02,2365.63,2368.43,225.11610000
1787313780,2368.65,2374.56,2368.65,2372.74,255.04080000
1787313840,2372.75,2373.22,2366.89,2370.24,278.83200000
1787313900,2370.21,2375.47,2370.21,2375.47,228.51650000
1787313960,2375.47,2376.12,2374.1,2375.83,200.99400000
1787314020,2375.84,2377.08,2375.64,2376.79,221.78460000
1787314080,2376.79,2377,2373.43,2373.62,221.69530000
1787314140,2373.8,2374.43,2372.42,2373,185.52890000
1787314200,2372.99,2373.94,2371.71,2371.88,270.60310000
1787314260,2371.87,2374.44,2371.71,2374.44,231.84880000
1787314320,2374.45,2374.63,2372.39,2374.09,161.16600000
1787314380,2374.09,2379.71,2374.09,2379.65,214.22700000
1787314440,2379.72,2379.74,2378.89,2378.89,239.75130000
1787314500,2378.89,2378.89,2376.32,2376.56,104.23340000
1787314560,2376.57,2376.59,2375.14,2375.71,165.67710000
1787314620,2375.68,2375.88,2374.91,2375.48,121.98610000
1787314680,2375.72,2377.52,2375.13,2375.13,133.04710000
1787314740,2375,2376.14,2373.78,2374.69,168.47630000
1787314800,2374.78,2376.16,2374.78,2375.74,78.08460000
1787314860,2375.74,2376.79,2373.58,2373.81,17.31080000
1787314920,2373.84,2375.76,2373.84,2375.51,12.11930000
1787314980,2375.55,2376.48,2370.11,2371.03,105.35520000
1787315040,2370.97,2376.65,2370.94,2375.78,25.03270000
1787315100,2375.78,2375.78,2373.2,2374.77,185.54190000
1787315160,2374.74,2376.39,2374.44,2376.06,203.74550000
1787315220,2375.98,2375.99,2374.83,2375.19,183.11390000
1787315280,2375.14,2376.79,2375.1,2376.16,224.86640000
1787315340,2376.15,2376.15,2374.22,2374.86,238.72200000
1787315400,2374.86,2375.13,2373.64,2374.96,155.89670000
1787315460,2375,2376.29,2373.77,2376.29,172.16150000
1787315520,2376.49,2376.51,2373.28,2375.56,178.45180000
1787315580,2375.8,2375.96,2374.45,2375.22,137.74500000
1787315640,2375.22,2375.45,2373.44,2375.44,119.60760000
1787315700,2375.45,2380.88,2375.45,2380.87,189.91080000
1787315760,2380.87,2383.99,2379.68,2382.01,143.26800000
1787315820,2382,2385.09,2382,2383.59,159.68890000
1787315880,2383.59,2386.73,2383.59,2385.29,156.58640000
1787315940,2385.37,2389.58,2385.04,2389.42,204.77890000
1787316000,2389.45,2389.45,2387.86,2388.14,125.73990000
1787316060,2388.14,2395.84,2388.1,2394.4,382.22240000
1787316120,2394.08,2394.33,2390.03,2391.41,339.68690000
1787316180,2391.64,2394.77,2391.41,2393.93,234.84620000
1787316240,2394.26,2395.71,2393.43,2394.27,273.97170000
1787316300,2394.12,2394.68,2393.02,2394.04,251.30330000
1787316360,2393.88,2394.2,2392.61,2393,299.07780000
1787316420,2392.96,2393.73,2392.43,2393.02,346.67840000
1787316480,2392.74,2393.73,2389.68,2393.73,419.39460000
1787316540,2393.39,2394.92,2392.69,2394.5,331.79080000
1787316600,2394.54,2397.32,2393.98,2394.42,491.02770000
1787316660,2394.38,2394.43,2390.96,2391.19,283.86240000
1787316720,2391.19,2393,2390.66,2391.3,217.42790000
1787316780,2391.04,2391.04,2389.53,2389.56,246.63740000
1787316840,2389.56,2389.57,2385.09,2386.44,208.14580000
1787316900,2386.44,2390.2,2386.31,2387.08,245.46800000
1787316960,2387.06,2387.48,2385.45,2385.55,338.79010000
1787317020,2385.55,2387.05,2385.55,2386.13,347.97560000
1787317080,2386.17,2388.02,2386.17,2387.95,304.05170000
1787317140,2387.95,2388.9,2387.88,2388.51,225.85600000
1787317200,2388.52,2389.11,2385.08,2386.28,366.48410000
1787317260,2386.28,2386.59,2385.04,2385.04,299.06170000
1787317320,2385.05,2386.12,2385,2385.33,244.25480000
1787317380,2385.33,2386.81,2384.08,2386.66,229.94160000
1787317440,2386.63,2390.24,2386.12,2390.24,303.00340000
1787317500,2390.25,2390.25,2388.89,2389.96,164.42750000
1787317560,2389.88,2393.41,2389.57,2392.82,230.46580000
1787317620,2392.79,2394.13,2392.03,2394.13,223.45660000
1787317680,2394.32,2396.24,2390.97,2391.07,233.66540000
1787317740,2390.96,2391.3,2390.42,2390.61,229.23200000
1787317800,2390.62,2390.62,2387.28,2387.56,176.70890000
1787317860,2387.54,2387.54,2383.95,2386.75,201.92570000
1787317920,2386.8,2387.84,2386.12,2386.32,214.24980000
1787317980,2386.12,2388.15,2384.4,2387.76,206.89440000
1787318040,2387.76,2390.83,2387.76,2390.76,196.15300000
1787318100,2390.77,2390.96,2388.8,2388.8,181.73180000
1787318160,2388.8,2388.88,2387.5,2387.51,146.42340000
1787318220,2387.5,2387.51,2383.83,2384.55,156.23290000
1787318280,2384.55,2386.32,2382.65,2383.2,150.92160000
1787318340,2383.2,2386.46,2383.03,2386.1,189.18950000
1787318400,2386.06,2386.06,2382.95,2383.42,114.97520000
1787318460,2383.4,2384.82,2383.03,2384.06,122.94730000
1787318520,2384.06,2384.67,2382.09,2383.65,140.39070000
1787318580,2383.68,2383.86,2381.91,2382.21,124.16870000
1787318640,2382.22,2384.34,2382.22,2384.28,93.08510000
1787318700,2384.28,2387.12,2382.98,2387.12,119.73640000
1787318760,2387.12,2389.64,2386.6,2388.96,76.80990000
1787318820,2389.11,2390.91,2388.19,2389.94,132.88650000
1787318880,2389.95,2390.35,2385.19,2387.49,189.15410000
1787318940,2387.5,2388,2386.56,2386.56,114.85040000
1787319000,2386.56,2386.56,2376.41,2380.72,182.94250000
1787319060,2380.8,2381.34,2370.79,2375.86,296.67670000
1787319120,2375.86,2377.05,2371.03,2376.61,210.65660000
1787319180,2376.85,2377.28,2373.8,2375.6,235.21450000
1787319240,2375.8,2378.21,2374.95,2375.68,248.21580000
1787319300,2375.64,2375.7,2367.76,2368.51,386.70500000
1787319360,2368.51,2376.45,2367.76,2376.45,488.09670000
1787319420,2376.46,2382.03,2376.46,2381.3,469.86940000
1787319480,2381.29,2387.13,2380.96,2385.42,459.90200000
1787319540,2385.08,2388.99,2382.68,2388.63,450.23680000
1787319600,2388.99,2392.99,2388.7,2391.15,583.60010000
1787319660,2391.15,2393.46,2390.51,2392.26,511.75130000
1787319720,2392.22,2398.63,2392.22,2397.36,476.43030000
1787319780,2397.4,2397.4,2392.35,2395.31,476.52350000
1787319840,2395.31,2395.82,2393.74,2394.94,484.49360000
1787319900,2394.91,2399.77,2394.08,2395.83,517.63290000
1787319960,2395.83,2396.13,2391.71,2394.7,461.66450000
1787320020,2394.54,2398.23,2392.73,2394.43,511.16580000
1787320080,2394.43,2401.47,2392.69,2397.86,515.74190000
1787320140,2397.78,2402.41,2397.47,2402.24,439.46330000
1787320200,2402.32,2406.53,2400.7,2402.08,473.51700000
1787320260,2402.1,2402.76,2400.35,2400.69,439.82430000
1787320320,2400.65,2400.65,2393.37,2394.32,563.38510000
1787320380,2394.15,2397.5,2392.83,2394.15,610.18100000
1787320440,2394.14,2394.44,2386.82,2389.22,602.79990000
1787320500,2389.22,2390.6,2386.15,2388.56,439.02050000
1787320560,2388.56,2390.22,2387.38,2390.22,470.00160000
1787320620,2390.27,2392.79,2386.82,2386.82,422.90750000
1787320680,2386.88,2386.89,2382.01,2384,566.04450000
1787320740,2383.99,2389.57,2383.99,2387.51,428.81350000
1787320800,2387.51,2387.68,2384.35,2384.35,251.99990000
1787320860,2384.1,2385.76,2382.72,2383.44,309.49960000
1787320920,2383.44,2383.89,2376.18,2378,343.06030000
1787320980,2377.52,2379.92,2375.36,2378.29,368.71780000
1787321040,2378.23,2378.39,2374.81,2374.82,295.96940000
1787321100,2375.05,2382.32,2374.31,2381.96,295.92830000
1787321160,2381.89,2386.1,2381.89,2384.18,327.50140000
1787321220,2384.2,2384.2,2380.62,2381.3,340.74510000
1787321280,2381.3,2385.35,2380.98,2384.37,327.33720000
1787321340,2384.37,2384.73,2380.95,2381.09,384.45230000
1787321400,2381.34,2385.43,2381.34,2385.09,232.99910000
1787321460,2385.06,2385.76,2384.05,2385.42,255.97960000
1787321520,2385.43,2386.58,2381.64,2381.64,187.44200000
1787321580,2381.96,2384,2380.38,2380.94,236.80650000
1787321640,2380.99,2381.07,2376.02,2379.06,241.91870000
1787321700,2379.06,2383.54,2378.9,2383.54,75.66560000
1787321760,2383.46,2385.26,2380.38,2383.31,197.14450000
1787321820,2383.3,2384.05,2378,2379.68,179.20250000
1787321880,2379.88,2380.56,2377.05,2377.12,154.81960000
1787321940,2377.07,2377.15,2371.65,2371.66,145.39680000
1787322000,2372.2,2372.38,2369.75,2370.54,169.46150000
1787322060,2370.64,2372.43,2369.59,2371.38,12.52120000
1787322120,2371.46,2382.57,2371.46,2379.84,112.81140000
1787322180,2379.82,2379.82,2375.73,2376.15,20.09940000
1787322240,2376.29,2383.39,2375.28,2381.16,55.78560000
1787322300,2381.29,2384.04,2380.94,2383.18,262.24140000
1787322360,2383.18,2384.35,2379.92,2383.93,358.03890000
1787322420,2383.93,2390.34,2383.92,2389.08,475.14170000
1787322480,2389.23,2390.96,2388.25,2390.18,326.21420000
1787322540,2390.27,2392.38,2389.31,2392,374.66020000
1787322600,2391.98,2393.88,2390.66,2393.42,307.25060000
1787322660,2393.46,2395.81,2391.31,2392.8,394.32630000
1787322720,2392.81,2396.66,2389.6,2395.6,340.40290000
1787322780,2395.68,2397.6,2393.53,2393.7,403.61600000
1787322840,2393.7,2394.34,2392.68,2392.68,377.04840000
1787322900,2392.36,2393.32,2389.54,2389.55,346.77050000
1787322960,2389.55,2393.86,2389.29,2393,238.29380000
1787323020,2392.97,2392.97,2388.54,2388.55,244.06470000
1787323080,2388.55,2388.55,2382.23,2383.17,300.92210000
1787323140,2383.36,2386.1,2377.52,2379.36,339.17190000
1787323200,2379.36,2382.28,2378.65,2380.53,231.83560000
1787323260,2380.53,2381.88,2379.27,2381.04,257.63360000
1787323320,2381.05,2381.96,2380.76,2381.68,337.31020000
1787323380,2381.67,2384.73,2381.67,2384.46,309.55770000
1787323440,2384.54,2386.44,2383.58,2385.74,373.70680000
1787323500,2385.76,2389.23,2385.76,2388.33,263.20890000
1787323560,2388.24,2390.47,2388.16,2390.03,212.70350000
1787323620,2390.03,2391.63,2390.03,2390.06,237.44630000
1787323680,2389.98,2390.6,2388.2,2388.87,279.77210000
1787323740,2388.88,2390.96,2388.88,2390.35,301.66170000
1787323800,2390.34,2392.7,2390.34,2392.7,158.95810000
1787323860,2392.7,2392.7,2391.58,2391.86,193.47850000
1787323920,2391.82,2392.28,2389.67,2391.53,223.29770000
1787323980,2391.53,2391.54,2389.37,2389.47,253.27020000
1787324040,2389.51,2390.57,2388.32,2388.44,238.80540000
1787324100,2388.48,2389.64,2388.22,2389.59,185.22950000
1787324160,2389.6,2393.19,2389.58,2393.19,167.95950000
1787324220,2393.19,2393.38,2391.04,2392.09,136.77720000
1787324280,2392.09,2392.4,2391.78,2392.33,137.32190000
1787324340,2392.34,2394.23,2392.34,2393.72,144.98310000
1787324400,2393.48,2394.32,2391.91,2393.49,152.79410000
1787324460,2393.47,2394.51,2391.48,2392.34,111.57120000
1787324520,2392.34,2394.12,2391.52,2393.91,146.54760000
1787324580,2393.91,2394.07,2393.1,2393.72,110.27190000
1787324640,2393.72,2396.85,2393.72,2395.6,199.36380000
1787324700,2395.56,2400.21,2393.97,2399.96,122.80600000
1787324760,2399.96,2402.81,2399.61,2400,124.91660000
1787324820,2400,2400,2395.48,2397.76,146.81000000
1787324880,2397.85,2399.75,2397.77,2399.59,144.23570000
1787324940,2399.55,2402.44,2398.6,2402.44,162.85580000
1787325000,2402.43,2402.75,2400.01,2400.01,218.95560000
1787325060,2400.01,2401.37,2398.6,2399.11,218.22590000
1787325120,2399.11,2399.34,2397,2397.27,192.11990000
1787325180,2397.27,2400,2397.27,2399.99,136.86580000
1787325240,2400,2405.76,2399.6,2402.12,312.83980000
1787325300,2402.12,2408,2401.65,2405.17,280.07930000
1787325360,2404.96,2405.11,2401.75,2401.75,250.65810000
1787325420,2401.87,2401.87,2398.6,2399.3,317.85290000
1787325480,2399.55,2400.87,2397.05,2400.14,265.93500000
1787325540,2400.19,2401.13,2399.63,2401.13,209.45100000
1787325600,2401.2,2402.09,2399.65,2399.83,211.33880000
1787325660,2399.83,2399.84,2397.13,2398.4,288.68810000
1787325720,2398.38,2402.8,2397.93,2402.51,214.94130000
1787325780,2402.57,2403.82,2401.4,2402.29,262.94920000
1787325840,2402,2402.05,2399.97,2400.02,187.41200000
1787325900,2400.02,2402.09,2399.66,2401.96,194.71270000
1787325960,2401.97,2402.45,2399.66,2402.14,158.73220000
1787326020,2402.1,2403.47,2400.25,2401.04,170.41320000
1787326080,2401.05,2402.6,2401.05,2401.38,218.59150000
1787326140,2401.36,2401.36,2398.17,2398.66,208.76620000
1787326200,2398.66,2400.51,2397.61,2400.51,164.81400000
1787326260,2400.58,2401.47,2400.36,2400.86,170.28500000
1787326320,2400.9,2402.39,2400.8,2402.39,157.00850000
1787326380,2402.41,2402.67,2398.94,2399.3,141.03510000
1787326440,2399.33,2400.3,2395.99,2396.56,144.51530000
1787326500,2396.74,2398.59,2394.43,2394.97,157.42610000
1787326560,2394.98,2398.64,2394.98,2398.64,146.98210000
1787326620,2398.54,2399.46,2395.53,2396.14,167.75300000
1787326680,2396.15,2400.92,2396.15,2400.92,128.23190000
1787326740,2400.92,2401.37,2399.3,2400.64,156.40010000
1787326800,2400.62,2401.04,2400.41,2401.01,149.53280000
1787326860,2401.01,2403.45,2401.01,2401.94,140.53740000
1787326920,2401.98,2402.61,2401.4,2402.61,185.46470000
1787326980,2402.52,2402.52,2399.86,2400.28,146.51560000
1787327040,2400.29,2400.52,2399.31,2399.85,156.81890000
1787327100,2399.85,2401.74,2399.85,2400.7,95.58940000
1787327160,2400.71,2401.91,2400.71,2401.59,192.28520000
1787327220,2401.58,2401.59,2397.94,2399.76,174.83530000
1787327280,2399.76,2400.23,2398.54,2399.56,215.92400000
1787327340,2399.56,2402.74,2399.49,2399.49,157.83480000
1787327400,2399.31,2401.61,2397.71,2401.61,277.85880000
1787327460,2401.61,2403.5,2399.26,2403.18,138.48770000
1787327520,2403.28,2403.28,2400.83,2401.39,136.31080000
1787327580,2401.47,2402.09,2397.81,2398.56,164.04910000
1787327640,2398.56,2399.3,2396.13,2396.14,204.96200000
1787327700,2396.13,2397.01,2394.08,2394.51,252.89250000
1787327760,2394.51,2394.78,2394.1,2394.47,240.68790000
1787327820,2394.45,2396.11,2394.45,2394.65,243.91730000
1787327880,2394.76,2395.12,2394.1,2395.03,293.96960000
1787327940,2395.03,2395.03,2392.27,2393.39,244.73410000
1787328000,2393.39,2396.81,2393.38,2396.26,169.99730000
1787328060,2396.27,2397.15,2393.39,2393.62,127.56360000
1787328120,2393.7,2394.07,2390.74,2393.11,177.25940000
1787328180,2393.1,2394.03,2389.4,2390.83,189.50560000
1787328240,2390.83,2392.34,2390.01,2391.02,159.52630000
1787328300,2391,2392.29,2389.35,2390.43,225.58930000
1787328360,2390.48,2390.95,2388.27,2388.9,188.40220000
1787328420,2388.9,2389.72,2385.19,2386.15,170.08440000
1787328480,2386.15,2389.23,2385,2388.45,208.67780000
1787328540,2388.44,2390.05,2386.81,2387.53,181.67300000
1787328600,2387.5,2393.44,2386.84,2393.14,169.56440000
1787328660,2393.12,2393.12,2389.24,2389.24,141.19940000
1787328720,2389.23,2391.64,2389.23,2390.61,195.67740000
1787328780,2390.38,2391,2384.61,2384.61,197.05020000
1787328840,2384.72,2386.11,2384.34,2384.34,265.54520000
1787328900,2384.1,2389.22,2383.64,2388.98,85.30480000
1787328960,2389.1,2390.35,2388.2,2390.35,187.61860000
1787329020,2390.36,2398.99,2390.36,2398.3,269.19450000
1787329080,2398.2,2402.09,2395.56,2396.28,256.71450000
1787329140,2396.28,2397.21,2394.85,2395.48,218.72750000
1787329200,2395.48,2395.48,2393.39,2394.38,205.77740000
1787329260,2394.38,2400.23,2394.38,2395.26,28.76430000
1787329320,2395.3,2396.78,2395.2,2395.76,8.36580000
1787329380,2395.73,2397.51,2395.73,2397.51,15.80570000
1787329440,2397.55,2397.56,2396.83,2396.83,9.57670000
1787329500,2396.67,2397.91,2395.69,2395.87,102.21510000
1787329560,2395.87,2395.87,2395.09,2395.7,118.46780000
1787329620,2395.74,2399.85,2395.74,2399.64,132.89840000
1787329680,2399.65,2401.39,2399.65,2401.39,136.16620000
1787329740,2401.36,2402.58,2399.66,2402.17,85.63230000
1787329800,2402.52,2402.52,2400.35,2400.36,110.31330000
1787329860,2400.73,2400.73,2398.87,2399.67,66.31060000
1787329920,2399.82,2401.4,2399.33,2400.94,94.12500000
1787329980,2400.93,2402.05,2399,2401.24,115.63720000
1787330040,2401.16,2402.87,2401.15,2401.63,81.82290000
1787330100,2401.88,2402.26,2400.25,2401.41,128.35010000
1787330160,2401.25,2402.45,2400.35,2401.98,133.29510000
1787330220,2401.98,2402.13,2400.35,2401.68,149.11530000
1787330280,2401.68,2401.68,2399.65,2400.59,116.85440000
1787330340,2400.68,2402.3,2400.68,2401.17,138.55290000
1787330400,2401.17,2401.21,2399.4,2400.02,81.16120000
1787330460,2400.02,2401.4,2400.02,2401.4,87.81720000
1787330520,2401.53,2401.84,2399.01,2399.58,61.63630000
1787330580,2399.57,2400.98,2399.29,2400.66,62.33810000
1787330640,2400.69,2401.4,2400.65,2401.31,66.61240000
1787330700,2401.08,2401.6,2400.52,2401.6,63.74610000
1787330760,2401.61,2404.98,2401.53,2403.69,73.63090000
1787330820,2403.68,2404.72,2403.16,2404.33,69.13200000
1787330880,2404.3,2406.39,2404.3,2406.39,106.75750000
1787330940,2406.15,2410,2405.53,2408.44,96.61840000
1787331000,2408.42,2409.46,2407.84,2408.96,147.89340000
1787331060,2408.96,2412.55,2407.78,2411.34,189.48110000
1787331120,2411.3,2411.84,2408.56,2410.45,140.49140000
1787331180,2410.44,2410.44,2407.51,2408.46,139.16760000
1787331240,2408.76,2412.49,2408.72,2409.84,193.74970000
1787331300,2409.81,2409.81,2406.72,2406.88,183.40110000
1787331360,2406.73,2408.77,2406.73,2407.43,171.97930000
1787331420,2407.42,2407.51,2405.6,2407.51,131.09280000
1787331480,2407.51,2408.55,2407.46,2407.92,151.17930000
1787331540,2407.91,2407.91,2405.6,2405.61,143.85960000
1787331600,2405.61,2407,2404.32,2407,133.52700000
1787331660,2406.5,2406.5,2405.12,2406.08,116.21290000
1787331720,2406.09,2410.61,2406.09,2407.97,100.26510000
1787331780,2408.04,2408.51,2407.7,2407.7,120.85980000
1787331840,2407.86,2407.99,2406.02,2407.72,122.66650000
1787331900,2407.72,2408.69,2407.21,2408.69,128.18390000
1787331960,2408.68,2410.18,2408.36,2409.39,130.38680000
1787332020,2409.39,2414.69,2409.39,2413.03,213.97890000
1787332080,2413.03,2420.8,2412.99,2419.42,283.79400000
1787332140,2419.45,2421.33,2414.39,2415.27,160.52220000
1787332200,2415.27,2417.93,2415.27,2417.24,315.78610000
1787332260,2417.23,2418.65,2415.65,2416.54,350.62520000
1787332320,2416.53,2416.53,2411.79,2412.95,382.92480000
1787332380,2412.94,2414.4,2412.06,2414.31,405.84260000
1787332440,2414.32,2415.72,2414.31,2415.15,314.74730000
1787332500,2415.16,2415.16,2412.64,2412.88,219.22100000
1787332560,2412.89,2414.95,2407.97,2410.01,254.75540000
1787332620,2409.63,2414.9,2409.01,2414.9,270.07940000
1787332680,2415,2415.1,2412.28,2413.98,178.65510000
1787332740,2413.97,2413.97,2409.55,2409.55,252.80090000
1787332800,2409.62,2409.63,2406.2,2407.88,339.95390000
1787332860,2407.71,2409.75,2407.71,2408.77,340.23930000
1787332920,2408.9,2408.99,2405.7,2405.7,316.79820000
1787332980,2405.61,2407.08,2405.21,2406.73,321.26880000
1787333040,2406.73,2406.73,2402.55,2403.64,324.31960000
1787333100,2403.64,2406.05,2402.51,2402.56,349.23200000
1787333160,2402.52,2409.81,2401.84,2409.56,272.22540000
1787333220,2409.49,2414.01,2409.21,2414.01,236.99060000
1787333280,2414,2416.14,2412.1,2413.85,344.62660000
1787333340,2413.86,2416.29,2413.25,2416.29,269.05950000
1787333400,2416.3,2419.2,2415.16,2419.2,432.75120000
1787333460,2419.26,2420,2414.48,2416.16,567.90960000
1787333520,2416.17,2421.39,2416.05,2419.45,600.87270000
1787333580,2419.41,2420.77,2417.76,2419.76,464.35490000
1787333640,2419.76,2420.81,2419.27,2420.81,473.87590000
1787333700,2420.76,2421.73,2419.36,2420.08,566.92830000
1787333760,2420.1,2420.1,2416.87,2417.72,369.14880000
1787333820,2417.61,2421.53,2417.04,2420.12,512.31000000
1787333880,2420.16,2422.84,2419.35,2421.72,447.31330000
1787333940,2421.69,2423.52,2421.33,2423.51,424.23650000
1787334000,2423.52,2426.22,2423.26,2424.62,380.58620000
1787334060,2424.53,2425.58,2422.14,2425.57,477.44490000
1787334120,2425.46,2425.46,2419.55,2419.92,516.95730000
1787334180,2419.72,2421.88,2418.3,2420.65,398.49680000
1787334240,2420.66,2420.85,2418.57,2419.35,500.10260000
1787334300,2419.5,2419.7,2416.66,2416.87,385.28530000
1787334360,2417.23,2419.16,2416.71,2418.65,330.35470000
1787334420,2418.66,2423.97,2418.66,2423.9,397.86190000
1787334480,2423.89,2427.47,2423.78,2426.26,474.10920000
1787334540,2426.18,2426.18,2423.27,2424.02,360.43170000
1787334600,2424.01,2425.73,2423.68,2425.5,382.09810000
1787334660,2425.5,2425.72,2423.54,2423.99,240.42110000
1787334720,2423.98,2425.17,2423.35,2424.36,249.81510000
1787334780,2424.37,2425.03,2422.84,2425.03,514.69990000
1787334840,2425.03,2425.03,2422.2,2422.64,253.85270000
1787334900,2422.56,2424.5,2422.52,2424.22,224.36040000
1787334960,2424.18,2425.68,2423.98,2425.68,273.26000000
1787335020,2425.52,2426.83,2425.04,2425.55,240.03070000
1787335080,2425.55,2427.14,2423.78,2424.99,203.25660000
1787335140,2425,2425.76,2422.91,2423.32,228.36740000
1787335200,2423.32,2424.59,2423.26,2424.29,218.49740000
1787335260,2424.3,2424.77,2422.76,2424.02,181.24720000
1787335320,2424.02,2425.89,2423.26,2425.28,173.04450000
1787335380,2425.2,2426.34,2424.89,2425.8,197.57730000
1787335440,2425.8,2425.8,2424.71,2425.48,173.25270000
1787335500,2425.51,2426.17,2423.69,2424.4,231.54030000
1787335560,2424.4,2426.66,2423.98,2426.12,171.26570000
1787335620,2426.13,2426.94,2424.69,2426.13,250.03990000
1787335680,2425.92,2427.18,2422.36,2422.36,260.81260000
1787335740,2422.36,2423.76,2420.77,2420.95,218.45390000
1787335800,2420.78,2421.13,2420.52,2420.84,125.99770000
1787335860,2420.77,2421.58,2417.15,2420.97,248.59590000
1787335920,2420.97,2422.15,2419.54,2421.82,181.79570000
1787335980,2421.82,2425.02,2421.82,2424.67,177.09960000
1787336040,2424.58,2424.58,2422.16,2422.17,159.04540000
1787336100,2422.17,2426.1,2422.17,2425.39,83.75890000
1787336160,2425.39,2427.02,2424.28,2424.89,220.10510000
1787336220,2424.89,2425.2,2422.76,2422.76,246.20460000
1787336280,2422.77,2424.02,2422.76,2423.59,229.93540000
1787336340,2423.64,2427.51,2423.64,2427.25,237.31760000
1787336400,2426.8,2431.31,2426.8,2430.65,198.49730000
1787336460,2430.59,2431.93,2428.88,2428.88,48.76770000
1787336520,2428.72,2429.32,2426.86,2428.95,6.56510000
1787336580,2428.9,2428.9,2427.62,2427.62,10.81860000
1787336640,2427.54,2428.43,2426.54,2426.54,4.08750000
1787336700,2426.54,2427.04,2425.59,2425.59,105.78950000
1787336760,2425.55,2427.61,2423.73,2426.93,150.53990000
1787336820,2426.93,2426.93,2424.28,2424.89,91.73920000
1787336880,2424.88,2426.47,2424.4,2424.88,140.17410000
1787336940,2424.73,2426.83,2423.99,2424.68,170.39850000
1787337000,2424.68,2424.69,2422.23,2422.58,133.11530000
1787337060,2422.74,2426.07,2422.74,2425.84,149.14290000
1787337120,2425.83,2426.3,2423.9,2424.41,168.05490000
1787337180,2424.41,2424.65,2422.59,2424.64,170.57670000
1787337240,2424.65,2426.11,2424.65,2425.4,157.40430000
1787337300,2425.4,2425.53,2422.33,2422.38,200.72110000
1787337360,2422.38,2422.38,2417.83,2418.19,146.15920000
1787337420,2418.14,2419.52,2418.14,2418.86,132.41230000
1787337480,2418.96,2419.03,2416.88,2417.24,164.52970000
1787337540,2417.32,2422.19,2417.19,2422.12,120.62950000
1787337600,2421.62,2422.52,2420.53,2420.53,96.80920000
1787337660,2420.53,2420.53,2417.23,2417.24,184.01400000
1787337720,2417.36,2417.48,2413.39,2414.78,170.28390000
1787337780,2414.79,2414.98,2409.72,2411.13,343.54860000
1787337840,2411.12,2411.88,2406.65,2408.42,182.40110000
1787337900,2408.57,2408.57,2397.6,2401.76,322.79470000
1787337960,2401.92,2404.23,2400.67,2404.08,294.47600000
1787338020,2404.09,2404.2,2401.06,2404.19,338.40790000
1787338080,2404.11,2404.11,2401.05,2401.93,281.27270000
1787338140,2401.83,2401.83,2395.82,2397.69,276.69550000
1787338200,2397.68,2401.86,2397.68,2400.9,232.00330000
1787338260,2400.9,2405.95,2400.9,2405.95,381.09870000
1787338320,2405.68,2408.8,2405.25,2408.79,404.16440000
1787338380,2408.62,2410.47,2404.96,2406.96,402.40230000
1787338440,2407.31,2408.38,2406.65,2408.38,381.22900000
1787338500,2408.24,2410.58,2407.5,2410.4,490.36870000
1787338560,2410.45,2414.53,2410.45,2414.53,266.59150000
1787338620,2414.33,2415.46,2414.3,2415.34,343.78920000
1787338680,2415.34,2421.31,2415.01,2421.31,347.18790000
1787338740,2421.31,2421.99,2420.07,2420.44,234.10730000
1787338800,2420.45,2421.12,2416.38,2416.39,559.39230000
1787338860,2416.39,2418.64,2416.22,2417.62,358.62320000
1787338920,2417.62,2417.74,2416.01,2416.52,407.15640000
1787338980,2416.48,2416.56,2409.08,2409.27,416.01640000
1787339040,2409.07,2409.71,2407.7,2408.11,277.32290000
1787339100,2408.2,2412.57,2408.2,2411.47,203.51490000
1787339160,2411.47,2411.52,2408.77,2408.84,257.91920000
1787339220,2408.89,2409.46,2407.7,2408.93,239.96600000
1787339280,2408.89,2413.6,2408.89,2413.52,261.59030000
1787339340,2413.53,2414.04,2413,2413.24,215.40140000
1787339400,2413.24,2413.24,2410.9,2412.57,165.44670000
1787339460,2412.58,2413.51,2412.07,2413.5,103.63370000
1787339520,2413.51,2415.46,2413.51,2415.22,169.83700000
1787339580,2415.16,2415.16,2413.45,2414.39,118.90520000
1787339640,2414.4,2415.54,2414.4,2415.44,141.87290000
1787339700,2415.47,2415.47,2412.49,2412.55,170.57560000
1787339760,2412.82,2413.06,2409.86,2410.23,71.94720000
1787339820,2410.36,2410.36,2408.11,2409.16,92.77090000
1787339880,2409.45,2411.35,2409.45,2410.87,82.47960000
1787339940,2410.73,2412.06,2410.42,2412.06,88.63210000
1787340000,2412,2412,2409.81,2411.75,38.41240000
1787340060,2411.93,2412.28,2409.81,2411.05,82.24310000
1787340120,2411.02,2412.98,2411.02,2412.93,77.44110000
1787340180,2412.93,2413.53,2412.64,2412.86,75.06210000
1787340240,2412.86,2415.17,2412.86,2413.97,79.86790000
1787340300,2413.98,2416.51,2413.98,2416.22,110.04140000
1787340360,2416.26,2418.18,2416.26,2416.85,69.00400000
1787340420,2416.85,2419.01,2416.85,2419.01,79.89620000
1787340480,2419.06,2419.54,2417.95,2418.37,84.49510000
1787340540,2418.38,2419.03,2418.26,2418.71,67.77730000
1787340600,2418.57,2420.59,2417.97,2417.98,64.46920000
1787340660,2417.97,2418.73,2416.17,2417.94,117.87360000
1787340720,2418.16,2418.17,2416.87,2416.87,85.41940000
1787340780,2416.87,2417.94,2416.87,2417.72,78.79880000
1787340840,2417.54,2417.54,2415.31,2415.32,93.86580000
1787340900,2415.32,2416.36,2415.32,2416.36,115.87070000
1787340960,2416.4,2416.4,2414.15,2415.11,102.58790000
1787341020,2415.26,2418.08,2415.25,2418.06,94.70950000
1787341080,2418.06,2419.77,2418.06,2419.66,68.49510000
1787341140,2419.71,2419.93,2418.28,2418.4,64.38590000
1787341200,2418.35,2418.35,2414.65,2415.75,92.90170000
1787341260,2415.76,2418.28,2415.76,2418.28,64.57370000
1787341320,2417.94,2418.54,2416.4,2416.41,99.15040000
1787341380,2416.4,2417.65,2415.81,2417.06,64.52110000
1787341440,2416.99,2418.52,2415.46,2417.85,104.34830000
1787341500,2417.85,2418.64,2417.06,2417.78,54.79890000
1787341560,2417.94,2417.94,2414.83,2415.27,108.04480000
1787341620,2415.28,2418.22,2415.06,2417.58,85.97280000
1787341680,2417.57,2418.11,2416.33,2417.86,98.41640000
1787341740,2417.86,2418.63,2417.59,2418.63,71.97430000
1787341800,2418.62,2419.03,2415.51,2416.41,110.42780000
1787341860,2416.4,2417.18,2414.91,2416.52,113.87310000
1787341920,2416.52,2416.63,2415.84,2415.84,92.39410000
1787341980,2415.98,2416.11,2414.08,2414.09,117.09280000
1787342040,2414.08,2415.89,2413.89,2415.73,118.54800000
1787342100,2415.72,2415.72,2414.4,2415.25,76.61670000
1787342160,2415.24,2416.16,2414.05,2416.16,113.34510000
1787342220,2415.87,2415.87,2414.64,2414.75,75.06530000
1787342280,2414.71,2414.71,2413.34,2413.56,122.17580000
1787342340,2413.63,2414.4,2412.87,2413.51,170.86970000
1787342400,2413.52,2414.98,2409.5,2412.41,92.22000000
1787342460,2412.89,2413.08,2409.03,2410.03,156.44010000
1787342520,2410.03,2415.46,2410.03,2415.46,199.99300000
1787342580,2415.45,2418.57,2415.45,2418.02,170.70480000
1787342640,2417.94,2427.04,2414.81,2426.63,324.81090000
1787342700,2426.81,2426.81,2420.67,2421.02,196.28540000
1787342760,2420.95,2421.73,2420.01,2420.7,287.67480000
1787342820,2420.47,2424.2,2420.45,2423.84,309.27370000
1787342880,2423.63,2429.36,2422.37,2427.28,305.62420000
1787342940,2427.27,2430.53,2425.64,2427.28,284.19560000
1787343000,2427.31,2430.16,2424.94,2428.42,169.70960000
1787343060,2427.91,2427.91,2426.04,2426.04,171.41830000
1787343120,2426.04,2427.87,2425.73,2427.87,228.96090000
1787343180,2427.89,2428.26,2426.16,2426.42,202.03080000
1787343240,2426.37,2426.37,2425.24,2425.92,187.31540000
1787343300,2425.92,2428.16,2425.92,2428.16,58.26330000
1787343360,2428.26,2431.12,2427.68,2429.71,166.82130000
1787343420,2429.72,2433.99,2429.72,2432.26,113.58440000
1787343480,2432.2,2432.9,2427.55,2428.58,133.57490000
1787343540,2428.58,2432.18,2428.58,2431.12,147.61850000
1787343600,2431.51,2431.88,2430.64,2431.56,139.19260000
1787343660,2431.56,2439.13,2431.56,2437.85,68.53860000
1787343720,2438.1,2439.14,2433.99,2434.71,26.41550000
1787343780,2434.96,2435.93,2432.29,2435.83,20.99440000
1787343840,2435.86,2447.85,2435.86,2444.4,132.47890000
1787343900,2444.08,2444.33,2438.96,2440.42,212.76260000
1787343960,2440.42,2440.6,2439.18,2439.18,411.65860000
1787344020,2439.18,2447.27,2436.86,2446.72,418.24530000
1787344080,2446.7,2446.83,2440.64,2441.69,365.17440000
1787344140,2441.68,2445.22,2440.01,2445.22,422.32540000
1787344200,2445.21,2445.21,2441.89,2441.98,588.87350000
1787344260,2441.97,2444.07,2441.91,2443.37,324.74630000
1787344320,2443.38,2443.38,2439.41,2441.18,347.13620000
1787344380,2441.18,2441.86,2437.95,2438.16,332.87990000
1787344440,2438.18,2439.02,2437.49,2438.63,269.83690000
1787344500,2438.66,2438.66,2435.47,2435.47,214.17860000
1787344560,2435.97,2441.19,2435.97,2441.18,209.38700000
1787344620,2441.18,2442.22,2437.58,2437.58,206.01610000
1787344680,2437.32,2437.32,2433.45,2433.83,227.88680000
1787344740,2433.54,2435.34,2433.41,2434.3,211.63460000
1787344800,2434.31,2438.18,2434.3,2438.18,169.87560000
1787344860,2438.18,2438.66,2437.58,2437.97,195.81600000
1787344920,2437.98,2438.81,2436.61,2438.19,111.42550000
1787344980,2438.19,2439.01,2436.86,2437.94,149.02630000
1787345040,2438.06,2439.37,2437.49,2437.66,156.93570000
1787345100,2437.66,2437.93,2433.19,2434.39,144.90030000
1787345160,2434.42,2434.87,2430.13,2432.06,146.45220000
1787345220,2432,2432.55,2430.15,2431.98,153.76420000
1787345280,2431.99,2433.19,2427.28,2433.19,139.15950000
1787345340,2433.27,2434.62,2432.38,2434.46,123.62430000
1787345400,2434.42,2438.69,2434.06,2438.69,21.51890000
1787345460,2438.7,2444.69,2438.7,2443.66,171.85410000
1787345520,2443.66,2443.66,2439.53,2441.48,195.72060000
1787345580,2441.46,2442.14,2440.05,2441.19,174.81660000
1787345640,2441.19,2441.54,2439.11,2439.26,156.56060000
1787345700,2439.25,2441.53,2439.25,2440.11,254.17750000
1787345760,2440.2,2440.83,2438.06,2439.43,145.21120000
1787345820,2439.42,2440.11,2438.66,2439.75,136.09070000
1787345880,2440,2441.39,2439.4,2441.29,153.45970000
1787345940,2441.29,2441.29,2440.12,2440.91,146.71680000
1787346000,2440.92,2441.46,2439.78,2440.75,63.52960000
1787346060,2440.11,2441.55,2439.75,2441.47,105.98850000
1787346120,2441.44,2441.44,2439.37,2439.72,123.45020000
1787346180,2439.72,2440.63,2439.65,2439.88,98.77100000
1787346240,2440.04,2441.07,2439.42,2440.43,116.05450000
1787346300,2440.43,2440.48,2438.66,2439.32,196.95480000
1787346360,2439.36,2440.11,2437,2437,60.91340000
1787346420,2436.86,2437.58,2434.78,2436.87,140.43310000
1787346480,2436.86,2437.13,2435.07,2435.95,89.44440000
1787346540,2435.95,2436.86,2435.87,2436.5,76.48240000
1787346600,2436.38,2441.57,2436.31,2441.57,122.57990000
1787346660,2441.58,2455,2440.83,2448.82,843.44040000
1787346720,2449.16,2460.18,2447.2,2447.2,438.55530000
1787346780,2447.93,2455,2447.93,2452.85,149.70790000
1787346840,2452.84,2454.26,2449.72,2449.72,135.11150000
1787346900,2449.69,2449.72,2444.63,2449.6,367.08000000
1787346960,2449.61,2452.41,2448.76,2451.28,866.24490000
1787347020,2451.29,2455.15,2450.62,2452.99,747.54190000
1787347080,2453.04,2456.74,2453.04,2456.28,913.57650000
1787347140,2456.22,2456.97,2454.35,2456.54,930.41840000
1787347200,2456.54,2457,2448.75,2453.87,643.11350000
1787347260,2453.93,2455.38,2453.89,2454.48,400.18110000
1787347320,2454.48,2457.69,2452.96,2457.68,514.16130000
1787347380,2457.69,2472.73,2456.1,2465.99,841.02830000
1787347440,2465.98,2483,2465.83,2482.43,654.87690000
1787347500,2482.43,2482.43,2474.01,2476.16,702.40140000
1787347560,2475.98,2479.31,2473.21,2475.03,803.78240000
1787347620,2475.03,2486.54,2474.13,2485.36,744.41080000
1787347680,2485.25,2489.25,2483.09,2483.92,768.22000000
1787347740,2483.91,2484.69,2475.44,2479.81,993.13200000
1787347800,2479.81,2488.23,2478.3,2484.66,939.52320000
1787347860,2484.66,2484.78,2477.72,2480.96,718.32120000
1787347920,2480.95,2484.06,2476.36,2482.6,725.82210000
1787347980,2482.82,2497.96,2482.82,2492.96,775.53410000
1787348040,2492.49,2495.86,2489.22,2491.92,751.17190000
1787348100,2491.92,2494.85,2485.74,2487.15,450.37500000
1787348160,2487,2487,2475.8,2480.15,775.42720000
1787348220,2480.15,2483.02,2478.15,2480.1,704.95980000
1787348280,2480.1,2482.15,2477.11,2477.46,711.76860000
1787348340,2477.46,2480.18,2476.79,2477.96,789.43110000
1787348400,2478.11,2483.17,2476.91,2480.52,595.89420000
1787348460,2480.52,2483.03,2480.47,2481.6,514.36940000
1787348520,2481.6,2482.76,2480.4,2482.76,522.74090000
1787348580,2482.76,2486.35,2482.5,2483.78,603.53040000
1787348640,2483.45,2485.69,2483.33,2485.17,496.57380000
1787348700,2485.17,2495.84,2485.17,2493.79,426.09020000
1787348760,2493.78,2493.78,2487.08,2487.41,347.13480000
1787348820,2487.4,2488.06,2483.21,2483.7,369.22190000
1787348880,2483.7,2488.63,2483.52,2486.05,360.75290000
1787348940,2486.04,2491.87,2486.04,2490.87,339.20010000
1787349000,2490.87,2490.87,2486.81,2490.12,424.35750000
1787349060,2490.12,2490.61,2487.19,2490.61,338.06040000
1787349120,2490.65,2511.09,2490.65,2510.32,920.38930000
1787349180,2510.32,2510.32,2502.26,2507.96,611.03240000
1787349240,2507.8,2521.79,2506.84,2520.79,598.65410000
1787349300,2520.88,2522.27,2509.51,2511.5,853.14120000
1787349360,2511.8,2514.12,2506.95,2508.72,1081.79800000
1787349420,2508.72,2516,2507.77,2513.91,1053.44270000
1787349480,2513.75,2518.33,2511.42,2512.08,1049.95800000
1787349540,2511.81,2516.29,2510.66,2513.6,1090.90830000
1787349600,2513.44,2518.78,2512.96,2515.57,1099.01340000
1787349660,2515.57,2515.57,2507.53,2508.71,750.77230000
1787349720,2508.7,2521.87,2507.29,2521.1,772.93280000
1787349780,2521.09,2535.53,2520.75,2530.86,1037.98090000
1787349840,2531.63,2532.93,2524.43,2527.86,1039.49290000
1787349900,2527.95,2529.5,2524.19,2528.46,813.70800000
1787349960,2528.77,2532.69,2525.77,2529.7,881.59900000
1787350020,2529.7,2545.82,2529.7,2540.04,1190.22910000
1787350080,2539.53,2541.85,2534.76,2535.78,833.40580000
1787350140,2536.7,2548.06,2534.97,2542.59,1140.61530000
1787350200,2542.72,2543.89,2531.81,2534.85,1351.89110000
1787350260,2534.85,2541.79,2532.84,2540.55,1059.64830000
1787350320,2540.36,2546.2,2539.66,2544.42,971.62120000
1787350380,2544.42,2544.47,2540,2543.16,1077.79160000
1787350440,2543.01,2544.85,2538.37,2542.43,1093.71880000
1787350500,2542.36,2542.36,2533.57,2538.63,893.60240000
1787350560,2538.63,2539.53,2526.95,2538.81,1048.23860000
1787350620,2538.81,2544.11,2531.85,2541.97,890.13580000
1787350680,2541.97,2543.16,2540.02,2541.96,912.48180000
1787350740,2541.96,2542.56,2537.68,2542.11,1034.71060000
1787350800,2542.11,2542.11,2533.35,2535.7,613.01230000
1787350860,2535.7,2535.88,2530.21,2535.34,163.43210000
1787350920,2535.55,2538.42,2532.24,2537.72,108.36140000
1787350980,2537.56,2538.29,2531.24,2532,127.04720000
1787351040,2531.61,2535.23,2530.29,2531.1,155.04300000
1787351100,2531.09,2532.82,2528.66,2532.13,151.20300000
1787351160,2532.13,2535.58,2531.76,2535.58,316.12180000
1787351220,2535.57,2535.58,2532.63,2534.29,431.07980000
1787351280,2534.26,2534.4,2530.67,2532.85,356.13320000
1787351340,2532.85,2533.23,2529.5,2533.15,379.01080000
1787351400,2533.28,2535.37,2518.51,2520.59,472.35500000
1787351460,2520.7,2520.7,2510.32,2516.33,384.19330000
1787351520,2516.32,2519.75,2511.74,2519.75,306.59560000
1787351580,2519.74,2524.32,2518.62,2523.84,481.76010000
1787351640,2523.84,2525.75,2522.32,2522.89,388.49540000
1787351700,2522.89,2524.87,2520.17,2523.64,507.29320000
1787351760,2523.7,2530.6,2523.7,2529.51,628.80430000
1787351820,2529.51,2532.79,2529.25,2531.08,654.20690000
1787351880,2531.11,2533.8,2529.43,2530.28,543.59820000
1787351940,2530.29,2532.96,2528.97,2529.94,564.25500000
1787352000,2530.1,2532.01,2529.42,2530.87,411.12960000
1787352060,2530.86,2532.64,2528.35,2530.02,431.73810000
1787352120,2530.02,2533.94,2527.81,2531.73,395.56620000
1787352180,2531.74,2533.51,2527.2,2527.2,392.33680000
1787352240,2527.2,2530.9,2527.2,2529.45,387.78500000
1787352300,2529.44,2529.44,2523.33,2523.69,286.02240000
1787352360,2523.62,2526.56,2519.48,2525.37,334.60230000
1787352420,2525.36,2526.8,2524.69,2525.37,269.27690000
1787352480,2525.38,2525.38,2521.4,2522.62,285.89830000
1787352540,2522.63,2522.63,2517.83,2519.07,337.39890000
1787352600,2518.85,2519.68,2514,2517.54,352.88740000
1787352660,2517.55,2525.65,2517.55,2524,369.80400000
1787352720,2523.76,2528.27,2522.89,2525.44,374.11860000
1787352780,2525.45,2529.56,2525.45,2525.95,336.63940000
1787352840,2525.97,2527.18,2523.68,2524.25,291.66510000
1787352900,2524.24,2525.72,2523.01,2525.71,332.39450000
1787352960,2525.71,2527.75,2523.35,2526.79,359.83740000
1787353020,2526.8,2527.56,2524.87,2525.34,373.09670000
1787353080,2525.34,2526.14,2519.57,2520.62,373.10330000
1787353140,2520.62,2522.55,2520.15,2521.73,470.74800000
1787353200,2521.73,2523,2517.12,2517.12,325.25270000
1787353260,2517,2521.8,2516.28,2519.98,303.11910000
1787353320,2519.98,2521.28,2517.94,2520.56,279.04250000
1787353380,2520.57,2525.38,2520.56,2523.44,330.90460000
1787353440,2523.45,2525.48,2515,2517.88,346.87700000
1787353500,2517.88,2518.76,2516.46,2517.75,343.30410000
1787353560,2517.75,2518.7,2517.08,2518.51,317.95270000
1787353620,2518.51,2521.86,2518.51,2520.66,372.57650000
1787353680,2520.67,2521,2518.01,2520.03,333.01750000
1787353740,2520.02,2522.87,2518.55,2520.14,396.00590000
1787353800,2520.14,2524.21,2519.86,2523.24,294.34280000
1787353860,2523.16,2526.69,2523.16,2525.6,253.56410000
1787353920,2525.6,2525.6,2522.39,2522.87,245.97300000
1787353980,2522.87,2523.31,2521.54,2521.54,289.66040000
1787354040,2521.5,2524.93,2521.01,2524.1,292.56230000
1787354100,2524.11,2527.87,2523.79,2527.87,219.40880000
1787354160,2527.44,2535.84,2526.81,2530.74,350.04340000
1787354220,2530.75,2536.12,2530.75,2535.73,250.48510000
1787354280,2535.72,2537.8,2533.16,2535.13,211.74890000
1787354340,2534.82,2535.72,2533.67,2534.94,236.09030000
1787354400,2534.95,2541.93,2534.76,2536.93,405.40900000
1787354460,2535.82,2539.33,2534.09,2538.65,399.17720000
1787354520,2537.98,2546.96,2537.98,2542.92,485.80940000
1787354580,2543.36,2543.36,2536.27,2537.42,448.26840000
1787354640,2537.48,2537.48,2533.63,2536.11,330.77880000
1787354700,2536.12,2537.23,2533.48,2533.48,450.62830000
1787354760,2534.03,2536.52,2532.85,2533.01,483.95230000
1787354820,2533.01,2533.13,2526.16,2527.27,416.30460000
1787354880,2526.71,2527.28,2522.16,2526.66,472.17180000
1787354940,2526.66,2527.73,2525.86,2525.86,398.15230000
1787355000,2525.88,2528.63,2522.01,2522.9,329.48950000
1787355060,2522.94,2528.35,2522.94,2526.53,381.47110000
1787355120,2526.41,2531.05,2525.26,2528.67,332.76930000
1787355180,2528.36,2528.89,2526.28,2526.33,372.03820000
1787355240,2526.26,2526.26,2522.75,2525.15,419.30870000
1787355300,2525.25,2525.25,2522.17,2522.94,439.72710000
1787355360,2522.98,2523.13,2520.4,2520.74,236.74070000
1787355420,2520.74,2521.74,2518.92,2519.98,251.25990000
1787355480,2519.9,2520.46,2517.24,2517.24,193.79810000
1787355540,2517.23,2520.04,2516.4,2516.64,192.37100000
1787355600,2516.67,2519.85,2513.11,2516.75,253.82790000
1787355660,2516.75,2518.31,2516.66,2516.66,186.18600000
1787355720,2516.67,2516.67,2512.31,2514.9,228.88340000
1787355780,2514.68,2524.35,2514.48,2522.95,167.62640000
1787355840,2523.53,2525.11,2522.74,2524.2,183.23180000
1787355900,2524.22,2525.51,2521.83,2522.67,176.37840000
1787355960,2522.67,2523.7,2521.44,2521.89,288.23150000
1787356020,2521.88,2521.88,2517.57,2517.98,283.26800000
1787356080,2518.23,2520.62,2518.22,2520.61,271.00050000
1787356140,2520.62,2522.47,2520.62,2521.35,318.13460000
1787356200,2521.35,2521.35,2510.79,2511.42,310.34540000
1787356260,2511.42,2515.21,2509.57,2515.21,161.71050000
1787356320,2515.03,2516.32,2514.55,2515.94,146.36450000
1787356380,2515.94,2516.21,2514.74,2515.91,181.39890000
1787356440,2515.9,2515.9,2513.01,2514.41,173.23390000
1787356500,2514.43,2514.44,2512.93,2513.21,281.44830000
1787356560,2513.18,2514.08,2511.8,2513.48,369.07280000
1787356620,2513.41,2517.15,2513.41,2515.03,323.74440000
1787356680,2514.97,2516.04,2514.54,2516.01,368.16390000
1787356740,2516,2516.32,2514.86,2516.07,378.36920000
1787356800,2516.06,2516.78,2512.8,2514,241.29830000
1787356860,2514.03,2520.83,2514.03,2520.83,247.43450000
1787356920,2520.92,2522.88,2519.86,2520.01,291.02010000
1787356980,2520.01,2520.5,2511.28,2511.75,268.20740000
1787357040,2511.63,2512.56,2507.22,2511.98,328.55620000
1787357100,2512.17,2512.17,2504.74,2505.73,342.75580000
1787357160,2505.83,2505.83,2493.66,2495.94,401.23200000
1787357220,2496.51,2498.78,2491.27,2495.09,345.18420000
1787357280,2495.04,2499.29,2493.2,2498.95,356.87420000
1787357340,2499.39,2499.62,2497.36,2498.33,326.06430000
1787357400,2498.33,2505.89,2498.29,2505.89,426.01850000
1787357460,2505.52,2506.51,2501.9,2503.25,500.16970000
1787357520,2503.24,2503.28,2498.92,2498.92,488.26740000
1787357580,2498.92,2499.84,2495.03,2496.74,464.66020000
1787357640,2496.74,2503.4,2496.74,2501.46,512.92710000
1787357700,2501.47,2504.92,2498.86,2504.92,333.12310000
1787357760,2504.76,2506.91,2503.8,2506.87,407.97070000
1787357820,2506.87,2507.84,2501.47,2502.6,378.67810000
1787357880,2502.69,2503.77,2501.75,2502.78,351.10590000
1787357940,2502.71,2505.29,2502.13,2505.08,330.38040000
1787358000,2505.08,2506.45,2504.56,2506.45,206.28640000
1787358060,2506.45,2508.35,2505.8,2507.36,15.25530000
1787358120,2507.33,2508.44,2505.69,2508.1,25.68210000
1787358180,2508.24,2511.41,2507.24,2510.02,19.49510000
1787358240,2509.52,2511.02,2506.81,2510.54,25.67370000
1787358300,2510.54,2511.29,2509.13,2510.48,91.80280000
1787358360,2510.32,2511.01,2505.69,2505.92,134.72170000
1787358420,2505.91,2511.41,2505.91,2510.54,158.22780000
1787358480,2510.42,2511.92,2509.89,2511.78,127.76470000
1787358540,2511.83,2512.08,2506.53,2506.67,116.48530000
1787358600,2506.68,2510.27,2506.04,2510.1,176.71620000
1787358660,2509.9,2513.04,2509.89,2512.78,225.63730000
1787358720,2512.82,2513.26,2510.4,2510.41,173.98580000
1787358780,2510.56,2512.5,2507.46,2512.24,191.49700000
1787358840,2512.24,2516.16,2509.59,2510.23,183.12640000
1787358900,2510.22,2512.88,2509.51,2512.68,132.67520000
1787358960,2512.5,2513.13,2511.42,2512.16,233.12280000
1787359020,2512.17,2512.25,2509.48,2510.36,182.64970000
1787359080,2510.32,2512,2509.89,2511.86,224.35230000
1787359140,2511.84,2512.94,2511.42,2511.68,177.34480000
1787359200,2511.64,2511.76,2510.46,2511.03,198.54220000
1787359260,2510.94,2511.26,2506.09,2506.09,132.42050000
1787359320,2506.38,2508.05,2505.18,2505.32,133.94390000
1787359380,2505.47,2507.44,2504.06,2506.07,134.84170000
1787359440,2505.57,2510.9,2505.56,2509.11,145.47340000
1787359500,2509.04,2509.16,2506.52,2506.52,194.22110000
1787359560,2506.63,2510.08,2506.63,2510.08,181.61500000
1787359620,2510.09,2511.58,2508.48,2509.78,194.08260000
1787359680,2509.78,2510.6,2504,2505.68,213.65950000
1787359740,2505.48,2515.73,2505.48,2514.81,188.34080000
1787359800,2514.11,2518.61,2513.71,2515.88,230.88930000
1787359860,2515.89,2516.77,2512.53,2512.61,175.27650000
1787359920,2512.6,2514.5,2512.2,2513.37,196.74160000
1787359980,2513.36,2514.16,2512.62,2514.09,146.64230000
1787360040,2514.06,2515.68,2514.05,2514.6,218.93260000
1787360100,2514.8,2520.2,2514.8,2519.73,191.25930000
1787360160,2519.73,2522.27,2519.04,2519.04,197.90960000
1787360220,2518.82,2520.61,2517.17,2520.54,181.54940000
1787360280,2520.53,2520.78,2518.08,2520.5,162.86110000
1787360340,2520.54,2522.42,2519.76,2522.36,214.49130000
1787360400,2521.96,2522.41,2520.24,2521.01,178.05560000
1787360460,2521.13,2521.13,2518.83,2520.6,226.02440000
1787360520,2520.91,2520.91,2517.56,2519.39,208.44340000
1787360580,2519.38,2523.94,2518.77,2522.61,267.54200000
1787360640,2522.61,2526.99,2521.53,2526.83,262.47240000
1787360700,2526.78,2528.27,2525.09,2526.88,220.08940000
1787360760,2526.88,2527.18,2522,2522.1,331.29670000
1787360820,2522.1,2523.71,2521.23,2522.52,311.15860000
1787360880,2522.52,2522.66,2520.62,2521.01,257.15740000
1787360940,2520.84,2520.87,2518.97,2520.49,306.40780000
1787361000,2520.5,2523.94,2520.5,2523.49,246.67230000
1787361060,2523.49,2524.09,2522.4,2523.32,218.55120000
1787361120,2522.94,2522.95,2519.09,2519.47,212.74000000
1787361180,2519.48,2521.01,2519.46,2521.01,206.49980000
1787361240,2521,2521.01,2519.12,2519.8,254.34910000
1787361300,2519.79,2524.47,2519.7,2523.52,227.95690000
1787361360,2523.51,2524.87,2523.33,2523.58,158.71010000
1787361420,2523.53,2523.58,2519.74,2519.8,183.50440000
1787361480,2519.81,2519.81,2518.71,2518.97,162.57470000
1787361540,2518.98,2520.32,2517.84,2518.69,210.06600000
1787361600,2518.7,2520.06,2517.93,2518.97,164.90430000
1787361660,2518.97,2518.97,2517.65,2518.89,130.04390000
1787361720,2518.88,2519.08,2516.01,2517.94,128.21000000
1787361780,2517.94,2517.94,2515.77,2516.04,198.41210000
1787361840,2516.05,2518.56,2515.64,2518.01,172.75840000
1787361900,2518.06,2520.66,2518.06,2520.06,132.08110000
1787361960,2520.1,2520.25,2517.13,2519.44,143.75390000
1787362020,2519.47,2519.47,2517.78,2518.69,111.66650000
1787362080,2518.69,2519,2517.64,2517.78,114.45100000
1787362140,2517.78,2518.06,2517.42,2517.59,153.34790000
1787362200,2517.59,2518.67,2517.59,2518.67,138.13730000
1787362260,2518.67,2519.98,2518.67,2519.56,156.77060000
1787362320,2519.6,2524.65,2519.6,2524.32,121.26730000
1787362380,2524.32,2527.26,2523.72,2525.93,83.08060000
1787362440,2525.9,2527.26,2521.14,2521.58,174.79990000
1787362500,2521.66,2521.99,2515.9,2518.1,174.10140000
1787362560,2518.1,2520.22,2518.1,2519.28,162.63520000
1787362620,2519.27,2521.01,2518.57,2518.57,134.94280000
1787362680,2518.65,2519.47,2516.45,2516.45,124.65820000
1787362740,2516.42,2516.9,2515.74,2516.02,174.99910000
1787362800,2516.01,2516.74,2515.75,2516.73,127.37080000
1787362860,2516.74,2517.5,2516.03,2516.03,144.59110000
1787362920,2516.01,2517.55,2514.3,2517.24,131.49750000
1787362980,2517.2,2517.2,2512.96,2512.96,140.24940000
1787363040,2512.95,2513.82,2511.46,2513.72,152.14620000
1787363100,2513.71,2517.93,2513.71,2516.7,161.93860000
1787363160,2516.62,2517.37,2515.32,2517.37,77.54320000
1787363220,2517.36,2518.1,2516.08,2516.08,137.93790000
1787363280,2516.08,2516.46,2514.86,2515.08,111.46830000
1787363340,2515.09,2516.38,2514.25,2514.42,89.99840000
1787363400,2514.52,2515.79,2514.17,2515.71,90.58250000
1787363460,2515.75,2516.01,2514.35,2514.54,57.93440000
1787363520,2514.5,2514.59,2512.69,2514.46,88.34060000
1787363580,2514.48,2517.28,2513.95,2517.28,82.81440000
1787363640,2517.55,2519.19,2517.27,2519.19,107.09490000
1787363700,2519.19,2520.94,2518.48,2520.24,91.60180000
1787363760,2520.24,2521,2519.07,2521,103.68160000
1787363820,2521.01,2521.87,2519.48,2519.95,83.66330000
1787363880,2520.22,2522.15,2519.9,2521.82,128.80080000
1787363940,2521.79,2523.55,2506.54,2506.75,173.83030000
1787364000,2506.62,2511.87,2503.25,2509.99,274.13200000
1787364060,2510,2510.31,2506.26,2508.61,196.55120000
1787364120,2508.69,2508.94,2505.43,2508.29,231.67740000
1787364180,2508.29,2510.73,2507.37,2510.64,265.25300000
1787364240,2510.68,2511.32,2509.78,2509.98,245.03700000
1787364300,2509.98,2511.84,2509.93,2511.84,222.25720000
1787364360,2511.84,2512.13,2507.23,2507.92,296.24000000
1787364420,2507.98,2510.65,2507.86,2509.77,277.10540000
1787364480,2509.77,2509.77,2508.58,2509.37,253.45390000
1787364540,2509.37,2510.17,2509.12,2510.16,195.83420000
1787364600,2510.17,2510.37,2509.12,2509.37,153.46400000
1787364660,2509.36,2510.38,2509.36,2510.04,121.54780000
1787364720,2510.03,2510.03,2508.61,2508.71,145.26420000
1787364780,2508.71,2510,2508.58,2509.8,123.00350000
1787364840,2509.8,2510.26,2508.73,2508.74,94.66510000
1787364900,2508.73,2510.91,2508.41,2510.91,108.39160000
1787364960,2510.9,2512.44,2509.72,2512.4,110.94560000
1787365020,2512.4,2515.41,2512.4,2515.33,66.12900000
1787365080,2515.34,2515.97,2513.21,2513.38,84.59860000
1787365140,2513.38,2513.47,2510.5,2510.95,116.90790000
1787365200,2510.98,2511.84,2510.43,2511.68,49.30370000
1787365260,2511.68,2513.64,2511.67,2512.36,13.16500000
1787365320,2512.22,2514.24,2511.88,2514.14,11.12070000
1787365380,2514.15,2514.15,2512.27,2513.13,21.22820000
1787365440,2513.09,2513.71,2512.72,2513.71,6.26480000
1787365500,2513.95,2516.39,2513.66,2516.39,61.14360000
1787365560,2516.38,2517.42,2515.64,2515.97,100.78990000
1787365620,2515.95,2517.16,2515.89,2517.15,115.00370000
1787365680,2517.02,2519.85,2516.98,2519.78,73.23940000
1787365740,2519.74,2522.39,2519.25,2519.25,59.54740000
1787365800,2519.25,2520.36,2517.18,2519.86,88.58450000
1787365860,2519.95,2521.23,2519.39,2520.99,50.03240000
1787365920,2520.98,2521.82,2509.9,2509.9,84.18830000
1787365980,2509.98,2512.84,2509.68,2511.03,205.90820000
1787366040,2511.03,2511.07,2508.36,2509.13,187.61610000
1787366100,2509.28,2509.28,2495.76,2502.25,376.48370000
1787366160,2502.24,2505.55,2500.54,2505.36,237.26770000
1787366220,2505.36,2505.36,2503.04,2503.8,222.30050000
1787366280,2503.8,2507.97,2502.66,2507.07,272.13870000
1787366340,2507.07,2508.96,2507.06,2508.32,243.95410000
1787366400,2508.32,2509.17,2506.46,2509.17,444.36900000
1787366460,2509.44,2510.75,2509.19,2510.51,393.36410000
1787366520,2510.5,2510.96,2508.74,2509.33,407.62200000
1787366580,2509.33,2509.37,2507.26,2509.14,363.68340000
1787366640,2509.14,2510.9,2507.06,2509.74,513.38490000
1787366700,2509.78,2511.02,2507.98,2509.56,228.61080000
1787366760,2509.87,2509.88,2507.2,2507.59,209.79930000
1787366820,2507.57,2507.58,2504.67,2505.69,239.71510000
1787366880,2505.68,2507.98,2504.38,2507.97,240.34710000
1787366940,2507.97,2509.12,2507.97,2508.71,227.56840000
1787367000,2508.72,2509.6,2506.97,2509.34,225.40020000
1787367060,2509.35,2510.89,2508.37,2510.48,228.50060000
1787367120,2510.44,2510.98,2509.05,2510.55,256.62010000
1787367180,2510.55,2511.79,2509.96,2511.79,142.01900000
1787367240,2511.68,2512.18,2510.78,2511.68,415.37200000
1787367300,2511.68,2512.14,2511.39,2512.12,297.15170000
1787367360,2512.12,2514.67,2511.4,2513.4,214.00720000
1787367420,2513.39,2514.7,2512.95,2513.14,196.28880000
1787367480,2513.33,2513.33,2510.27,2511.06,142.41310000
1787367540,2511.06,2515.63,2511.06,2515.57,274.65850000
1787367600,2515.58,2516,2512.7,2514.25,482.08190000
1787367660,2514.2,2515.42,2514.12,2514.96,155.20100000
1787367720,2514.88,2515.24,2513.78,2515.24,107.02490000
1787367780,2515.1,2517.6,2515.1,2517.36,71.26640000
1787367840,2517.36,2521.62,2516.76,2516.96,108.17020000
1787367900,2517.02,2519.78,2517.02,2517.5,89.64610000
1787367960,2517.5,2520.04,2517.5,2518.7,84.17360000
1787368020,2518.41,2519.46,2517.16,2517.36,193.16380000
1787368080,2517.37,2517.55,2516.07,2516.07,211.83040000
1787368140,2516.07,2517.96,2515.27,2515.94,230.51500000
1787368200,2515.94,2516.35,2513.42,2514.41,231.04990000
1787368260,2514.4,2514.4,2512.71,2514.07,162.91450000
1787368320,2514.07,2514.43,2512.88,2514.25,144.47180000
1787368380,2514.25,2514.6,2512.68,2514.6,138.75430000
1787368440,2514.75,2515.52,2512.27,2512.93,152.06190000
1787368500,2512.93,2515.81,2512.63,2515.81,85.58790000
1787368560,2515.8,2517.38,2515.73,2517.38,138.60930000
1787368620,2517.34,2519.22,2516.86,2519.16,173.07700000
1787368680,2519.16,2520.06,2518.48,2518.72,218.42810000
1787368740,2518.72,2521.39,2518.72,2521.37,178.86640000
1787368800,2520.94,2521.49,2519.15,2519.99,214.77350000
1787368860,2519.99,2522.98,2519.98,2522.94,156.84850000
1787368920,2522.69,2524.36,2522.61,2524.35,155.20850000
1787368980,2524.26,2524.26,2521.7,2522.12,115.51130000
1787369040,2522.13,2523.22,2520.27,2521.65,112.19280000
1787369100,2521.66,2526.32,2521.66,2525.53,193.23110000
1787369160,2525.52,2526.63,2523.97,2525.21,149.36420000
1787369220,2525.21,2525.73,2518.58,2521.79,155.30530000
1787369280,2521.8,2523.04,2520.63,2521.62,170.27050000
1787369340,2521.39,2522.4,2520,2520,121.56840000
1787369400,2519.85,2521.24,2519.73,2521.16,97.95770000
1787369460,2521.16,2522.88,2520.86,2521.64,165.25460000
1787369520,2521.56,2523.58,2521.52,2521.79,163.20230000
1787369580,2521.79,2521.79,2518.5,2520.09,196.90460000
1787369640,2520.08,2520.09,2517.17,2518.89,190.56600000
1787369700,2519.08,2520.15,2518.94,2518.95,233.68840000
1787369760,2518.94,2518.94,2516.78,2518.17,195.26790000
1787369820,2518.18,2518.18,2515.68,2517.54,112.26000000
1787369880,2517.25,2518.13,2516.79,2517.97,137.23850000
1787369940,2517.97,2519.5,2517.55,2519.27,179.75830000
1787370000,2519.26,2519.27,2517,2518.49,158.58610000
1787370060,2518.48,2518.48,2513.53,2514.48,133.50220000
1787370120,2514.47,2517.41,2514.33,2517.21,122.68430000
1787370180,2517.21,2517.21,2514.1,2516.27,112.42380000
1787370240,2516.23,2517.92,2516.1,2517.46,129.82500000
1787370300,2517.42,2517.91,2515.64,2516.84,142.39030000
1787370360,2516.84,2519.29,2516.77,2517.37,149.19460000
1787370420,2517.37,2519.91,2517.37,2518.32,127.66020000
1787370480,2518.06,2519.33,2517.99,2518.33,132.73080000
1787370540,2518.32,2518.94,2518.21,2518.21,151.75370000
1787370600,2518.26,2521.21,2517.57,2521.1,145.30130000
1787370660,2521.16,2522.72,2521.15,2521.96,126.45590000
1787370720,2522.04,2522.25,2519.93,2520.19,98.69050000
1787370780,2520.18,2521.9,2519.94,2521.49,127.04740000
1787370840,2521.48,2521.48,2519.88,2519.89,103.25500000
1787370900,2519.88,2520.21,2518.56,2518.72,114.62000000
1787370960,2518.72,2518.72,2516.02,2518.16,95.53060000
1787371020,2518.16,2519.66,2518.16,2518.93,164.71190000
1787371080,2518.93,2518.93,2516.96,2517.14,131.43690000
1787371140,2517.18,2517.18,2514.72,2514.87,144.98980000
1787371200,2514.92,2517.74,2514.92,2517.74,164.34790000
1787371260,2517.74,2518.28,2514.86,2516.56,109.75920000
1787371320,2516.39,2516.39,2511.19,2511.8,107.62320000
1787371380,2511.79,2512.73,2510.32,2512.73,124.66380000
1787371440,2512.73,2514.17,2511.51,2513.69,132.25730000
1787371500,2513.82,2518.08,2513.82,2517.5,105.10270000
1787371560,2517.52,2517.62,2514.29,2514.86,147.73860000
1787371620,2514.86,2516,2514.57,2515.72,158.96100000
1787371680,2515.71,2517.35,2515.24,2515.35,113.25950000
1787371740,2515.35,2516.15,2515.04,2516.15,83.09640000
1787371800,2516.15,2519.73,2516.15,2519.52,146.19490000
1787371860,2519.48,2520.13,2517.98,2520.13,122.06460000
1787371920,2520.13,2520.13,2518.96,2519.35,131.13420000
1787371980,2519.32,2519.55,2518.7,2519.36,115.09960000
1787372040,2519.36,2520.23,2518.8,2519.78,133.85860000
1787372100,2519.74,2519.74,2514.62,2516.02,95.45330000
1787372160,2516.02,2518.11,2510.66,2511.2,137.34910000
1787372220,2511.19,2511.71,2510.18,2510.26,107.59310000
1787372280,2510.37,2511.35,2508.53,2509.12,147.63650000
1787372340,2509.13,2509.21,2506.01,2508.22,138.87840000
1787372400,2508.26,2513.33,2508.26,2513.33,119.86570000
1787372460,2512.88,2512.88,2510.89,2511.34,22.38270000
1787372520,2511.26,2513.5,2510.11,2512.8,27.06980000
1787372580,2512.81,2514.08,2511.82,2511.82,26.18290000
1787372640,2512.08,2512.67,2511.03,2511.44,15.07150000
1787372700,2511.48,2512.95,2510.88,2512.95,84.00120000
1787372760,2512.95,2515.74,2512.95,2515.54,142.12400000
1787372820,2515.3,2515.38,2514.43,2514.69,99.27640000
1787372880,2514.69,2516.39,2514.69,2515.2,112.98420000
1787372940,2515.28,2516.76,2515.28,2516.74,151.40370000
1787373000,2516.78,2517.11,2514.36,2515.22,136.25620000
1787373060,2515.21,2519.71,2514.48,2518.61,165.39510000
1787373120,2518.61,2520.09,2518.26,2519.66,178.43070000
1787373180,2519.65,2522.15,2519.31,2519.86,201.92420000
1787373240,2519.86,2523.56,2519.58,2521.75,157.87050000
1787373300,2521.75,2522.4,2518.81,2522.16,301.19510000
1787373360,2522.15,2523.49,2521.85,2522.19,258.02130000
1787373420,2522.27,2524.08,2521.68,2523.87,297.86250000
1787373480,2523.86,2528.35,2523.26,2527.08,287.92710000
1787373540,2527.34,2527.34,2521.66,2521.66,352.51550000
1787373600,2521.47,2524.99,2521.47,2524.35,265.84920000
1787373660,2524.34,2528.64,2524,2526.51,334.71220000
1787373720,2526.51,2530,2526.1,2528.33,355.08560000
1787373780,2528.34,2529.11,2526.8,2528.31,346.07060000
1787373840,2528.27,2529.47,2526.74,2528,333.61340000
1787373900,2527.92,2527.92,2519.9,2523.38,308.53130000
1787373960,2523.32,2524.7,2522.17,2523.84,305.62330000
1787374020,2523.84,2524.87,2522.94,2522.94,310.18650000
1787374080,2522.95,2522.95,2519.9,2520.11,370.07410000
1787374140,2520.03,2520.14,2517.92,2518.39,348.26580000
1787374200,2518.4,2519.08,2517.65,2517.82,344.28040000
1787374260,2517.82,2519.07,2516.3,2517.92,452.92240000
1787374320,2517.64,2518.59,2517.17,2517.23,368.76110000
1787374380,2517.24,2518.7,2516.02,2518.69,409.65920000
1787374440,2518.7,2518.83,2518.44,2518.8,359.41870000
1787374500,2518.8,2518.86,2517.29,2518.86,297.62090000
1787374560,2518.66,2518.94,2517.16,2518.08,258.23960000
1787374620,2518.08,2518.69,2516.03,2517.14,375.96390000
1787374680,2517.14,2517.25,2514.17,2515.91,231.43840000
1787374740,2515.91,2516.56,2514.36,2514.37,218.64410000
1787374800,2514.18,2517.55,2514.17,2517.55,282.14780000
1787374860,2517.55,2517.63,2514.19,2517.19,280.10010000
1787374920,2517.18,2517.68,2516,2517.62,245.76970000
1787374980,2517.63,2517.85,2516.47,2516.58,208.66690000
1787375040,2516.66,2518.24,2516.06,2516.3,225.64560000
1787375100,2516.29,2517.48,2513.64,2517.01,160.91290000
1787375160,2517.01,2517.86,2516.92,2516.94,166.73280000
1787375220,2516.94,2517.05,2507.87,2508.34,190.26990000
1787375280,2508.33,2508.33,2493.99,2494.5,333.06300000
1787375340,2495.08,2496.81,2452.38,2453.28,917.46770000
1787375400,2453.22,2461.26,2382.48,2382.48,1377.85580000
1787375460,2386.09,2433.21,2385.75,2433.21,1318.38310000
1787375520,2433.21,2454.62,2432.55,2450.66,1217.33000000
1787375580,2451.11,2452.27,2435.32,2446.76,1195.32580000
1787375640,2446.77,2454.76,2444.45,2444.87,492.73570000
1787375700,2445.22,2453.23,2444.14,2447.46,390.61820000
1787375760,2447.69,2447.69,2409.72,2424.93,2471.77080000
1787375820,2425.74,2442.25,2422.22,2439.26,2929.71380000
1787375880,2438.99,2444.1,2434,2437.14,2943.56490000
1787375940,2437.03,2441.67,2434.96,2436.29,2983.32520000
1787376000,2436.16,2442.92,2435.78,2442.34,1393.01220000
1787376060,2441.97,2444.79,2427.25,2428.45,1319.03240000
1787376120,2428.44,2431.73,2416.88,2424.23,1358.26810000
1787376180,2423.45,2431.53,2421.39,2431.37,1336.81370000
1787376240,2431.48,2438.01,2431.48,2432.6,1624.42750000
1787376300,2432.59,2440.23,2431.84,2439.17,852.44500000
1787376360,2439.18,2446.44,2437.59,2444.73,921.46400000
1787376420,2444.74,2446.69,2440,2440,713.17110000
1787376480,2440.08,2442.6,2437.55,2439.8,894.04210000
1787376540,2439.74,2440.86,2437.43,2438.41,905.18870000
1787376600,2438.42,2438.56,2428.89,2429.32,915.57750000
1787376660,2429.32,2432.56,2423.34,2431.53,533.99220000
1787376720,2431.53,2439.73,2431.53,2439.73,614.12420000
1787376780,2439.73,2439.92,2434.8,2437.91,674.59020000
1787376840,2437.71,2443.15,2434.49,2443.02,588.67200000
1787376900,2443.03,2448.29,2440.43,2446.66,626.15790000
1787376960,2447.39,2449.28,2442.33,2442.62,463.26600000
1787377020,2442.62,2442.62,2434.86,2435.36,528.83810000
1787377080,2434.98,2437.01,2434,2435.22,566.84530000
1787377140,2435.22,2437.12,2432.5,2432.51,506.56170000
1787377200,2432.51,2436.6,2431.04,2431.87,320.76800000
1787377260,2431.92,2434.35,2428.88,2429.57,433.95320000
1787377320,2429.57,2430.4,2427,2428.74,538.84350000
1787377380,2428.86,2428.95,2425.04,2426.98,411.76690000
1787377440,2426.7,2433.22,2426.69,2433.22,410.35160000
1787377500,2433.22,2433.29,2429.41,2430.72,566.66990000
1787377560,2430.72,2435.77,2428.27,2435.77,406.96700000
1787377620,2435.77,2441.68,2435.74,2438.65,410.32910000
1787377680,2438.66,2441.68,2435.15,2441.51,364.50960000
1787377740,2441.51,2442.64,2440.47,2440.67,364.13740000
1787377800,2440.63,2443.66,2440.55,2441.13,345.79140000
1787377860,2441.14,2444.57,2440.35,2443.84,332.54010000
1787377920,2443.75,2445.5,2438.91,2440.1,430.63280000
1787377980,2440.11,2440.11,2435.84,2438.57,360.20370000
1787378040,2438.56,2438.56,2432.03,2436.25,357.04410000
1787378100,2436.25,2438.66,2435.21,2438.61,312.55280000
1787378160,2438.6,2439.01,2435.78,2436.14,369.74270000
1787378220,2436.11,2440.47,2435.18,2440.31,451.42560000
1787378280,2440.31,2443.15,2438.06,2442.88,353.79210000
1787378340,2442.89,2442.9,2438.37,2439.98,377.18010000
1787378400,2440.02,2443.51,2438.4,2443.24,375.00310000
1787378460,2443.21,2443.21,2437.86,2438.74,381.50020000
1787378520,2438.74,2439.38,2436.43,2436.43,281.71200000
1787378580,2436.42,2439.01,2435.83,2437.58,386.27110000
1787378640,2437.54,2438.77,2436.48,2437.18,309.47910000
1787378700,2437.18,2437.18,2431.52,2432.82,241.91200000
1787378760,2432.84,2433.26,2430.09,2430.98,299.05230000
1787378820,2430.98,2432.54,2429.84,2431.82,300.40420000
1787378880,2431.83,2437.28,2431.83,2433.64,304.08660000
1787378940,2433.64,2436.14,2433.64,2435.18,262.51500000
1787379000,2435.11,2435.78,2430.85,2430.85,319.33140000
1787379060,2431.03,2434.19,2431.02,2433.59,292.71970000
1787379120,2433.6,2433.6,2430.25,2430.25,244.56930000
1787379180,2430.25,2431.01,2428.21,2429.28,296.32610000
1787379240,2429.45,2430.4,2427.3,2428.06,292.53200000
1787379300,2428.06,2431.79,2428.06,2430.75,85.13530000
1787379360,2430.76,2433.42,2430.63,2432.24,223.85630000
1787379420,2432.24,2433.58,2430.68,2430.68,231.17620000
1787379480,2430.65,2430.65,2428.14,2428.42,189.17630000
1787379540,2428.5,2429.48,2427.01,2428.75,214.08310000
1787379600,2428.75,2431.48,2428.75,2431.16,202.62990000
1787379660,2431.19,2431.81,2429.18,2430.04,11.82140000
1787379720,2430.04,2432.34,2429.7,2432.08,13.51880000
1787379780,2432.08,2434.7,2432.08,2434.08,32.08110000
1787379840,2434.08,2436.86,2434.03,2436.56,24.58410000
1787379900,2436.56,2437,2435.06,2435.42,78.41620000
1787379960,2435.43,2435.47,2432.9,2433.64,124.93490000
1787380020,2433.64,2433.64,2430.82,2431.81,110.58400000
1787380080,2431.52,2431.78,2429.6,2430.05,76.27960000
1787380140,2430.01,2430.69,2430.01,2430.04,95.21920000
1787380200,2430.04,2430.04,2429.18,2429.77,96.38680000
1787380260,2429.76,2429.76,2419.71,2422.31,183.02850000
1787380320,2422.2,2423.98,2411.72,2418.78,773.53180000
1787380380,2418.79,2421.59,2418.65,2420.13,246.29400000
1787380440,2420.28,2421.34,2417.59,2417.81,207.50580000
1787380500,2417.81,2420.75,2415.96,2419.84,444.48470000
1787380560,2419.83,2424.84,2419.83,2424.67,505.99820000
1787380620,2424.67,2432.25,2423.16,2432.1,563.12550000
1787380680,2432.25,2437.05,2432,2435.2,510.82950000
1787380740,2435.2,2436.3,2433.63,2434.33,459.37950000
1787380800,2434.34,2439.72,2433.7,2439.35,397.72570000
1787380860,2439.16,2439.57,2434.45,2434.46,426.34100000
1787380920,2434.44,2434.74,2432.46,2433.78,412.21350000
1787380980,2433.78,2434.38,2433.11,2433.44,299.38760000
1787381040,2433.45,2433.48,2431.12,2431.13,381.29130000
1787381100,2431.34,2436.14,2431.34,2435.75,344.27160000
1787381160,2435.75,2435.78,2434,2434.37,313.51810000
1787381220,2434.36,2434.7,2431.83,2434.69,319.18320000
1787381280,2434.69,2435.37,2433.91,2433.96,243.66740000
1787381340,2433.95,2435.1,2433.94,2435.05,212.61870000
1787381400,2435.06,2439.01,2435.06,2438.48,163.46160000
1787381460,2438.17,2439.06,2437.75,2437.78,131.27660000
1787381520,2437.75,2437.75,2433.41,2435.78,164.02180000
1787381580,2435.77,2436.66,2434.32,2436.66,184.50070000
1787381640,2436.67,2436.75,2435.27,2435.4,132.76670000
1787381700,2435.4,2436.72,2434.46,2435.78,130.64420000
1787381760,2435.78,2436.23,2434.57,2436.04,157.23490000
1787381820,2436.04,2437.22,2435.96,2436.45,114.48530000
1787381880,2436.46,2438.04,2436.24,2437.43,182.28400000
1787381940,2437.49,2439.29,2437.49,2437.7,197.75520000
1787382000,2437.7,2437.76,2436.15,2437.61,112.19990000
1787382060,2437.61,2439.37,2436.86,2439.37,119.24330000
1787382120,2439.28,2444.44,2438.96,2442.26,134.47010000
1787382180,2442.24,2445.89,2442.24,2444.58,117.46110000
1787382240,2444.81,2447.31,2444.81,2445.44,123.57050000
1787382300,2445.38,2446.34,2443.01,2443.87,155.05720000
1787382360,2443.88,2446.04,2443.88,2445.52,187.98370000
1787382420,2445.52,2447.2,2445.46,2447.17,166.08560000
1787382480,2447.17,2447.17,2441.61,2442.09,189.39010000
1787382540,2442.09,2442.1,2436.35,2437.21,290.60510000
1787382600,2436.81,2438.83,2436,2436.99,214.15720000
1787382660,2436.98,2436.98,2433.43,2434.7,361.06560000
1787382720,2434.71,2436.39,2428.01,2430.08,319.66980000
1787382780,2430.06,2430.06,2428.01,2429.16,218.48250000
1787382840,2429.17,2434.65,2429.17,2433.86,281.64180000
1787382900,2433.86,2435.02,2431.21,2431.21,155.76920000
1787382960,2431.21,2432.91,2428.33,2428.33,303.04290000
1787383020,2428.33,2428.56,2426.58,2427.08,331.94900000
1787383080,2427.12,2430.12,2427.12,2429.34,449.47110000
1787383140,2429.34,2430.03,2427.6,2429.73,278.85680000
1787383200,2429.74,2434.71,2429.74,2434.71,235.42660000
1787383260,2434.89,2438.76,2434.35,2436.12,439.32510000
1787383320,2435.79,2437.9,2434.65,2435.63,216.54730000
1787383380,2435.58,2438.06,2435.27,2437.72,185.57990000
1787383440,2437.72,2439.28,2437.25,2438.65,206.97800000
1787383500,2438.51,2440.76,2438.26,2438.34,276.90070000
1787383560,2438.34,2439.01,2436.86,2438.14,207.47050000
1787383620,2438.14,2439.82,2438.1,2438.86,139.23980000
1787383680,2438.87,2438.91,2437.93,2438.48,168.80660000
1787383740,2438.48,2441.78,2438.48,2441.78,236.24410000
1787383800,2441.83,2441.83,2439.39,2439.39,140.05010000
1787383860,2439.38,2440.99,2438.55,2440.99,128.38930000
1787383920,2440.99,2441.75,2439.93,2440.68,114.24680000
1787383980,2440.6,2441.74,2440.25,2440.51,115.37060000
1787384040,2440.57,2440.57,2438.74,2439.54,141.03240000
1787384100,2439.7,2439.83,2438.08,2438.17,179.88970000
1787384160,2438.06,2439.32,2436.83,2439.06,168.17950000
1787384220,2439.09,2440.2,2437.77,2440.19,136.40160000
1787384280,2440.19,2440.19,2437.86,2438.56,136.90690000
1787384340,2438.59,2438.59,2436.86,2437.9,149.74360000
1787384400,2438.29,2438.48,2434.36,2435.05,134.46030000
1787384460,2435.04,2435.17,2432,2435.16,231.59620000
1787384520,2435.17,2437.07,2435.17,2437.06,219.30550000
1787384580,2437.06,2437.26,2435.77,2437.26,137.00900000
1787384640,2437.3,2437.94,2435.63,2436.44,196.37340000
1787384700,2436.44,2438.09,2435.83,2436.12,181.44800000
1787384760,2436.25,2436.26,2434.84,2435.62,238.44850000
1787384820,2435.52,2435.52,2433.64,2434.79,269.83020000
1787384880,2434.79,2435.85,2434.09,2435.42,241.87820000
1787384940,2435.41,2435.78,2434.13,2435.3,293.49920000
1787385000,2435.26,2436.78,2434,2435.11,306.31350000
1787385060,2435.29,2436.18,2434.71,2434.74,219.40240000
1787385120,2434.75,2435.42,2433.07,2435.36,189.63520000
1787385180,2435.37,2436.06,2434.43,2435.43,218.29970000
1787385240,2435.43,2438.53,2435.43,2437.22,148.44460000
1787385300,2437.25,2437.99,2437.22,2437.7,302.96250000
1787385360,2437.7,2437.79,2436.87,2436.94,229.73340000
1787385420,2436.94,2437.04,2434.34,2434.65,266.10720000
1787385480,2434.64,2434.99,2433,2433.23,234.17260000
1787385540,2433.27,2433.99,2431.75,2433.2,284.61150000
1787385600,2433.2,2435.03,2432.09,2434.46,125.08990000
1787385660,2434.5,2435.78,2434.23,2434.24,155.74090000
1787385720,2434.23,2436.67,2434.23,2436.67,193.09560000
1787385780,2436.8,2437.11,2433.33,2433.49,705.69160000
1787385840,2433.48,2435.21,2429.25,2429.5,233.00070000
1787385900,2429.49,2432.95,2429.12,2430.17,283.70800000
1787385960,2430.27,2433.27,2430.27,2433.05,148.09990000
1787386020,2433.04,2433.04,2430.1,2431.52,325.80570000
1787386080,2431.52,2433.49,2430.64,2433.14,212.26630000
1787386140,2433.14,2435.06,2433.14,2433.77,286.91540000
1787386200,2433.78,2440.68,2433.78,2438.65,250.35670000
1787386260,2438.28,2440.97,2438.28,2439.66,235.02120000
1787386320,2439.66,2440.86,2438.79,2439.03,257.36100000
1787386380,2439.03,2440.74,2438.71,2438.86,224.00270000
1787386440,2438.85,2440.89,2438.85,2439.84,274.11610000
1787386500,2439.84,2440.02,2438.98,2439.74,31.79370000
1787386560,2439.75,2439.75,2438.1,2438.22,194.71200000
1787386620,2438.22,2438.22,2436.78,2437.08,222.55360000
1787386680,2437.08,2437.08,2435.97,2436.39,230.15720000
1787386740,2436.48,2436.48,2432.7,2433.53,193.27350000
1787386800,2433.53,2436.1,2433.53,2434.35,185.54210000
1787386860,2434.3,2435.97,2433.68,2435.82,15.39480000
1787386920,2435.86,2436.41,2434.46,2434.47,64.43650000
1787386980,2434.52,2435.31,2434.52,2435.14,9.88560000
1787387040,2435.14,2435.14,2432.91,2433.29,11.25530000
1787387100,2433.25,2433.75,2432.35,2432.35,91.97860000
1787387160,2432.31,2432.31,2427.84,2427.84,144.44030000
1787387220,2427.85,2428.27,2425.59,2425.92,115.57660000
1787387280,2425.95,2427.78,2424.14,2427.78,123.72630000
1787387340,2427.78,2428.45,2426.22,2426.3,126.17980000
1787387400,2426.48,2426.48,2417.96,2423.9,222.42370000
1787387460,2423.93,2425.99,2419.22,2419.22,254.91800000
1787387520,2419.65,2421.8,2419.02,2419.79,192.23450000
1787387580,2419.78,2419.86,2415.62,2416.52,188.62590000
1787387640,2416.52,2419.7,2415.82,2418.49,234.66290000
1787387700,2418.65,2421.53,2418.33,2419.51,471.93970000
1787387760,2419.5,2420.99,2416.52,2416.72,375.23640000
1787387820,2416.73,2418.99,2415.09,2418.99,411.40340000
1787387880,2418.66,2419.22,2417.23,2419.22,372.85650000
1787387940,2419.21,2420.77,2418.55,2420.19,462.15150000
1787388000,2420.18,2421.08,2419.88,2420.55,230.77670000
1787388060,2420.55,2420.63,2418.29,2418.91,298.28730000
1787388120,2418.88,2419.06,2412.24,2415.77,317.87180000
1787388180,2415.85,2423.19,2415.43,2423.19,333.77520000
1787388240,2423.2,2425.65,2422.2,2424.89,397.18830000
1787388300,2424.9,2424.9,2420.07,2420.07,278.90670000
1787388360,2420.07,2420.07,2418.15,2419.61,295.48110000
1787388420,2419.61,2420.45,2418.64,2419.3,257.37100000
1787388480,2419.29,2420.96,2419.12,2420.87,343.25150000
1787388540,2420.87,2423.23,2420.06,2423.23,342.54240000
1787388600,2423.22,2424.41,2422.56,2424.41,271.51320000
1787388660,2424.4,2424.4,2421.53,2423.61,237.56200000
1787388720,2423.31,2423.31,2421.49,2422.58,187.11430000
1787388780,2422.58,2422.59,2420.77,2422.52,207.46160000
1787388840,2422.53,2422.8,2421.85,2421.85,205.50840000
1787388900,2421.86,2422.23,2421.52,2422.13,120.22140000
1787388960,2422.13,2423.62,2421.97,2423.62,167.96590000
1787389020,2423.62,2424.68,2422.7,2424.68,110.08250000
1787389080,2424.69,2426.22,2423.31,2423.96,182.17560000
1787389140,2423.96,2425.55,2422.92,2425.54,151.48250000
1787389200,2425.55,2426.47,2422.92,2423.47,177.17680000
1787389260,2423.46,2423.61,2420.8,2420.8,148.43430000
1787389320,2421.29,2421.48,2419.35,2420.01,132.91030000
1787389380,2419.94,2419.94,2413.72,2413.72,157.59420000
1787389440,2413.77,2416.9,2413.01,2416.9,181.84540000
1787389500,2416.9,2418.29,2414.75,2418.28,143.60360000
1787389560,2418.29,2420,2417.7,2418.36,171.77300000
1787389620,2418.5,2419.7,2418.5,2419.01,175.13880000
1787389680,2419.01,2420.84,2419,2420.48,187.23730000
1787389740,2420.49,2423.97,2420.49,2423.4,225.58800000
1787389800,2423.39,2424.98,2421.12,2421.51,220.41470000
1787389860,2421.52,2425.66,2421.14,2424.43,201.38390000
1787389920,2424.43,2426.11,2424.43,2426.11,195.18290000
1787389980,2426.11,2426.83,2425.74,2426.83,130.56930000
1787390040,2426.82,2427.78,2426.56,2427.68,168.89460000
1787390100,2427.69,2427.75,2425.11,2426.06,119.30470000
1787390160,2426.02,2426.12,2424.7,2426.1,126.16560000
1787390220,2426.06,2427.8,2425.44,2427.35,132.82540000
1787390280,2427.39,2429.1,2427.39,2427.91,198.89300000
1787390340,2427.92,2427.92,2425.26,2425.56,87.07820000
1787390400,2425.56,2425.93,2425.05,2425.46,51.09860000
1787390460,2425.41,2428.6,2425.05,2428.46,92.71220000
1787390520,2428.5,2429.13,2427.15,2427.33,121.35060000
1787390580,2427.32,2427.36,2426.33,2426.66,111.03750000
1787390640,2426.66,2426.67,2425.45,2425.68,133.13160000
1787390700,2425.69,2426.27,2424.03,2426.27,192.10490000
1787390760,2426.37,2426.81,2424.17,2424.72,100.35170000
1787390820,2424.72,2424.78,2422.05,2422.05,108.98800000
1787390880,2422.22,2424.66,2422.22,2424.66,132.71850000
1787390940,2424.69,2426.94,2424.69,2425.34,91.72750000
1787391000,2425.35,2425.75,2423.41,2425.2,189.54020000
1787391060,2425.16,2425.36,2423.75,2424.94,108.16560000
1787391120,2424.94,2425.4,2424.31,2425.14,118.09860000
1787391180,2424.92,2426.2,2424.7,2425.4,133.36230000
1787391240,2425.4,2425.4,2423.43,2423.58,139.97020000
1787391300,2423.6,2424.33,2423.6,2423.96,66.23110000
1787391360,2424,2425.03,2423.93,2424.34,143.08250000
1787391420,2424.43,2424.54,2422.48,2422.55,122.92250000
1787391480,2422.55,2422.9,2421.84,2421.84,156.08830000
1787391540,2421.85,2422.02,2420.06,2420.77,94.37790000
1787391600,2420.86,2422.78,2420.86,2422.66,147.89430000
1787391660,2422.91,2423.19,2422.2,2422.4,81.98280000
1787391720,2422.4,2423.08,2421.33,2423.08,105.48300000
1787391780,2423.26,2424.36,2422.66,2423.98,110.35130000
1787391840,2423.98,2424.23,2423.01,2423.19,116.86480000
1787391900,2423.1,2423.11,2420,2421.03,62.33530000
1787391960,2421.02,2421.02,2419.35,2419.45,97.81740000
1787392020,2419.44,2419.44,2414.53,2415.92,76.57340000
1787392080,2416.02,2421.18,2414.87,2419.19,100.00470000
1787392140,2419.03,2419.03,2416.56,2417.95,81.71240000
1787392200,2417.95,2420.66,2417.23,2419.94,129.10310000
1787392260,2419.94,2420.18,2415.95,2416.2,172.60410000
1787392320,2416.28,2417.94,2415.84,2416.68,204.73420000
1787392380,2416.69,2422.09,2416.69,2419,162.11640000
1787392440,2419.09,2419.21,2416.74,2417.01,195.99980000
1787392500,2417.01,2420.99,2416.67,2420.06,152.70850000
1787392560,2420.07,2420.77,2419.66,2420.77,128.25160000
1787392620,2421,2422.55,2420.42,2420.43,146.17410000
1787392680,2420.43,2421.84,2419.73,2421.72,145.54620000
1787392740,2421.77,2422.84,2421.64,2421.93,128.19100000
1787392800,2421.94,2422.91,2419.87,2420.32,122.92890000
1787392860,2420.37,2420.37,2417.94,2419.28,111.28240000
1787392920,2419.24,2419.24,2414.1,2414.11,141.29360000
1787392980,2414.52,2417.27,2403.64,2408.26,637.56590000
1787393040,2408.26,2416.11,2405.53,2414.05,229.13520000
1787393100,2414.06,2415,2410.88,2413.1,430.08580000
1787393160,2413.3,2413.3,2409.99,2411.97,515.53220000
1787393220,2411.97,2413.11,2410.56,2410.8,489.41510000
1787393280,2410.71,2412.99,2408.85,2409.43,510.30250000
1787393340,2409.43,2409.59,2405.95,2407.44,505.35170000
1787393400,2407.45,2410.71,2406.35,2408.81,346.52850000
1787393460,2408.76,2409.3,2406.3,2406.93,414.36180000
1787393520,2406.93,2407.49,2403.5,2404.54,405.19050000
1787393580,2404.54,2404.54,2402.48,2402.8,434.95580000
1787393640,2403.02,2404.66,2398.7,2401.36,518.51530000
1787393700,2401.37,2404.2,2401.26,2403.46,233.03710000
1787393760,2403.15,2406.05,2402.46,2404.76,511.38940000
1787393820,2404.77,2406.3,2404.54,2404.72,442.41250000
1787393880,2404.55,2405.4,2397.3,2398.5,512.83580000
1787393940,2398.5,2399.64,2396,2396,577.26600000
1787394000,2396,2399.65,2396,2398.16,344.63870000
1787394060,2398.43,2399.99,2397.07,2399.29,57.26090000
1787394120,2399.29,2399.77,2392.32,2394.87,63.88870000
1787394180,2395,2401.49,2389.5,2397.03,168.26560000
1787394240,2397.04,2398.11,2393.82,2394.7,81.44900000
1787394300,2394.61,2399.02,2393.23,2398.08,233.33960000
1787394360,2397.9,2399.64,2395.53,2396.91,451.32130000
1787394420,2396.92,2406.37,2396.92,2404.16,444.63590000
1787394480,2404.2,2408.25,2403.15,2407.58,416.79250000
1787394540,2407.55,2408.03,2405.97,2406.93,352.36780000
1787394600,2406.94,2408.29,2405.44,2407.01,437.12060000
1787394660,2407,2408.75,2406.92,2408.37,382.44680000
1787394720,2408.36,2410.44,2407.48,2407.48,439.33320000
1787394780,2407.44,2407.44,2403.15,2404.81,365.69640000
1787394840,2404.81,2406.49,2404.68,2405.7,354.97850000
1787394900,2405.75,2409.44,2405.66,2409.01,346.57350000
1787394960,2409.05,2410.13,2408.36,2410.12,290.77720000
1787395020,2410.06,2411.08,2408.64,2408.64,225.96560000
1787395080,2408.64,2410.52,2408.53,2410.21,223.80440000
1787395140,2410.22,2411.77,2409.12,2410.38,248.36760000
1787395200,2410.43,2412.95,2410.25,2412.74,145.86340000
1787395260,2412.73,2415.08,2412.73,2414.54,189.20720000
1787395320,2414.63,2414.64,2411.77,2412.91,191.89480000
1787395380,2412.92,2415.42,2412.91,2415.02,146.41820000
1787395440,2414.76,2415.81,2413.41,2415.33,192.22790000
1787395500,2415.33,2417.29,2414.41,2415.8,142.01540000
1787395560,2415.8,2415.84,2412.55,2413.43,200.41080000
1787395620,2413.43,2414.29,2411.59,2413.48,181.58480000
1787395680,2413.52,2413.53,2409.86,2411.76,203.51400000
1787395740,2411.49,2412.34,2411.28,2412.34,173.78940000
1787395800,2412.41,2413.69,2412.41,2412.99,267.14520000
1787395860,2412.99,2413.32,2411.36,2411.36,278.58330000
1787395920,2411.36,2412.28,2411.11,2411.11,200.86380000
1787395980,2411.12,2412.28,2410.52,2412.27,262.94650000
1787396040,2412.27,2412.62,2411.59,2412.6,230.48190000
1787396100,2412.63,2413.27,2409.4,2409.69,171.03250000
1787396160,2409.69,2410.17,2408.26,2408.66,204.44750000
1787396220,2408.7,2410.17,2408.42,2408.69,159.17410000
1787396280,2408.7,2411.03,2408.69,2411.03,202.79470000
1787396340,2411.02,2413.77,2411.02,2412.9,170.73090000
1787396400,2412.86,2413.69,2410.87,2411.2,166.96180000
1787396460,2411.19,2411.21,2409.24,2409.71,158.69050000
1787396520,2409.59,2409.8,2407.85,2407.85,128.86810000
1787396580,2407.71,2407.91,2405.34,2406.23,193.16050000
1787396640,2406.13,2412.1,2405.55,2411.76,196.60910000
1787396700,2411.96,2415.69,2411.96,2414.22,131.20810000
1787396760,2414.23,2415.08,2412.99,2412.99,98.06230000
1787396820,2412.99,2414.72,2412.63,2414.72,118.42980000
1787396880,2414.71,2415.18,2410.96,2411.21,163.17600000
1787396940,2411.26,2411.93,2408.69,2408.75,99.50250000
1787397000,2408.78,2411.06,2408.6,2411,134.09450000
1787397060,2410.92,2410.92,2408.91,2409.28,84.42500000
1787397120,2409.28,2409.85,2409.27,2409.46,117.32030000
1787397180,2409.46,2409.46,2408.76,2409.09,128.53110000
1787397240,2409.1,2410.52,2408.41,2408.41,110.68800000
1787397300,2408.41,2410.21,2407,2410.21,104.57750000
1787397360,2410.51,2410.51,2409.15,2409.91,94.47410000
1787397420,2409.9,2410.47,2408.76,2409.27,83.77890000
1787397480,2409.28,2409.63,2408.23,2409.11,90.69110000
1787397540,2409.42,2409.49,2407.71,2408.51,91.22140000
1787397600,2408.52,2412.19,2408.52,2412.08,93.51010000
1787397660,2412.08,2412.7,2411.25,2411.68,113.79900000
1787397720,2411.6,2411.92,2410.03,2410.49,107.55900000
1787397780,2410.49,2411.7,2410.17,2411.7,28.42430000
1787397840,2411.71,2412.58,2410.63,2410.63,43.23730000
1787397900,2410.53,2413.83,2410.52,2413.76,56.99680000
1787397960,2413.8,2415.17,2413.7,2414.64,82.08110000
1787398020,2414.41,2414.9,2414.4,2414.87,55.62520000
1787398080,2414.88,2415.63,2411.93,2413.63,104.68710000
1787398140,2413.66,2414.59,2413.62,2414.48,112.76530000
1787398200,2414.45,2414.46,2413.87,2414.15,118.77300000
1787398260,2414.14,2418.39,2413.35,2417.55,137.18100000
1787398320,2417.55,2418.48,2415.99,2416.8,110.06630000
1787398380,2416.84,2417.92,2416.09,2416.67,109.16640000
1787398440,2416.68,2419.05,2416.67,2418.69,95.99610000
1787398500,2418.72,2420.34,2417.87,2418.17,58.18790000
1787398560,2418.29,2421.02,2418.28,2421.02,77.27030000
1787398620,2421.05,2422.11,2419.52,2421.09,98.57880000
1787398680,2421.08,2421.59,2420.36,2420.38,95.08000000
1787398740,2420.34,2421.49,2419.97,2419.97,124.55210000
1787398800,2420.24,2423.1,2420.08,2423.1,161.82660000
1787398860,2423.1,2424,2422.35,2423.08,131.01200000
1787398920,2423.11,2423.11,2421.84,2422.15,127.30940000
1787398980,2422.14,2424,2422.12,2423.79,117.15110000
1787399040,2423.78,2425.15,2423.78,2424.66,132.31950000
1787399100,2424.79,2426.46,2423.46,2426.38,184.97160000
1787399160,2426.33,2426.33,2423.07,2425.84,188.47020000
1787399220,2425.84,2426.46,2424.12,2424.41,177.57570000
1787399280,2424.41,2424.45,2421.9,2422.55,222.03690000
1787399340,2422.54,2422.82,2422.2,2422.63,125.45580000
1787399400,2422.62,2422.62,2420.81,2421.17,152.03420000
1787399460,2421.18,2422.07,2421.18,2422.07,115.14560000
1787399520,2422.06,2422.07,2421.24,2421.76,173.51580000
1787399580,2421.75,2423.37,2421.48,2423.36,155.95510000
1787399640,2423.36,2423.59,2423.04,2423.36,160.31750000
1787399700,2423.32,2423.79,2422.87,2422.88,79.14890000
1787399760,2423.1,2424.36,2423.1,2424.13,97.28040000
1787399820,2424.13,2425.22,2422.86,2422.86,108.09480000
1787399880,2423.02,2423.98,2423.02,2423.97,76.25640000
1787399940,2423.99,2424,2423.78,2423.99,114.47070000
1787400000,2423.99,2424,2420.59,2420.91,74.65680000
1787400060,2420.66,2423.07,2419.4,2423.07,79.17340000
1787400120,2423.15,2426.93,2423.14,2425.04,131.59450000
1787400180,2425.03,2425.03,2422.36,2422.36,130.90410000
1787400240,2422.36,2423.23,2421.56,2423.07,83.32470000
1787400300,2423.08,2424.57,2423.08,2424.53,96.70610000
1787400360,2424.54,2427.81,2424.49,2427.07,182.94920000
1787400420,2427.06,2428.85,2425.87,2428.22,145.05560000
1787400480,2428.18,2429.33,2426.96,2429.32,177.55610000
1787400540,2429.33,2429.41,2427.18,2428.56,183.35080000
1787400600,2428.55,2434.89,2428.55,2431.15,207.51440000
1787400660,2431.09,2432.79,2428.57,2431.35,175.72370000
1787400720,2431.44,2431.83,2430.35,2431.24,176.11570000
1787400780,2431.28,2431.46,2430.4,2430.5,123.20770000
1787400840,2430.5,2434.13,2430.5,2432.73,189.22860000
1787400900,2432.72,2433.21,2431.68,2431.84,216.09460000
1787400960,2431.83,2433.27,2431.76,2432.99,223.21160000
1787401020,2432.99,2433.27,2431.04,2431.44,157.89840000
1787401080,2431.22,2431.22,2429.67,2430.4,199.48850000
1787401140,2430.44,2435.31,2430.44,2434,253.42880000
1787401200,2434,2434.49,2432.56,2432.56,115.13400000
1787401260,2432.55,2435.05,2432.48,2434.61,19.42920000
1787401320,2434.56,2434.95,2433.38,2434.28,21.01640000
1787401380,2434,2435.05,2433.99,2434.5,8.88460000
1787401440,2434.54,2435.9,2434.53,2435.09,14.22990000
1787401500,2435.04,2437.75,2434.59,2434.59,108.79680000
1787401560,2434.58,2434.58,2432.03,2433.61,104.57290000
1787401620,2433.6,2434.66,2432.56,2434.36,106.27940000
1787401680,2434.35,2436.5,2434,2434.97,82.75970000
1787401740,2434.97,2436.48,2434.38,2435.64,96.53980000
1787401800,2435.64,2435.65,2432.04,2433.94,93.19980000
1787401860,2433.94,2437.46,2432.85,2432.94,128.90090000
1787401920,2433.02,2433.99,2431.48,2432.19,143.94190000
1787401980,2432.19,2433.43,2431.37,2433.18,164.96730000
1787402040,2433.18,2433.18,2430.55,2430.68,167.88460000
1787402100,2430.68,2431.43,2429.2,2430.49,206.21990000
1787402160,2430.5,2431.29,2430.49,2431.09,148.35760000
1787402220,2431.12,2432.63,2430.76,2431.41,134.62560000
1787402280,2431.4,2431.41,2428.98,2429.04,156.76900000
1787402340,2429.04,2429.34,2427.71,2428.58,140.63220000
1787402400,2428.58,2429.18,2428.26,2429.18,52.66960000
1787402460,2429.18,2430.03,2428.97,2430.02,101.86220000
1787402520,2430.02,2430.41,2429.5,2430.38,85.59840000
1787402580,2430.38,2430.65,2429.96,2430.32,90.84650000
1787402640,2430.32,2431.48,2430.32,2431.42,91.12550000
1787402700,2431.43,2432.19,2430.95,2431.48,116.29340000
1787402760,2431.47,2431.48,2429.7,2430.04,50.79710000
1787402820,2430.04,2430.24,2429.26,2429.84,52.81130000
1787402880,2430.15,2430.56,2429.06,2429.96,48.86320000
1787402940,2429.95,2429.95,2429.34,2429.55,38.05950000
1787403000,2429.55,2429.92,2428.35,2428.84,76.02860000
1787403060,2428.85,2429.24,2427.54,2427.54,61.75200000
1787403120,2427.55,2429.36,2427.55,2428.61,69.17490000
1787403180,2428.6,2428.78,2428.09,2428.69,42.66710000
1787403240,2428.69,2429.12,2428.26,2429.12,52.03570000
1787403300,2429.04,2429.19,2428.1,2428.13,37.77830000
1787403360,2428.12,2428.25,2427.19,2428.25,62.47200000
1787403420,2428.25,2430.03,2427.63,2429.92,56.58700000
1787403480,2429.88,2429.93,2428.89,2429.54,59.21400000
1787403540,2429.46,2429.49,2428.26,2428.26,59.50400000
1787403600,2428.26,2428.96,2428.14,2428.62,55.56260000
1787403660,2428.61,2428.61,2426.3,2426.8,59.85810000
1787403720,2426.8,2427.24,2425.01,2427.09,76.77130000
1787403780,2427.08,2427.08,2424.52,2424.88,85.41500000
1787403840,2424.89,2425.85,2424.7,2425.85,50.26860000
1787403900,2425.86,2427.46,2425.71,2425.71,100.64900000
1787403960,2425.74,2426.46,2425.23,2425.55,78.40310000
1787404020,2425.56,2426.44,2425.56,2426.11,94.08170000
1787404080,2426.12,2427.54,2426.11,2426.42,117.57230000
1787404140,2426.41,2428.24,2426.41,2428.24,85.57620000
1787404200,2428.26,2428.82,2428.25,2428.42,74.09990000
1787404260,2428.4,2428.4,2426.11,2427.12,63.43130000
1787404320,2427.25,2427.9,2427.19,2427.6,87.66450000
1787404380,2427.77,2427.77,2426.37,2426.78,81.05960000
1787404440,2426.82,2427.04,2426.6,2426.61,71.02190000
1787404500,2426.61,2427.46,2426.59,2427.35,92.81020000
1787404560,2427.36,2429.59,2427.36,2429.02,76.92650000
1787404620,2429.01,2429.02,2424.69,2424.91,107.25640000
1787404680,2424.9,2425.94,2424.44,2425.94,60.23960000
1787404740,2425.94,2426.18,2425.11,2425.21,61.79910000
1787404800,2425.22,2425.37,2422.6,2423.06,76.55600000
1787404860,2423.62,2425.64,2423.07,2425.64,78.42870000
1787404920,2425.64,2426.52,2424.58,2424.62,71.08450000
1787404980,2424.61,2426.58,2424.61,2426.5,89.67360000
1787405040,2426.5,2427.9,2426.49,2426.78,89.72010000
1787405100,2426.81,2429.68,2426.81,2427.64,87.71120000
1787405160,2427.64,2428.42,2427.63,2428.41,67.08680000
1787405220,2428.42,2428.45,2426.24,2426.34,101.60770000
1787405280,2426.33,2426.6,2426.32,2426.59,90.84560000
1787405340,2426.59,2426.64,2425.98,2426.34,63.08840000
1787405400,2426.38,2428.22,2426.38,2428.21,44.81550000
1787405460,2428.21,2428.21,2426.83,2426.84,58.91870000
1787405520,2426.83,2426.83,2425.76,2426.08,54.56460000
1787405580,2426.04,2426.71,2423.61,2424.82,72.30370000
1787405640,2424.81,2425.4,2424.53,2424.9,59.02020000
1787405700,2424.92,2425.72,2424.7,2424.92,54.77750000
1787405760,2424.92,2425.23,2423.98,2424.01,70.97640000
1787405820,2424.01,2424.58,2423.84,2424.58,76.57020000
1787405880,2424.58,2427.43,2424.57,2426.52,85.53160000
1787405940,2426.52,2426.53,2423.63,2423.86,57.93640000
1787406000,2423.86,2424.52,2423.86,2424.39,22.88070000
1787406060,2424.39,2425.04,2424,2424.34,67.81220000
1787406120,2424.33,2424.33,2423.62,2423.91,43.87620000
1787406180,2423.92,2423.92,2422.93,2423.68,92.43460000
1787406240,2423.58,2425.07,2421.68,2425.07,88.65470000
1787406300,2425.08,2425.92,2424.63,2425.92,111.53650000
1787406360,2425.92,2426.82,2425.77,2426.43,115.24970000
1787406420,2426.42,2428.2,2426.42,2428.14,52.62970000
1787406480,2428.15,2429.25,2427,2428.97,71.21540000
1787406540,2428.97,2428.97,2425.85,2427.86,68.15010000
1787406600,2427.88,2429.6,2427.88,2429.6,36.93510000
1787406660,2429.59,2432.02,2428.54,2431.98,130.44800000
1787406720,2431.98,2432.6,2430.91,2432.6,96.99960000
1787406780,2432.68,2433.12,2431,2431,101.72710000
1787406840,2431,2431,2429.3,2429.66,68.91300000
1787406900,2429.58,2429.93,2428.87,2429.02,112.68850000
1787406960,2429.05,2429.1,2427.98,2428.09,59.89240000
1787407020,2428.08,2430.03,2428.08,2429.57,107.97040000
1787407080,2429.62,2430.4,2429.62,2430.19,120.72050000
1787407140,2430.18,2430.2,2430.02,2430.03,102.69640000
1787407200,2430.04,2431.13,2430.03,2431.11,88.31500000
1787407260,2431.07,2431.21,2429.69,2429.89,83.63920000
1787407320,2429.92,2429.92,2428.03,2428.14,76.22780000
1787407380,2428.14,2428.14,2427.47,2427.67,60.88000000
1787407440,2427.68,2427.68,2425.41,2426.06,50.07460000
1787407500,2426.08,2426.86,2424.57,2424.57,34.32450000
1787407560,2424.53,2424.53,2422.55,2422.66,62.38670000
1787407620,2422.68,2422.68,2415,2418.26,344.13010000
1787407680,2417.92,2419.35,2414.55,2418.15,232.85490000
1787407740,2417.98,2420.41,2417.98,2419.36,66.48930000
1787407800,2419.36,2421.18,2417.4,2417.41,287.89970000
1787407860,2417.43,2418.74,2417.43,2418.56,354.25970000
1787407920,2418.57,2419.37,2418.09,2419.25,391.30660000
1787407980,2419.3,2419.94,2418.48,2419.4,417.41780000
1787408040,2419.41,2419.41,2417.27,2418.53,357.77390000
1787408100,2418.54,2420.08,2418.54,2419.71,174.77800000
1787408160,2419.76,2419.84,2418.61,2419.07,200.95280000
1787408220,2418.98,2418.98,2414.74,2414.74,202.83380000
1787408280,2414.83,2416.01,2414.21,2415.61,176.63750000
1787408340,2415.61,2417.17,2415.61,2416.81,165.06970000
1787408400,2416.81,2418.1,2415.12,2415.12,127.12600000
1787408460,2415.11,2416.44,2414.86,2415.8,22.88280000
1787408520,2416.16,2416.16,2414.6,2415.13,6.46460000
1787408580,2415.13,2417.2,2415.12,2417.2,9.99760000
1787408640,2417.2,2417.22,2414.82,2416.82,13.73790000
1787408700,2416.63,2416.63,2415.82,2415.82,38.57280000
1787408760,2415.92,2416.62,2415.92,2416.4,37.44570000
1787408820,2416.36,2417.43,2415.37,2417.34,62.03540000
1787408880,2417.31,2419.16,2417.3,2419.16,75.60820000
1787408940,2419.2,2420.91,2419.07,2420.74,78.07230000
1787409000,2420.52,2422.13,2420.07,2421.01,122.75390000
1787409060,2421,2421,2418.08,2419.29,65.78260000
1787409120,2419.3,2422.09,2419.03,2421.7,80.68210000
1787409180,2421.5,2423.86,2421.5,2422.66,86.18070000
1787409240,2422.66,2424.07,2422.66,2423.37,47.81050000
1787409300,2423.37,2424.24,2421.22,2421.38,49.44280000
1787409360,2421.4,2422.85,2421.4,2422.49,71.36300000
1787409420,2422.51,2422.55,2421.22,2421.68,60.37760000
1787409480,2421.67,2421.68,2419.15,2419.36,52.11030000
1787409540,2419.4,2419.68,2414.55,2415.52,120.17880000
1787409600,2415.56,2418.87,2415.56,2417.19,94.05170000
1787409660,2417,2417.02,2416.23,2416.44,84.86680000
1787409720,2416.54,2416.65,2414.27,2414.27,47.22320000
1787409780,2414.27,2416.01,2413.26,2414.14,77.44550000
1787409840,2414.18,2414.75,2412.51,2412.68,68.74650000
1787409900,2412.72,2414.82,2412.72,2414.05,106.76150000
1787409960,2414.04,2414.04,2412.83,2414.03,157.25930000
1787410020,2414.04,2414.04,2412.67,2413.2,134.76610000
1787410080,2413.21,2413.69,2411.49,2411.96,104.37810000
1787410140,2411.92,2412.63,2410.82,2412.1,154.62750000
1787410200,2412.16,2413.8,2411.61,2413.33,168.84790000
1787410260,2413.34,2414.89,2412.97,2414.89,101.91240000
1787410320,2414.89,2415.45,2413.02,2413.28,71.27220000
1787410380,2413.24,2413.24,2410.86,2412.28,131.03490000
1787410440,2412.26,2412.53,2409.72,2409.9,124.73870000
1787410500,2409.93,2411.13,2409.39,2410.55,121.79650000
1787410560,2410.56,2413.88,2410.56,2413.26,140.15210000
1787410620,2413.21,2415.21,2413.2,2414.4,126.04640000
1787410680,2414.41,2414.41,2411.87,2411.87,84.73710000
1787410740,2411.88,2414.05,2411.88,2413.85,87.88650000
1787410800,2413.89,2414.17,2411.59,2411.69,99.00870000
1787410860,2411.74,2413.28,2410.33,2413.27,90.31780000
1787410920,2413.28,2415.96,2413.28,2415.2,113.54600000
1787410980,2415.21,2416.71,2414.75,2416.57,83.00930000
1787411040,2416.57,2416.62,2412.8,2413.32,114.27630000
1787411100,2413.32,2415.11,2413.16,2415.11,173.22310000
1787411160,2415.05,2415.42,2413,2413.24,102.34610000
1787411220,2413.22,2413.49,2411.11,2411.49,119.88360000
1787411280,2411.5,2411.82,2408.93,2410.46,73.92620000
1787411340,2410.46,2410.87,2407.92,2408.55,142.64730000
1787411400,2408.53,2410.47,2407.86,2410.34,162.58580000
1787411460,2410.21,2412.58,2410.12,2410.83,167.83490000
1787411520,2410.84,2410.84,2409.05,2409.3,140.08410000
1787411580,2409.3,2409.31,2407.72,2407.86,177.64650000
1787411640,2407.86,2409.46,2406.45,2406.45,134.42600000
1787411700,2406.45,2408.07,2406.22,2408.07,126.67530000
1787411760,2408.15,2410.83,2408.15,2410.36,141.43950000
1787411820,2410.41,2411.09,2408.41,2409.57,112.72020000
1787411880,2409.57,2409.57,2408.06,2408.58,152.47790000
1787411940,2408.55,2408.75,2408.06,2408.26,144.10640000
1787412000,2408.26,2408.67,2408.15,2408.67,49.51830000
1787412060,2408.67,2409.81,2408.03,2409.61,106.22460000
1787412120,2409.61,2410.17,2406.02,2406.02,120.46200000
1787412180,2406.02,2409.86,2405.8,2409.86,146.82470000
1787412240,2409.89,2411.93,2409.81,2409.81,162.26210000
1787412300,2409.82,2410.51,2408.83,2410.48,127.96670000
1787412360,2410.48,2410.65,2408.78,2410.39,175.09140000
1787412420,2410.4,2410.59,2409.56,2409.8,177.37010000
1787412480,2409.81,2411.42,2409.8,2411.42,165.06760000
1787412540,2411.41,2411.58,2410.55,2410.89,139.22880000
1787412600,2410.93,2412.62,2410.78,2411.68,81.05550000
1787412660,2411.6,2412.28,2411.04,2412.28,107.45250000
1787412720,2412.29,2413,2411.22,2412.12,117.20870000
1787412780,2412.18,2414.5,2411.89,2414.15,182.29490000
1787412840,2414.3,2414.75,2413.35,2414.39,85.66800000
1787412900,2414.39,2414.9,2414.05,2414.33,86.27940000
1787412960,2414.17,2414.17,2411.14,2411.39,57.46660000
1787413020,2411.4,2413.66,2411.4,2413.36,55.58040000
1787413080,2413.28,2413.28,2410.86,2411.13,83.08330000
1787413140,2411.12,2412.63,2411.01,2412.63,91.63610000
1787413200,2412.63,2412.63,2409.99,2411.1,94.07130000
1787413260,2411.1,2412.72,2411.1,2412.2,78.45850000
1787413320,2412.24,2412.92,2412.24,2412.64,86.49860000
1787413380,2412.63,2412.8,2411.02,2411.43,92.88090000
1787413440,2411.44,2413.61,2411.44,2412.73,95.50700000
1787413500,2412.74,2414.11,2412.74,2414.07,52.95760000
1787413560,2414.07,2414.29,2413.69,2413.84,85.26220000
1787413620,2413.84,2413.85,2412.36,2412.45,95.96470000
1787413680,2412.45,2414.01,2412.45,2412.81,80.01570000
1787413740,2412.81,2412.82,2411.04,2411.33,80.92560000
1787413800,2411.43,2411.75,2411,2411.23,41.21880000
1787413860,2411.24,2411.97,2409.49,2410.87,61.27830000
1787413920,2410.89,2411.49,2410.52,2410.86,54.36070000
1787413980,2410.84,2411.55,2409.64,2410.17,44.50650000
1787414040,2410.17,2410.52,2410.16,2410.45,47.97970000
1787414100,2410.57,2411.99,2410.57,2410.88,72.19790000
1787414160,2411.19,2411.19,2409.64,2410.22,55.24130000
1787414220,2410.32,2411.97,2410.32,2411.31,60.69700000
1787414280,2411.31,2413.33,2411.21,2411.4,63.55100000
1787414340,2411.4,2411.4,2410.87,2411.01,62.46270000
1787414400,2411.01,2412.05,2411.01,2411.9,25.54090000
1787414460,2411.86,2412.12,2410.06,2410.78,75.11700000
1787414520,2410.79,2413.54,2410.79,2412.99,83.63650000
1787414580,2413.02,2413.49,2410.95,2412.52,90.23160000
1787414640,2412.53,2416.05,2412.4,2415.06,124.10340000
1787414700,2415.05,2415.34,2413.84,2414.86,136.72270000
1787414760,2414.86,2415.15,2413.93,2414.18,146.75410000
1787414820,2414.18,2414.94,2414.18,2414.93,134.31450000
1787414880,2414.94,2415.95,2413.83,2414.49,226.08500000
1787414940,2414.49,2414.49,2413.15,2413.36,145.88370000
1787415000,2413.36,2414.04,2412.64,2413.43,249.23490000
1787415060,2413.42,2413.43,2412.43,2413.15,102.23540000
1787415120,2413.14,2413.14,2410.9,2411.12,142.22070000
1787415180,2411.12,2413.62,2409.09,2413.62,96.87180000
1787415240,2413.62,2414.66,2413.62,2414.52,145.50090000
1787415300,2414.53,2416.38,2414.44,2415.96,80.78120000
1787415360,2415.97,2417.95,2415.89,2417.03,148.90480000
1787415420,2417.02,2417.93,2416.73,2417.92,135.11000000
1787415480,2417.93,2418.73,2417.18,2417.95,102.34390000
1787415540,2417.94,2420.32,2417.86,2419.66,154.67150000
1787415600,2419.58,2420.07,2419.13,2419.29,89.48800000
1787415660,2419.02,2420.77,2419.02,2419.61,23.63040000
1787415720,2419.6,2420.97,2419.52,2420.31,19.52300000
1787415780,2420.28,2421.34,2419.81,2421.25,25.15000000
1787415840,2421.11,2422.43,2421,2421.68,9.91230000
1787415900,2421.52,2422.12,2420.26,2420.28,63.41280000
1787415960,2420.29,2420.29,2419.79,2420.11,102.55760000
1787416020,2420.11,2421.18,2419.92,2420.24,92.54460000
1787416080,2420.25,2421.11,2420.24,2420.59,101.79160000
1787416140,2420.59,2421.12,2420.59,2420.62,87.55880000
1787416200,2420.63,2420.83,2420.22,2420.26,24.63710000
1787416260,2420.41,2421.92,2420.38,2421.91,76.66180000
1787416320,2421.9,2421.9,2420.7,2421.25,74.33940000
1787416380,2421.22,2422.88,2420.42,2420.57,81.78680000
1787416440,2420.57,2420.66,2419.19,2419.19,58.10620000
1787416500,2419.19,2420.76,2419.19,2420.76,70.65500000
1787416560,2420.76,2424.29,2420.76,2424.09,110.27000000
1787416620,2423.74,2423.74,2422.35,2423.34,101.84270000
1787416680,2423.33,2423.46,2422.72,2422.99,87.00280000
1787416740,2422.99,2423.64,2422.99,2423.2,80.12590000
1787416800,2423.18,2425.83,2423.08,2425.8,124.19670000
1787416860,2425.81,2428.81,2425.76,2425.79,171.54440000
1787416920,2425.84,2426.46,2424.41,2425.59,132.17450000
1787416980,2425.55,2427.54,2425.4,2427.34,138.27850000
1787417040,2427.31,2427.31,2426.02,2426.02,56.20780000
1787417100,2425.99,2427.17,2425.9,2427.17,28.92340000
1787417160,2427.18,2429.4,2427.18,2427.18,212.81390000
1787417220,2427.19,2428.46,2427.19,2428.33,157.06530000
1787417280,2428.32,2428.32,2427.79,2427.81,143.69660000
1787417340,2427.8,2427.8,2425.62,2427.05,189.73130000
1787417400,2427.05,2427.42,2424.74,2424.74,212.33390000
1787417460,2424.82,2425.47,2424.65,2425.27,128.91430000
1787417520,2425.23,2425.23,2423.99,2424.68,120.88950000
1787417580,2424.69,2424.69,2423.03,2423.04,96.49060000
1787417640,2423,2423.62,2422.79,2422.79,132.73250000
1787417700,2422.79,2423.76,2422.79,2423.26,88.08250000
1787417760,2423.18,2423.19,2422.71,2422.88,61.86050000
1787417820,2422.88,2424.09,2422.88,2423.55,77.38520000
1787417880,2423.56,2424.06,2423.56,2423.72,75.66510000
1787417940,2423.62,2423.82,2422.75,2422.75,99.12850000
1787418000,2422.75,2424.09,2422.75,2423.57,61.50210000
1787418060,2423.57,2425.04,2423.57,2424.79,91.95970000
1787418120,2424.75,2424.79,2422.79,2422.96,69.08630000
1787418180,2422.99,2423.58,2422.1,2423.56,58.91890000
1787418240,2423.56,2423.57,2422.71,2422.92,76.63320000
1787418300,2423,2423.25,2421.88,2422.34,49.75690000
1787418360,2422.3,2424.9,2421.88,2424.9,52.28910000
1787418420,2424.89,2425.03,2423.85,2424.58,61.67740000
1787418480,2424.59,2425.19,2423.37,2423.75,47.71740000
1787418540,2423.75,2423.98,2423.13,2423.97,56.95360000
1787418600,2423.98,2424.14,2423.65,2423.9,58.97780000
1787418660,2423.91,2425.21,2423.9,2425.21,56.71460000
1787418720,2425.21,2425.21,2424.04,2424.05,50.14750000
1787418780,2424.04,2424.05,2423.58,2423.62,51.54000000
1787418840,2423.62,2424.3,2423.62,2423.9,56.71680000
1787418900,2423.91,2425.47,2423.91,2425.29,41.98020000
1787418960,2425.28,2425.99,2424.37,2425.05,57.92860000
1787419020,2425.04,2425.98,2425.04,2425.9,39.37380000
1787419080,2425.91,2427.99,2425.9,2427.77,52.16750000
1787419140,2427.71,2428.9,2427.71,2428.58,53.81050000
1787419200,2428.56,2428.89,2426.74,2427.18,50.05890000
1787419260,2427.22,2428.61,2427.22,2428.32,37.05650000
1787419320,2428.32,2428.32,2425.4,2425.4,56.10520000
1787419380,2425.41,2425.94,2425.12,2425.25,67.07920000
1787419440,2425.28,2425.47,2424.45,2425.41,59.88700000
1787419500,2425.44,2425.8,2425.32,2425.32,38.45300000
1787419560,2425.25,2425.97,2425.25,2425.66,95.60190000
1787419620,2425.67,2425.71,2425.04,2425.04,55.07060000
1787419680,2425.04,2425.05,2419.14,2420.16,60.35230000
1787419740,2420.23,2421.1,2417.3,2419,97.29780000
1787419800,2419,2422.55,2419,2422.55,86.53810000
1787419860,2422.89,2424.02,2422.88,2424.02,54.66570000
1787419920,2424.02,2424.02,2422.92,2423.86,46.02060000
1787419980,2423.85,2423.97,2423.26,2423.71,48.69070000
1787420040,2423.75,2424.07,2423.27,2423.39,117.84990000
1787420100,2423.44,2425.4,2423.44,2425.4,94.26560000
1787420160,2425.39,2425.4,2424.33,2424.33,76.06910000
1787420220,2424.34,2424.54,2423.14,2423.31,63.79070000
1787420280,2423.31,2424.31,2423.26,2423.26,56.04590000
1787420340,2423.26,2423.26,2421.65,2421.65,7.66830000
1787420400,2421.55,2423.94,2421.55,2423.92,33.70350000
1787420460,2423.96,2424.94,2423.96,2424.63,40.45790000
1787420520,2424.63,2425.41,2422.58,2424.6,72.28620000
1787420580,2424.63,2424.92,2423.38,2424.63,70.66430000
1787420640,2424.67,2424.74,2424.34,2424.74,37.40340000
1787420700,2424.78,2424.82,2424.33,2424.82,127.87840000
1787420760,2424.82,2424.82,2423.98,2424.29,100.61880000
1787420820,2424.3,2424.92,2424.3,2424.92,125.72540000
1787420880,2424.93,2425.4,2424.93,2425.39,140.51020000
1787420940,2425.34,2426.81,2425.33,2426.17,145.73300000
1787421000,2426.2,2429.62,2426.2,2429.62,137.33630000
1787421060,2429.66,2431.41,2429.66,2430.9,97.62380000
1787421120,2430.76,2430.76,2428.62,2428.79,85.10880000
1787421180,2428.74,2428.74,2427.59,2427.85,62.97600000
1787421240,2427.58,2427.96,2427.36,2427.84,65.92710000
1787421300,2427.9,2428.21,2427.14,2427.14,102.67910000
1787421360,2427.1,2427.53,2426.66,2426.68,89.98410000
1787421420,2426.69,2427.46,2426.68,2427.45,103.03440000
1787421480,2427.46,2427.48,2426.6,2426.63,94.68570000
1787421540,2426.62,2426.62,2425.98,2426.35,102.23360000
1787421600,2426.36,2426.61,2426.24,2426.54,74.01700000
1787421660,2426.58,2427.57,2426.55,2427.57,40.63350000
1787421720,2427.59,2428.26,2427.19,2428.03,54.57910000
1787421780,2428.03,2428.04,2426.99,2427.88,52.87540000
1787421840,2427.89,2429.33,2427.47,2429.09,94.47470000
1787421900,2429.1,2430.75,2429.1,2430.75,62.38010000
1787421960,2430.75,2430.75,2429.88,2429.88,74.74070000
1787422020,2429.98,2429.98,2428.97,2428.97,63.48030000
1787422080,2428.97,2428.97,2427.69,2427.69,62.77940000
1787422140,2427.68,2428.25,2426.84,2426.84,48.17970000
1787422200,2426.85,2428.25,2426.12,2426.46,90.41710000
1787422260,2426.57,2426.57,2425.79,2426.11,49.69500000
1787422320,2426.12,2426.27,2425.96,2426.1,47.23210000
1787422380,2426.09,2426.59,2425.55,2426.58,68.28990000
1787422440,2426.59,2427.24,2426.59,2427.06,40.82230000
1787422500,2426.98,2428.96,2426.95,2428.36,14.45650000
1787422560,2428.27,2429.32,2427.86,2428.81,65.47600000
1787422620,2428.8,2428.96,2426.99,2427.42,40.82450000
1787422680,2427.5,2429.63,2427.5,2429.2,66.00120000
1787422740,2429.19,2429.82,2428.76,2428.93,33.81390000
1787422800,2428.89,2429.48,2428.69,2429.22,29.78230000
1787422860,2429.18,2429.68,2428.98,2429.68,5.89790000
1787422920,2429.69,2434.22,2429.69,2432.71,43.49750000
1787422980,2432.71,2432.88,2432.2,2432.39,10.18040000
1787423040,2432.35,2432.35,2431.49,2431.49,4.40690000
1787423100,2431.48,2432.12,2431.48,2432.12,54.00620000
1787423160,2432.16,2434.34,2432.16,2432.45,65.72260000
1787423220,2432.44,2432.46,2432.19,2432.42,79.40950000
1787423280,2432.43,2432.46,2431.64,2431.64,146.73280000
1787423340,2431.6,2431.6,2430.4,2431.37,78.37070000
1787423400,2431.36,2431.45,2430.76,2430.76,119.47630000
1787423460,2430.56,2431.04,2430.35,2430.69,61.27470000
1787423520,2430.55,2431.28,2430.53,2431.28,53.29690000
1787423580,2431.29,2431.9,2430.92,2430.92,72.59740000
1787423640,2430.93,2433.85,2430.93,2433.58,108.33530000
1787423700,2433.58,2433.58,2431.33,2431.9,55.25500000
1787423760,2431.89,2431.89,2429.89,2430.17,62.07030000
1787423820,2430.17,2432.06,2429.34,2430.4,76.08330000
1787423880,2430.41,2430.6,2429.33,2429.46,75.41940000
1787423940,2429.46,2429.47,2428.93,2428.98,56.97140000
1787424000,2428.98,2429.06,2427.92,2427.92,124.47940000
1787424060,2427.91,2430.56,2427.91,2429.35,96.04670000
1787424120,2429.36,2430.4,2429.36,2429.96,100.64360000
1787424180,2429.96,2430.4,2429.5,2429.71,103.79880000
1787424240,2429.7,2429.7,2426.83,2426.83,78.84100000
1787424300,2426.83,2428.61,2425.67,2426.73,100.38130000
1787424360,2426.73,2427.17,2425.5,2426.43,106.86460000
1787424420,2426.43,2426.97,2424.7,2425.79,104.60410000
1787424480,2425.92,2425.92,2424.57,2425.42,118.13550000
1787424540,2425.46,2426.36,2425.46,2426.35,93.23370000
1787424600,2426.36,2426.47,2425.09,2425.22,76.25610000
1787424660,2425.18,2425.19,2423.98,2424.57,142.10320000
1787424720,2424.53,2424.53,2423.63,2423.7,100.86590000
1787424780,2423.66,2423.68,2421.89,2421.9,124.75310000
1787424840,2421.9,2424.96,2421.9,2424.52,138.22600000
1787424900,2424.52,2425.04,2424.51,2424.79,102.10950000
1787424960,2424.78,2425.66,2424.78,2425.66,71.37170000
1787425020,2425.66,2426.06,2425.65,2426.05,61.37030000
1787425080,2426.06,2426.66,2426.05,2426.65,48.69730000
1787425140,2426.65,2427.46,2426.24,2427.36,77.03590000
1787425200,2427.36,2427.9,2426.23,2426.23,80.00810000
1787425260,2426.12,2427.48,2426.12,2427.47,56.17270000
1787425320,2427.48,2428.07,2427.47,2427.88,52.89960000
1787425380,2427.89,2428.24,2427.55,2428.19,32.26640000
1787425440,2428.15,2428.16,2426.72,2426.72,48.33350000
1787425500,2426.72,2427.18,2426.21,2427.17,64.91820000
1787425560,2427.18,2427.18,2426.52,2426.52,37.93890000
1787425620,2426.49,2426.49,2425.04,2425.05,59.28190000
1787425680,2425.05,2425.4,2424.25,2424.69,49.32980000
1787425740,2424.69,2427.01,2424.69,2427.01,59.71390000
1787425800,2427.02,2428.25,2426.78,2427.95,49.48860000
1787425860,2427.94,2428.03,2427.38,2428.02,48.38970000
1787425920,2427.84,2429.2,2427.83,2428.31,51.31960000
1787425980,2428.34,2429.56,2428.34,2429.43,73.49380000
1787426040,2429.47,2429.98,2429.46,2429.5,61.27830000
1787426100,2429.51,2430.2,2429.48,2430.2,40.25840000
1787426160,2430.2,2430.94,2428.5,2428.56,43.51520000
1787426220,2428.57,2429.32,2428.57,2428.85,29.86430000
1787426280,2428.84,2430.29,2428.68,2430.14,46.36950000
1787426340,2430.14,2430.14,2427.46,2428.96,89.21870000
1787426400,2428.97,2428.97,2428.01,2428.11,44.72030000
1787426460,2428.12,2428.16,2427.42,2427.42,77.91460000
1787426520,2427.41,2427.62,2427.41,2427.54,92.04220000
1787426580,2427.54,2428.61,2427.54,2428.6,93.58870000
1787426640,2428.61,2429.31,2428.18,2428.18,111.59990000
1787426700,2428.19,2428.19,2428.02,2428.08,102.47330000
1787426760,2428.07,2429.04,2427.11,2429.04,55.54860000
1787426820,2428.99,2429.31,2428.4,2428.68,67.55570000
1787426880,2428.78,2428.78,2428.62,2428.62,61.16070000
1787426940,2428.6,2428.63,2428.26,2428.63,25.65300000
1787427000,2428.58,2429.69,2428.58,2429.69,111.19860000
1787427060,2429.68,2430.39,2429.44,2430.01,111.54940000
1787427120,2430.02,2431.27,2430.02,2431.04,82.66660000
1787427180,2431.07,2431.48,2430.76,2430.76,73.26810000
1787427240,2430.72,2431.33,2430.46,2431.07,100.73330000
1787427300,2431.06,2431.06,2430.53,2430.6,121.00540000
1787427360,2430.57,2430.57,2430.4,2430.44,139.73220000
1787427420,2430.44,2431.78,2430.44,2431.77,145.55430000
1787427480,2431.78,2432,2431.64,2431.99,133.43360000
1787427540,2431.99,2431.99,2431.48,2431.65,157.66080000
1787427600,2431.66,2432.96,2431.66,2432.96,119.29350000
1787427660,2432.96,2432.96,2432.38,2432.38,102.76750000
1787427720,2432.38,2433,2432.19,2432.2,125.36550000
1787427780,2432.19,2434.34,2431.8,2434.34,134.56310000
1787427840,2434.34,2434.89,2433.69,2434.79,129.80450000
1787427900,2434.78,2434.78,2433.67,2434.04,138.17680000
1787427960,2434.04,2438,2434.04,2438,155.23830000
1787428020,2437.69,2439,2437.38,2437.73,176.48990000
1787428080,2437.73,2437.94,2437.23,2437.58,128.59030000
1787428140,2437.54,2438.1,2437.22,2437.91,169.25220000
1787428200,2437.9,2439.09,2437.35,2439.09,220.02140000
1787428260,2439.15,2443.26,2439.14,2442.27,299.17110000
1787428320,2442.27,2442.27,2441.19,2441.58,199.10380000
1787428380,2441.59,2444.57,2440.86,2443.38,227.49790000
1787428440,2443.37,2443.37,2442.38,2442.45,191.17500000
1787428500,2442.44,2442.45,2441.92,2441.92,148.52580000
1787428560,2441.92,2442.31,2441.56,2442.3,185.71590000
1787428620,2442.18,2442.19,2441.08,2441.23,193.04640000
1787428680,2441.27,2441.38,2440.67,2440.85,184.20330000
1787428740,2440.84,2440.84,2438.51,2439.3,217.57220000
1787428800,2439.3,2440.93,2439.3,2439.42,173.74820000
1787428860,2439.42,2439.42,2438.46,2438.47,80.06380000
1787428920,2438.53,2438.55,2436.84,2436.85,70.62930000
1787428980,2436.86,2437.22,2436.41,2436.51,109.30160000
1787429040,2436.52,2439.02,2436.52,2438.7,114.23280000
1787429100,2438.71,2438.71,2437.68,2437.68,118.69680000
1787429160,2437.68,2439.38,2437.68,2439.07,82.12310000
1787429220,2439.08,2440.23,2439.08,2440.23,176.05830000
1787429280,2440.23,2440.84,2440.12,2440.84,176.07350000
1787429340,2440.84,2441.87,2440.84,2441.01,177.90300000
1787429400,2441,2442.01,2440.97,2442.01,179.97540000
1787429460,2442.16,2442.46,2441.88,2442.46,116.80090000
1787429520,2442.51,2442.51,2441.52,2442.26,110.75800000
1787429580,2442.27,2443.36,2442.17,2442.18,98.67650000
1787429640,2442.49,2442.49,2441.07,2441.15,137.39230000
1787429700,2441.15,2441.71,2440.83,2441.04,39.01970000
1787429760,2441.04,2441.55,2440.64,2441.37,113.76730000
1787429820,2441.38,2441.54,2440,2440.1,137.49050000
1787429880,2440.09,2440.09,2439.3,2439.47,142.04250000
1787429940,2439.47,2439.6,2439.35,2439.45,142.72160000
1787430000,2439.45,2439.6,2438.97,2439.04,73.87650000
1787430060,2439.09,2439.25,2437.56,2437.56,3.26700000
1787430120,2437.58,2437.61,2437.28,2437.61,4.68770000
1787430180,2437.64,2438.65,2437.39,2438.3,9.05370000
1787430240,2438.34,2438.34,2437.62,2437.76,0.55940000
1787430300,2437.8,2439.94,2437.8,2439.94,17.93190000
1787430360,2439.94,2439.94,2439.71,2439.76,65.14280000
1787430420,2439.77,2439.81,2438.87,2438.91,71.69050000
1787430480,2438.92,2438.96,2437.99,2438.58,97.37130000
1787430540,2438.58,2438.58,2437.78,2437.78,113.31770000
1787430600,2437.79,2438.05,2437.78,2437.91,79.25110000
1787430660,2437.91,2437.99,2437.06,2437.06,37.83390000
1787430720,2437.05,2437.36,2436.75,2436.75,67.74150000
1787430780,2436.84,2437.52,2436,2436,68.33410000
1787430840,2436,2436.14,2435.27,2435.83,73.89620000
1787430900,2435.82,2436.19,2435.46,2436.15,50.62910000
1787430960,2436.14,2436.7,2435.43,2436.69,86.72340000
1787431020,2436.7,2437.58,2436.7,2437.36,91.38680000
1787431080,2437.36,2437.37,2435.5,2436.22,64.27610000
1787431140,2436.22,2438.44,2436.22,2438.44,69.44650000
1787431200,2438.44,2439.38,2436.82,2436.82,72.62980000
1787431260,2436.78,2437.16,2436.51,2436.57,56.09250000
1787431320,2436.53,2436.64,2435.4,2435.98,61.58930000
1787431380,2435.98,2436.62,2435.98,2436.61,40.48880000
1787431440,2436.6,2436.6,2436.33,2436.57,41.59160000
1787431500,2436.58,2437.27,2436.58,2436.94,55.13170000
1787431560,2436.91,2436.91,2436.13,2436.21,69.79320000
1787431620,2436.22,2436.4,2435.5,2435.75,62.56910000
1787431680,2435.75,2435.76,2435.66,2435.66,69.41170000
1787431740,2435.66,2435.73,2435.5,2435.69,71.79730000
1787431800,2435.69,2435.71,2435.42,2435.42,40.19190000
1787431860,2435.55,2435.64,2435.52,2435.57,37.13280000
1787431920,2435.6,2436.44,2435.54,2436.03,52.09850000
1787431980,2435.99,2435.99,2435.42,2435.68,60.83570000
1787432040,2435.66,2436.02,2435.57,2435.57,54.35690000
1787432100,2435.42,2435.42,2434.48,2434.8,63.28960000
1787432160,2434.78,2434.78,2429.44,2429.6,124.33410000
1787432220,2429.68,2430.8,2429.49,2430.8,69.21720000
1787432280,2430.81,2431.8,2430.81,2431.8,26.51310000
1787432340,2431.79,2432.32,2431.73,2431.73,27.44120000
1787432400,2431.73,2431.73,2429.8,2429.81,157.38010000
1787432460,2429.81,2429.81,2427.48,2427.72,196.19520000
1787432520,2427.72,2427.72,2422.7,2423.58,282.33650000
1787432580,2423.57,2423.61,2421.2,2422.86,250.77120000
1787432640,2422.86,2423.07,2417.04,2420.04,171.53890000
1787432700,2420.05,2423.08,2419.87,2423.08,191.03110000
1787432760,2423.21,2423.21,2419.8,2420.1,234.90250000
1787432820,2420.1,2420.74,2419.14,2420.05,285.82830000
1787432880,2419.71,2422.68,2419.35,2422.58,223.83980000
1787432940,2422.59,2423.1,2422.01,2422.26,303.95960000
1787433000,2422.25,2422.59,2421.88,2422.4,215.46920000
1787433060,2422.39,2422.39,2414.28,2415.73,457.20820000
1787433120,2415.72,2416.52,2414.76,2415.38,279.31670000
1787433180,2415.38,2416.54,2415.27,2416.45,195.92530000
1787433240,2416.32,2416.32,2412.41,2412.63,143.55420000
1787433300,2412.64,2416.8,2412.64,2416.79,170.03860000
1787433360,2416.79,2418.83,2415.17,2416.45,302.98050000
1787433420,2416.44,2419.09,2416.1,2419.09,322.86390000
1787433480,2419.1,2419.14,2417.44,2418.27,301.11580000
1787433540,2418.28,2419.47,2417.75,2419.46,315.35030000
1787433600,2419.47,2421.06,2419.47,2420.88,284.56170000
1787433660,2420.84,2421.54,2416.66,2417.93,225.18190000
1787433720,2417.94,2420.14,2417.71,2420.05,199.73660000
1787433780,2420.06,2420.06,2419.14,2419.59,154.83590000
1787433840,2419.6,2420.06,2418.83,2418.84,175.07660000
1787433900,2418.84,2418.84,2417.54,2418.38,180.56140000
1787433960,2418.37,2420.41,2418.37,2419.98,109.84260000
1787434020,2419.99,2422.16,2419.99,2422.02,123.65220000
1787434080,2421.84,2422.11,2421.37,2421.7,150.83220000
1787434140,2421.65,2421.8,2421.44,2421.8,130.71300000
1787434200,2421.79,2422.72,2421.66,2422.72,103.50750000
1787434260,2422.72,2422.72,2415.07,2415.91,108.09810000
1787434320,2416.17,2417.5,2415.43,2416.56,74.52300000
1787434380,2416.56,2417.81,2415.22,2417.5,80.56830000
1787434440,2417.49,2418.1,2417.4,2418.1,100.34910000
1787434500,2418.17,2418.17,2416.39,2416.39,26.13070000
1787434560,2416.39,2416.39,2413.78,2415.74,91.38120000
1787434620,2415.76,2415.76,2414.06,2414.4,106.42810000
1787434680,2414.4,2414.75,2410.67,2414.04,116.67920000
1787434740,2413.92,2413.92,2412.55,2413.08,104.38440000
1787434800,2413.08,2413.08,2408.73,2412.75,143.81270000
1787434860,2412.75,2414.4,2411.48,2412.13,123.74570000
1787434920,2412.13,2412.69,2410.31,2412.1,85.44490000
1787434980,2412.12,2413.2,2412.12,2413.2,102.56250000
1787435040,2413.19,2416.47,2413.1,2416.26,109.51280000
1787435100,2416.27,2416.28,2413.78,2413.78,214.70310000
1787435160,2413.79,2413.79,2411.23,2411.61,195.16520000
1787435220,2411.6,2411.6,2410.71,2411,204.84010000
1787435280,2411.08,2411.93,2410.22,2411.22,151.79290000
1787435340,2411.26,2412.39,2411.26,2412.32,201.26220000
1787435400,2412.31,2412.63,2411.23,2411.46,139.64430000
1787435460,2411.45,2411.45,2409,2409.03,156.68110000
1787435520,2409.03,2410.05,2408.01,2410.05,127.79690000
1787435580,2410.16,2410.67,2409.35,2409.56,112.36630000
1787435640,2409.55,2409.56,2408,2409.09,121.09370000
1787435700,2409.1,2409.46,2407.67,2407.67,65.16650000
1787435760,2407.65,2407.65,2403.45,2406.86,143.34200000
1787435820,2406.87,2409.81,2406.87,2408.36,86.00330000
1787435880,2408.36,2409.31,2408.36,2409.31,98.69640000
1787435940,2409.31,2409.46,2407.57,2407.57,79.70540000
1787436000,2407.43,2413.32,2406.84,2410.18,110.25660000
1787436060,2410.18,2411.37,2410.18,2410.29,123.41210000
1787436120,2410.28,2410.28,2404.73,2406.34,157.81330000
1787436180,2406.34,2412.35,2406,2412.24,188.46710000
1787436240,2412.24,2412.24,2408.83,2410.8,192.91050000
1787436300,2410.55,2417.01,2410.47,2416.91,168.27130000
1787436360,2417.02,2418.29,2415.46,2415.99,214.64090000
1787436420,2415.99,2420.29,2415.83,2419.46,231.69730000
1787436480,2419.42,2420.77,2418.57,2420.77,181.23640000
1787436540,2420.72,2421.47,2419,2419.35,168.32800000
1787436600,2419.15,2419.71,2417.27,2417.81,193.51950000
1787436660,2417.82,2417.82,2416.52,2417.27,228.46250000
1787436720,2417.43,2418.29,2417.38,2418.29,109.68420000
1787436780,2418.29,2421.11,2418.29,2418.99,132.25040000
1787436840,2418.99,2420.29,2418.99,2420.06,156.36780000
1787436900,2420.06,2421.36,2418.9,2419.18,100.52540000
1787436960,2419.14,2420.23,2419.14,2419.5,102.28430000
1787437020,2419.51,2419.67,2418.1,2418.59,68.48560000
1787437080,2418.63,2420.38,2418.63,2419,109.02460000
1787437140,2419.01,2419.67,2417.71,2418.05,84.83320000
1787437200,2418.04,2422.32,2418.04,2421.38,91.26760000
1787437260,2421.22,2421.52,2420.41,2421.3,11.05040000
1787437320,2421.3,2421.32,2419.47,2420.42,17.47650000
1787437380,2420.41,2420.41,2419.32,2419.65,10.25320000
1787437440,2419.7,2422.34,2419.7,2422.34,9.02520000
1787437500,2422.34,2424.24,2422.08,2424.21,22.28650000
1787437560,2424.22,2424.54,2422.92,2423.16,48.92230000
1787437620,2423.17,2424.95,2423.16,2424.95,49.27110000
1787437680,2424.94,2424.94,2423.32,2423.78,56.08410000
1787437740,2423.86,2425.03,2422.7,2422.7,54.73340000
1787437800,2423.25,2423.33,2422.21,2422.42,61.56900000
1787437860,2422.46,2422.58,2421.28,2421.28,72.97670000
1787437920,2421.28,2421.34,2413.33,2414.44,181.97360000
1787437980,2414.44,2415.1,2408.32,2410.69,204.19240000
1787438040,2410.86,2414.38,2410.86,2414.38,82.60380000
1787438100,2414.38,2415.63,2414.38,2414.78,142.72640000
1787438160,2414.74,2415.44,2413.27,2415.08,273.96660000
1787438220,2415.08,2416.76,2415.08,2416.76,270.67740000
1787438280,2416.76,2418.04,2416.76,2416.87,245.81350000
1787438340,2416.87,2416.88,2413.7,2414.04,282.44700000
1787438400,2414.07,2415.11,2414.07,2415.09,127.41380000
1787438460,2415.09,2415.09,2414.46,2414.62,110.26640000
1787438520,2414.61,2414.97,2413.69,2414.97,147.12000000
1787438580,2414.97,2416.59,2414.97,2416.43,123.83430000
1787438640,2416.44,2416.45,2414.67,2414.68,102.20700000
1787438700,2414.68,2415.98,2414.42,2414.84,133.67840000
1787438760,2414.92,2416.86,2414.75,2416.69,97.70940000
1787438820,2416.73,2416.94,2415.73,2415.96,74.33380000
1787438880,2415.96,2415.96,2414.79,2414.79,70.01250000
1787438940,2414.8,2414.8,2413.87,2414.74,87.37460000
1787439000,2414.74,2414.74,2414.05,2414.1,4.80040000
1787439060,2414.12,2417.17,2414.01,2417.17,80.92040000
1787439120,2417.09,2418.15,2416.17,2416.26,55.87420000
1787439180,2416.28,2416.51,2415.2,2415.52,65.42080000
1787439240,2415.6,2416.48,2415.6,2416.06,72.96290000
1787439300,2416.06,2416.46,2413.76,2413.76,81.24290000
1787439360,2413.76,2413.76,2413.2,2413.56,40.03680000
1787439420,2413.56,2413.72,2413.1,2413.1,44.33960000
1787439480,2413.11,2413.11,2411.99,2412.31,38.18540000
1787439540,2412.32,2414.37,2412.32,2414.01,43.25890000
1787439600,2414.03,2414.58,2412.08,2412.18,54.30440000
1787439660,2412.18,2414.75,2411.03,2414.75,99.69470000
1787439720,2414.53,2416.04,2414.46,2414.95,50.48960000
1787439780,2414.79,2415.61,2413.93,2415.05,62.04540000
1787439840,2415.04,2415.71,2414.75,2415.7,53.62130000
1787439900,2415.7,2416.67,2415.29,2415.3,85.09100000
1787439960,2415.29,2415.77,2414.94,2415.44,64.27570000
1787440020,2415.44,2415.88,2415.4,2415.5,39.29620000
1787440080,2415.53,2416.68,2415.53,2416.68,49.90980000
1787440140,2416.72,2416.86,2415.74,2415.74,45.22440000
1787440200,2415.74,2416.16,2414.76,2416.16,48.80230000
1787440260,2416.16,2416.47,2415.11,2415.82,70.27740000
1787440320,2415.81,2416.18,2415.34,2415.54,62.16750000
1787440380,2415.53,2415.53,2413.74,2414.01,87.91460000
1787440440,2414.08,2415.45,2413.76,2415.45,46.12670000
1787440500,2415.44,2415.89,2414.91,2415.89,58.81010000
1787440560,2415.89,2416.04,2414.64,2415.66,46.08930000
1787440620,2415.66,2416.35,2415.62,2415.91,38.90860000
1787440680,2415.94,2416.78,2415.75,2416.78,54.62420000
1787440740,2416.77,2417.17,2416.42,2416.95,41.73830000
1787440800,2416.95,2417.87,2416.95,2417.63,41.36820000
1787440860,2417.63,2418.1,2417.58,2418.09,58.65240000
1787440920,2418.1,2418.11,2417.11,2417.94,40.69170000
1787440980,2417.94,2419.84,2417.94,2419.79,73.21980000
1787441040,2419.79,2419.79,2418.25,2418.99,32.58610000
1787441100,2418.99,2419.26,2418.36,2418.38,90.38150000
1787441160,2418.54,2420.19,2418.54,2419.58,109.27070000
1787441220,2419.51,2419.51,2418.48,2418.79,91.97310000
1787441280,2418.78,2419.31,2417.46,2417.54,70.62470000
1787441340,2417.5,2417.64,2417.23,2417.64,61.86450000
1787441400,2417.64,2418.29,2417.64,2418.28,26.28890000
1787441460,2418.29,2418.65,2418.26,2418.65,63.81070000
1787441520,2418.63,2419.12,2417.72,2417.73,39.07320000
1787441580,2417.73,2417.98,2416.98,2417.21,96.66340000
1787441640,2417.2,2417.2,2415.77,2415.89,47.79320000
1787441700,2415.9,2416.96,2415.78,2416.96,57.60610000
1787441760,2416.96,2417.58,2415.87,2416.75,49.41830000
1787441820,2416.88,2419.23,2416.88,2419.06,52.41580000
1787441880,2419.17,2419.71,2418.29,2419.7,52.35050000
1787441940,2419.69,2420.84,2418.61,2420.36,57.41420000
1787442000,2420.35,2420.78,2420.15,2420.66,55.28470000
1787442060,2420.66,2420.88,2420.55,2420.88,59.65940000
1787442120,2420.92,2422.1,2420.92,2422.1,67.49040000
1787442180,2422.09,2422.2,2420.89,2421.79,47.22230000
1787442240,2421.83,2421.94,2421.37,2421.37,46.96520000
1787442300,2421.37,2421.84,2420.89,2421.84,39.56070000
1787442360,2421.83,2422.55,2421.83,2422.54,38.64450000
1787442420,2422.54,2422.72,2422.48,2422.71,47.26100000
1787442480,2422.71,2423.33,2422.66,2423.14,41.77660000
1787442540,2423.15,2425.08,2423.15,2425.08,40.89240000
1787442600,2425.11,2426.44,2423.98,2425.4,70.10250000
1787442660,2425.39,2426.81,2425.39,2426,45.47990000
1787442720,2426.01,2427.17,2425.19,2425.22,60.79300000
1787442780,2425.19,2427.17,2425.19,2426.43,40.13040000
1787442840,2426.43,2426.43,2426.11,2426.11,27.64490000
1787442900,2426.11,2426.16,2425.22,2425.22,49.85240000
1787442960,2425.22,2425.22,2424.31,2424.68,60.01710000
1787443020,2424.68,2425.12,2424.68,2425.05,61.93490000
1787443080,2425.02,2425.02,2424.43,2424.46,27.91000000
1787443140,2424.45,2424.45,2422.56,2422.56,60.81450000
1787443200,2422.56,2424.32,2422.56,2424.17,26.81410000
1787443260,2424.21,2424.84,2424.02,2424.38,16.98350000
1787443320,2424.38,2425.53,2424.11,2425.36,34.84500000
1787443380,2425.35,2425.35,2423.75,2424.65,39.27830000
1787443440,2424.65,2424.65,2423.45,2423.95,30.97570000
1787443500,2423.96,2425.01,2423.4,2424.88,74.19850000
1787443560,2424.86,2424.86,2423.42,2423.58,59.88540000
1787443620,2423.59,2424.54,2423.58,2424.54,23.76930000
1787443680,2424.53,2424.53,2424.38,2424.5,31.03070000
1787443740,2424.42,2424.42,2423.05,2423.22,42.70660000
1787443800,2423.22,2423.22,2422.22,2422.23,70.66280000
1787443860,2422.23,2423,2421.37,2421.37,62.70160000
1787443920,2421.38,2421.61,2420.67,2421.4,48.83160000
1787443980,2421.4,2421.94,2420.02,2421.93,40.43740000
1787444040,2421.94,2422.1,2421.13,2421.13,28.66840000
1787444100,2421.14,2421.14,2419.91,2420.06,51.20980000
1787444160,2420.07,2421.04,2419.68,2420.04,81.45530000
1787444220,2420.04,2421.22,2420.04,2420.34,62.79160000
1787444280,2420.38,2422.2,2420.23,2422.2,44.86720000
1787444340,2422.2,2422.55,2420.77,2420.92,67.17720000
1787444400,2420.91,2422.05,2420.72,2420.81,52.20840000
1787444460,2420.77,2423.4,2420.54,2422.1,72.66940000
1787444520,2422.09,2423.61,2422.01,2423.35,16.19770000
1787444580,2423.35,2424.84,2423.35,2424.84,11.22370000
1787444640,2424.84,2429.39,2424.22,2427.35,81.66470000
1787444700,2427.61,2427.64,2425.06,2426.81,164.52910000
1787444760,2426.82,2427.68,2426.4,2427.5,198.95680000
1787444820,2427.5,2429.03,2427.41,2427.85,194.44470000
1787444880,2427.85,2428.61,2426.04,2426.22,143.98240000
1787444940,2426.21,2427.17,2426.21,2426.67,158.72140000
1787445000,2426.67,2427.48,2426.43,2427.48,167.28440000
1787445060,2427.48,2428.29,2426.24,2426.49,170.39580000
1787445120,2426.77,2427.23,2426.57,2427.01,193.61720000
1787445180,2427.02,2428.46,2426.99,2428.46,148.39620000
1787445240,2428.46,2428.46,2427.71,2427.71,86.39030000
1787445300,2427.71,2428.18,2427.39,2427.69,128.41260000
1787445360,2427.69,2427.85,2426.22,2427.08,115.47540000
1787445420,2427.12,2429.89,2427.12,2429.49,69.06950000
1787445480,2429.49,2434.06,2427.9,2429.92,209.57210000
1787445540,2429.92,2431.12,2428.62,2430.02,144.11620000
1787445600,2430.07,2431.44,2427.91,2427.93,166.21640000
1787445660,2427.94,2428.56,2426.86,2426.87,182.22050000
1787445720,2426.87,2428.97,2426.87,2428.6,242.17680000
1787445780,2428.6,2429.06,2428.14,2429.06,222.09860000
1787445840,2429.27,2429.29,2427.19,2427.29,150.54090000
1787445900,2427.29,2428.97,2427.13,2428.64,175.26130000
1787445960,2428.65,2428.65,2426.66,2427.38,174.71080000
1787446020,2427.45,2428.11,2427.33,2428.06,124.22770000
1787446080,2428.21,2429.17,2428.17,2428.92,107.57080000
1787446140,2428.93,2432.14,2428.8,2431.12,205.12670000
1787446200,2431.13,2431.13,2430.36,2430.36,170.54630000
1787446260,2430.37,2433.21,2430.37,2432.85,150.69190000
1787446320,2432.85,2435.32,2432.85,2434.41,204.90510000
1787446380,2434.35,2435.28,2433.64,2433.68,150.41280000
1787446440,2433.72,2433.92,2433.3,2433.68,156.27040000
1787446500,2433.71,2435.31,2433.28,2434.1,119.94980000
1787446560,2434.1,2434.14,2432.56,2433.37,124.61250000
1787446620,2433.37,2434.03,2433.37,2433.43,112.90300000
1787446680,2433.42,2434.6,2433.42,2434.3,121.96490000
1787446740,2434.31,2434.33,2430.89,2431,156.65220000
1787446800,2431.01,2431.05,2429.07,2430.05,196.90290000
1787446860,2430.06,2430.52,2429.29,2429.92,125.40020000
1787446920,2430.04,2430.12,2429.09,2429.44,128.88710000
1787446980,2429.47,2429.47,2426.39,2427.54,214.84580000
1787447040,2427.58,2427.65,2424.43,2425.04,193.72670000
1787447100,2425.08,2428.9,2425.08,2428.87,180.24540000
1787447160,2428.87,2428.91,2427.18,2427.44,145.13530000
1787447220,2427.47,2427.48,2426.79,2426.98,101.98340000
1787447280,2426.98,2427.26,2424.54,2427.26,158.55160000
1787447340,2427.33,2428.25,2427.22,2427.24,123.93820000
1787447400,2427.24,2428.13,2427.24,2428.13,51.41950000
1787447460,2428.13,2428.44,2427.04,2427.05,76.89600000
1787447520,2427.05,2427.52,2426.32,2427.36,77.71740000
1787447580,2427.52,2428.57,2427.52,2428.57,122.43370000
1787447640,2428.6,2430.66,2428.6,2429.98,178.41040000
1787447700,2429.98,2429.98,2428.27,2428.27,63.19260000
1787447760,2428.26,2428.26,2426.6,2426.6,143.69530000
1787447820,2426.6,2427.1,2426.24,2426.61,72.69900000
1787447880,2426.6,2426.61,2425.89,2425.9,83.71120000
1787447940,2425.9,2427.1,2425.9,2427.09,105.95540000
1787448000,2427.09,2430.69,2427.04,2430,77.43380000
1787448060,2430,2430,2429.28,2429.28,36.89660000
1787448120,2429.21,2432.54,2428.98,2431.65,90.39270000
1787448180,2431.87,2432.87,2431.48,2431.48,74.05490000
1787448240,2431.41,2432.99,2431.41,2432.1,57.65580000
1787448300,2432.1,2432.1,2429.76,2430.56,172.13460000
1787448360,2430.56,2430.96,2430.55,2430.94,170.18450000
1787448420,2430.95,2430.95,2429.57,2429.57,101.60730000
1787448480,2429.57,2429.57,2429,2429.08,156.34190000
1787448540,2429.16,2429.73,2429.15,2429.73,154.96730000
1787448600,2429.76,2431.67,2429.76,2431.67,97.73060000
1787448660,2431.67,2432.91,2430.52,2430.53,53.23610000
1787448720,2430.52,2430.52,2427.84,2427.84,102.63320000
1787448780,2427.7,2427.93,2420.64,2421.25,185.74120000
1787448840,2421.25,2424.78,2421.25,2424.76,54.24780000
1787448900,2424.77,2425.09,2423.62,2424.97,174.66040000
1787448960,2424.97,2425.53,2424.33,2425.53,217.88530000
1787449020,2425.53,2425.88,2424.69,2425.42,198.31150000
1787449080,2425.42,2426.54,2425.42,2425.8,176.85680000
1787449140,2425.8,2426.69,2425.8,2426.61,175.80500000
1787449200,2426.6,2427.54,2425.99,2425.99,97.97450000
1787449260,2425.99,2425.99,2424.78,2425.21,124.08440000
1787449320,2425.22,2425.22,2422.54,2422.88,82.98590000
1787449380,2422.84,2425.2,2422.84,2424.72,110.52090000
1787449440,2424.71,2426.98,2424.71,2426.48,102.65880000
1787449500,2426.48,2427.26,2425.82,2427.24,91.79700000
1787449560,2427.24,2429.53,2426.87,2428.42,61.41590000
1787449620,2428.66,2428.97,2426.86,2427.17,48.42260000
1787449680,2427.17,2427.25,2425.77,2426.04,82.10730000
1787449740,2426.08,2426.97,2426.08,2426.42,80.14660000
1787449800,2426.42,2427.43,2425.17,2427.43,87.71130000
1787449860,2427.43,2428.25,2427.21,2427.4,59.07580000
1787449920,2427.41,2429.48,2427.41,2429.1,65.12310000
1787449980,2429.07,2429.07,2427.28,2428.33,85.27740000
1787450040,2428.34,2429.37,2427.05,2428.83,61.74380000
1787450100,2428.49,2428.49,2426.68,2426.76,55.34370000
1787450160,2426.76,2426.76,2420.79,2421.61,156.28750000
1787450220,2421.6,2422.91,2420.31,2421.82,77.56690000
1787450280,2421.81,2423.52,2420.43,2423.52,89.89740000
1787450340,2423.51,2423.62,2422.69,2423.2,75.27810000
1787450400,2423.21,2423.4,2422.09,2422.5,118.51380000
1787450460,2422.56,2423.85,2422.56,2423.26,222.99640000
1787450520,2423.3,2424.32,2422.51,2422.52,243.41250000
1787450580,2422.52,2423.55,2421.94,2422.77,185.00650000
1787450640,2422.72,2422.72,2420.56,2420.74,182.64250000
1787450700,2420.74,2420.8,2420.09,2420.18,126.36350000
1787450760,2420.18,2420.73,2418.36,2420.62,130.12700000
1787450820,2420.62,2420.75,2419.89,2420.18,122.45570000
1787450880,2420.1,2420.9,2419.8,2420.34,106.90550000
1787450940,2420.34,2420.92,2418.79,2419.22,76.50700000
1787451000,2419.21,2419.29,2417.99,2418.38,76.34450000
1787451060,2418.39,2418.72,2417.76,2417.76,124.08800000
1787451120,2417.81,2419.86,2417.81,2419.42,131.24290000
1787451180,2419.36,2419.92,2419.14,2419.91,101.08220000
1787451240,2419.91,2419.91,2413.94,2413.95,172.53270000
1787451300,2413.94,2418.96,2413.83,2417.49,74.51260000
1787451360,2417.56,2419.51,2417.56,2418.86,97.09440000
1787451420,2418.88,2419.52,2418.88,2419.45,109.75080000
1787451480,2419.45,2419.54,2418.89,2418.89,98.12840000
1787451540,2418.88,2418.88,2416.88,2416.88,182.02470000
1787451600,2416.88,2417.2,2416.65,2416.65,57.87720000
1787451660,2416.64,2416.64,2414.2,2414.65,14.20860000
1787451720,2414.69,2415.14,2412.5,2413.41,41.77400000
1787451780,2413.41,2413.44,2407.55,2411.71,110.05310000
1787451840,2411.7,2413.26,2411.22,2413.12,29.73960000
1787451900,2413.13,2415.63,2413.13,2415.47,147.70100000
1787451960,2415.46,2416.38,2415.46,2415.66,198.07280000
1787452020,2415.66,2415.66,2414.11,2415.66,216.16550000
1787452080,2415.65,2415.65,2414.76,2415.36,210.14290000
1787452140,2415.36,2415.81,2415.28,2415.81,121.67100000
1787452200,2416.06,2416.38,2415.46,2416.38,151.27570000
1787452260,2416.38,2418.36,2416.38,2418.36,59.59120000
1787452320,2418.35,2419.35,2418.35,2419.35,71.76570000
1787452380,2419.38,2419.71,2419.24,2419.71,122.40550000
1787452440,2419.71,2420.16,2419.71,2419.8,107.98260000
1787452500,2419.81,2420.05,2418.99,2419.02,48.47210000
1787452560,2419.05,2419.05,2418.03,2418.46,55.14610000
1787452620,2418.46,2420.85,2418.05,2420.22,113.21580000
1787452680,2420.18,2420.41,2419.24,2419.39,89.36320000
1787452740,2419.4,2419.48,2419.34,2419.35,48.06510000
1787452800,2419.38,2420.06,2419.38,2419.67,50.23520000
1787452860,2419.63,2420.06,2419.35,2419.36,64.32810000
1787452920,2419.36,2419.54,2418.07,2418.57,56.20430000
1787452980,2418.56,2418.69,2418.56,2418.69,36.40110000
1787453040,2418.73,2418.88,2418.73,2418.88,32.10890000
1787453100,2418.88,2419.59,2418.29,2419.58,50.56520000
1787453160,2419.58,2419.58,2418.74,2419.55,37.97060000
1787453220,2419.54,2421.01,2419,2421.01,45.71250000
1787453280,2421,2421.51,2421,2421.51,33.12690000
1787453340,2421.52,2421.9,2420.96,2420.96,35.61490000
1787453400,2420.93,2421.21,2418.4,2419.11,35.52290000
1787453460,2419.11,2419.11,2418.3,2418.58,24.96710000
1787453520,2418.54,2424,2417.76,2419.97,139.19930000
1787453580,2419.94,2420.42,2417.29,2417.29,62.53260000
1787453640,2417.36,2417.58,2416.6,2416.87,64.11890000
1787453700,2416.88,2417.52,2416.32,2416.35,137.17970000
1787453760,2416.36,2417.74,2416.36,2417.34,122.17260000
1787453820,2417.33,2417.94,2417.33,2417.46,162.40960000
1787453880,2417.46,2417.46,2416.99,2416.99,133.29630000
1787453940,2417,2417.58,2416.72,2417.29,158.90420000
1787454000,2417.28,2417.62,2417.2,2417.47,75.25190000
1787454060,2417.43,2418.05,2416.07,2416.52,73.16920000
1787454120,2416.52,2417.94,2416.52,2417.04,87.46380000
1787454180,2417.08,2418.28,2416.53,2416.53,94.55760000
1787454240,2416.52,2416.82,2415.81,2416.31,88.32090000
1787454300,2416.15,2416.53,2415.82,2416.29,82.25650000
1787454360,2416.29,2416.62,2415.64,2415.64,79.26070000
1787454420,2415.65,2415.97,2415.63,2415.72,66.78680000
1787454480,2415.49,2415.49,2414,2414.03,54.31850000
1787454540,2414.03,2414.4,2413.38,2414.4,69.13610000
1787454600,2414.56,2414.75,2413.7,2414.35,52.05360000
1787454660,2414.18,2415.01,2414.04,2414.26,59.43400000
1787454720,2414.27,2415.15,2414.22,2415.1,71.18050000
1787454780,2415.1,2417,2415.1,2417,63.66950000
1787454840,2417.08,2418.29,2416.91,2417.12,33.59680000
1787454900,2417.15,2417.46,2416.13,2416.4,38.94070000
1787454960,2416.44,2418.24,2416.44,2417.1,37.39490000
1787455020,2417.15,2418.96,2417.13,2418.3,31.03760000
1787455080,2418.3,2419.14,2418.3,2418.65,26.17920000
1787455140,2418.61,2418.64,2416.91,2417.22,34.24350000
1787455200,2417.23,2417.23,2415.14,2415.5,54.44420000
1787455260,2415.49,2415.59,2414.59,2414.75,55.56500000
1787455320,2414.88,2415.46,2413.51,2415.46,81.23500000
1787455380,2415.46,2416,2412.9,2413.04,68.86640000
1787455440,2413.18,2414.05,2412.24,2413.55,45.58080000
1787455500,2413.64,2414.72,2413.64,2414.71,34.97500000
1787455560,2414.72,2415.03,2414.72,2414.94,63.27210000
1787455620,2414.94,2415.11,2414.4,2414.59,61.70080000
1787455680,2414.39,2414.75,2414.33,2414.46,68.48200000
1787455740,2414.45,2414.45,2413.53,2413.53,56.56340000
1787455800,2413.39,2413.68,2411.03,2411.03,50.35720000
1787455860,2411.02,2411.22,2409.58,2409.82,70.01460000
1787455920,2409.6,2412.36,2409.6,2410.92,56.56900000
1787455980,2410.96,2411.18,2408.77,2409.38,69.93810000
1787456040,2409.42,2411.71,2409.42,2411.07,77.55180000
1787456100,2411.08,2411.58,2410.36,2410.78,72.89370000
1787456160,2410.86,2412.14,2410.86,2411.2,96.71370000
1787456220,2411.19,2412.28,2411.12,2412.24,79.59450000
1787456280,2412.25,2412.64,2411.58,2412.64,75.49750000
1787456340,2412.64,2412.76,2410.22,2410.68,56.10260000
1787456400,2410.68,2411.04,2409.49,2409.98,78.26800000
1787456460,2410.16,2411.45,2410.16,2410.56,80.42310000
1787456520,2410.56,2410.56,2409.27,2409.34,71.01590000
1787456580,2409.33,2409.79,2409.27,2409.57,45.82340000
1787456640,2409.56,2410.16,2408.43,2409.95,101.64910000
1787456700,2409.94,2412.13,2409.94,2412.13,129.31180000
1787456760,2412.17,2412.96,2412.01,2412.77,113.76390000
1787456820,2412.77,2412.83,2411.87,2411.87,79.41300000
1787456880,2411.86,2412.65,2410.9,2412.35,103.64870000
1787456940,2412.36,2413.61,2412.36,2413.6,76.10660000
1787457000,2413.61,2413.9,2412.72,2413.17,66.51210000
1787457060,2413.16,2413.6,2412.38,2412.45,62.51690000
1787457120,2412.46,2413.31,2412.46,2413.31,83.83350000
1787457180,2413.3,2414.05,2413.09,2414.05,56.26350000
1787457240,2414.04,2414.7,2414.04,2414.06,76.21520000
1787457300,2414.06,2414.06,2413.34,2413.34,74.03170000
1787457360,2413.34,2413.84,2412.64,2413.83,39.41680000
1787457420,2413.84,2414.05,2413.2,2413.9,59.48680000
1787457480,2413.93,2414.13,2413.47,2413.84,63.22550000
1787457540,2413.85,2413.86,2413.84,2413.86,34.37530000
1787457600,2413.86,2414.66,2413.85,2414.14,59.90510000
1787457660,2414.06,2415.88,2413.43,2415.88,35.58730000
1787457720,2415.96,2417.09,2414.07,2414.07,73.40780000
1787457780,2414.06,2414.06,2412.47,2412.81,27.67720000
1787457840,2412.64,2412.98,2409.24,2409.46,62.80490000
1787457900,2409.46,2410.69,2409.36,2409.48,60.70740000
1787457960,2409.51,2412.2,2409.27,2411.52,97.72980000
1787458020,2411.48,2411.48,2408.76,2409.08,118.77810000
1787458080,2409.05,2409.05,2402.66,2405.96,213.28700000
1787458140,2406.5,2408.21,2404.55,2407.38,92.69360000
1787458200,2407.38,2409.29,2406.97,2409.29,48.19500000
1787458260,2409.36,2409.99,2408.12,2408.61,328.54490000
1787458320,2408.61,2410.41,2408.5,2410.4,406.48680000
1787458380,2410.4,2412.7,2409.5,2412.68,325.29270000
1787458440,2412.56,2414.86,2412.56,2414.11,346.62560000
1787458500,2414.11,2416.37,2413.29,2413.29,245.45660000
1787458560,2413.29,2414.07,2411.77,2413.94,207.97320000
1787458620,2414.02,2414.74,2412.47,2412.64,161.94240000
1787458680,2412.6,2412.61,2409.73,2409.97,143.85840000
1787458740,2409.97,2409.97,2406.54,2406.54,183.56860000
1787458800,2406.54,2407.86,2405.61,2406.04,114.46230000
1787458860,2405.99,2407.57,2404.22,2405.43,41.58740000
1787458920,2405.43,2407.56,2405.43,2407.21,34.17960000
1787458980,2407.21,2408.76,2407.01,2408.44,33.28240000
1787459040,2408.45,2409.85,2408.32,2409.84,12.02620000
1787459100,2409.85,2411.24,2409.85,2410.03,106.11740000
1787459160,2410.04,2411.28,2410.04,2411.12,82.84560000
1787459220,2411.12,2412.07,2410.77,2410.87,147.88180000
1787459280,2410.92,2411.99,2410.52,2411.14,116.23710000
1787459340,2411.15,2411.15,2410.76,2410.88,90.20020000
1787459400,2410.89,2410.98,2409.2,2409.2,126.22760000
1787459460,2409.16,2409.16,2407.68,2408.07,91.84040000
1787459520,2408.07,2408.33,2406.52,2406.78,105.36590000
1787459580,2406.78,2407.1,2405.56,2405.85,135.62940000
1787459640,2405.84,2405.84,2403.82,2405.28,122.33790000
1787459700,2405.28,2405.32,2402.57,2403.22,141.20480000
1787459760,2403.23,2404.59,2401.99,2404.49,159.02610000
1787459820,2404.49,2405.25,2402.91,2405.14,148.96920000
1787459880,2405.11,2405.87,2404.87,2405.58,127.20370000
1787459940,2405.59,2406.7,2405.1,2406.4,94.41400000
1787460000,2406.4,2407.1,2406.11,2406.99,83.55870000
1787460060,2407,2407.32,2403.48,2405.25,161.20170000
1787460120,2405.24,2405.92,2403.29,2403.3,124.92690000
1787460180,2403.46,2404.24,2403.25,2404.19,109.48940000
1787460240,2404.2,2404.2,2401.95,2402.79,142.96610000
1787460300,2402.78,2403.54,2393,2395.2,525.64670000
1787460360,2395.21,2398.08,2391.95,2397.48,281.86110000
1787460420,2397.51,2397.68,2392.57,2392.7,183.65580000
1787460480,2392.7,2393.43,2372.66,2372.66,708.11400000
1787460540,2372.66,2378.92,2372.66,2376.38,196.41430000
1787460600,2376.32,2385.43,2376.24,2382.32,942.89840000
1787460660,2382.78,2390.07,2382.78,2384.51,1217.65270000
1787460720,2384.51,2385.22,2383.84,2385.22,1036.33440000
1787460780,2385.21,2387.64,2385.2,2387.32,1013.63630000
1787460840,2387.29,2387.4,2385.6,2386.46,980.58990000
1787460900,2386.47,2387.27,2383.91,2385.09,711.63280000
1787460960,2385.08,2385.32,2384.05,2384.7,572.98850000
1787461020,2384.69,2386.11,2383.33,2383.54,661.83510000
1787461080,2383.53,2384.96,2381.98,2382.03,736.84260000
1787461140,2382.03,2382.41,2377.6,2379.18,665.74040000
1787461200,2379.14,2384.74,2376.87,2381.45,673.67670000
1787461260,2381.45,2383.69,2380.27,2380.98,443.94450000
1787461320,2381.01,2381.81,2375.11,2375.51,421.66260000
1787461380,2375.49,2377.55,2373.64,2376.6,474.67940000
1787461440,2376.56,2381.24,2374.97,2378.35,484.60740000
1787461500,2378.35,2380.93,2377.94,2378.85,561.38360000
1787461560,2378.85,2379.08,2376.75,2378.88,517.92080000
1787461620,2378.88,2379.66,2376.14,2377.4,393.27450000
1787461680,2377.41,2377.92,2366.4,2368.18,473.79720000
1787461740,2368.43,2373.3,2363.42,2372.78,592.93880000
1787461800,2372.75,2377.36,2371.83,2374.6,696.27590000
1787461860,2374.64,2375.58,2371.93,2375.56,591.25070000
1787461920,2375.56,2376.29,2374.11,2375.99,795.03070000
1787461980,2376,2377.07,2374.77,2375.01,740.81280000
1787462040,2375,2375.08,2366.01,2366.38,594.54490000
1787462100,2366.45,2369.48,2366.37,2368.35,720.54140000
1787462160,2368.35,2371.55,2362.15,2362.34,611.97370000
1787462220,2362.34,2364.32,2356,2363.08,714.67660000
1787462280,2363.09,2374.13,2362.2,2372.03,623.09440000
1787462340,2372.05,2379.82,2371.71,2379.63,577.61140000
1787462400,2379.63,2380.92,2376.04,2378.12,589.97000000
1787462460,2378.11,2381.53,2377.8,2379.08,812.54570000
1787462520,2379.09,2381.14,2378.16,2381.04,633.69420000
1787462580,2381.03,2383.05,2380.28,2382.87,596.73830000
1787462640,2382.88,2384.88,2381.57,2384.05,699.58270000
1787462700,2384.06,2386.97,2384.05,2384.45,614.98170000
1787462760,2384.44,2384.44,2380.39,2381.83,501.89340000
1787462820,2381.83,2384.9,2381.83,2383.48,511.67120000
1787462880,2383.48,2385.44,2383.28,2383.28,449.55810000
1787462940,2383.21,2383.42,2380.35,2380.59,458.79750000
1787463000,2380.58,2384.36,2380.17,2380.96,380.14750000
1787463060,2380.96,2381.99,2380,2381.09,367.14140000
1787463120,2381.1,2383.28,2380.62,2382.09,309.69740000
1787463180,2382.05,2383,2379.61,2382.8,375.51720000
1787463240,2382.79,2383,2380,2381.2,364.69290000
1787463300,2381.16,2383.17,2380.09,2382.67,230.39020000
1787463360,2382.65,2382.66,2377,2377.7,203.44930000
1787463420,2377.83,2379.41,2377.16,2377.18,199.81090000
1787463480,2377.18,2378.54,2375.11,2375.62,209.23870000
1787463540,2375.62,2376.14,2372.87,2375.81,175.29880000
1787463600,2375.9,2377.86,2373.87,2375.8,181.41700000
1787463660,2375.8,2379.44,2375.8,2377.8,174.44490000
1787463720,2377.85,2379.24,2377.18,2377.19,167.37870000
1787463780,2377.18,2377.21,2376.18,2376.28,140.57440000
1787463840,2376.26,2376.87,2374.96,2376.86,211.42710000
1787463900,2376.87,2377.93,2376.1,2376.83,162.69030000
1787463960,2376.83,2378.42,2376.35,2377.24,153.38030000
1787464020,2377.18,2377.18,2375.01,2375.56,159.44950000
1787464080,2375.55,2376.03,2375,2375.64,151.64110000
1787464140,2375.64,2377.17,2375.64,2376.67,145.39340000
1787464200,2376.68,2378.55,2376.16,2376.55,150.38710000
1787464260,2376.55,2377.18,2375.27,2375.34,161.70620000
1787464320,2375.3,2375.8,2373.47,2375.75,126.17190000
1787464380,2375.7,2376.6,2375.01,2376.43,144.76130000
1787464440,2376.58,2377.08,2376.16,2376.44,117.05820000
1787464500,2376.44,2377.05,2374.89,2376.18,144.24780000
1787464560,2376.18,2376.73,2375.53,2375.53,168.13940000
1787464620,2375.53,2376.38,2375.49,2376.02,104.54840000
1787464680,2375.98,2375.98,2375.25,2375.95,148.88000000
1787464740,2375.9,2375.9,2373.3,2373.3,91.21320000
1787464800,2373.3,2375.46,2372.99,2373.48,78.98030000
1787464860,2373.48,2373.48,2371.56,2372.26,96.03030000
1787464920,2372.29,2374.56,2370.19,2374.56,148.50900000
1787464980,2374.56,2375.33,2373.58,2373.58,106.15370000
1787465040,2373.71,2376.16,2373.04,2375.56,128.48100000
1787465100,2375.6,2376.68,2374.99,2375.48,162.83450000
1787465160,2375.48,2375.48,2372.71,2374.1,237.14890000
1787465220,2374.09,2375.44,2372.64,2372.88,200.85180000
1787465280,2372.88,2373.18,2370.26,2372.32,184.48770000
1787465340,2372.06,2372.67,2370.55,2370.97,222.60300000
1787465400,2370.98,2371.99,2370.33,2371.98,182.93780000
1787465460,2371.99,2373.63,2371.73,2371.73,177.62480000
1787465520,2371.74,2374.44,2371.73,2374.09,121.96450000
1787465580,2374.11,2377.94,2373.35,2376.57,247.72770000
1787465640,2376.78,2380.53,2376.36,2379.16,250.97630000
1787465700,2379.22,2384.66,2378.47,2382.67,362.22620000
1787465760,2382.63,2385.58,2382.04,2383.3,338.42350000
1787465820,2383.3,2385.42,2382.33,2384.34,287.99540000
1787465880,2384.35,2384.86,2383.24,2384.7,272.76810000
1787465940,2384.7,2389.18,2384.28,2388.13,280.87350000
1787466000,2388.13,2390.81,2386.71,2389.57,199.38130000
1787466060,2389.57,2389.57,2385.96,2387.34,98.39580000
1787466120,2387.34,2392.79,2386.98,2388.48,206.85930000
1787466180,2388.48,2391.06,2388.48,2389.6,101.11100000
1787466240,2389.59,2389.82,2388.41,2388.99,82.11800000
1787466300,2388.98,2389,2387.57,2387.69,178.50800000
1787466360,2387.68,2388.78,2387.51,2387.6,218.49250000
1787466420,2387.61,2387.69,2386.15,2386.61,235.76100000
1787466480,2386.61,2389.73,2385.72,2388.48,220.00710000
1787466540,2388.44,2390.6,2388.19,2389.84,227.54070000
1787466600,2389.84,2392.43,2389.57,2390.58,297.02600000
1787466660,2390.58,2393.02,2390.58,2392.34,222.06490000
1787466720,2392.35,2395.23,2392.35,2393.86,263.27520000
1787466780,2393.86,2396.58,2393.75,2394.42,232.78620000
1787466840,2394.41,2394.42,2393.26,2393.3,196.53350000
1787466900,2393.31,2393.79,2392.81,2393,96.06450000
1787466960,2393,2393.07,2391.34,2391.7,206.26580000
1787467020,2391.74,2391.9,2390.61,2390.61,216.86130000
1787467080,2390.61,2390.61,2389.28,2389.69,185.25060000
1787467140,2389.68,2389.68,2387.55,2389.25,298.13990000
1787467200,2389.24,2391.88,2389.06,2391.78,225.54220000
1787467260,2391.78,2393.34,2391.78,2392.14,198.02060000
1787467320,2392.33,2393.43,2391.92,2392.73,134.42940000
1787467380,2392.79,2392.86,2391.5,2391.5,142.99380000
1787467440,2391.51,2392.96,2391.46,2391.92,130.16850000
1787467500,2391.91,2392.24,2390.27,2390.27,65.89520000
1787467560,2390.27,2392.93,2390.27,2392.78,130.98780000
1787467620,2392.81,2392.82,2391.33,2392.05,123.61900000
1787467680,2392.08,2392.34,2390.62,2390.83,80.89970000
1787467740,2390.83,2390.83,2388.89,2390.06,61.96050000
1787467800,2390.05,2390.27,2388.48,2390.27,141.68650000
1787467860,2390.27,2390.36,2388.88,2388.89,88.21960000
1787467920,2388.89,2390.08,2388.89,2389.42,105.80390000
1787467980,2389.43,2389.75,2388.36,2388.36,78.56900000
1787468040,2388.36,2388.36,2387.23,2387.75,106.95900000
1787468100,2387.76,2388.56,2386.58,2386.58,94.44430000
1787468160,2386.58,2386.98,2386.18,2386.54,152.74630000
1787468220,2386.57,2388.17,2386.15,2387.65,166.15000000
1787468280,2387.65,2387.65,2385.97,2386.75,157.07260000
1787468340,2386.76,2389.8,2386.75,2389.7,111.42720000
1787468400,2389.65,2389.65,2387.99,2388,183.73700000
1787468460,2388.17,2389.57,2387.72,2389.57,105.67000000
1787468520,2389.56,2390.49,2389.23,2389.64,121.79960000
1787468580,2389.65,2389.65,2387.7,2387.7,163.02040000
1787468640,2387.71,2390.14,2387.6,2390.07,173.81770000
1787468700,2390.06,2391.97,2389.72,2391.71,149.99810000
1787468760,2391.74,2393.73,2391.66,2393.48,144.15840000
1787468820,2393.39,2394.53,2392.52,2393.18,144.79510000
1787468880,2393.18,2393.18,2391.63,2391.84,106.96420000
1787468940,2391.84,2393.03,2391.72,2392.14,115.01220000
1787469000,2392.14,2393.04,2392.02,2392.12,60.89640000
1787469060,2392.13,2393.08,2392,2393.07,111.24370000
1787469120,2393.1,2394.85,2393,2394.56,117.19360000
1787469180,2394.56,2396.47,2394.45,2395.47,112.73390000
1787469240,2395.12,2395.12,2394.36,2394.68,133.89460000
1787469300,2394.68,2396.17,2394.01,2396.12,149.84480000
1787469360,2396.08,2397.11,2395.56,2396.12,96.23720000
1787469420,2396.09,2396.28,2395.76,2396.2,72.24000000
1787469480,2396.16,2396.97,2395.89,2395.9,65.56780000
1787469540,2395.9,2396.8,2395.85,2396.5,76.04930000
1787469600,2396.5,2396.5,2393.77,2393.78,81.61350000
1787469660,2394.11,2394.11,2392.21,2392.28,67.05640000
1787469720,2392.33,2393.76,2392.33,2393.34,60.36810000
1787469780,2393.44,2394.12,2393.43,2394.11,54.36130000
1787469840,2394.12,2394.22,2393.42,2393.42,41.74320000
1787469900,2393.4,2395.43,2393.4,2395.43,60.64330000
1787469960,2395.42,2395.42,2394.43,2394.5,42.13820000
1787470020,2394.52,2395.11,2392.82,2393.39,68.25540000
1787470080,2393.26,2393.26,2392.5,2393.23,45.49760000
1787470140,2393.23,2393.4,2393.05,2393.12,39.96920000
1787470200,2393.12,2393.12,2392.61,2392.72,74.72270000
1787470260,2392.69,2392.69,2390.96,2391.49,85.16800000
1787470320,2391.49,2392.34,2391.49,2392.34,36.44270000
1787470380,2392.33,2392.4,2391.6,2391.61,74.80400000
1787470440,2391.6,2391.6,2389.58,2389.58,80.64930000
1787470500,2389.58,2389.98,2388.65,2389.98,94.93730000
1787470560,2389.94,2390.42,2389.58,2390.42,58.33870000
1787470620,2390.43,2390.43,2388.89,2389,72.91790000
1787470680,2389,2389.54,2388.63,2388.63,69.98290000
1787470740,2388.66,2390.5,2388.66,2390.49,58.35820000
1787470800,2390.49,2390.92,2389.36,2389.36,45.96690000
1787470860,2389.35,2389.82,2388.87,2389.82,91.67390000
1787470920,2389.82,2389.92,2389.2,2389.85,77.57400000
1787470980,2389.84,2389.84,2388.91,2389.25,78.67290000
1787471040,2389.25,2390.33,2389.25,2389.61,99.12220000
1787471100,2389.62,2391.25,2389.18,2389.18,91.99320000
1787471160,2389.12,2389.55,2387.78,2389.03,69.17270000
1787471220,2389.04,2389.68,2388.7,2389,69.22540000
1787471280,2389.04,2389.16,2388.18,2388.97,83.81420000
1787471340,2388.96,2390.17,2388.96,2390.16,40.64120000
1787471400,2390.17,2390.47,2389.3,2389.65,101.94100000
1787471460,2389.52,2391.46,2389.52,2390.97,73.36530000
1787471520,2390.97,2392.34,2390.97,2392.17,102.71800000
1787471580,2392.18,2393.22,2392.15,2392.61,88.60810000
1787471640,2392.61,2392.69,2390.29,2390.29,96.83550000
1787471700,2390.29,2390.31,2389.63,2389.63,85.71100000
1787471760,2389.62,2389.62,2387.91,2389.21,82.04680000
1787471820,2388.99,2388.99,2386.61,2386.62,72.16110000
1787471880,2386.92,2387.78,2386.64,2387.04,58.23370000
1787471940,2387.07,2388.57,2387.07,2388.57,71.51250000
1787472000,2388.61,2389.31,2387.6,2389.31,90.34170000
1787472060,2389.39,2389.55,2386.81,2386.97,93.59240000
1787472120,2386.94,2388.78,2386.94,2388.68,133.10290000
1787472180,2388.68,2389.23,2387.51,2388.22,54.85380000
1787472240,2388.3,2389.92,2388.3,2389.92,71.52770000
1787472300,2389.92,2391.36,2389.62,2391.36,147.06360000
1787472360,2391.59,2394.11,2391.23,2393.09,146.97260000
1787472420,2393.09,2394.26,2393.09,2394.25,127.57680000
1787472480,2394.25,2396.44,2394.25,2395.45,129.80260000
1787472540,2395.41,2408.75,2395.34,2407.5,328.21500000
1787472600,2407.54,2413.56,2406.65,2406.89,396.72680000
1787472660,2406.84,2408.32,2404.55,2408.32,491.98820000
1787472720,2407.84,2413.59,2407.64,2408.11,544.88100000
1787472780,2408.11,2408.36,2405.96,2408.05,490.59570000
1787472840,2408.05,2408.05,2406.04,2406.64,393.52750000
1787472900,2406.64,2406.83,2405.55,2406.71,283.94710000
1787472960,2406.71,2408.22,2406.32,2408.16,366.27370000
1787473020,2408.17,2411.05,2407.24,2410.47,411.21500000
1787473080,2410.46,2410.46,2408.1,2408.76,418.14150000
1787473140,2408.76,2408.77,2407.54,2407.67,423.52130000
1787473200,2407.67,2408.06,2407.15,2407.54,208.67030000
1787473260,2407.54,2408.09,2407,2407.43,22.90740000
1787473320,2407.43,2407.6,2405.92,2405.92,59.36390000
1787473380,2405.93,2406.68,2405.5,2406.68,65.38170000
1787473440,2406.96,2406.96,2406.3,2406.65,12.36890000
1787473500,2406.64,2406.82,2406.3,2406.82,36.51500000
1787473560,2406.86,2407.66,2405.46,2405.87,63.70550000
1787473620,2405.87,2406.78,2405.51,2406.78,49.34310000
1787473680,2406.82,2406.88,2406.82,2406.85,53.01500000
1787473740,2406.85,2407.15,2406.3,2406.6,62.00610000
1787473800,2406.6,2408.4,2406.6,2407.98,86.02280000
1787473860,2408.05,2408.42,2407.29,2408.41,51.65870000
1787473920,2408.41,2410.69,2407.83,2410.08,123.72370000
1787473980,2410.08,2413.25,2409.46,2412.94,120.70570000
1787474040,2412.95,2418.66,2410.53,2414.58,243.83530000
1787474100,2414.4,2415,2412.19,2414.7,230.84960000
1787474160,2414.66,2414.97,2413.83,2414.44,244.93820000
1787474220,2414.45,2417.76,2414.34,2417.76,286.01700000
1787474280,2417.75,2422.1,2416.01,2419.58,431.45940000
1787474340,2419.58,2419.74,2416.99,2418.01,246.78690000
1787474400,2418.02,2420.77,2417.18,2420.77,139.04350000
1787474460,2421.12,2426.15,2419.17,2420.5,467.98370000
1787474520,2420.51,2423.28,2419.22,2420.63,382.49610000
1787474580,2420.62,2422.34,2420.3,2420.85,368.16420000
1787474640,2420.85,2422.16,2419.71,2419.74,310.55200000
1787474700,2419.74,2421.38,2419.23,2421.13,474.99340000
1787474760,2421.12,2421.49,2420.05,2420.06,340.84260000
1787474820,2420.06,2420.06,2416.95,2417.39,478.74110000
1787474880,2417.39,2418.29,2416.2,2416.74,415.71960000
1787474940,2416.75,2416.87,2415.17,2415.28,301.21410000
1787475000,2415.29,2415.59,2414.46,2414.47,310.48720000
1787475060,2414.46,2416.52,2414.08,2416.51,284.66910000
1787475120,2416.52,2417.62,2416.52,2417.09,226.09910000
1787475180,2417.09,2417.23,2415.26,2415.44,222.67310000
1787475240,2415.44,2415.97,2415.11,2415.66,246.65020000
1787475300,2415.66,2415.66,2415.11,2415.51,255.08140000
1787475360,2415.52,2416,2411.23,2412.61,315.59520000
1787475420,2412.61,2412.61,2411.37,2411.61,180.63430000
1787475480,2411.61,2411.61,2410.78,2411.39,159.94030000
1787475540,2411.4,2412.64,2411.31,2412.39,184.18590000
1787475600,2412.39,2412.39,2410.66,2410.67,166.68120000
1787475660,2410.67,2414.15,2410.67,2413.92,285.75360000
1787475720,2413.93,2415.37,2413.92,2414.51,236.24590000
1787475780,2414.54,2415.66,2413.12,2413.24,307.04480000
1787475840,2413.23,2416.31,2413.23,2415.06,232.82970000
1787475900,2415.06,2416.27,2415.05,2415.7,169.75780000
1787475960,2415.69,2415.7,2414.65,2414.65,133.09080000
1787476020,2414.66,2415.1,2414.06,2414.12,179.23280000
1787476080,2414.12,2414.12,2412.68,2412.72,193.14630000
1787476140,2412.72,2414.13,2412.72,2412.99,138.90750000
1787476200,2413.17,2413.87,2412.72,2413.1,126.63260000
1787476260,2412.96,2413.48,2412.96,2412.97,104.22590000
1787476320,2412.97,2412.97,2411.69,2411.7,139.49380000
1787476380,2411.7,2412.91,2411.7,2412.91,100.22090000
1787476440,2412.9,2413.92,2412.84,2412.96,89.89340000
1787476500,2412.97,2413.61,2412.61,2413.54,112.73250000
1787476560,2413.54,2413.83,2412.12,2412.29,108.62780000
1787476620,2412.29,2412.29,2411.02,2411.83,96.41280000
1787476680,2411.83,2411.83,2411.01,2411.28,73.77590000
1787476740,2411.27,2413.04,2411.27,2411.93,103.24040000
1787476800,2412.02,2412.1,2408.07,2409.31,133.01520000
1787476860,2409.31,2409.48,2407.29,2409.46,125.52650000
1787476920,2409.45,2411.22,2409.45,2411.01,67.33860000
1787476980,2411,2411.01,2410.12,2410.12,74.29050000
1787477040,2410.12,2410.13,2407.94,2408.45,83.54820000
1787477100,2408.44,2409.26,2408.07,2408.74,49.32250000
1787477160,2408.74,2410.86,2408.74,2410.51,152.62620000
1787477220,2410.51,2412.04,2410.46,2410.79,81.63760000
1787477280,2410.79,2411.26,2410.7,2410.71,113.51520000
1787477340,2410.71,2411.06,2410.7,2410.94,123.42520000
1787477400,2410.94,2410.94,2408.1,2408.65,126.75250000
1787477460,2408.64,2408.87,2406.86,2408.03,80.41080000
1787477520,2407.91,2408.41,2407.91,2408.3,79.79480000
1787477580,2408.29,2408.53,2407.81,2408.43,56.34520000
1787477640,2408.43,2408.89,2407.88,2407.97,82.67200000
1787477700,2407.98,2408.06,2404.77,2406.89,133.89860000
1787477760,2406.89,2409.19,2406.58,2409.01,91.99610000
1787477820,2409,2409.52,2408.76,2408.91,114.40140000
1787477880,2408.9,2408.9,2407.08,2408.01,92.03830000
1787477940,2408.19,2409.46,2407.42,2409.46,83.51080000
1787478000,2409.57,2410.42,2409.36,2410.42,147.74300000
1787478060,2410.43,2412.43,2410.42,2411.41,224.67540000
1787478120,2411.4,2411.65,2410.87,2411.6,130.46770000
1787478180,2411.61,2412.6,2411.6,2411.95,110.29570000
1787478240,2411.95,2412.28,2411.79,2411.86,105.94760000
1787478300,2411.85,2412.98,2411.85,2412.06,108.22130000
1787478360,2412.06,2412.06,2410.32,2410.33,137.67740000
1787478420,2410.33,2413.14,2409.54,2413.14,220.93830000
1787478480,2413.14,2414.94,2413.13,2414.94,154.30520000
1787478540,2414.95,2414.96,2413.74,2414.17,234.71130000
1787478600,2414.13,2415.01,2413.96,2414.76,205.28890000
1787478660,2414.88,2415.17,2414.48,2414.86,153.66740000
1787478720,2414.85,2415.38,2413.89,2414.75,306.92530000
1787478780,2414.74,2415.9,2413.9,2413.91,174.20850000
1787478840,2413.91,2413.99,2413.45,2413.87,126.75630000
1787478900,2413.87,2414.4,2413.86,2413.98,84.60280000
1787478960,2413.99,2413.99,2413.39,2413.39,111.61890000
1787479020,2413.4,2413.4,2413.38,2413.38,75.13170000
1787479080,2413.38,2413.85,2412.05,2412.13,103.94820000
1787479140,2412.14,2412.55,2411.33,2411.33,99.25550000
1787479200,2411.29,2412.99,2410.75,2412.98,165.17380000
1787479260,2412.98,2413.14,2411.48,2411.48,70.59990000
1787479320,2411.48,2413.47,2411.48,2413.47,72.97590000
1787479380,2413.46,2414.38,2413.46,2414.17,65.22530000
1787479440,2414.16,2414.4,2413.29,2413.94,88.03990000
1787479500,2413.93,2415.88,2413.93,2415.88,86.96770000
1787479560,2415.91,2417.22,2415.65,2416.22,97.89390000
1787479620,2416.22,2416.6,2414.75,2415.16,147.84770000
1787479680,2415.17,2415.46,2414.4,2414.41,99.31680000
1787479740,2414.4,2414.56,2414.05,2414.23,88.81320000
1787479800,2414.24,2415.27,2414.24,2414.32,60.20430000
1787479860,2414.32,2414.32,2413.35,2413.58,90.73900000
1787479920,2413.6,2414.53,2413.53,2413.53,91.11360000
1787479980,2413.54,2413.8,2412.55,2412.55,92.96430000
1787480040,2412.55,2413.98,2412.05,2413.97,119.89960000
1787480100,2413.98,2415.49,2413.98,2414.81,107.80180000
1787480160,2414.82,2415.26,2414.12,2415.26,114.20870000
1787480220,2415.26,2415.26,2414.64,2415.08,83.84350000
1787480280,2415.07,2415.5,2414.82,2415.07,59.92050000
1787480340,2414.91,2415.42,2414.22,2415.22,79.06330000
1787480400,2415.24,2416.56,2414.76,2416.36,52.93890000
1787480460,2416.35,2419.78,2416.35,2418.66,82.48040000
1787480520,2418.65,2420.52,2414.86,2417.28,68.66090000
1787480580,2417.28,2417.43,2416.13,2416.45,17.43360000
1787480640,2416.44,2416.57,2415.69,2416.53,37.71100000
1787480700,2416.53,2418.27,2415.83,2415.84,32.80460000
1787480760,2415.84,2416.82,2415.4,2415.73,85.78320000
1787480820,2415.73,2416.22,2415.55,2415.83,119.00840000
1787480880,2415.58,2415.58,2413.48,2413.7,125.10730000
1787480940,2413.7,2414.24,2413.12,2413.71,135.19940000
1787481000,2413.74,2414.75,2413.45,2413.45,149.14090000
1787481060,2413.42,2414.4,2412.41,2414.39,120.72240000
1787481120,2414.39,2415.81,2413.89,2414.86,81.28770000
1787481180,2414.94,2416.86,2414.94,2416.72,89.91870000
1787481240,2416.72,2417.54,2416.52,2417.2,100.56630000
1787481300,2417.21,2417.52,2416.16,2416.16,40.13100000
1787481360,2416.16,2417.85,2415.96,2416.98,111.12260000
1787481420,2416.98,2417.23,2415.82,2416.87,116.76970000
1787481480,2416.86,2417.97,2416.49,2417.23,82.16630000
1787481540,2417.24,2417.24,2415.81,2415.99,72.70870000
1787481600,2415.98,2416.28,2415.08,2416.14,79.25580000
1787481660,2416.21,2417.15,2416.14,2416.7,54.92330000
1787481720,2416.62,2416.79,2415.97,2416.79,81.24650000
1787481780,2416.79,2417.05,2416.1,2417.04,69.66150000
1787481840,2416.58,2417.21,2416.58,2416.66,71.47200000
1787481900,2416.67,2417.04,2416.67,2416.68,30.91320000
1787481960,2416.78,2417.58,2416.52,2416.83,45.14300000
1787482020,2416.84,2416.96,2416.2,2416.33,42.76180000
1787482080,2416.33,2416.66,2416.32,2416.58,62.79910000
1787482140,2416.57,2416.57,2416.06,2416.3,37.00670000
1787482200,2416.38,2417.21,2416.17,2417.2,43.37020000
1787482260,2417.2,2417.57,2416.56,2416.56,63.25670000
1787482320,2416.56,2416.86,2416.17,2416.46,52.85760000
1787482380,2416.43,2416.43,2415.65,2415.66,23.49030000
1787482440,2415.66,2416.06,2415.66,2416.05,34.16510000
1787482500,2416.05,2416.2,2415.12,2415.19,30.37030000
1787482560,2415.19,2415.19,2414.28,2414.32,36.18260000
1787482620,2414.31,2414.64,2414.09,2414.63,40.56090000
1787482680,2414.63,2415.09,2414.63,2415.06,27.74320000
1787482740,2415.07,2415.12,2415.06,2415.11,30.60000000
1787482800,2415.12,2417.22,2415.12,2416.43,43.76170000
1787482860,2416.43,2417.66,2416.43,2417.43,29.32730000
1787482920,2417.43,2417.76,2416.84,2417.22,40.13240000
1787482980,2417.06,2417.06,2415.14,2415.15,35.11120000
1787483040,2415.42,2415.42,2414.56,2414.95,31.09870000
1787483100,2414.99,2416.52,2414.99,2416.52,39.51390000
1787483160,2416.52,2417.93,2416.52,2416.87,72.04940000
1787483220,2416.84,2418.31,2416.83,2417.8,67.69480000
1787483280,2417.81,2418.79,2417.72,2417.73,81.69810000
1787483340,2417.72,2417.72,2416.87,2417.57,40.46700000
1787483400,2417.57,2417.58,2417.15,2417.25,40.49370000
1787483460,2417.26,2418.1,2417.26,2418.1,60.71730000
1787483520,2418.1,2418.39,2417.75,2418.38,63.56650000
1787483580,2418.38,2419.92,2418.38,2419.86,60.52280000
1787483640,2419.85,2420.67,2419.85,2420.05,87.14760000
1787483700,2420.05,2420.24,2418.65,2418.76,57.06540000
1787483760,2418.76,2419.93,2417.95,2419.81,66.37780000
1787483820,2419.79,2419.79,2419,2419.2,64.53700000
1787483880,2419.2,2420.91,2419,2420.9,76.06550000
1787483940,2420.91,2423.58,2420.91,2423.49,88.82920000
1787484000,2423.46,2426,2422.8,2425.4,194.73220000
1787484060,2425.05,2431.8,2425.05,2429.79,317.02140000
1787484120,2429.8,2431.5,2428.97,2429.31,90.47870000
1787484180,2429.39,2429.67,2426.99,2428.04,145.92110000
1787484240,2428.03,2432.65,2428.03,2431.95,150.32300000
1787484300,2431.95,2432.4,2430.12,2430.13,323.61480000
1787484360,2430.12,2430.13,2427.92,2428.12,280.23120000
1787484420,2428.12,2428.61,2426.96,2427.31,298.12210000
1787484480,2427.3,2427.9,2426.95,2427.38,260.16560000
1787484540,2427.38,2427.53,2426.83,2427.39,260.46970000
1787484600,2427.4,2428.42,2426.03,2428.42,219.97570000
1787484660,2428.42,2429.98,2428.23,2429.3,156.38790000
1787484720,2429.22,2430.83,2428.39,2429.67,181.37080000
1787484780,2429.67,2429.72,2428.97,2429.14,85.06080000
1787484840,2429.1,2429.69,2428.61,2429.53,174.35220000
1787484900,2429.39,2430.07,2429.39,2429.88,144.48540000
1787484960,2429.88,2433.96,2429.87,2432.09,163.81320000
1787485020,2432.1,2436.72,2431.03,2431.03,274.74820000
1787485080,2431.03,2435.05,2430.72,2434.69,210.85550000
1787485140,2434.67,2438.36,2434.11,2437.74,226.84330000
1787485200,2437.74,2438.25,2435.92,2435.93,247.38670000
1787485260,2435.96,2436.41,2434.44,2435.25,215.98430000
1787485320,2435.09,2436.49,2434.72,2436.49,245.76180000
1787485380,2436.49,2436.49,2433.9,2434.09,153.05770000
1787485440,2434.08,2434.23,2432.91,2433.9,212.99070000
1787485500,2433.89,2433.9,2431.84,2433.11,227.63120000
1787485560,2433.03,2433.15,2430.6,2430.74,196.85110000
1787485620,2430.71,2430.95,2430.27,2430.27,128.10350000
1787485680,2430.28,2430.28,2428.73,2430.04,191.04640000
1787485740,2430.11,2430.12,2427.94,2428.55,150.73720000
1787485800,2428.55,2428.78,2428.32,2428.78,96.65620000
1787485860,2428.81,2429.69,2428.81,2428.9,113.31650000
1787485920,2428.9,2432.07,2428.9,2431.92,136.16350000
1787485980,2431.91,2432.26,2430.87,2431.29,153.60950000
1787486040,2431.29,2432.3,2430.87,2430.99,119.06610000
1787486100,2431.07,2431.07,2430.51,2430.67,71.12550000
1787486160,2430.66,2431.09,2430.16,2430.16,39.65150000
1787486220,2430.08,2431.84,2429.62,2430.8,74.07750000
1787486280,2430.76,2433.91,2430.61,2432.42,147.77080000
1787486340,2432.43,2433.98,2431.88,2433.4,108.82130000
1787486400,2433.4,2433.53,2432.26,2432.39,120.83650000
1787486460,2432.39,2432.55,2429.82,2429.82,179.14680000
1787486520,2429.83,2432.78,2429.61,2431.57,238.53180000
1787486580,2431.57,2431.57,2427.47,2428.64,238.34420000
1787486640,2428.64,2428.64,2427.25,2427.29,192.58490000
1787486700,2427.29,2428.26,2427.25,2427.29,138.15890000
1787486760,2427.3,2427.3,2421.69,2424.7,230.90450000
1787486820,2424.69,2424.69,2421.69,2424.35,230.48040000
1787486880,2424.35,2424.64,2422.91,2424.63,201.49240000
1787486940,2424.62,2425.24,2424.57,2425.06,165.43820000
1787487000,2425.06,2426.11,2422.2,2422.21,235.55420000
1787487060,2422.21,2422.78,2418.91,2421.45,396.79310000
1787487120,2421.49,2421.65,2419.05,2420.48,245.57060000
1787487180,2420.44,2423.25,2420.18,2422.28,282.26120000
1787487240,2422.29,2423.25,2422.29,2422.78,190.01250000
1787487300,2422.78,2422.78,2420.99,2421.21,180.32000000
1787487360,2421.22,2422.8,2421.22,2422.66,236.27420000
1787487420,2422.66,2424.08,2422.52,2423.53,316.02380000
1787487480,2423.54,2424.18,2422.8,2424.18,217.09880000
1787487540,2424.21,2424.3,2423.73,2423.85,282.45680000
1787487600,2423.85,2424.46,2423.52,2423.94,158.78320000
1787487660,2423.93,2424.64,2423.93,2424.63,16.52160000
1787487720,2424.63,2424.77,2423.23,2423.23,39.52040000
1787487780,2423.24,2424.81,2423.24,2424.68,33.58690000
1787487840,2424.7,2424.7,2423.28,2423.28,22.15650000
1787487900,2423.29,2423.45,2422.47,2422.47,48.31970000
1787487960,2422.47,2423.08,2421.13,2421.13,85.68660000
1787488020,2421.13,2421.84,2420.47,2421.71,43.47630000
1787488080,2421.71,2423.26,2421.71,2423.25,63.05220000
1787488140,2423.26,2423.53,2422.93,2423.12,52.88400000
1787488200,2423.1,2423.61,2423.03,2423.17,75.99730000
1787488260,2423.18,2423.87,2423.18,2423.66,42.77110000
1787488320,2423.66,2424.33,2423.56,2423.87,77.68420000
1787488380,2423.87,2425.6,2423.69,2424.12,92.98710000
1787488440,2424.12,2424.71,2423.49,2424.7,68.67270000
1787488500,2424.7,2424.7,2423.5,2424.01,26.74600000
1787488560,2424.01,2424.01,2422.79,2423.56,69.13370000
1787488620,2423.57,2423.85,2423.19,2423.85,58.18920000
1787488680,2423.98,2424.17,2423.05,2423.14,57.26770000
1787488740,2423.14,2425.68,2423.14,2425.67,63.19280000
1787488800,2425.68,2427.41,2425.68,2427.13,103.26710000
1787488860,2426.94,2428.22,2426.7,2427.67,85.41520000
1787488920,2427.55,2428.16,2426.58,2428.16,51.13510000
1787488980,2428.16,2429.22,2428.15,2428.97,66.48140000
1787489040,2428.97,2429.08,2428.3,2428.3,75.25890000
1787489100,2428.3,2428.31,2426.87,2427.16,78.68660000
1787489160,2427.07,2427.46,2426.18,2427.42,114.03400000
1787489220,2427.41,2427.41,2426.45,2426.62,55.43530000
1787489280,2426.54,2426.59,2425.6,2425.6,60.24080000
1787489340,2425.61,2425.92,2425.22,2425.59,55.52050000
1787489400,2425.6,2426.09,2425.6,2426.09,25.36370000
1787489460,2426.11,2426.18,2425.99,2426.17,49.54100000
1787489520,2426.17,2426.76,2426.12,2426.28,54.31910000
1787489580,2426.2,2426.33,2425.4,2425.46,65.95660000
1787489640,2425.42,2425.42,2424.52,2425.04,64.80730000
1787489700,2425.04,2426.65,2425.04,2426.65,40.80670000
1787489760,2426.79,2427.27,2426.79,2426.98,33.59410000
1787489820,2426.98,2427.2,2426.64,2426.64,49.13910000
1787489880,2426.64,2427.05,2426.59,2426.86,32.40840000
1787489940,2426.87,2427.4,2426.87,2426.95,52.72270000
1787490000,2426.95,2427.17,2426.95,2427.17,13.40020000
1787490060,2427.17,2428.65,2427.16,2428.64,24.37760000
1787490120,2428.68,2428.69,2428.33,2428.67,34.80790000
1787490180,2428.67,2428.81,2428.26,2428.81,30.79020000
1787490240,2428.81,2428.81,2428.05,2428.1,33.29620000
1787490300,2428.14,2428.78,2428.14,2428.32,28.39530000
1787490360,2428.31,2428.99,2428.31,2428.98,29.29340000
1787490420,2428.99,2429.28,2428.6,2428.75,26.81970000
1787490480,2428.75,2428.96,2428.29,2428.64,37.17780000
1787490540,2428.64,2430.82,2428.64,2430.4,28.80360000
1787490600,2430.51,2431.62,2430.51,2430.9,56.95400000
1787490660,2430.91,2431.67,2430.91,2431.66,70.33640000
1787490720,2431.66,2432.39,2431.44,2432.04,64.34950000
1787490780,2432.03,2432.04,2431.79,2431.79,39.57420000
1787490840,2431.79,2432.69,2431.79,2432.2,50.29530000
1787490900,2432.19,2433.11,2431.94,2432.62,42.92910000
1787490960,2432.61,2433.51,2432.49,2433.1,72.25700000
1787491020,2433.27,2446.06,2433.27,2444.47,314.20590000
1787491080,2444.13,2477.84,2443.54,2466.13,1000.15580000
1787491140,2466.12,2484.28,2465.52,2469.61,613.78090000
1787491200,2469.58,2469.6,2453.69,2459.18,998.18670000
1787491260,2459.38,2463.64,2452.72,2462.95,1086.29900000
1787491320,2462.94,2471.24,2459.38,2466.75,1151.79620000
1787491380,2466.74,2470.71,2462.63,2463.49,958.71760000
1787491440,2463.48,2467.83,2460.76,2463.29,913.79210000
1787491500,2463.29,2463.29,2458.85,2459.4,993.44650000
1787491560,2459.39,2462.62,2459.39,2460.84,747.48790000
1787491620,2460.85,2462.69,2460.34,2460.86,749.06550000
1787491680,2460.85,2460.85,2458.81,2458.95,591.99440000
1787491740,2458.95,2458.96,2451.35,2454.28,867.93480000
1787491800,2454.29,2454.86,2449.99,2452.4,437.91310000
1787491860,2452.74,2457.3,2449.66,2456,693.87880000
1787491920,2455.99,2459.11,2455.65,2457.09,637.44840000
1787491980,2457.1,2457.19,2454.54,2456.57,536.70900000
1787492040,2456.56,2456.63,2454.01,2454.31,449.59350000
1787492100,2454.31,2454.38,2449.77,2451.78,372.35420000
1787492160,2451.84,2456.96,2451.84,2456.04,299.08980000
1787492220,2456.04,2456.5,2454.39,2455.73,315.35210000
1787492280,2455.86,2456.67,2453.91,2456.32,215.77860000
1787492340,2456.16,2458.83,2455.83,2457.19,247.02270000
1787492400,2457.19,2458.8,2455.56,2455.83,241.84060000
1787492460,2455.8,2456.59,2454.68,2454.69,233.14120000
1787492520,2454.68,2455.59,2453.76,2454.39,276.54720000
1787492580,2454.38,2455.35,2453.53,2455.01,223.90100000
1787492640,2455.01,2456.09,2454.26,2456.01,170.91600000
1787492700,2456.01,2456.01,2451.6,2453.41,180.24740000
1787492760,2453.44,2456.08,2452.24,2456.08,240.69440000
1787492820,2456.08,2458.21,2455.43,2458.07,219.30630000
1787492880,2458.06,2458.06,2455.72,2455.93,184.05940000
1787492940,2455.92,2455.92,2452.47,2452.48,249.45170000
1787493000,2452.48,2454.85,2452.48,2452.8,260.29500000
1787493060,2452.81,2453.44,2451.88,2452.14,144.77000000
1787493120,2452.14,2455.46,2452.14,2453.43,210.24110000
1787493180,2453.44,2454.62,2452.76,2454.22,218.43780000
1787493240,2454.18,2456.82,2454.15,2456.1,166.32940000
1787493300,2456.31,2457.92,2455.45,2457.33,62.58280000
1787493360,2457.19,2458.87,2456.53,2457.85,131.99460000
1787493420,2457.85,2458.28,2456.82,2458.28,75.42130000
1787493480,2458.28,2459.8,2458.28,2458.4,110.17910000
1787493540,2458.4,2460,2458.4,2459.44,86.32310000
1787493600,2459.43,2459.88,2458.7,2459.35,155.81480000
1787493660,2459.34,2460.7,2458.13,2460.2,169.06490000
1787493720,2460.04,2465.75,2460,2464.3,255.37900000
1787493780,2464.3,2464.42,2460.76,2461.55,152.14480000
1787493840,2461.5,2463.79,2460.27,2463.53,127.08820000
1787493900,2463.54,2465.05,2461.96,2462.32,201.52660000
1787493960,2462.32,2462.69,2455.36,2459.02,288.31720000
1787494020,2459.31,2459.33,2453.24,2454.4,266.91810000
1787494080,2454.41,2459.26,2454.16,2459.02,212.24510000
1787494140,2459.01,2459.06,2458,2458.61,144.34430000
1787494200,2458.37,2462.31,2458.37,2462.28,141.97220000
1787494260,2462.28,2468.66,2462.13,2463.89,251.64930000
1787494320,2463.89,2465.93,2463.32,2465.59,193.97840000
1787494380,2465.58,2468.46,2465.54,2468.46,119.67400000
1787494440,2468.51,2468.52,2462.75,2463.98,262.58290000
1787494500,2464.01,2466.4,2463.74,2466.35,56.36780000
1787494560,2466.35,2466.95,2465.64,2465.9,148.80440000
1787494620,2465.89,2466.37,2464.28,2465.86,182.86210000
1787494680,2465.85,2467.34,2463.77,2463.77,183.06280000
1787494740,2463.76,2464.29,2461.5,2461.51,307.11270000
1787494800,2461.51,2464.15,2461.51,2463.42,156.58650000
1787494860,2463.41,2463.78,2460.71,2462.02,31.60900000
1787494920,2461.96,2462.16,2459.31,2459.31,51.21840000
1787494980,2459.31,2460.09,2457.5,2457.78,26.23770000
1787495040,2457.82,2458.74,2455.18,2456.89,32.96940000
1787495100,2456.9,2458.05,2456.05,2457.96,53.17670000
1787495160,2457.69,2459.51,2457.69,2458.73,153.71150000
1787495220,2458.76,2459.42,2457.92,2458.23,150.53390000
1787495280,2458.23,2458.23,2456.77,2457.47,135.21860000
1787495340,2457.48,2457.8,2455.82,2456.45,159.65210000
1787495400,2456.45,2457.55,2455.16,2455.51,155.83840000
1787495460,2455.52,2456.3,2455.02,2455.91,82.07930000
1787495520,2455.76,2455.76,2453.09,2453.86,111.96060000
1787495580,2453.71,2454.99,2453.71,2454.75,115.69990000
1787495640,2454.79,2454.87,2453.47,2453.62,153.00150000
1787495700,2453.63,2454.84,2453.62,2454.26,95.37810000
1787495760,2454.34,2454.5,2452.46,2452.47,118.28340000
1787495820,2452.48,2454.38,2452.23,2454.38,127.83190000
1787495880,2454.36,2455.25,2453.91,2454.88,131.73130000
1787495940,2454.89,2455.21,2452.85,2452.86,116.83820000
1787496000,2452.86,2454.37,2452.86,2454.04,67.94070000
1787496060,2454.03,2454.4,2452.05,2452.05,136.43090000
1787496120,2452.07,2452.33,2391.19,2400.79,1907.88330000
1787496180,2400.9,2420.55,2395.61,2420.55,581.09260000
1787496240,2420.55,2422.71,2415.26,2420.63,222.21060000
1787496300,2420.19,2432.66,2420.19,2424.32,1049.20610000
1787496360,2424.6,2429.59,2424.32,2426.83,1474.11130000
1787496420,2426.82,2431.53,2426.82,2430.73,1524.99790000
1787496480,2430.73,2431.76,2429.27,2430.97,1480.19000000
1787496540,2430.97,2436.38,2430.97,2433.54,1624.89000000
1787496600,2433.54,2438.18,2433.12,2438.18,1155.54130000
1787496660,2438.03,2438.58,2431.14,2433.97,893.22650000
1787496720,2433.86,2437.58,2433.86,2434.71,779.54470000
1787496780,2434.71,2437.43,2433.99,2436.16,792.42040000
1787496840,2436.15,2448.02,2435.36,2445.08,1053.85980000
1787496900,2445.07,2445.07,2436.09,2439.18,777.12190000
1787496960,2439.18,2439.97,2437.58,2437.64,617.12260000
1787497020,2437.64,2441.83,2435.25,2441.39,658.11230000
1787497080,2441.39,2441.39,2438.16,2439.14,625.31830000
1787497140,2439.11,2439.75,2437.81,2438.67,605.41870000
1787497200,2438.67,2439.75,2426.46,2429.77,453.65120000
1787497260,2429.77,2439.17,2428.97,2437.77,438.04560000
1787497320,2437.77,2438.66,2432.56,2434.32,393.68530000
1787497380,2434.32,2436.99,2432.51,2434.99,347.31790000
1787497440,2434.99,2437.18,2434.35,2436.61,329.36780000
1787497500,2436.6,2440.85,2436.3,2440.77,425.57200000
1787497560,2440.54,2441.09,2438.34,2439.02,374.08030000
1787497620,2439.03,2440.92,2438.51,2440.46,322.37610000
1787497680,2440.46,2440.46,2437.66,2438.01,299.27080000
1787497740,2438.04,2439.02,2436.78,2439.02,282.30120000
1787497800,2438.86,2439,2437.98,2437.98,212.91590000
1787497860,2437.99,2437.99,2434.9,2434.9,174.65910000
1787497920,2434.89,2436.34,2434.89,2435.49,206.46750000
1787497980,2435.48,2435.48,2433.27,2435.03,197.76850000
1787498040,2435.03,2436.48,2432.8,2433.43,152.31100000
1787498100,2433.44,2434.35,2431.25,2433.64,148.53220000
1787498160,2433.63,2433.63,2429.73,2432.44,111.93300000
1787498220,2432.36,2433.62,2431.79,2431.79,121.96160000
1787498280,2431.76,2432,2430.07,2430.4,158.85160000
1787498340,2430.41,2430.41,2421.89,2427.31,301.79810000
1787498400,2427.53,2429.64,2425.16,2429.06,206.24340000
1787498460,2429.21,2432.2,2428.89,2431.14,278.56600000
1787498520,2431,2437.1,2429.89,2434.59,269.10930000
1787498580,2434.68,2436.85,2433.12,2433.32,211.97650000
1787498640,2433.31,2435.14,2433.31,2435.13,184.33780000
1787498700,2435.14,2437.57,2435.14,2437.15,216.39830000
1787498760,2437.14,2439,2436.14,2438.59,283.00240000
1787498820,2438.58,2438.58,2437.28,2437.93,206.07610000
1787498880,2437.86,2437.92,2436.46,2436.46,227.58090000
1787498940,2436.43,2437.07,2436.14,2436.97,299.62000000
1787499000,2436.97,2439.49,2436.97,2439.2,203.18670000
1787499060,2439.38,2443.71,2439.38,2441.03,161.29170000
1787499120,2440.83,2441.49,2437.1,2437.69,182.87990000
1787499180,2437.83,2437.83,2435.39,2435.4,123.11110000
1787499240,2435.4,2437.58,2435.4,2437.03,150.92260000
1787499300,2437.03,2439.45,2437.02,2438.76,119.53760000
1787499360,2438.8,2439.75,2438.66,2439.25,112.79210000
1787499420,2439.37,2439.78,2438.79,2439.78,98.09630000
1787499480,2439.77,2441.83,2439.51,2441.58,118.79030000
1787499540,2441.62,2444.08,2440.75,2444.07,170.17400000
1787499600,2444.07,2448.39,2443.07,2445.96,187.65810000
1787499660,2445.96,2446.63,2444.09,2445.44,76.02250000
1787499720,2445.44,2445.44,2444.28,2444.28,79.42590000
1787499780,2444.09,2448.43,2444.09,2448.43,100.06410000
1787499840,2448.56,2451.71,2446.26,2446.59,118.49130000
1787499900,2446.59,2446.59,2444,2444.91,186.52300000
1787499960,2444.91,2447.99,2444.91,2446.26,175.96660000
1787500020,2446.15,2448.6,2446.11,2446.62,157.56050000
1787500080,2446.62,2448.12,2445.95,2448.11,133.97810000
1787500140,2448.1,2448.1,2444.94,2445.24,152.16830000
1787500200,2445.24,2445.24,2444.45,2444.46,103.39580000
1787500260,2444.45,2445.53,2444.22,2444.81,206.43210000
1787500320,2444.82,2445.02,2444.08,2444.2,166.29770000
1787500380,2444.21,2444.85,2443.18,2443.18,151.69800000
1787500440,2443.18,2443.18,2441.56,2441.86,196.87000000
1787500500,2441.84,2442.64,2441.8,2441.92,28.96630000
1787500560,2441.91,2443.6,2441.87,2443.32,119.73010000
1787500620,2443.32,2443.32,2438.06,2439.49,132.54200000
1787500680,2439.49,2439.49,2436.3,2437.01,148.39310000
1787500740,2437.02,2439.45,2437.02,2438.88,60.82720000
1787500800,2438.85,2441.57,2438.85,2441.32,174.56460000
1787500860,2441.29,2442.63,2441.19,2442.25,117.45420000
1787500920,2442.26,2442.4,2441.24,2441.62,94.41790000
1787500980,2441.6,2445.26,2441.6,2444.08,124.75510000
1787501040,2444.09,2444.86,2444.09,2444.37,109.07190000
1787501100,2444.5,2444.5,2443.09,2444.2,86.83900000
1787501160,2444.24,2445.15,2443.51,2443.6,79.97350000
1787501220,2443.59,2443.6,2442.13,2442.44,71.11270000
1787501280,2442.45,2443.97,2442.45,2443.56,91.68550000
1787501340,2443.55,2443.55,2442.12,2442.12,64.14650000
1787501400,2442.1,2444.56,2441.61,2444.56,50.79190000
1787501460,2444.81,2445.88,2444.76,2445.83,47.30230000
1787501520,2445.82,2446.47,2443.01,2444.23,126.16590000
1787501580,2444.22,2445.27,2442.04,2445.27,65.40310000
1787501640,2445.25,2445.25,2444.48,2444.49,24.99990000
1787501700,2444.48,2444.48,2442.3,2442.79,53.67450000
1787501760,2442.79,2445.13,2442.79,2444.79,93.44290000
1787501820,2444.8,2445.78,2444.22,2445.12,112.14100000
1787501880,2445.16,2445.21,2443.92,2443.94,88.88300000
1787501940,2443.95,2445.38,2442.64,2442.68,85.00900000
1787502000,2442.64,2444.44,2441.6,2444.44,21.99300000
1787502060,2444.55,2445.69,2444.08,2445.48,4.95530000
1787502120,2445.48,2445.48,2444.49,2444.49,4.14790000
1787502180,2444.49,2444.87,2444.49,2444.79,5.88630000
1787502240,2444.68,2445.08,2444.08,2444.59,2.47530000
1787502300,2444.75,2446.25,2443.35,2445.78,25.04360000
1787502360,2445.82,2446.03,2445.06,2445.08,17.06110000
1787502420,2445.06,2445.13,2444.44,2445.13,20.48420000
1787502480,2445.13,2445.15,2444.96,2445.15,29.74790000
1787502540,2445.15,2446.83,2445.15,2446.78,44.88870000
1787502600,2446.78,2446.83,2445.35,2445.35,63.71740000
1787502660,2445.47,2446.77,2444.8,2446.77,53.49130000
1787502720,2446.77,2449.2,2446.77,2449.2,32.94510000
1787502780,2449.12,2453,2448.96,2448.96,77.77530000
1787502840,2448.96,2450.16,2448.96,2449.95,55.29760000
1787502900,2449.96,2450.82,2449.96,2450.52,121.26450000
1787502960,2450.52,2450.52,2448.48,2448.56,132.43150000
1787503020,2448.57,2448.79,2446.62,2446.63,145.80530000
1787503080,2446.62,2446.98,2446.27,2446.98,94.50780000
1787503140,2446.98,2446.98,2446.42,2446.85,120.88390000
1787503200,2446.86,2447.32,2446.86,2447.2,41.92550000
1787503260,2447.21,2447.21,2446.43,2446.91,62.24830000
1787503320,2446.96,2448.38,2446.95,2448.38,100.83590000
1787503380,2448.39,2449.15,2447.75,2447.75,97.44900000
1787503440,2447.75,2447.75,2446.48,2446.48,66.82190000
1787503500,2446.49,2447.21,2445.76,2447.21,92.68650000
1787503560,2447.21,2448.36,2446.72,2448.36,50.91620000
1787503620,2448.37,2449.15,2447.71,2448.75,79.31900000
1787503680,2448.76,2448.8,2448.04,2448.73,58.40000000
1787503740,2448.79,2449.58,2448.79,2449.41,68.39200000
1787503800,2449.37,2450.25,2449.17,2449.41,157.81990000
1787503860,2449.41,2459.21,2449.41,2455.74,329.24300000
1787503920,2455.64,2457.18,2453.01,2453.01,294.43600000
1787503980,2452.85,2453.35,2452.52,2452.53,269.72330000
1787504040,2452.53,2453.06,2452.43,2452.61,295.27990000
1787504100,2452.61,2453.9,2452.57,2452.63,220.97150000
1787504160,2452.7,2452.94,2452.44,2452.71,412.48130000
1787504220,2452.7,2452.88,2452.14,2452.88,389.93140000
1787504280,2452.87,2453.89,2452.52,2452.71,422.50740000
1787504340,2452.71,2453.27,2450.77,2450.77,350.91030000
1787504400,2450.78,2453.09,2450.78,2453.08,435.19800000
1787504460,2453.08,2454.09,2448.54,2448.54,165.95190000
1787504520,2448.43,2448.59,2444.83,2444.85,194.80550000
1787504580,2444.84,2445.29,2433.22,2438.98,316.69960000
1787504640,2438.98,2442.15,2437.71,2442,178.15610000
1787504700,2441.82,2447.83,2441.34,2447.82,369.34760000
1787504760,2447.73,2448.96,2446.69,2448.45,441.73670000
1787504820,2448.5,2449.49,2445.53,2445.75,428.77070000
1787504880,2445.74,2449.64,2445.43,2449.54,456.97470000
1787504940,2449.5,2450.87,2449.31,2450.87,496.68330000
1787505000,2450.87,2451.03,2448.68,2449.35,172.74570000
1787505060,2449.39,2449.48,2448.66,2448.9,237.49640000
1787505120,2448.9,2449.56,2448.43,2448.98,318.50770000
1787505180,2448.98,2449.46,2448.83,2448.83,239.30830000
1787505240,2448.83,2448.84,2447.32,2447.57,314.47280000
1787505300,2447.57,2448.42,2438.46,2441.05,496.35150000
1787505360,2441.05,2443.42,2440.98,2442.85,197.46900000
1787505420,2443,2446.53,2442.21,2446.53,137.41010000
1787505480,2446.49,2448.96,2443.72,2448.96,169.71450000
1787505540,2449.1,2449.16,2448.02,2448.96,165.30980000
1787505600,2448.96,2449.02,2447.77,2448.73,280.25250000
1787505660,2448.72,2449.81,2448.07,2448.08,383.85020000
1787505720,2448.08,2449.99,2448.08,2449.8,285.66640000
1787505780,2449.81,2449.81,2448.08,2448.08,309.05890000
1787505840,2448.08,2448.08,2444.44,2444.45,277.06960000
1787505900,2444.45,2445.09,2443.01,2444.07,113.92560000
1787505960,2444.08,2444.2,2441.7,2442.72,173.95450000
1787506020,2442.72,2442.72,2441.18,2441.18,147.48470000
1787506080,2441.05,2441.29,2439.18,2439.38,223.50650000
1787506140,2439.46,2441.19,2439.46,2441.04,186.72710000
1787506200,2441.03,2441.19,2440.47,2440.82,243.07610000
1787506260,2440.81,2440.84,2434.3,2436.24,171.25430000
1787506320,2436.28,2439.55,2434.29,2439.47,133.82110000
1787506380,2439.48,2439.8,2438.58,2438.58,156.01810000
1787506440,2438.58,2440.63,2438.58,2440.63,142.45910000
1787506500,2440.63,2441.66,2440.63,2441.57,167.11310000
1787506560,2441.57,2442.48,2441.56,2441.91,230.15240000
1787506620,2441.92,2444.24,2441.83,2442.76,232.61460000
1787506680,2442.76,2442.76,2441.92,2441.92,238.92100000
1787506740,2441.92,2442.53,2440.34,2440.44,254.15610000
1787506800,2440.51,2440.82,2439.07,2439.18,160.91620000
1787506860,2439.17,2439.74,2437.58,2437.58,143.60030000
1787506920,2437.86,2440.32,2437.58,2440.32,100.60570000
1787506980,2440.32,2441.43,2440.07,2440.96,131.64470000
1787507040,2440.96,2440.96,2438.07,2438.6,68.54340000
1787507100,2438.58,2446.48,2438.58,2445.95,60.14470000
1787507160,2445.95,2446.16,2444.26,2444.26,113.48360000
1787507220,2444.26,2444.5,2439.87,2439.92,106.79100000
1787507280,2439.92,2441.54,2439.75,2440.9,77.06150000
1787507340,2440.9,2441.29,2440.83,2441.06,59.76520000
1787507400,2440.84,2441.04,2440.32,2440.33,117.56700000
1787507460,2440.44,2441.35,2440.44,2441.19,110.98380000
1787507520,2441.19,2441.48,2440.69,2440.99,131.99190000
1787507580,2441.07,2442.26,2440.74,2441.72,102.33340000
1787507640,2441.71,2441.83,2439.75,2439.8,77.68650000
1787507700,2439.79,2440.36,2439.49,2439.49,38.46520000
1787507760,2439.5,2440,2439.02,2439.98,41.70490000
1787507820,2439.97,2441.32,2439.97,2440.83,38.41870000
1787507880,2440.86,2441.39,2440.86,2441.39,57.22230000
1787507940,2441.38,2441.91,2440.31,2440.31,84.05120000
1787508000,2440.26,2440.65,2439.82,2440.64,44.17410000
1787508060,2440.8,2440.8,2439.02,2439.86,45.77420000
1787508120,2439.95,2440.23,2439.06,2439.86,27.15170000
1787508180,2439.9,2440.34,2439.43,2439.7,29.35710000
1787508240,2439.73,2439.96,2439.32,2439.64,29.95450000
1787508300,2439.65,2440.19,2438.66,2439.16,81.65300000
1787508360,2439.16,2439.87,2436.58,2437.94,56.06970000
1787508420,2437.95,2438.29,2435.06,2435.31,74.91460000
1787508480,2435.28,2436.74,2435.01,2436.35,67.83140000
1787508540,2436.36,2440.11,2436.36,2440.11,49.41200000
1787508600,2440.4,2442.89,2439.81,2442.89,99.92550000
1787508660,2442.89,2445.2,2442.82,2443.89,215.62020000
1787508720,2443.89,2448.95,2443.89,2448.95,177.81840000
1787508780,2448.96,2449.38,2446.27,2446.46,144.97200000
1787508840,2446.46,2447.78,2445.17,2445.18,133.14310000
1787508900,2445.17,2447.78,2444.82,2447.58,67.65310000
1787508960,2447.58,2448.06,2446.51,2447.2,165.64460000
1787509020,2447.05,2448.6,2447.04,2447.4,198.45830000
1787509080,2447.4,2447.71,2445.81,2446.51,169.48720000
1787509140,2446.51,2446.65,2444.25,2445.02,195.47520000
1787509200,2445.03,2446.65,2444.44,2446.33,138.28210000
1787509260,2446.33,2447.2,2446.11,2447.2,3.88530000
1787509320,2447.18,2447.18,2445.3,2445.3,2.85660000
1787509380,2445.26,2446.6,2444.32,2446.56,25.91250000
1787509440,2446.24,2446.44,2446.22,2446.22,1.99440000
1787509500,2446.18,2446.7,2445.58,2446.68,27.07820000
1787509560,2446.79,2447.12,2446.79,2446.99,76.35260000
1787509620,2447,2447.45,2446.85,2446.86,103.00940000
1787509680,2446.96,2448.5,2446.92,2447.38,71.71500000
1787509740,2447.52,2447.96,2446.63,2446.63,70.70400000
1787509800,2446.62,2447.14,2446.51,2446.74,66.26140000
1787509860,2446.75,2446.75,2445,2446.26,87.77790000
1787509920,2446.26,2446.26,2445.17,2445.59,74.54420000
1787509980,2445.52,2445.52,2444.66,2445.1,50.20480000
1787510040,2445.07,2445.53,2444.39,2444.39,62.53720000
1787510100,2444.38,2447.2,2444.38,2447.2,52.05260000
1787510160,2447.25,2447.25,2446.27,2447.15,74.88970000
1787510220,2447.18,2448.06,2447.18,2447.99,28.25620000
1787510280,2447.99,2448.15,2447.6,2447.6,48.32040000
1787510340,2447.44,2447.44,2445.89,2445.89,54.45390000
1787510400,2445.9,2447.8,2445.9,2447.8,35.44860000
1787510460,2447.84,2448.42,2447.84,2448,63.62390000
1787510520,2448,2448,2447.03,2447.15,77.19430000
1787510580,2447.15,2447.82,2447.15,2447.52,80.13270000
1787510640,2447.56,2447.72,2447.39,2447.52,41.76990000
1787510700,2447.52,2447.56,2445.47,2446.48,104.08950000
1787510760,2446.47,2446.48,2445.64,2446.14,38.23990000
1787510820,2446.14,2446.26,2444.95,2444.95,61.47350000
1787510880,2445.09,2445.76,2445.09,2445.75,81.71210000
1787510940,2445.76,2446.19,2445.76,2446.07,51.14630000
1787511000,2446.08,2446.62,2445.19,2445.19,58.29340000
1787511060,2445.18,2445.89,2445.17,2445.89,99.71180000
1787511120,2445.89,2447.03,2445.84,2446.99,96.71490000
1787511180,2446.99,2447.02,2445.98,2446.59,109.27450000
1787511240,2446.59,2446.84,2446.54,2446.84,122.02630000
1787511300,2446.83,2448.5,2446.83,2448.5,114.97540000
1787511360,2448.5,2448.58,2446.99,2447,106.45440000
1787511420,2447,2447.61,2447,2447.09,53.89940000
1787511480,2447.1,2448.5,2447.1,2448.43,84.41490000
1787511540,2448.47,2449.15,2448.46,2448.65,74.35590000
1787511600,2448.65,2449.4,2448.21,2449.16,78.31050000
1787511660,2449.16,2450.12,2446.9,2448.22,118.87550000
1787511720,2448.23,2449.52,2447.2,2447.55,107.24470000
1787511780,2447.55,2448.06,2447.54,2447.57,87.02020000
1787511840,2447.58,2449.52,2447.51,2447.51,87.53500000
1787511900,2447.52,2447.9,2446.98,2447.19,123.45030000
1787511960,2447.35,2447.67,2447.16,2447.17,117.82850000
1787512020,2447.16,2447.17,2446.96,2446.97,103.95150000
1787512080,2446.96,2446.96,2446.44,2446.53,88.20310000
1787512140,2446.52,2446.52,2445.53,2445.53,76.41410000
1787512200,2445.53,2445.66,2445.08,2445.08,88.05930000
1787512260,2445,2445.01,2441.63,2441.72,92.33120000
1787512320,2441.75,2442.07,2441.6,2441.96,78.08520000
1787512380,2441.96,2443,2441.59,2442.99,53.43200000
1787512440,2443,2443.27,2443,2443.18,46.98870000
1787512500,2443.18,2443.45,2441.18,2443.43,52.51860000
1787512560,2443.57,2443.71,2443,2443.71,50.61830000
1787512620,2443.71,2444.27,2443.71,2444.27,29.04830000
1787512680,2444.26,2444.55,2444,2444.55,58.12520000
1787512740,2444.55,2444.55,2444.54,2444.55,2.49380000
1787512800,2444.54,2444.66,2444.54,2444.66,12.42760000
1787512860,2444.66,2445.06,2444.66,2444.94,24.06500000
1787512920,2444.95,2444.96,2443.72,2443.72,35.12490000
1787512980,2443.73,2444.62,2443.72,2444.62,45.62620000
1787513040,2444.61,2444.62,2443.64,2443.65,27.48050000
1787513100,2443.65,2443.94,2443.08,2443.08,27.49350000
1787513160,2443.19,2443.47,2443.18,2443.46,23.46980000
1787513220,2443.47,2443.49,2441.56,2442.42,29.25260000
1787513280,2442.41,2442.41,2441.97,2442.05,24.56430000
1787513340,2442.06,2443,2442.06,2443,9.07150000
1787513400,2442.99,2442.99,2442.16,2442.17,38.47400000
1787513460,2442.17,2442.17,2440.69,2440.69,24.43370000
1787513520,2440.85,2441.21,2440.52,2440.52,23.76930000
1787513580,2440.52,2441.84,2437.59,2441.24,63.72460000
1787513640,2440.84,2442.8,2440.84,2442.8,23.73930000
1787513700,2442.68,2442.68,2441.91,2442.54,43.01630000
1787513760,2442.57,2443.72,2442.44,2443.63,76.43330000
1787513820,2443.64,2444.08,2443.64,2443.78,62.17470000
1787513880,2443.77,2444.26,2443.29,2444.26,33.95150000
1787513940,2444.34,2444.81,2443.77,2444.81,59.00640000
1787514000,2444.81,2447.09,2444.81,2447.09,24.57590000
1787514060,2447.08,2447.08,2445.32,2445.89,50.27370000
1787514120,2445.94,2445.94,2444.82,2445.08,23.10650000
1787514180,2445.12,2447.2,2445.12,2446.93,39.83160000
1787514240,2447.01,2448.24,2447,2448.01,50.71150000
1787514300,2448,2454.4,2447.81,2450.22,132.10350000
1787514360,2450.24,2451.96,2450.24,2450.98,72.03610000
1787514420,2450.98,2450.98,2450.29,2450.98,45.28680000
1787514480,2450.97,2451.16,2450.65,2451.15,48.46940000
1787514540,2451.01,2451.01,2449.92,2449.92,20.52920000
1787514600,2449.93,2449.93,2449.21,2449.24,138.59130000
1787514660,2449.25,2449.51,2449.08,2449.38,183.19530000
1787514720,2449.38,2449.39,2447.72,2447.72,214.80220000
1787514780,2447.71,2447.82,2447.53,2447.67,181.94120000
1787514840,2447.66,2447.88,2447.5,2447.51,165.08470000
1787514900,2447.51,2447.51,2446.82,2446.82,87.53590000
1787514960,2446.73,2446.74,2446.1,2446.16,72.29350000
1787515020,2446.16,2446.16,2445.58,2445.72,39.70400000
1787515080,2445.72,2446.42,2445.71,2445.71,43.44060000
1787515140,2445.71,2445.71,2445.01,2445.01,32.90070000
1787515200,2445,2445.01,2443.37,2444.66,73.04870000
1787515260,2444.64,2444.64,2442,2442.19,45.56770000
1787515320,2442.33,2442.61,2438.42,2438.42,72.40460000
1787515380,2438.42,2440.27,2436.43,2439.07,54.26640000
1787515440,2438.99,2439.25,2436.64,2437.08,40.06180000
1787515500,2437.28,2439.44,2437.28,2439.28,106.57210000
1787515560,2439.07,2439.07,2436.71,2437.2,129.87480000
1787515620,2437.22,2439.01,2437.22,2438.93,143.07030000
1787515680,2438.92,2440.2,2438.92,2440.18,148.32240000
1787515740,2440.18,2440.36,2440.18,2440.35,101.44030000
1787515800,2440.36,2441.63,2440.35,2441.39,75.20290000
1787515860,2441.39,2441.52,2440.86,2441.51,70.74150000
1787515920,2441.51,2441.91,2441.14,2441.91,69.12110000
1787515980,2441.9,2441.9,2440.88,2441.36,63.67790000
1787516040,2441.51,2441.76,2441.19,2441.3,31.20890000
1787516100,2441.3,2441.54,2440.8,2440.8,19.03300000
1787516160,2440.76,2441.59,2440.76,2441.48,16.93820000
1787516220,2441.49,2442.42,2441.49,2442.42,36.18090000
1787516280,2442.46,2442.77,2441.39,2442.4,47.79750000
1787516340,2442.46,2442.57,2441.97,2442.57,35.33850000
1787516400,2442.57,2445.12,2442.57,2445.12,31.18650000
1787516460,2445.17,2445.85,2444.67,2445.85,4.94990000
1787516520,2445.86,2446.29,2445.66,2445.89,5.15450000
1787516580,2445.89,2445.89,2445.13,2445.32,0.19520000
1787516640,2445.28,2447.06,2445.2,2447.06,8.15640000
1787516700,2447.11,2447.91,2446.26,2447.91,21.59830000
1787516760,2447.91,2447.98,2447.89,2447.96,27.38380000
1787516820,2447.96,2448.92,2447.07,2447.95,66.72260000
1787516880,2448.07,2448.32,2447.84,2447.87,18.08890000
1787516940,2447.86,2447.87,2445.62,2445.62,32.80650000
1787517000,2445.64,2446.39,2445.64,2446.34,40.16360000
1787517060,2446.34,2447.45,2446.34,2447.45,89.62780000
1787517120,2447.62,2448.39,2447.59,2448.39,82.73830000
1787517180,2448.42,2448.42,2447.35,2447.35,59.96260000
1787517240,2447.36,2447.84,2447.2,2447.37,58.56580000
1787517300,2447.38,2447.72,2447.38,2447.72,35.20210000
1787517360,2447.72,2447.72,2446.64,2447.32,63.32910000
1787517420,2447.35,2447.82,2447,2447.8,59.55250000
1787517480,2447.6,2448.93,2447.6,2448.93,35.17760000
1787517540,2448.92,2448.92,2448.28,2448.63,41.61310000
1787517600,2448.62,2448.88,2448.24,2448.44,46.20350000
1787517660,2448.44,2448.8,2447.9,2448.48,48.61840000
1787517720,2448.5,2448.62,2448.44,2448.62,48.38170000
1787517780,2448.65,2448.93,2448.65,2448.93,22.36280000
1787517840,2448.95,2449.83,2448.94,2449.48,32.30650000
1787517900,2449.64,2449.64,2446.98,2447.92,81.85500000
1787517960,2447.93,2448.43,2447.2,2448.43,50.26390000
1787518020,2448.43,2448.8,2448.2,2448.8,45.72380000
1787518080,2448.8,2449.16,2448.44,2449.03,44.51180000
1787518140,2449.03,2449.15,2447.36,2447.94,48.79420000
1787518200,2447.94,2448.41,2447.94,2448.41,68.41760000
1787518260,2448.43,2449.69,2448.22,2449.69,66.50630000
1787518320,2449.71,2449.71,2448.43,2448.82,89.46830000
1787518380,2448.82,2449.31,2448.43,2449.21,77.16170000
1787518440,2449.22,2449.3,2448.36,2448.94,60.84010000
1787518500,2448.93,2449,2448.85,2448.94,76.61090000
1787518560,2448.96,2450.42,2448.96,2450.12,64.36060000
1787518620,2450.11,2450.12,2449.39,2449.39,78.98130000
1787518680,2449.39,2449.77,2449.3,2449.36,41.13650000
1787518740,2449.36,2449.91,2449.36,2449.91,71.87380000
1787518800,2449.99,2451.6,2449.99,2451.6,35.43620000
1787518860,2451.59,2454.7,2450.91,2454.18,68.14130000
1787518920,2454.17,2456.2,2454.17,2455.75,83.20520000
1787518980,2455.4,2464.2,2455.08,2460.87,201.38080000
1787519040,2461.19,2466.4,2460.33,2465.64,138.02090000
1787519100,2465.88,2465.88,2462.7,2463.46,149.52510000
1787519160,2463.42,2463.49,2461.27,2462.96,255.40890000
1787519220,2463.01,2463.01,2460.28,2460.28,257.79750000
1787519280,2460.28,2464.22,2459.76,2463.42,386.60440000
1787519340,2463.43,2469.48,2463.42,2465.13,355.87220000
1787519400,2465.2,2465.2,2461.84,2463.43,250.72640000
1787519460,2463.42,2466.64,2463.05,2463.19,213.57450000
1787519520,2463.24,2464.14,2462.73,2464.14,236.75210000
1787519580,2464.15,2467.03,2463.77,2464.74,217.56900000
1787519640,2464.75,2465.86,2462.83,2465.84,252.87350000
1787519700,2465.84,2468.18,2465.84,2466.7,175.86680000
1787519760,2466.55,2475.97,2466.4,2474.32,356.83940000
1787519820,2474.14,2474.71,2471.35,2471.59,250.43090000
1787519880,2471.69,2475.12,2470.58,2474.6,198.69900000
1787519940,2474.6,2474.83,2471.91,2474.1,219.51800000
1787520000,2474.1,2474.99,2472.29,2474.99,400.24040000
1787520060,2474.9,2474.91,2471.55,2472.54,314.66990000
1787520120,2472.54,2473.99,2469.98,2470.21,247.24370000
1787520180,2470.14,2472.53,2468.22,2472.53,321.46060000
1787520240,2472.54,2472.6,2470.06,2470.51,297.17320000
1787520300,2470.56,2470.71,2468.58,2470.19,170.60510000
1787520360,2470.25,2473.4,2470.25,2472.66,164.44310000
1787520420,2472.62,2472.62,2469.24,2470.88,240.72750000
1787520480,2470.89,2474.87,2470.89,2474.52,170.70340000
1787520540,2474.51,2479.51,2473.8,2477.18,184.26100000
1787520600,2477.11,2482.89,2477.11,2479.32,256.96170000
1787520660,2479.18,2480.93,2477.16,2480.65,205.56520000
1787520720,2480.66,2482.96,2480,2482.25,189.21780000
1787520780,2482.18,2483.95,2481.59,2483.84,207.43740000
1787520840,2483.83,2485.09,2478.89,2478.89,235.74020000
1787520900,2478.78,2478.78,2464.78,2467.11,282.38070000
1787520960,2466.89,2473.72,2466.89,2473.45,271.08820000
1787521020,2473.45,2473.95,2468.95,2468.95,296.84640000
1787521080,2468.95,2469.9,2466.34,2468.59,267.72670000
1787521140,2468.9,2469.08,2459.45,2461.71,325.16760000
1787521200,2461.79,2464.34,2460.37,2462.36,139.29390000
1787521260,2462.4,2463.41,2460.48,2462.06,227.84110000
1787521320,2461.88,2464.16,2461.8,2462.74,141.83690000
1787521380,2462.67,2462.67,2460.73,2461.98,176.13050000
1787521440,2461.95,2462.78,2461.23,2461.58,154.42680000
1787521500,2461.62,2467.36,2461.62,2466.57,182.80130000
1787521560,2466.57,2467.99,2466.37,2467.06,98.28950000
1787521620,2467,2468.28,2464.9,2464.9,135.13080000
1787521680,2464.9,2466.87,2464.9,2466.87,117.21590000
1787521740,2466.87,2468.43,2466.37,2467.48,131.71200000
1787521800,2467.52,2468.81,2466.8,2468.81,110.82270000
1787521860,2468.8,2471.78,2468.22,2471.58,123.38670000
1787521920,2471.8,2472.47,2471.43,2471.43,101.30130000
1787521980,2471.43,2478.95,2471.43,2478.04,168.01820000
1787522040,2477.96,2477.96,2473.4,2473.98,158.33050000
1787522100,2474.05,2474.05,2470.43,2470.5,89.63740000
1787522160,2470.5,2472.8,2470.38,2472.64,182.69830000
1787522220,2472.64,2473.06,2469.98,2469.98,136.26100000
1787522280,2469.97,2469.97,2466.27,2468.09,153.72330000
1787522340,2468.09,2471.12,2468.09,2469.92,242.23090000
1787522400,2469.93,2474.51,2468.04,2473.79,377.83660000
1787522460,2473.79,2473.79,2457.26,2462.88,180.93180000
1787522520,2463.19,2464.29,2458.59,2460.12,207.47600000
1787522580,2460.13,2461.58,2456.6,2457.5,163.34940000
1787522640,2457.58,2459.88,2455.11,2459.88,165.00110000
1787522700,2459.87,2462.67,2457,2458.67,139.09740000
1787522760,2458.93,2459.58,2457.22,2458.5,215.84650000
1787522820,2458.58,2460.85,2457.78,2459.75,244.13350000
1787522880,2459.75,2461.58,2459.56,2461.11,288.34820000
1787522940,2461.11,2463.36,2460.45,2462.25,222.46260000
1787523000,2462.25,2464.89,2461.58,2463.44,281.94790000
1787523060,2463.44,2465.62,2462.54,2462.79,129.22920000
1787523120,2462.79,2464.78,2462.78,2463.03,152.21600000
1787523180,2463.03,2464.11,2461.83,2462.67,173.41920000
1787523240,2462.68,2463.79,2460.58,2463.47,154.42470000
1787523300,2463.46,2463.46,2460.92,2462.73,118.89460000
1787523360,2462.69,2466.22,2462.53,2466.22,100.52360000
1787523420,2466.21,2466.21,2458.28,2459.66,129.99650000
1787523480,2459.74,2462.03,2459.74,2461.68,96.26390000
1787523540,2461.68,2464.52,2461.67,2464.52,122.88390000
1787523600,2464.52,2465.12,2463.28,2464.58,60.29610000
1787523660,2464.74,2464.92,2463.43,2463.43,8.08110000
1787523720,2463.42,2464.53,2462.22,2463.36,23.58210000
1787523780,2463.32,2464.53,2462.98,2463.73,15.51690000
1787523840,2463.74,2464.45,2462.81,2463.87,9.80760000
1787523900,2463.95,2464.49,2463.25,2464,43.45680000
1787523960,2463.96,2463.96,2461.95,2462.01,56.70660000
1787524020,2462,2465.7,2461.37,2465.48,73.07260000
1787524080,2465.46,2467.39,2463.06,2463.16,43.56360000
1787524140,2463.16,2463.16,2460.36,2460.55,71.13490000
1787524200,2460.36,2461.81,2459.68,2461.21,87.93640000
1787524260,2461.22,2463.05,2461,2461.14,54.41570000
1787524320,2460.86,2461.57,2460.48,2460.7,57.68280000
1787524380,2460.66,2460.7,2458.33,2459.28,80.99350000
1787524440,2459.28,2460.38,2457.83,2459.99,82.59390000
1787524500,2460.04,2461.58,2459.19,2459.75,92.47060000
1787524560,2459.75,2459.75,2457.69,2458.58,68.87410000
1787524620,2458.42,2458.58,2456.85,2457.23,59.28300000
1787524680,2457.26,2457.55,2456.16,2457.55,87.70920000
1787524740,2457.56,2461.57,2457.56,2461.12,105.94090000
1787524800,2461.13,2461.57,2459.59,2459.59,75.47350000
1787524860,2459.72,2460.62,2457.2,2457.69,70.08820000
1787524920,2457.32,2459.38,2457.32,2459.38,104.07050000
1787524980,2459.5,2459.82,2459.02,2459.37,83.51380000
1787525040,2459.36,2459.44,2458.69,2459.08,64.94390000
1787525100,2459.04,2459.38,2456.1,2456.1,124.47150000
1787525160,2456.84,2459.91,2456.84,2459.7,97.42790000
1787525220,2459.66,2460.52,2459.54,2460.11,99.84100000
1787525280,2460.12,2461.16,2459.26,2461.03,104.74740000
1787525340,2461.03,2461.22,2460.13,2460.97,108.97460000
1787525400,2460.98,2461.32,2458.69,2458.8,59.04770000
1787525460,2458.79,2460.03,2457.97,2459.87,70.17490000
1787525520,2459.86,2460.75,2457.93,2457.93,132.74060000
1787525580,2457.92,2458.64,2457.55,2457.65,111.69240000
1787525640,2457.7,2458.4,2456.59,2457.18,116.58110000
1787525700,2457.15,2457.43,2456.29,2456.29,64.65750000
1787525760,2456.3,2456.36,2454.16,2454.98,89.28490000
1787525820,2454.99,2454.99,2453.23,2453.24,134.52910000
1787525880,2453.37,2454.26,2452.1,2454.26,90.87710000
1787525940,2454.3,2455.89,2454.12,2455.19,107.94920000
1787526000,2454.99,2455.86,2453.91,2455.24,179.12550000
1787526060,2455.23,2455.23,2452.8,2452.8,149.98950000
1787526120,2452.8,2452.8,2449.53,2450.26,227.95380000
1787526180,2450.25,2450.4,2446.73,2447.34,171.36240000
1787526240,2447.34,2450.81,2446.86,2449.35,101.68660000
1787526300,2449.34,2450.41,2448.07,2448.92,105.05910000
1787526360,2448.91,2448.91,2442,2447.25,231.55140000
1787526420,2447.24,2450.03,2447.24,2448.67,170.94450000
1787526480,2448.83,2450.98,2448.82,2449.81,157.37600000
1787526540,2449.82,2452.38,2449.82,2452,114.10280000
1787526600,2452.1,2454.51,2449.14,2449.57,161.37560000
1787526660,2449.58,2449.82,2446.42,2446.42,248.62850000
1787526720,2446.6,2447.93,2446.26,2447.71,183.76540000
1787526780,2447.7,2449.15,2447.09,2449.15,211.85560000
1787526840,2449.16,2449.51,2448.01,2448.8,200.88920000
1787526900,2448.8,2449.42,2448.11,2449.42,169.57000000
1787526960,2449.52,2451.98,2449.52,2451.33,137.69220000
1787527020,2451.1,2453.6,2450.83,2452.11,123.70620000
1787527080,2452.1,2456.71,2451.99,2456.69,166.69820000
1787527140,2456.46,2457.25,2453.9,2454.28,155.67440000
1787527200,2454.26,2454.54,2452.91,2454.54,136.90230000
1787527260,2454.54,2454.54,2452.44,2452.64,137.40350000
1787527320,2452.63,2452.8,2451.71,2452.18,109.53490000
1787527380,2452.15,2452.15,2449.99,2451.07,107.52630000
1787527440,2451.07,2452.06,2450.63,2450.84,129.53860000
1787527500,2450.88,2451.68,2448.85,2450.41,104.93320000
1787527560,2450.61,2452.35,2449.65,2452.35,78.10150000
1787527620,2452.42,2454.09,2452.38,2453.31,79.75120000
1787527680,2453.31,2454.29,2453.13,2454.29,50.24150000
1787527740,2454.28,2459.64,2454.12,2458.42,140.39020000
1787527800,2458.66,2468.58,2458.25,2465.52,335.06020000
1787527860,2465.51,2470.57,2464.17,2470.08,300.69650000
1787527920,2469.92,2470.06,2463.94,2464.67,239.18380000
1787527980,2464.7,2464.97,2462.11,2462.84,241.25430000
1787528040,2462.84,2463.51,2460,2461.45,275.80120000
1787528100,2461.44,2464.42,2460.58,2460.59,461.25850000
1787528160,2460.59,2461.39,2459.37,2459.37,335.74250000
1787528220,2459.34,2460.85,2458.36,2458.36,370.37690000
1787528280,2458.36,2459.02,2456.5,2456.5,364.18230000
1787528340,2457.03,2457.03,2454.55,2455.94,344.33550000
1787528400,2455.94,2457.41,2454.7,2457.32,271.92000000
1787528460,2457.32,2457.32,2455.05,2455.07,198.63410000
1787528520,2455.31,2455.5,2452.26,2452.91,266.11880000
1787528580,2452.91,2454.17,2452.1,2452.1,283.21290000
1787528640,2452.1,2454.47,2448.85,2454.1,251.18920000
1787528700,2453.95,2454.98,2453.73,2454.11,133.29570000
1787528760,2454.12,2457.14,2454.12,2456.97,222.84560000
1787528820,2456.98,2457.84,2456.6,2456.61,196.15040000
1787528880,2456.61,2457.59,2456.61,2457.24,144.49360000
1787528940,2457.24,2457.76,2456.53,2457.76,228.15390000
1787529000,2457.76,2459.13,2457.67,2459.12,151.20640000
1787529060,2459.13,2466.14,2459.13,2462.6,239.35310000
1787529120,2462.32,2462.32,2460.48,2461.24,85.61950000
1787529180,2461.22,2461.22,2459.76,2459.77,99.29240000
1787529240,2459.77,2462.32,2459.45,2462.06,114.91970000
1787529300,2461.95,2464.67,2461.87,2463.87,253.62750000
1787529360,2463.86,2463.86,2462.33,2462.33,219.50310000
1787529420,2462.32,2465.24,2462.3,2464.17,221.17110000
1787529480,2464.27,2464.74,2463.11,2463.11,223.14490000
1787529540,2463.1,2463.36,2462.28,2463.36,264.75080000
1787529600,2463.42,2463.68,2462.34,2463.57,193.50470000
1787529660,2463.62,2463.72,2461.61,2462.26,142.81460000
1787529720,2462.27,2462.27,2460.49,2460.87,138.83760000
1787529780,2461.19,2461.2,2459.76,2460.06,128.04370000
1787529840,2460.06,2460.06,2456.98,2457.3,130.57830000
1787529900,2457.31,2459.7,2457.21,2457.22,162.70960000
1787529960,2457.55,2457.55,2454.01,2454.01,140.08240000
1787530020,2454,2456.28,2453.02,2453.02,141.61560000
1787530080,2453.22,2456.54,2453.22,2456.3,123.62290000
1787530140,2456.3,2460.76,2456.22,2460.76,149.50060000
1787530200,2460.68,2460.75,2457.99,2460.75,115.78190000
1787530260,2460.74,2460.91,2457.42,2459,132.26410000
1787530320,2459.02,2460.32,2458.9,2460.22,124.42070000
1787530380,2460.22,2460.22,2459.04,2459.04,128.58310000
1787530440,2459.03,2459.03,2457.2,2459.03,193.55460000
1787530500,2458.84,2459.74,2457.54,2457.54,57.22440000
1787530560,2457.55,2457.58,2455.97,2456.3,115.18800000
1787530620,2456.38,2456.53,2453.53,2454.63,99.52530000
1787530680,2454.6,2458.43,2453.38,2458.02,110.06420000
1787530740,2458.02,2458.65,2455.59,2456.43,77.00760000
1787530800,2456.62,2456.63,2453.53,2454.42,49.42680000
1787530860,2454.49,2454.49,2450.77,2450.77,36.42340000
1787530920,2450.72,2452.04,2450.43,2452.04,31.88450000
1787530980,2452.07,2452.8,2451.24,2452.61,34.62590000
1787531040,2452.61,2452.62,2451.26,2451.56,10.46930000
1787531100,2451.52,2451.52,2448.15,2449.2,43.50640000
1787531160,2449.24,2449.56,2446.89,2447.92,165.63360000
1787531220,2447.91,2447.95,2443.66,2447.5,190.09330000
1787531280,2447.57,2450.41,2447.57,2450.41,194.73050000
1787531340,2450.61,2451.71,2449.91,2451.21,112.35500000
1787531400,2451.22,2453.23,2449.92,2450.46,76.80920000
1787531460,2450.5,2452.56,2450.5,2451.72,241.50910000
1787531520,2451.72,2454.1,2451.71,2453.94,228.74300000
1787531580,2453.95,2455.88,2453.9,2455.88,193.80550000
1787531640,2455.88,2456.8,2454.73,2456.79,191.96850000
1787531700,2456.54,2459.98,2454.91,2459.98,240.63280000
1787531760,2459.9,2459.98,2454.99,2454.99,153.01610000
1787531820,2454.99,2456.75,2454.92,2456.06,143.06930000
1787531880,2456.02,2456.02,2454.26,2454.51,121.75620000
1787531940,2454.56,2455.46,2452.05,2452.32,157.79620000
1787532000,2452.38,2453.43,2451.44,2452.5,49.01500000
1787532060,2452.51,2453.32,2451.76,2452.36,147.52030000
1787532120,2452.28,2452.8,2451.58,2451.63,230.19030000
1787532180,2451.63,2451.65,2449.52,2449.52,202.58710000
1787532240,2449.53,2449.78,2444.4,2445.51,161.09810000
1787532300,2445.56,2449.51,2442.38,2448.58,179.28910000
1787532360,2448.47,2448.47,2443.12,2445.66,114.46500000
1787532420,2445.68,2446.75,2445.03,2446.52,159.66700000
1787532480,2446.42,2453.66,2445.89,2453.18,254.06350000
1787532540,2452.67,2452.67,2449.21,2451.7,111.37290000
1787532600,2451.71,2455.04,2451.71,2453.34,185.02370000
1787532660,2453.26,2457.25,2453.1,2454.44,216.49920000
1787532720,2454.44,2457.92,2454.44,2457.28,267.31390000
1787532780,2457.19,2458.35,2457.19,2457.98,261.27230000
1787532840,2457.73,2458.26,2456.82,2458.08,202.03710000
1787532900,2458.05,2458.4,2456.33,2458.32,202.61080000
1787532960,2458.22,2459.74,2457.58,2459.14,126.26320000
1787533020,2459.34,2460.78,2459.34,2460.55,117.74300000
1787533080,2460.56,2462.63,2460.56,2462.63,163.56190000
1787533140,2462.62,2465.79,2462.4,2465.08,115.94100000
1787533200,2465.1,2465.93,2461.14,2461.25,148.56500000
1787533260,2461.26,2462.46,2460.73,2460.73,144.53150000
1787533320,2460.73,2461.04,2458.53,2460.02,127.02120000
1787533380,2459.87,2462.31,2458.67,2462.31,155.49370000
1787533440,2462,2466.64,2461.63,2463,192.28510000
1787533500,2463.05,2464.16,2459.84,2460.83,146.35390000
1787533560,2460.83,2462.4,2459.96,2459.96,210.72110000
1787533620,2459.92,2459.92,2458.64,2458.65,212.22740000
1787533680,2458.64,2458.64,2456.5,2456.74,165.59390000
1787533740,2456.72,2456.72,2453.99,2454.84,219.17960000
1787533800,2454.84,2456.39,2454.27,2456.39,155.56500000
1787533860,2456.39,2458.88,2455.53,2458.87,196.17980000
1787533920,2458.85,2459.56,2456.64,2457.15,199.97200000
1787533980,2457.36,2457.92,2456.52,2457.31,180.21900000
1787534040,2457.32,2457.52,2453.94,2454.03,209.11190000
1787534100,2454.02,2454.02,2449.86,2450.82,153.08500000
1787534160,2450.84,2452.27,2449.64,2452.27,134.58050000
1787534220,2452.44,2453.52,2450.04,2451.14,78.66960000
1787534280,2451.14,2453.09,2450.01,2452.06,93.81450000
1787534340,2452.05,2454.26,2451.71,2451.72,87.97980000
1787534400,2451.72,2451.72,2448.44,2448.6,270.98910000
1787534460,2448.61,2449.89,2444.52,2449.89,304.57390000
1787534520,2449.93,2451.44,2449.18,2451.44,115.79520000
1787534580,2451.44,2451.63,2448.58,2448.58,142.05050000
1787534640,2448.44,2449.14,2442.91,2444.32,268.24870000
1787534700,2444.08,2448.94,2444.05,2448.06,200.88520000
1787534760,2448.06,2448.54,2446.27,2446.59,240.69520000
1787534820,2446.6,2446.98,2444.81,2445.46,161.14200000
1787534880,2445.46,2446.52,2444.45,2445.34,234.37930000
1787534940,2445.35,2446.04,2444.8,2444.81,215.98290000
1787535000,2444.81,2444.85,2442.91,2442.91,136.91460000
1787535060,2442.91,2445.36,2442.91,2445.16,108.35460000
1787535120,2445.13,2448.06,2444.82,2447.87,168.93590000
1787535180,2447.88,2448.6,2446.69,2448.24,132.39250000
1787535240,2448.25,2449.51,2448.24,2449.14,144.98950000
1787535300,2449.14,2449.45,2444.77,2444.77,92.08650000
1787535360,2444.73,2444.73,2437.91,2441.2,202.46470000
1787535420,2441.2,2441.39,2436.59,2437.56,221.33340000
1787535480,2437.55,2439.45,2435,2436.18,135.14900000
1787535540,2436.26,2440.2,2436.26,2440.2,129.85360000
1787535600,2440.44,2441.54,2440.44,2440.85,299.16340000
1787535660,2440.86,2441.02,2439.38,2440.86,303.83510000
1787535720,2440.9,2442.08,2440.48,2441.68,387.62610000
1787535780,2441.56,2441.79,2439.76,2440.14,353.12560000
1787535840,2440.11,2440.23,2438.31,2439.3,371.07540000
1787535900,2439.26,2440.1,2435.42,2438.66,245.61480000
1787535960,2438.63,2441.21,2438.62,2439.71,143.71200000
1787536020,2439.67,2440.11,2435.58,2436.05,187.80430000
1787536080,2436.44,2438.56,2436.18,2437.92,158.16860000
1787536140,2437.92,2438.94,2435.66,2437.44,158.89590000
1787536200,2437.36,2437.93,2435.78,2436.68,208.21440000
1787536260,2436.86,2437.54,2434,2434.22,231.18570000
1787536320,2434.22,2436.04,2434.22,2435.78,164.78800000
1787536380,2435.79,2437.94,2433.51,2437.26,257.70360000
1787536440,2437.18,2437.19,2435.42,2436.62,154.10270000
1787536500,2436.85,2437.17,2432.99,2434.31,209.77710000
1787536560,2434.11,2434.43,2430.69,2433.27,278.27320000
1787536620,2433.27,2433.27,2428.46,2430.47,244.53920000
1787536680,2430.3,2432.01,2427.49,2431.34,239.92470000
1787536740,2431.34,2431.39,2429.05,2429.37,267.00470000
1787536800,2429.16,2431.82,2427.31,2427.72,242.48360000
1787536860,2427.72,2429.33,2426.73,2426.88,239.99060000
1787536920,2426.88,2428.37,2424.75,2428.37,303.43950000
1787536980,2428.41,2428.61,2425.25,2426.46,262.71100000
1787537040,2426.47,2435.03,2426.47,2434.75,287.06280000
1787537100,2434.58,2437.49,2433.99,2436.46,213.85110000
1787537160,2436.46,2437.48,2432.56,2432.56,229.24600000
1787537220,2432.56,2434.7,2432.56,2433.71,281.73710000
1787537280,2433.98,2435.06,2433.27,2435.06,282.16390000
1787537340,2435.05,2436.09,2434.99,2435.77,288.24320000
1787537400,2435.64,2436.14,2434.12,2436.14,225.13880000
1787537460,2436.28,2438.58,2435.51,2438.5,150.75020000
1787537520,2438.44,2439.88,2438.3,2439.87,193.98090000
1787537580,2439.82,2444.06,2439.74,2444.06,222.06740000
1787537640,2444.08,2445.88,2443.01,2443.67,185.49490000
1787537700,2443.72,2446.84,2443.72,2445.75,523.65580000
1787537760,2445.76,2448.16,2445.76,2447.74,270.31220000
1787537820,2447.74,2447.96,2446.26,2446.27,177.61010000
1787537880,2446.27,2447.58,2445.74,2447.58,323.79410000
1787537940,2447.57,2449.68,2447.57,2449.68,375.18760000
1787538000,2449.69,2449.81,2448.36,2448.36,35.20230000
1787538060,2448.23,2449.67,2447.68,2449.14,22.87510000
1787538120,2449.14,2449.62,2447.37,2447.76,19.81340000
1787538180,2447.66,2447.66,2445.4,2447.23,28.81080000
1787538240,2447.34,2447.79,2446.24,2447.42,25.90820000
1787538300,2447.58,2448.79,2447.58,2448.12,31.81220000
1787538360,2448.13,2449.08,2448.07,2448.42,58.94040000
1787538420,2448.42,2448.42,2446.1,2447.5,76.39180000
1787538480,2447.5,2447.87,2445.8,2446.3,85.40660000
1787538540,2446.28,2447.32,2445.79,2447.32,15.83020000
1787538600,2447.35,2448.15,2446.83,2448,68.20520000
1787538660,2448.01,2449.15,2447.44,2447.44,31.09800000
1787538720,2447.41,2449.79,2446.88,2449.49,57.73280000
1787538780,2449.48,2451.51,2448.08,2449.56,79.10020000
1787538840,2449.49,2450.49,2448.8,2449.16,72.51030000
1787538900,2449.17,2450.03,2448.15,2448.24,111.43440000
1787538960,2448.24,2449.51,2448.18,2449,88.06490000
1787539020,2449,2449.72,2447.35,2447.35,122.41380000
1787539080,2447.52,2447.52,2445.47,2446.42,104.18200000
1787539140,2446.57,2446.7,2445.24,2446.34,64.55290000
1787539200,2446.41,2448.41,2445.02,2448.41,109.93530000
1787539260,2448.4,2448.41,2446.88,2446.92,76.84540000
1787539320,2446.93,2447.21,2446.39,2446.6,69.22270000
1787539380,2446.57,2446.62,2444.97,2445,117.41900000
1787539440,2445.1,2446.18,2445.1,2446.17,63.91760000
1787539500,2446.16,2446.16,2443.73,2443.77,70.35640000
1787539560,2443.75,2443.76,2440.55,2440.94,105.53260000
1787539620,2440.97,2442.07,2438.76,2438.81,111.97790000
1787539680,2438.93,2440.15,2435.79,2440.15,110.07490000
1787539740,2440.19,2441.33,2438.86,2441.33,126.65720000
1787539800,2441.32,2441.81,2440,2440,79.72450000
1787539860,2439.96,2441.26,2439.24,2439.24,142.99470000
1787539920,2439.17,2439.79,2437.22,2438.35,109.54240000
1787539980,2438.34,2440.32,2437.95,2440.05,136.84420000
1787540040,2440.04,2440.82,2439.02,2440.26,123.57810000
1787540100,2440.23,2444.67,2440.11,2444.61,156.34170000
1787540160,2444.68,2444.8,2444,2444,54.49450000
1787540220,2443.96,2443.96,2440.36,2441.28,71.66550000
1787540280,2441.44,2442.64,2441.3,2441.31,68.88320000
1787540340,2441.48,2443.72,2441.48,2443.72,58.13400000
1787540400,2443.72,2445.05,2442.84,2444.96,35.90170000
1787540460,2444.96,2445.02,2440.23,2440.3,119.34140000
1787540520,2440.31,2440.31,2438.88,2439.35,67.94290000
1787540580,2439.22,2440.12,2439.04,2440.12,86.64380000
1787540640,2440.11,2440.11,2439.03,2439.73,50.04680000
1787540700,2439.6,2439.6,2438.3,2438.44,101.46840000
1787540760,2438.43,2438.44,2437.39,2437.75,67.19790000
1787540820,2437.55,2438.48,2436.66,2437.7,98.33200000
1787540880,2437.99,2437.99,2435.96,2435.96,72.50030000
1787540940,2436.13,2437.26,2435.92,2437.26,80.18620000
1787541000,2437.56,2439.02,2437.56,2437.82,66.60610000
1787541060,2437.81,2437.81,2435.44,2435.62,49.72630000
1787541120,2435.7,2437.66,2435.57,2437.66,85.34530000
1787541180,2437.74,2438.38,2436.14,2436.15,92.31240000
1787541240,2436.39,2437.02,2435.55,2436.46,48.86260000
1787541300,2436.42,2436.5,2435.3,2435.3,114.78990000
1787541360,2435.3,2436.72,2433.78,2433.98,96.65670000
1787541420,2433.98,2436.57,2433.98,2436.43,57.74370000
1787541480,2436.42,2436.64,2435.78,2435.78,75.55690000
1787541540,2435.79,2436.49,2434.64,2435.77,52.98860000
1787541600,2435.76,2436.66,2435.59,2436.55,77.47760000
1787541660,2436.54,2436.54,2435.21,2435.66,91.78570000
1787541720,2435.78,2436.65,2435.78,2436.15,82.71000000
1787541780,2436.15,2440.74,2436.15,2439.93,149.17930000
1787541840,2439.93,2441.21,2439.11,2440.5,122.25350000
1787541900,2440.53,2444.14,2440.47,2440.61,128.22170000
1787541960,2440.62,2440.65,2439.59,2439.96,67.05490000
1787542020,2439.7,2439.7,2437.5,2437.85,62.09330000
1787542080,2437.84,2438.3,2437.22,2437.93,58.31960000
1787542140,2437.94,2437.94,2434.2,2434.2,103.29920000
1787542200,2434.16,2434.93,2426.67,2430.31,397.76490000
1787542260,2430.31,2431.1,2428.09,2430.24,140.75220000
1787542320,2430.24,2433.27,2427.31,2433.27,148.36740000
1787542380,2433.26,2433.89,2432.76,2432.8,96.31040000
1787542440,2432.8,2434.51,2432.79,2434.47,105.57500000
1787542500,2434.47,2434.55,2433.83,2434.1,189.73490000
1787542560,2434.09,2434.09,2431.13,2431.2,398.30460000
1787542620,2431.21,2435.28,2430.88,2435.28,406.78480000
1787542680,2435.28,2438.18,2435.03,2437.2,302.47320000
1787542740,2437.24,2438.18,2436.38,2436.74,340.75970000
1787542800,2436.75,2436.75,2434.71,2435.55,232.64050000
1787542860,2435.54,2436.57,2435.34,2435.64,210.02520000
1787542920,2435.64,2437.53,2435.64,2437.51,166.07890000
1787542980,2437.24,2437.46,2436.32,2436.92,147.63970000
1787543040,2436.88,2437.61,2435.26,2435.58,196.11160000
1787543100,2435.56,2439.45,2435.25,2439.02,173.96340000
1787543160,2439.02,2439.03,2437.8,2437.94,107.45030000
1787543220,2437.9,2437.9,2436.9,2437.58,74.51470000
1787543280,2437.62,2438.42,2437.48,2438.16,85.12390000
1787543340,2438.16,2438.16,2437.38,2437.76,95.73610000
1787543400,2437.84,2441.22,2437.84,2440.15,70.17200000
1787543460,2440.12,2440.12,2436.97,2437.58,111.61200000
1787543520,2437.57,2437.57,2436.18,2436.18,89.89450000
1787543580,2436.14,2436.14,2433.99,2433.99,109.69670000
1787543640,2433.99,2434.31,2432.88,2433.41,54.34190000
1787543700,2433.4,2433.64,2432.84,2433.44,110.39780000
1787543760,2433.41,2433.41,2431.53,2431.92,61.02110000
1787543820,2431.92,2432.18,2428.47,2428.47,56.78180000
1787543880,2428.34,2430.04,2428.12,2429.39,91.13330000
1787543940,2429.46,2430.68,2429.46,2430.68,83.47930000
1787544000,2430.68,2435.05,2430.68,2434.9,126.79390000
1787544060,2434.87,2434.87,2433.87,2434.32,85.70040000
1787544120,2434.35,2436.48,2434.34,2436.44,108.59330000
1787544180,2436.44,2436.97,2435.67,2436.88,72.35860000
1787544240,2436.96,2437.85,2436.78,2437.62,90.35030000
1787544300,2437.63,2439.08,2437.19,2438.14,82.93400000
1787544360,2438.25,2438.9,2437.22,2437.22,82.71250000
1787544420,2437.23,2438.3,2437.22,2438.08,83.00840000
1787544480,2438.05,2438.05,2437.22,2437.34,63.46050000
1787544540,2437.38,2438.74,2435.83,2436,78.58950000
1787544600,2436.01,2437.57,2436.01,2437.28,51.94800000
1787544660,2437.24,2437.24,2435.43,2435.78,83.67120000
1787544720,2435.79,2438.18,2435.74,2436.94,102.47570000
1787544780,2436.86,2438.26,2436.86,2437.74,100.25960000
1787544840,2437.7,2438.78,2437.58,2438.78,49.61720000
1787544900,2438.78,2441.16,2438.78,2441.15,79.27710000
1787544960,2441.16,2442.52,2440.83,2442.49,88.88030000
1787545020,2442.6,2443.24,2442.06,2443.24,107.63610000
1787545080,2443.25,2445.65,2443.25,2444.51,133.41650000
1787545140,2444.48,2445.16,2442.66,2442.7,91.31060000
1787545200,2442.7,2444.16,2442.5,2444.16,8.89030000
1787545260,2444.16,2445.17,2444.15,2444.97,10.61320000
1787545320,2444.97,2445.17,2444.4,2444.4,16.78150000
1787545380,2444.16,2444.16,2442.83,2443.13,3.42120000
1787545440,2443.06,2443.06,2441.75,2441.92,6.82240000
1787545500,2442,2443.63,2442,2443.38,56.04430000
1787545560,2443.41,2443.85,2442.73,2442.73,40.52220000
1787545620,2442.73,2443.36,2442.73,2443.18,48.28700000
1787545680,2443.17,2446.58,2443.17,2446.13,57.07020000
1787545740,2446.02,2446.09,2445.18,2446.09,46.29880000
1787545800,2446.08,2446.59,2445.53,2445.7,105.82120000
1787545860,2445.77,2445.78,2444.44,2444.96,157.80980000
1787545920,2445,2445,2442.31,2443.71,136.95150000
1787545980,2443.72,2444.8,2443,2443,109.12670000
1787546040,2442.98,2443.72,2442.98,2443.39,128.33920000
1787546100,2443.39,2443.56,2441.91,2442.02,110.04750000
1787546160,2442.02,2443.15,2442.02,2443.02,93.93400000
1787546220,2443.03,2443.19,2441.74,2441.8,92.21950000
1787546280,2441.8,2442.73,2441.2,2442.63,121.50430000
1787546340,2442.63,2442.63,2441.37,2442.02,113.62720000
1787546400,2441.95,2442.49,2438.29,2438.42,148.49020000
1787546460,2438.32,2442.06,2438.3,2442.06,177.24510000
1787546520,2442.07,2442.46,2441.75,2441.96,122.98870000
1787546580,2441.96,2442.33,2441.19,2441.44,97.42150000
1787546640,2441.41,2442.71,2441.41,2442.71,101.90360000
1787546700,2442.72,2443.56,2441.23,2442.64,108.82530000
1787546760,2442.63,2442.63,2439.21,2440.55,150.51350000
1787546820,2440.56,2441.54,2440.56,2441.29,120.91580000
1787546880,2441.29,2441.29,2439.59,2439.59,77.94160000
1787546940,2439.56,2439.56,2438.11,2438.11,155.56320000
1787547000,2438.11,2438.57,2436.87,2436.87,70.36820000
1787547060,2436.86,2436.86,2433.12,2433.12,99.98770000
1787547120,2433.33,2434.19,2428.61,2428.61,145.13700000
1787547180,2428.8,2435.27,2428.8,2434.23,117.49000000
1787547240,2434.24,2435.61,2432.91,2435.43,93.12090000
1787547300,2435.44,2436.1,2433.5,2433.98,149.28030000
1787547360,2433.98,2434.78,2432.19,2432.39,205.66220000
1787547420,2432.4,2434.71,2432.4,2434.47,181.47390000
1787547480,2434.47,2437.1,2434.47,2436.96,246.51930000
1787547540,2436.97,2438.06,2436.97,2438.05,217.72910000
1787547600,2438.05,2438.05,2435.07,2435.68,217.41440000
1787547660,2435.68,2435.68,2433.99,2434.71,161.57080000
1787547720,2434.71,2438.68,2434.71,2438.43,119.94110000
1787547780,2438.43,2438.65,2436.94,2438.34,150.71410000
1787547840,2438.26,2438.33,2437.42,2437.95,67.66490000
1787547900,2437.95,2438.6,2437.24,2438.06,66.11690000
1787547960,2437.95,2438.19,2437.35,2437.55,99.89320000
1787548020,2437.55,2438.33,2435.38,2438.33,164.20070000
1787548080,2438.34,2441.83,2438.33,2441.71,96.82200000
1787548140,2441.72,2444.4,2441.48,2443.32,110.05240000
1787548200,2443.3,2446.78,2442.69,2445.79,166.05770000
1787548260,2445.79,2450.47,2445.74,2450.46,135.71380000
1787548320,2450.47,2453.17,2449.52,2449.52,197.36530000
1787548380,2449.76,2452.65,2449.5,2451.02,143.23840000
1787548440,2451.45,2458.64,2451.45,2457.76,258.21360000
1787548500,2457.76,2459.55,2452.5,2453.76,263.94770000
1787548560,2453.75,2457.69,2453.53,2455.72,336.65020000
1787548620,2455.6,2455.61,2452.07,2452.07,311.24600000
1787548680,2452.07,2456.96,2451.23,2455.75,438.88470000
1787548740,2455.74,2455.88,2452.64,2453.03,349.74650000
1787548800,2453.02,2455.74,2452.16,2453.09,305.08820000
1787548860,2453.18,2453.45,2451.64,2452.33,295.62980000
1787548920,2452.33,2452.37,2447.91,2450.94,302.54870000
1787548980,2450.94,2452.44,2450.25,2451.37,287.48270000
1787549040,2451.48,2451.69,2450.25,2450.25,281.31470000
1787549100,2450.21,2451.02,2448.9,2450.8,209.04540000
1787549160,2450.76,2453.29,2450.46,2452.33,218.11280000
1787549220,2452.33,2453.79,2452.08,2453.79,238.33210000
1787549280,2453.8,2453.8,2452.64,2452.88,213.51100000
1787549340,2452.88,2452.88,2450.26,2450.62,253.78150000
1787549400,2450.58,2450.58,2447.42,2447.58,178.03180000
1787549460,2447.62,2447.76,2441.31,2443.7,196.00910000
1787549520,2443.66,2444.62,2443.48,2444.1,122.25110000
1787549580,2444.1,2444.16,2442.08,2444.15,177.26490000
1787549640,2444.15,2444.63,2442.73,2442.9,159.31090000
1787549700,2442.86,2443.35,2441.24,2441.24,131.11800000
1787549760,2441.23,2441.5,2438.07,2441.44,142.22640000
1787549820,2441.41,2446.24,2439.99,2445.52,135.33340000
1787549880,2445.46,2447.36,2444.82,2447.05,172.39560000
1787549940,2447.05,2448.14,2445.96,2446.01,165.33960000
1787550000,2445.89,2450.74,2445.04,2450.12,86.63340000
1787550060,2450.1,2452.21,2449.9,2451.8,201.60740000
1787550120,2451.8,2452.37,2450.63,2451.15,96.76470000
1787550180,2451.15,2452.3,2450.05,2450.94,149.12600000
1787550240,2450.94,2450.94,2448.08,2448.08,121.38160000
1787550300,2448.12,2449.66,2448.11,2449.21,81.69420000
1787550360,2449.21,2449.21,2447.53,2447.93,102.10480000
1787550420,2447.86,2449.19,2447.73,2449.03,85.16040000
1787550480,2449.04,2449.22,2448.68,2448.81,166.51190000
1787550540,2448.8,2448.81,2447.27,2447.27,104.80220000
1787550600,2447.27,2447.28,2446.24,2446.24,73.05590000
1787550660,2445.89,2445.92,2444.66,2445.05,63.26810000
1787550720,2445.05,2447.1,2444.81,2447.09,99.18270000
1787550780,2447.09,2447.99,2445.9,2446.52,79.13580000
1787550840,2446.52,2449.24,2446.48,2449.19,67.52180000
1787550900,2449.19,2449.39,2447.4,2447.4,68.40200000
1787550960,2447.41,2448.39,2447.35,2447.54,95.90440000
1787551020,2447.53,2448.38,2447.38,2448.07,82.00290000
1787551080,2448.07,2449.4,2447.74,2449.32,62.34440000
1787551140,2449.36,2449.48,2448.43,2449.03,72.05960000
1787551200,2449.03,2451.6,2448.19,2450.13,107.60180000
1787551260,2450.1,2450.1,2446.99,2447.48,70.30220000
1787551320,2447.5,2448.36,2446.84,2447.28,77.57130000
1787551380,2447.35,2447.35,2445.79,2445.94,53.08230000
1787551440,2445.91,2445.91,2444.18,2445.26,90.18310000
1787551500,2445.25,2447.05,2444.95,2446.75,148.50850000
1787551560,2446.74,2446.75,2444.47,2444.9,123.02930000
1787551620,2444.87,2447.11,2444.86,2446.44,137.02230000
1787551680,2446.4,2448.75,2445.93,2447.54,129.19170000
1787551740,2447.54,2451.86,2447.54,2450.12,91.72510000
1787551800,2450.12,2450.12,2448.07,2448.4,77.88070000
1787551860,2448.71,2453.52,2448.57,2453.52,98.94580000
1787551920,2453.52,2457.25,2453.52,2455.34,177.25230000
1787551980,2455.3,2456.77,2454.26,2456.77,98.02750000
1787552040,2456.81,2457.33,2455.72,2456.49,112.51560000
1787552100,2456.49,2458.27,2455.92,2455.98,100.04550000
1787552160,2455.83,2456.13,2454.21,2455.4,70.28770000
1787552220,2455.54,2456.5,2454.64,2454.64,121.88630000
1787552280,2454.65,2455.42,2453.91,2454.03,108.71520000
1787552340,2454.03,2454.56,2453.52,2453.52,74.54430000
1787552400,2453.52,2454.28,2452.49,2454.28,57.21480000
1787552460,2454.44,2454.44,2453.21,2454.14,7.13050000
1787552520,2454.17,2454.17,2452.12,2453.11,6.22490000
1787552580,2453.1,2454.83,2452.52,2454.45,32.23570000
1787552640,2454.24,2456.08,2453.9,2455.8,3.92550000
1787552700,2455.76,2456.36,2454.63,2454.63,150.34570000
1787552760,2454.64,2455.25,2454.63,2454.94,190.92620000
1787552820,2454.97,2455.81,2453.74,2453.98,134.91050000
1787552880,2454.02,2454.42,2453.66,2454.21,117.28690000
1787552940,2454.22,2456.69,2453.93,2453.96,163.99710000
1787553000,2453.96,2455.01,2453.53,2453.88,59.90130000
1787553060,2453.84,2454.47,2451.79,2452.04,61.61500000
1787553120,2452,2452,2449.05,2449.78,121.32530000
1787553180,2449.89,2450.18,2449.17,2449.52,103.63160000
1787553240,2449.56,2450.61,2449.56,2449.56,82.35880000
1787553300,2449.52,2449.89,2447.99,2448.22,104.10150000
1787553360,2448.2,2449.35,2448.07,2448.85,66.07880000
1787553420,2448.69,2450.5,2448.63,2450.49,46.61010000
1787553480,2450.52,2450.52,2447.46,2447.76,48.65330000
1787553540,2447.84,2448.07,2446.32,2446.69,55.04510000
1787553600,2446.64,2446.65,2445.57,2445.86,70.09920000
1787553660,2445.82,2448.4,2445.66,2446.62,66.58550000
1787553720,2446.63,2446.98,2445.89,2446.21,77.08080000
1787553780,2446.09,2446.81,2445.59,2445.94,52.99250000
1787553840,2445.94,2447.48,2445.78,2447.48,54.81500000
1787553900,2447.4,2448.05,2446.77,2448.05,97.38820000
1787553960,2448.05,2449.24,2447.3,2449.24,70.73960000
1787554020,2449.28,2452.86,2449.28,2452.78,65.05610000
1787554080,2452.85,2458.16,2452.46,2457.17,116.49740000
1787554140,2457.16,2463.5,2456.83,2460.41,203.42000000
1787554200,2460.5,2461.79,2459.7,2459.75,159.97340000
1787554260,2459.6,2460.48,2458.36,2458.37,255.27870000
1787554320,2458.56,2458.93,2457.64,2458.64,277.35170000
1787554380,2458.65,2458.96,2457.2,2457.44,199.98330000
1787554440,2457.44,2457.44,2456.45,2456.87,221.05870000
1787554500,2457.18,2457.18,2455,2455.6,259.53370000
1787554560,2455.6,2456.88,2455.6,2456.88,150.22220000
1787554620,2456.97,2457.43,2456.47,2457.12,161.97380000
1787554680,2457.12,2457.13,2456.54,2456.84,145.11370000
1787554740,2456.92,2456.93,2456.15,2456.47,134.27340000
1787554800,2456.44,2457.92,2455.37,2457.92,52.68310000
1787554860,2457.91,2458.16,2456.91,2458.15,150.39630000
1787554920,2458.16,2458.16,2457.01,2457.01,56.72500000
1787554980,2457.01,2458.24,2456.68,2458.17,118.41240000
1787555040,2458.18,2460.37,2458.18,2459.43,105.42780000
1787555100,2459.38,2459.74,2458.49,2458.69,84.75130000
1787555160,2458.7,2460.34,2458.7,2459.35,66.12850000
1787555220,2459.36,2460.48,2459.36,2459.83,64.81860000
1787555280,2459.78,2460.18,2458.65,2459.02,49.87410000
1787555340,2459.02,2462.1,2458.38,2461.78,103.31840000
1787555400,2461.79,2465.99,2461.79,2465.54,117.12620000
1787555460,2465.54,2473.01,2465.16,2471.45,241.10250000
1787555520,2471.59,2473.99,2470.22,2471.6,236.50570000
1787555580,2471.56,2472.06,2470.8,2471.01,82.75330000
1787555640,2470.81,2470.81,2469.69,2470.07,130.45440000
1787555700,2470.07,2470.07,2466.88,2466.88,316.96220000
1787555760,2466.84,2466.84,2464.77,2464.77,293.23780000
1787555820,2464.76,2466.5,2464.53,2464.54,254.23810000
1787555880,2464.53,2464.85,2462.71,2463.26,309.24200000
1787555940,2463.4,2465.99,2463.4,2464.66,292.93600000
1787556000,2464.66,2464.66,2461.43,2461.43,229.72060000
1787556060,2461.42,2462.48,2460.53,2461.96,161.52480000
1787556120,2461.95,2461.95,2460.52,2460.96,169.21730000
1787556180,2461.04,2464.47,2460.88,2464.47,145.56850000
1787556240,2464.48,2465.31,2463.06,2463.43,188.39420000
1787556300,2463.43,2464.89,2463.23,2464.04,90.10800000
1787556360,2464.05,2464.29,2461.6,2461.92,141.89830000
1787556420,2461.95,2461.95,2461.02,2461.17,115.95560000
1787556480,2461.16,2461.81,2459.78,2460.08,193.46870000
1787556540,2460.12,2462.51,2460.12,2462.32,174.64450000
1787556600,2462.31,2462.31,2458.46,2459.16,87.39580000
1787556660,2459.16,2460.12,2456.1,2460.12,210.65300000
1787556720,2460.16,2460.16,2458.32,2458.32,443.78720000
1787556780,2458.32,2459.14,2458.16,2459.14,144.68260000
1787556840,2459.14,2459.31,2457.52,2457.89,165.67460000
1787556900,2457.88,2457.88,2456.17,2456.5,194.12630000
1787556960,2456.54,2457.39,2455.74,2456.22,166.57530000
1787557020,2456.22,2456.96,2454.1,2454.78,164.34090000
1787557080,2454.86,2455.56,2454.76,2454.76,176.67600000
1787557140,2454.76,2455.36,2454.12,2455.36,146.42130000
1787557200,2455.39,2455.51,2454,2454.19,96.64200000
1787557260,2454.19,2454.19,2452.05,2453.4,162.94090000
1787557320,2453.52,2454.02,2453.24,2453.71,207.16230000
1787557380,2453.71,2454.26,2452.84,2453.2,194.69440000
1787557440,2453.2,2453.48,2453.02,2453.02,164.39720000
1787557500,2452.98,2453.92,2452.81,2453.92,176.77150000
1787557560,2453.92,2455.77,2453.75,2455.62,185.63770000
1787557620,2455.62,2458.67,2455.62,2458.18,158.88070000
1787557680,2458.18,2459.09,2458.18,2458.78,198.67840000
1787557740,2458.79,2458.79,2457.49,2457.7,130.82430000
1787557800,2457.92,2459.02,2457.74,2457.92,180.12300000
1787557860,2457.92,2457.96,2457.17,2457.74,151.49650000
1787557920,2457.76,2458.28,2455.37,2456.19,157.24610000
1787557980,2456.18,2456.24,2454.08,2455.12,117.23210000
1787558040,2455.12,2457.48,2454.99,2457.02,122.84750000
1787558100,2457.02,2457.03,2454.96,2455.01,81.11760000
1787558160,2455.01,2455.09,2454.8,2454.92,158.67140000
1787558220,2454.92,2455.36,2454.63,2454.71,190.81980000
1787558280,2454.71,2455.67,2453.17,2453.38,167.11450000
1787558340,2453.32,2454.41,2453.32,2454.41,202.69230000
1787558400,2454.57,2456.44,2454.57,2455.5,211.93200000
1787558460,2455.56,2455.56,2452.44,2452.44,90.14490000
1787558520,2452.36,2452.36,2449.89,2452.15,148.94370000
1787558580,2452.15,2453.25,2451.5,2452.94,112.16850000
1787558640,2452.9,2452.9,2449.82,2449.82,145.44490000
1787558700,2449.9,2452.54,2449.9,2452.33,208.87650000
1787558760,2452.33,2456.25,2452.33,2456.04,167.15160000
1787558820,2455.99,2459.04,2455,2455,178.92290000
1787558880,2454.99,2455.38,2454.91,2455.21,102.30740000
1787558940,2455.2,2455.44,2454.12,2454.12,101.43880000
1787559000,2454.13,2454.13,2450.77,2450.77,93.43500000
1787559060,2450.94,2451.75,2450.94,2450.99,87.55430000
1787559120,2450.98,2450.98,2448.14,2449.9,137.98830000
1787559180,2449.9,2450.49,2449.52,2449.76,107.06950000
1787559240,2449.72,2450.5,2448.81,2449.38,138.39030000
1787559300,2449.38,2449.42,2447.08,2447.09,28.08490000
1787559360,2447.09,2447.27,2442.95,2443.71,234.16640000
1787559420,2443.71,2444.99,2442.5,2443.35,156.32420000
1787559480,2442.96,2446.97,2442.25,2446.97,137.90700000
1787559540,2446.98,2448.38,2446.18,2446.18,114.54510000
1787559600,2446.14,2446.26,2444.81,2445.2,100.87140000
1787559660,2445.23,2446.81,2445.23,2445.97,20.10430000
1787559720,2445.96,2446.28,2444.08,2444.08,5.45870000
1787559780,2444.08,2444.08,2441.78,2442.64,40.75180000
1787559840,2442.66,2443.54,2440.43,2440.43,49.49290000
1787559900,2440.21,2440.95,2438.48,2439.93,89.03290000
1787559960,2439.92,2440.9,2437.58,2438.74,97.85450000
1787560020,2438.74,2440.92,2438.31,2439.74,139.66130000
1787560080,2439.75,2439.75,2436.5,2438.21,143.53150000
1787560140,2438.21,2441.18,2438.21,2439.74,141.06110000
1787560200,2439.6,2441.99,2439.39,2441.93,197.19990000
1787560260,2441.93,2442.64,2440.48,2442.58,263.08260000
1787560320,2442.58,2444.77,2442.58,2444.57,233.77960000
1787560380,2444.57,2444.57,2442.65,2444.31,213.79230000
1787560440,2444.31,2444.47,2443.36,2443.97,164.47300000
1787560500,2443.97,2444.08,2443.53,2443.69,75.69510000
1787560560,2443.69,2445.17,2443.53,2445.06,96.28400000
1787560620,2445,2445.17,2443.96,2445.17,110.06070000
1787560680,2445.16,2446.31,2444.4,2446.31,149.32160000
1787560740,2446.35,2453.2,2446.35,2451.53,186.20110000
1787560800,2451.53,2451.53,2449.98,2450.44,78.86920000
1787560860,2450.44,2450.53,2449.74,2450.37,148.21110000
1787560920,2450.38,2450.38,2449.52,2450.14,82.90180000
1787560980,2450.13,2451.3,2449.9,2450.2,125.34900000
1787561040,2450.21,2453.16,2450.21,2453.16,150.62320000
1787561100,2453.08,2453.08,2451.48,2452.1,127.95510000
1787561160,2452.11,2452.11,2451.35,2451.66,105.47730000
1787561220,2451.66,2451.78,2450.25,2450.98,75.73740000
1787561280,2450.94,2453.21,2450.94,2453.14,131.27640000
1787561340,2453.1,2456.74,2452.66,2456.36,124.86790000
1787561400,2456.09,2456.35,2454.27,2454.85,126.51280000
1787561460,2454.8,2455.33,2454.47,2454.82,104.12260000
1787561520,2454.81,2455.47,2454.24,2455.46,140.58530000
1787561580,2455.46,2455.46,2453.9,2454.78,132.22920000
1787561640,2454.78,2455.86,2454.67,2455.03,160.51220000
1787561700,2455.04,2455.44,2453.9,2455.33,77.30400000
1787561760,2455.33,2455.57,2455.16,2455.16,151.00460000
1787561820,2455.12,2455.15,2453.54,2453.94,141.52360000
1787561880,2453.93,2454.14,2453.18,2454.06,89.25940000
1787561940,2454.22,2454.62,2454.22,2454.6,123.23980000
1787562000,2454.61,2454.98,2453.38,2454.98,171.88680000
1787562060,2454.98,2457.1,2454.98,2456.16,177.50100000
1787562120,2456.16,2457.47,2456.16,2456.83,99.35390000
1787562180,2456.83,2459.43,2456.46,2458.01,144.30080000
1787562240,2458.14,2460.51,2458.14,2459.37,200.23600000
1787562300,2459.37,2459.57,2458.29,2458.86,160.51210000
1787562360,2458.86,2459.34,2458.28,2458.48,292.22090000
1787562420,2458.47,2462.31,2458.47,2462.17,196.38970000
1787562480,2462.18,2463.11,2461.95,2462.04,183.67870000
1787562540,2462.05,2463.08,2461.67,2461.74,141.53090000
1787562600,2461.75,2461.94,2460.14,2461.94,272.70080000
1787562660,2461.83,2461.89,2460.41,2460.61,214.36130000
1787562720,2460.62,2461.37,2460.4,2461.05,171.08500000
1787562780,2461.06,2462.22,2461.05,2461.76,137.93910000
1787562840,2461.76,2462.78,2461.59,2461.88,152.72090000
1787562900,2461.89,2462.69,2461.63,2462.03,282.27170000
1787562960,2462.1,2463.04,2460.59,2460.59,135.22390000
1787563020,2460.59,2460.85,2459.42,2459.62,188.49300000
1787563080,2459.62,2460.12,2459.04,2459.47,122.69670000
1787563140,2459.47,2461.14,2459.47,2461.14,151.15070000
1787563200,2461.14,2461.65,2459.76,2461.4,150.72460000
1787563260,2461.71,2461.71,2459.06,2459.15,177.10710000
1787563320,2459.1,2459.63,2458.91,2459.17,161.33900000
1787563380,2459.18,2459.36,2458.24,2458.85,176.98710000
1787563440,2458.84,2458.84,2456.43,2456.45,116.22980000
1787563500,2456.46,2456.46,2453.91,2454.52,146.85770000
1787563560,2454.52,2458.96,2454.52,2458.48,111.06510000
1787563620,2458.46,2459.7,2458.17,2459.7,97.33950000
1787563680,2459.46,2459.46,2458.9,2458.94,114.26930000
1787563740,2458.94,2460.52,2458.62,2460,102.02800000
1787563800,2459.98,2460.14,2459.05,2460.14,80.71440000
1787563860,2460.31,2462.33,2460.31,2462.3,74.74660000
1787563920,2462.3,2464.54,2462.14,2463.41,85.79320000
1787563980,2463.44,2463.44,2460.77,2461.3,115.70930000
1787564040,2461.3,2463.28,2461.3,2463.28,60.40560000
1787564100,2463.36,2463.64,2462.01,2462.08,76.32350000
1787564160,2462.07,2462.07,2460.74,2460.93,70.63340000
1787564220,2460.94,2461.93,2460.94,2461.81,46.42480000
1787564280,2461.68,2463.42,2461.64,2463.42,74.00010000
1787564340,2463.36,2463.36,2462.3,2463.04,48.77440000
1787564400,2463.05,2463.42,2462.28,2462.28,137.61450000
1787564460,2462.28,2462.9,2461.55,2461.56,38.07510000
1787564520,2461.56,2462.35,2461.56,2461.91,56.71130000
1787564580,2461.88,2463.26,2461.88,2463.26,61.67200000
1787564640,2463.39,2463.39,2461.26,2462.03,65.82770000
1787564700,2462.1,2463.23,2461.42,2461.42,27.10210000
1787564760,2461.42,2462.32,2461.42,2461.78,76.67280000
1787564820,2461.76,2463.69,2461.58,2463.69,45.41690000
1787564880,2463.73,2464.44,2462.43,2462.61,73.16220000
1787564940,2462.6,2462.66,2462.22,2462.64,33.42890000
1787565000,2462.64,2462.64,2461.36,2461.37,34.76150000
1787565060,2461.37,2461.8,2461.37,2461.79,61.13640000
1787565120,2461.79,2463.58,2461.79,2463.58,53.50100000
1787565180,2463.74,2465,2463.16,2464.7,45.69000000
1787565240,2464.7,2464.95,2464.17,2464.56,52.85750000
1787565300,2464.53,2464.53,2463.43,2463.63,64.49050000
1787565360,2463.64,2463.64,2462.42,2462.77,59.48110000
1787565420,2462.77,2462.77,2461.64,2462.09,42.16120000
1787565480,2462.04,2462.1,2461.26,2461.61,59.89960000
1787565540,2461.62,2462.97,2461.61,2462.96,43.15590000
1787565600,2462.96,2463.2,2462.32,2463.04,32.43750000
1787565660,2463.05,2464.64,2463.05,2463.65,36.45090000
1787565720,2463.69,2466.21,2463.69,2466.04,40.12350000
1787565780,2466.05,2482.54,2466.05,2476.98,629.57330000
1787565840,2476.73,2479.7,2475.29,2475.6,91.25960000
1787565900,2475.44,2475.66,2472,2472,45.00740000
1787565960,2472,2472,2470.19,2470.19,62.48490000
1787566020,2470.26,2476.2,2470.26,2475.86,89.83960000
1787566080,2475.72,2479.5,2474.13,2474.13,82.15400000
1787566140,2474.12,2476.34,2473.15,2473.15,17.80930000
1787566200,2473.26,2474.73,2473.14,2474.28,133.76360000
1787566260,2474.45,2478.41,2474.05,2475.25,195.02040000
1787566320,2475.25,2475.66,2474,2475.38,155.36820000
1787566380,2475.46,2475.98,2474.51,2475.83,165.46000000
1787566440,2475.7,2490,2475.62,2482.8,578.43530000
1787566500,2482.8,2484.23,2476.4,2479.09,237.07350000
1787566560,2479.08,2479.09,2475.75,2476.73,400.65000000
1787566620,2476.73,2477.39,2476.14,2477.09,348.72680000
1787566680,2477.1,2478.75,2475.92,2478.29,315.59720000
1787566740,2478.29,2479.18,2476.73,2479.17,463.83440000
1787566800,2479.17,2479.22,2475.67,2475.8,242.07100000
1787566860,2475.96,2475.96,2473.59,2473.74,31.57070000
1787566920,2473.59,2474.2,2472.88,2472.88,30.50910000
1787566980,2472.88,2474.82,2472.83,2474.13,28.84100000
1787567040,2474.42,2475.24,2474.24,2474.79,22.77620000
1787567100,2474.79,2475.62,2473.51,2475.62,78.88920000
1787567160,2475.62,2477,2475.58,2477,135.14900000
1787567220,2477.11,2478.04,2474.6,2474.89,184.48080000
1787567280,2474.9,2476.67,2474.9,2476.6,127.75900000
1787567340,2476.59,2476.59,2470.62,2472.26,137.09780000
1787567400,2472.27,2475.16,2471.54,2475.16,111.71650000
1787567460,2475.2,2477.37,2475.2,2476.02,165.54790000
1787567520,2475.79,2476.24,2474.51,2475,192.05180000
1787567580,2475,2476.73,2475,2475.54,175.18080000
1787567640,2475.38,2477.48,2475.22,2476.88,180.94200000
1787567700,2476.92,2477.76,2476.54,2476.54,139.30190000
1787567760,2476.36,2476.98,2474.6,2474.6,139.27400000
1787567820,2474.76,2474.76,2473.89,2474.12,156.20400000
1787567880,2474.08,2474.1,2471.73,2471.73,197.26880000
1787567940,2471.63,2471.63,2468.05,2468.1,244.78800000
1787568000,2468.42,2469.49,2466.94,2467.85,194.61880000
1787568060,2467.85,2467.85,2463.75,2465.68,241.44670000
1787568120,2465.84,2467.25,2465.84,2467.24,176.12640000
1787568180,2467.25,2467.84,2466.6,2467.63,128.61000000
1787568240,2467.62,2467.62,2466.44,2466.46,166.58280000
1787568300,2466.38,2469.27,2466.38,2469.26,135.46650000
1787568360,2469.25,2470.31,2468.21,2468.78,131.54270000
1787568420,2468.84,2469.45,2468.84,2469.25,144.97010000
1787568480,2469.26,2470.08,2467.5,2468.21,156.98280000
1787568540,2468.36,2468.36,2468.07,2468.15,86.35840000
1787568600,2468.15,2469.29,2466,2466.01,84.27370000
1787568660,2466,2466,2462.84,2463.47,90.62950000
1787568720,2463.46,2463.59,2461.67,2463.17,65.17230000
1787568780,2463.17,2465.31,2462.85,2463.8,86.96710000
1787568840,2463.8,2464.53,2463.8,2464.53,75.72380000
1787568900,2464.53,2464.53,2463.2,2463.2,106.92080000
1787568960,2463.13,2463.23,2462.25,2462.78,83.26470000
1787569020,2462.78,2463.97,2462.01,2463.97,102.23550000
1787569080,2464.16,2464.89,2463.5,2464.52,115.81320000
1787569140,2464.53,2465.61,2464.53,2465.3,94.20520000
1787569200,2465.26,2465.4,2462.72,2462.72,81.19230000
1787569260,2462.69,2462.69,2455.01,2457.95,100.68610000
1787569320,2458.49,2458.55,2454.64,2458.55,62.69780000
1787569380,2458.65,2460.92,2456.45,2459.37,73.91790000
1787569440,2459.36,2463.12,2458.29,2462.98,61.65060000
1787569500,2462.88,2463.78,2461.95,2463.05,238.34990000
1787569560,2463.04,2465.02,2462.37,2464.76,227.36480000
1787569620,2464.6,2466.65,2463.34,2465.43,217.78800000
1787569680,2465.42,2469.32,2465.42,2466.01,206.41800000
1787569740,2466,2468.38,2465.51,2468.03,249.23250000
1787569800,2468.02,2469.93,2467.86,2468.53,152.23860000
1787569860,2468.52,2468.91,2467.11,2468.88,208.43760000
1787569920,2468.88,2468.88,2466.84,2467.59,191.44450000
1787569980,2467.6,2469.69,2467.6,2469.5,143.65290000
1787570040,2469.5,2470.58,2469.12,2469.12,194.38380000
1787570100,2468.96,2468.96,2467.47,2467.68,90.24760000
1787570160,2467.68,2467.68,2465.63,2467.56,80.56560000
1787570220,2467.64,2468.44,2466.03,2467.76,110.08000000
1787570280,2467.72,2468.56,2467.03,2468.56,112.42190000
1787570340,2468.56,2469.53,2468.56,2469.21,70.50090000
1787570400,2469.26,2469.69,2468.31,2468.91,92.02820000
1787570460,2468.87,2469.63,2468.55,2469.47,33.09880000
1787570520,2469.48,2469.53,2469.28,2469.52,59.95900000
1787570580,2469.51,2469.51,2467.31,2467.74,52.04150000
1787570640,2467.75,2471.35,2467.75,2469.7,69.95430000
1787570700,2469.7,2472.86,2469.7,2470.43,68.95210000
1787570760,2470.42,2471.58,2470.06,2471.46,55.06480000
1787570820,2471.39,2472.53,2469.7,2470.43,75.28950000
1787570880,2470.79,2472.51,2470.36,2472.44,33.20010000
1787570940,2472.41,2472.86,2472.12,2472.12,71.96730000
1787571000,2472.12,2473,2471.54,2472.56,85.82910000
1787571060,2472.74,2477.41,2472.74,2476.93,89.79740000
1787571120,2476.98,2481.7,2476.98,2480.28,180.59170000
1787571180,2480.28,2480.29,2478.22,2479.64,86.09880000
1787571240,2479.66,2483.92,2479.66,2483.92,135.38980000
1787571300,2483.94,2490.12,2483.83,2484.42,304.59800000
1787571360,2484.42,2494.43,2484.34,2492.66,301.61360000
1787571420,2492.45,2496,2492.45,2494.8,265.58470000
1787571480,2494.81,2497.49,2493.27,2494.32,315.12740000
1787571540,2494.28,2494.7,2491.06,2493.1,238.59270000
1787571600,2493.26,2501.43,2491,2497.94,639.66940000
1787571660,2497.85,2504.2,2497.11,2502.87,608.71430000
1787571720,2502.88,2505.7,2500.7,2501.62,426.42180000
1787571780,2501.61,2506.66,2500.01,2504.18,492.69350000
1787571840,2504.45,2506.65,2504.45,2506.36,532.92240000
1787571900,2506.42,2508.63,2499.05,2500.29,629.65110000
1787571960,2500.29,2500.29,2493.19,2494.98,719.56730000
1787572020,2494.94,2495.86,2489.42,2491.46,651.52430000
1787572080,2491.62,2493.51,2489.37,2489.54,630.63260000
1787572140,2489.55,2491.15,2488.46,2491.15,633.41400000
1787572200,2491.12,2493.94,2489.82,2490.49,604.34710000
1787572260,2490.49,2492.7,2488.69,2492.07,441.20150000
1787572320,2492.07,2492.8,2490.5,2492.8,398.47890000
1787572380,2492.81,2493.75,2491.2,2491.44,455.72450000
1787572440,2491.45,2491.45,2489.57,2491.23,462.02650000
1787572500,2491.13,2492.23,2491.13,2491.33,266.98460000
1787572560,2491.33,2491.33,2488.24,2488.84,327.08650000
1787572620,2488.86,2491.69,2488.38,2491.57,218.26310000
1787572680,2491.68,2493.25,2491.68,2492.5,303.37390000
1787572740,2492.49,2494.46,2492.49,2494.16,234.26590000
1787572800,2494.2,2494.2,2488.95,2488.95,222.89690000
1787572860,2489.15,2490.18,2486.91,2487.28,219.63270000
1787572920,2487.35,2488.31,2485.31,2487.56,187.62160000
1787572980,2487.26,2488.68,2485.48,2485.78,198.81520000
1787573040,2485.69,2487.77,2485.65,2486.08,173.02630000
1787573100,2486.11,2486.72,2483.97,2485.31,203.43890000
1787573160,2485.2,2487.57,2484.2,2487.06,151.50060000
1787573220,2486.9,2486.9,2484.57,2485.11,134.46500000
1787573280,2485.11,2486.02,2484.94,2485.98,166.19970000
1787573340,2486.06,2488.3,2486.06,2488.1,131.75890000
1787573400,2488.14,2488.98,2486.72,2488.5,132.84440000
1787573460,2488.49,2488.49,2486.99,2488.3,106.37680000
1787573520,2488.31,2488.31,2486.41,2486.56,131.10470000
1787573580,2486.51,2486.51,2482.9,2482.9,109.11940000
1787573640,2482.9,2485.28,2482.9,2484.58,87.18440000
1787573700,2484.57,2486.37,2483.85,2485.92,80.88360000
1787573760,2485.74,2485.74,2474.76,2480.52,254.15260000
1787573820,2480.35,2481.58,2478.6,2479.96,127.58900000
1787573880,2479.96,2482.72,2479.96,2482.5,151.36200000
1787573940,2482.72,2486.81,2482.72,2486.81,156.24490000
1787574000,2486.8,2489.25,2485.98,2487.57,88.58030000
1787574060,2487.56,2489.6,2486.89,2489.6,7.28680000
1787574120,2489.6,2491.03,2489.6,2489.81,17.64650000
1787574180,2489.81,2491.68,2489.44,2491.68,6.94060000
1787574240,2491.68,2492.58,2491.33,2492.26,13.75500000
1787574300,2492.22,2493.19,2491.18,2493.14,39.96860000
1787574360,2493.1,2494.42,2492.39,2493.47,98.36300000
1787574420,2493.46,2494.39,2493.21,2494.3,71.30850000
1787574480,2494.3,2494.32,2492.65,2493.05,83.88430000
1787574540,2493.05,2494.29,2491.32,2493.45,131.21330000
1787574600,2493.42,2496.15,2492.42,2495.91,140.04060000
1787574660,2495.98,2499.42,2495.83,2498.12,183.74330000
1787574720,2498.12,2501.68,2495.36,2496.33,327.14740000
1787574780,2495.85,2495.92,2487.68,2492.45,281.00990000
1787574840,2492.45,2493.95,2490.8,2493.58,242.87380000
1787574900,2493.58,2497.52,2493.42,2496.28,266.21310000
1787574960,2496.28,2496.45,2492.98,2494.32,320.77460000
1787575020,2493.95,2495.04,2493.11,2494.73,291.90080000
1787575080,2494.74,2496.78,2494.19,2496.62,386.86140000
1787575140,2496.62,2500.22,2496.62,2498.49,352.97890000
1787575200,2498.49,2499.24,2496.6,2497.26,217.07680000
1787575260,2497.35,2502.15,2496.61,2500.38,245.81110000
1787575320,2500.95,2506.07,2499.25,2500.87,199.74450000
1787575380,2500.87,2501.13,2499.2,2500.24,195.69660000
1787575440,2500.24,2500.76,2499.5,2499.97,194.21860000
1787575500,2499.97,2501.9,2498.94,2499.53,306.76260000
1787575560,2499.46,2503.03,2498.81,2502.88,244.76550000
1787575620,2502.88,2505.35,2501.53,2502.5,269.53280000
1787575680,2502.53,2507.32,2502.12,2506.03,242.94450000
1787575740,2506.03,2507,2504.74,2506.92,305.36920000
1787575800,2506.92,2507.93,2505.52,2507.48,43.83550000
1787575860,2507.58,2518.69,2507.48,2512.85,581.88680000
1787575920,2512.86,2514.78,2506.57,2506.57,365.74650000
1787575980,2506.58,2510.99,2503.15,2510.13,407.07920000
1787576040,2509.89,2513.87,2509.13,2513.87,316.12610000
1787576100,2513.67,2515.41,2512.62,2513.74,838.60990000
1787576160,2513.73,2515.89,2512.95,2515.88,659.66840000
1787576220,2515.89,2517.34,2513.84,2513.93,689.45390000
1787576280,2513.93,2515.22,2510.27,2511.03,728.73330000
1787576340,2511.03,2512.94,2510.21,2512.56,508.08300000
1787576400,2512.56,2513.71,2509.1,2509.1,368.18490000
1787576460,2509.1,2509.99,2505.08,2508.21,694.17950000
1787576520,2508.21,2510.52,2505.06,2505.25,995.44350000
1787576580,2505.25,2506.46,2504.72,2505.84,575.72780000
1787576640,2505.95,2505.95,2502.07,2503.53,598.40600000
1787576700,2503.84,2509.12,2503.84,2506.45,511.30110000
1787576760,2506.46,2508.74,2506.11,2508.07,579.94650000
1787576820,2508.08,2509.47,2506.46,2509.24,512.83480000
1787576880,2509.23,2509.96,2508.02,2509.96,581.10010000
1787576940,2509.95,2511.34,2509.31,2511.19,558.40570000
1787577000,2511.2,2515.67,2511.07,2513.96,808.39300000
1787577060,2513.96,2519.85,2512.16,2516.76,307.07530000
1787577120,2516.28,2516.93,2510.17,2512.75,231.57530000
1787577180,2512.74,2517.49,2512.31,2516.14,198.47240000
1787577240,2516.1,2517.15,2514.87,2515.5,219.92070000
1787577300,2515.5,2515.67,2506.46,2506.46,279.70340000
1787577360,2506.43,2510.59,2504.56,2506.85,515.38720000
1787577420,2506.84,2509.64,2505.89,2507.23,395.71950000
1787577480,2507.23,2511.45,2506.01,2511.24,395.49080000
1787577540,2511.25,2513.3,2510.65,2511,347.87990000
1787577600,2511,2514.76,2510.66,2514.76,283.33670000
1787577660,2514.75,2516.88,2513.57,2514.83,400.66480000
1787577720,2514.82,2514.82,2511.69,2512.31,376.18380000
1787577780,2512.31,2512.58,2509.65,2509.89,270.06520000
1787577840,2509.89,2510.65,2507.93,2509.78,335.17950000
1787577900,2509.77,2509.77,2507.48,2508.65,347.59080000
1787577960,2508.73,2509.76,2506.29,2507.97,183.74080000
1787578020,2507.92,2508.18,2505.47,2508.18,247.75910000
1787578080,2508.26,2508.74,2506.38,2506.38,199.82420000
1787578140,2506.08,2507.09,2504.72,2507.08,209.25480000
1787578200,2507.09,2507.21,2500,2504.17,231.17460000
1787578260,2504.08,2505.83,2500,2504,163.82580000
1787578320,2503.48,2504.01,2493.29,2495.16,260.75760000
1787578380,2495.38,2496.97,2486.99,2496.15,769.33090000
1787578440,2495.63,2500.99,2494.34,2498.47,222.22820000
1787578500,2498.3,2502,2497.09,2501.2,405.89550000
1787578560,2501.06,2502.23,2496.12,2502.23,453.32490000
1787578620,2502.23,2502.23,2498.86,2500.72,500.96640000
1787578680,2500.72,2501.51,2492.6,2495.09,497.51130000
1787578740,2494.86,2496.36,2492.06,2494.39,443.05000000
1787578800,2494.65,2494.71,2488.13,2490.63,456.56430000
1787578860,2490.63,2494.43,2485.27,2494.43,725.66630000
1787578920,2494.44,2494.7,2484.58,2486.13,367.44390000
1787578980,2486.29,2490.23,2483.22,2486.8,431.62130000
1787579040,2486.8,2488.73,2484.01,2487.08,388.94500000
1787579100,2486.81,2486.81,2479.52,2479.52,455.43460000
1787579160,2479.49,2490.29,2475.82,2490.29,538.66400000
1787579220,2490.29,2493.25,2487.95,2491.13,504.17630000
1787579280,2490.66,2493.31,2490.31,2492.6,400.18730000
1787579340,2492.56,2494.89,2491.53,2492.4,333.41470000
1787579400,2492.33,2494.71,2490.49,2493.2,374.16210000
1787579460,2493.21,2494.26,2490.57,2490.57,495.80750000
1787579520,2490.57,2492.07,2487.94,2487.94,393.97120000
1787579580,2487.85,2487.85,2478.95,2482.99,459.98860000
1787579640,2483.81,2490.11,2482.71,2488.48,495.87170000
1787579700,2488.48,2492.01,2488.32,2491.92,366.98490000
1787579760,2491.96,2494.9,2491.43,2493.6,361.30940000
1787579820,2493.72,2495.34,2492.03,2494.73,329.28820000
1787579880,2494.73,2495.66,2493.32,2495.66,314.24480000
1787579940,2495.83,2495.83,2493.62,2493.92,345.28540000
1787580000,2493.89,2496.77,2493.31,2496.29,321.87000000
1787580060,2496.29,2501.79,2496.29,2498.54,304.68390000
1787580120,2498.6,2500.22,2496.14,2497.01,246.43490000
1787580180,2497.01,2498.49,2494.71,2494.72,227.27870000
1787580240,2494.71,2496.22,2491.72,2495.25,274.14260000
1787580300,2495.24,2499.23,2494.17,2499.23,394.71840000
1787580360,2499.23,2500.19,2496.32,2497.92,422.91010000
1787580420,2497.92,2500.54,2497.92,2499.63,370.73050000
1787580480,2500.21,2501.64,2499.62,2500.91,623.16120000
1787580540,2500.92,2504.79,2500.01,2504.18,742.38460000
1787580600,2504.17,2507.59,2503.3,2507.59,318.07600000
1787580660,2507.59,2510.31,2506.58,2506.84,405.88820000
1787580720,2507.01,2509.37,2504.48,2506.46,379.12540000
1787580780,2506.46,2511.1,2503.79,2510.28,546.69500000
1787580840,2510.29,2512.33,2509.09,2511.42,373.54250000
1787580900,2511.43,2513.33,2510.03,2512.98,255.89700000
1787580960,2512.84,2513.65,2511.25,2511.79,440.83680000
1787581020,2511.79,2514.28,2511.32,2512.94,445.51760000
1787581080,2512.94,2513.61,2509.52,2509.73,459.44030000
1787581140,2509.72,2509.89,2504.77,2508.17,505.42660000
1787581200,2508.17,2512.26,2507.6,2512.26,401.99170000
1787581260,2512.17,2514.28,2510.37,2513.47,10.21990000
1787581320,2513.48,2516.29,2513.48,2516.29,56.20670000
1787581380,2516.29,2527.72,2507.25,2512.65,285.27340000
1787581440,2512.66,2513.95,2502.51,2503.22,74.66800000
1787581500,2503.45,2509.88,2503.45,2506.74,367.69880000
1787581560,2506.74,2513.65,2505.04,2512.08,542.67130000
1787581620,2511.9,2515.19,2508.62,2508.71,567.87810000
1787581680,2508.71,2517.4,2508.71,2516.31,595.98280000
1787581740,2516.3,2517.38,2514.76,2516.63,554.18070000
1787581800,2516.66,2521.91,2515.35,2521.32,509.04350000
1787581860,2521.32,2522.41,2519.45,2522.41,380.67350000
1787581920,2522.47,2524.93,2520.18,2522.16,408.70510000
1787581980,2522.16,2528.79,2521.87,2524.54,453.45520000
1787582040,2524.53,2525.23,2518.74,2523.3,309.77110000
1787582100,2523.39,2527.01,2522.42,2525.94,391.13450000
1787582160,2525.78,2532.06,2524.87,2526.73,534.64170000
1787582220,2526.73,2529.73,2525.57,2528.54,459.95970000
1787582280,2528.54,2531.18,2526.7,2527.95,493.15600000
1787582340,2527.95,2529.48,2524.1,2525.64,474.82470000
1787582400,2525.69,2526.92,2522.88,2526.4,493.08940000
1787582460,2526.41,2530.54,2526.29,2528.74,497.25370000
1787582520,2528.74,2529.75,2523.07,2525.12,622.16230000
1787582580,2525.24,2525.25,2517.4,2517.94,575.63120000
1787582640,2517.94,2524.32,2517.78,2522.47,445.28590000
1787582700,2522.43,2524.38,2517.93,2521.66,407.86790000
1787582760,2521.66,2523.44,2519.46,2522.27,476.75150000
1787582820,2522.28,2522.56,2518.06,2518.69,381.28620000
1787582880,2518.55,2519.03,2515.81,2517.45,349.95130000
1787582940,2517.02,2518.8,2515.64,2516.77,377.81360000
1787583000,2516.77,2517.09,2509.09,2512.47,523.48040000
1787583060,2512.46,2513.19,2509.51,2513.11,237.16850000
1787583120,2513.1,2513.44,2509.61,2510,255.28660000
1787583180,2510.04,2513.99,2509.42,2513.98,314.86220000
1787583240,2513.94,2513.94,2509.12,2510.09,236.20170000
1787583300,2510.09,2512.16,2509.32,2511.24,288.84430000
1787583360,2511.42,2514.56,2511.42,2514.56,295.77330000
1787583420,2514.64,2517.12,2514.01,2515.12,283.84010000
1787583480,2515.15,2516.41,2514.8,2515.86,261.74780000
1787583540,2515.92,2516.04,2514.1,2516.04,237.45550000
1787583600,2516.04,2517.03,2512.67,2513.71,207.68500000
1787583660,2513.95,2513.99,2510.66,2511.06,156.29780000
1787583720,2511.1,2515.54,2511.1,2515.54,169.52470000
1787583780,2515.55,2519.43,2515.55,2517.17,190.04210000
1787583840,2517.16,2517.48,2514.44,2514.44,195.73210000
1787583900,2514.29,2514.66,2510.81,2513.47,70.47600000
1787583960,2513.43,2518.64,2513.43,2518.64,162.07490000
1787584020,2518.69,2520.97,2518.5,2518.7,188.03600000
1787584080,2518.54,2519.47,2514.92,2515.47,184.45570000
1787584140,2515.48,2517.55,2515.48,2516.47,140.19200000
1787584200,2516.46,2516.46,2514.25,2516,151.77640000
1787584260,2516.01,2517.92,2514.25,2517.92,182.42530000
1787584320,2517.76,2519.76,2517.16,2519.68,191.06330000
1787584380,2519.5,2521.08,2519.31,2519.85,143.66200000
1787584440,2519.86,2520.62,2515.68,2515.88,178.82450000
1787584500,2515.72,2517.91,2514.86,2516.79,125.86630000
1787584560,2517.16,2517.38,2515.16,2515.66,119.92060000
1787584620,2515.5,2519.85,2515.16,2518.08,87.43630000
1787584680,2518.23,2520.52,2517.4,2520.51,126.64460000
1787584740,2520.58,2520.58,2519.47,2519.47,116.69280000
1787584800,2519.47,2520.72,2518.71,2519.2,107.66130000
1787584860,2519.24,2521.2,2517.16,2520.95,182.87220000
1787584920,2520.95,2526.12,2520.95,2524.86,192.91460000
1787584980,2524.86,2530.4,2524.85,2526.72,206.18900000
1787585040,2526.73,2532.8,2524.32,2531.72,184.75340000
1787585100,2531.73,2532.03,2523.9,2524.29,240.94430000
1787585160,2524.29,2528.21,2521.18,2528.21,400.08470000
1787585220,2528.21,2532.23,2527.32,2530.3,456.61770000
1787585280,2530.15,2530.43,2523.87,2524.49,480.11150000
1787585340,2524.48,2527.95,2520.3,2525.2,423.65520000
1787585400,2524.73,2525.06,2519.65,2521.78,313.66510000
1787585460,2521.87,2524.28,2520.87,2522.55,477.17230000
1787585520,2522.39,2523.31,2520.68,2522.21,338.29180000
1787585580,2522.2,2524.27,2522.16,2522.71,403.63140000
1787585640,2522.7,2522.74,2514.38,2515.24,435.42670000
1787585700,2515.24,2519.39,2514.49,2516.55,393.96140000
1787585760,2516.55,2520.16,2516.55,2517.34,292.20670000
1787585820,2517.34,2517.38,2512.72,2513.45,294.71490000
1787585880,2513.4,2513.4,2505.7,2507.51,410.20210000
1787585940,2507.52,2508.35,2505.95,2507.99,287.80470000
1787586000,2507.99,2509.5,2506.46,2509.5,404.15260000
1787586060,2509.51,2509.88,2504.72,2505.31,516.10640000
1787586120,2505.49,2506.46,2504.47,2506.46,483.66420000
1787586180,2506.45,2508.7,2489.03,2496.05,560.08150000
1787586240,2496.05,2497.11,2490.63,2495.55,511.22030000
1787586300,2494.91,2499.46,2488.46,2498.6,488.70770000
1787586360,2498.31,2501.44,2497.74,2501.24,1105.23920000
1787586420,2501.32,2502.64,2500.46,2500.6,671.75400000
1787586480,2500.45,2500.45,2495.59,2495.85,746.50470000
1787586540,2495.84,2496.84,2492.59,2496.06,710.42250000
1787586600,2496.03,2497.34,2492.86,2494.1,891.89420000
1787586660,2494.1,2494.24,2490.94,2492.57,442.49880000
1787586720,2492.56,2492.56,2485.44,2488.1,714.39380000
1787586780,2488.25,2489.97,2484.39,2489.8,549.02910000
1787586840,2489.8,2492.7,2486.06,2486.28,529.34550000
1787586900,2486.48,2486.48,2481.59,2486.36,590.07070000
1787586960,2486.32,2487.72,2483.35,2484.3,723.73210000
1787587020,2484.3,2485.68,2479.37,2481.58,610.97950000
1787587080,2481.2,2484.46,2480.46,2483.18,583.03710000
1787587140,2483.19,2487.8,2483.19,2487.65,499.08560000
1787587200,2487.66,2491.93,2487.66,2488.34,561.99680000
1787587260,2488.34,2492.26,2485.93,2488.01,532.26730000
1787587320,2488.55,2492.36,2487.88,2491.77,383.72070000
1787587380,2491.76,2494.08,2489.95,2492.51,544.19430000
1787587440,2492.54,2494.42,2492.02,2493.89,421.89930000
1787587500,2493.88,2498.1,2493.13,2497.3,500.94880000
1787587560,2497.29,2500,2496.61,2499.35,456.40080000
1787587620,2499.35,2506.26,2496.79,2502.93,635.27180000
1787587680,2502.94,2503.57,2500.77,2502.35,435.18970000
1787587740,2502.36,2503.38,2500.11,2500.11,431.29980000
1787587800,2500.25,2500.96,2497.84,2500.12,492.39010000
1787587860,2500.09,2501.83,2498.86,2499.31,637.40480000
1787587920,2499.31,2500,2498.54,2498.57,543.65490000
1787587980,2498.49,2498.81,2496.66,2496.66,571.80610000
1787588040,2496.65,2498.8,2495.5,2498.8,580.57410000
1787588100,2498.57,2502.17,2498.12,2501.44,263.84560000
1787588160,2501.14,2503.33,2499.31,2503,269.15580000
1787588220,2502.31,2502.42,2500.58,2501.94,325.57890000
1787588280,2501.94,2505.85,2501.31,2504.75,343.42100000
1787588340,2504.88,2505.06,2503.04,2504.16,274.65220000
1787588400,2504.14,2504.14,2499.45,2499.62,169.43910000
1787588460,2499.46,2502.3,2499.25,2502.3,14.37870000
1787588520,2502.32,2504.16,2500.45,2500.46,31.41120000
1787588580,2500.44,2503.72,2499.64,2503.72,11.83860000
1787588640,2503.54,2504.56,2503.04,2503.77,27.35650000
1787588700,2503.74,2503.74,2500.68,2501.38,76.40650000
1787588760,2501.46,2502.39,2499.64,2501.51,118.61660000
1787588820,2501.39,2502.65,2500.88,2501.52,105.41370000
1787588880,2501.6,2503.4,2501.6,2502.63,91.30550000
1787588940,2502.64,2502.76,2499.66,2499.66,166.76190000
1787589000,2499.72,2501.02,2499.62,2500.35,107.01580000
1787589060,2500.38,2500.46,2497.35,2497.35,137.52500000
1787589120,2497.36,2498.85,2496.13,2496.7,175.74930000
1787589180,2496.7,2498.99,2495.5,2496.02,219.74490000
1787589240,2496.01,2497.21,2495.35,2496.64,187.25860000
1787589300,2496.61,2500.08,2496.61,2499.9,142.99610000
1787589360,2499.9,2499.9,2498.76,2498.83,276.14870000
1787589420,2498.83,2498.83,2494.5,2495.43,218.95470000
1787589480,2495.32,2497.73,2495.31,2497.08,160.59390000
1787589540,2497.04,2497.73,2495.37,2495.37,199.27020000
1787589600,2495.1,2495.1,2489.45,2493.66,205.01630000
1787589660,2493.73,2494.3,2490.19,2492.38,128.95750000
1787589720,2492.42,2493.98,2491.32,2491.32,142.70320000
1787589780,2491.33,2492.61,2489.81,2491.69,133.72270000
1787589840,2491.76,2491.98,2489.46,2489.5,148.11620000
1787589900,2489.5,2489.51,2487.16,2487.6,151.93660000
1787589960,2487.6,2490.47,2486.29,2489.68,166.48410000
1787590020,2489.64,2491.09,2488.52,2491.09,159.88210000
1787590080,2491.12,2491.48,2489.81,2489.81,132.56320000
1787590140,2489.44,2489.58,2486.44,2488,116.74610000
1787590200,2488,2489.69,2486.89,2486.89,127.02040000
1787590260,2486.98,2486.98,2483.36,2483.56,129.01680000
1787590320,2483.44,2484.54,2482.34,2484.27,88.55560000
1787590380,2484.28,2485.9,2484.28,2485.1,116.18850000
1787590440,2485.09,2485.09,2469.35,2475.23,539.09080000
1787590500,2475.15,2476.64,2470.32,2475.41,264.85070000
1787590560,2475.56,2478.43,2475.56,2478.07,583.29360000
1787590620,2478.06,2481.34,2478.06,2479.11,548.57380000
1787590680,2479.12,2480.18,2477.63,2477.64,588.45960000
1787590740,2477.63,2478.97,2477.37,2478.38,545.03750000
1787590800,2478.42,2478.5,2469.8,2469.91,727.91170000
1787590860,2469.9,2471.31,2467.5,2470.61,405.32840000
1787590920,2470.79,2471.54,2463.74,2465.68,492.89210000
1787590980,2465.67,2471.83,2465.06,2471.83,394.23380000
1787591040,2471.82,2472.64,2469.58,2470.75,391.73370000
1787591100,2470.82,2473.76,2470.69,2473.76,507.03460000
1787591160,2473.76,2478.48,2473.63,2477.96,515.71950000
1787591220,2478.07,2482.06,2476.37,2481.83,490.60970000
1787591280,2481.62,2482.89,2479.71,2480.3,440.85130000
1787591340,2480.34,2484.19,2480.34,2483.43,445.32050000
1787591400,2483.43,2483.43,2480.15,2480.31,265.86910000
1787591460,2480.31,2482.88,2479.35,2482.88,237.14990000
1787591520,2482.89,2482.98,2480.94,2480.94,204.20800000
1787591580,2480.94,2481.95,2478.82,2478.82,284.58870000
1787591640,2478.69,2479.33,2476.49,2476.74,311.43620000
1787591700,2476.73,2477.1,2468.18,2468.26,415.33740000
1787591760,2468.34,2474.42,2464.59,2474.42,309.30630000
1787591820,2474.42,2478.21,2473.46,2478.21,196.20960000
1787591880,2478.21,2480.08,2475.26,2475.52,183.95900000
1787591940,2475.6,2480,2475.6,2476,174.73770000
1787592000,2475.99,2475.99,2465.42,2468.99,485.75400000
1787592060,2469.39,2469.44,2460.15,2461.91,462.71730000
1787592120,2461.92,2465.62,2458.25,2459.53,555.05510000
1787592180,2459.12,2460.84,2455.59,2459.34,325.16490000
1787592240,2459.42,2462.86,2455.3,2459.7,378.68090000
1787592300,2459.7,2462.09,2454.92,2457.88,419.03710000
1787592360,2457.94,2463.73,2457.94,2463.44,516.30020000
1787592420,2463.44,2465.58,2462.92,2464.53,552.52690000
1787592480,2464.71,2464.9,2461.59,2461.59,460.27120000
1787592540,2461.58,2462.22,2456.84,2458.28,522.34410000
1787592600,2458.36,2462.09,2457.71,2457.92,406.35370000
1787592660,2457.92,2462.31,2456.83,2461.22,295.70470000
1787592720,2461.21,2461.95,2459.09,2459.09,353.44110000
1787592780,2459.08,2459.96,2457.14,2458.89,434.04140000
1787592840,2458.97,2460.44,2458.84,2459.75,261.37060000
1787592900,2460.04,2461.48,2459.09,2461.48,105.74740000
1787592960,2461.42,2468.2,2461.42,2465.83,206.62210000
1787593020,2467.12,2467.83,2464.3,2466.68,163.81750000
1787593080,2466.68,2467.02,2463.43,2465.41,222.10790000
1787593140,2465.41,2468.04,2465.01,2466.89,278.44110000
1787593200,2466.89,2469.69,2466.89,2467.76,333.56860000
1787593260,2467.75,2467.75,2466.56,2467.52,245.49410000
1787593320,2467.81,2469.04,2465.46,2465.46,244.69500000
1787593380,2465.26,2466.07,2464.53,2464.53,183.76020000
1787593440,2464.55,2464.88,2460.77,2460.86,229.34660000
1787593500,2460.89,2463.49,2458.65,2463.49,203.16250000
1787593560,2463.53,2465.46,2462.28,2462.28,187.79990000
1787593620,2462.24,2465.63,2462.2,2465.63,206.88080000
1787593680,2465.51,2466.45,2464.53,2465.34,200.57700000
1787593740,2465.62,2466,2465.23,2465.77,188.83140000
1787593800,2465.63,2468.15,2465.52,2467.13,169.52440000
1787593860,2467.12,2467.12,2464.89,2466.2,243.28550000
1787593920,2466.21,2467.84,2465.27,2466.48,251.31770000
1787593980,2466.31,2467.47,2465.78,2466.44,205.80660000
1787594040,2466.46,2467.08,2464.89,2465.13,218.43550000
1787594100,2465.14,2465.67,2461.77,2464.06,247.07080000
1787594160,2464.06,2464.41,2462,2464.28,156.67570000
1787594220,2464.29,2467.62,2464.27,2466.42,170.27460000
1787594280,2466.38,2468.63,2466.38,2468.42,130.87570000
1787594340,2468.42,2471.1,2467.84,2468.82,256.29230000
1787594400,2468.86,2473.23,2468.86,2471.54,200.48340000
1787594460,2471.54,2473.08,2469.07,2473.08,172.49240000
1787594520,2473.08,2474.9,2473.06,2473.68,196.42520000
1787594580,2473.8,2474.18,2472.28,2473.31,197.00310000
1787594640,2473.31,2475.25,2472.2,2475.06,139.31140000
1787594700,2475.07,2476.58,2473.8,2475.62,160.07980000
1787594760,2475.58,2480.83,2475.5,2476.73,270.93660000
1787594820,2476.37,2477.27,2475.63,2475.63,179.33300000
1787594880,2475.63,2476.13,2473.78,2474.52,162.54680000
1787594940,2474.67,2476.67,2473.74,2476.38,128.25570000
1787595000,2476.39,2478.48,2476.39,2477.5,200.83680000
1787595060,2477.5,2478.97,2477.48,2478.46,265.16950000
1787595120,2478.45,2480.27,2477.75,2478.93,274.08170000
1787595180,2478.99,2481.8,2478.99,2481.8,217.20100000
1787595240,2481.8,2483.56,2480.46,2482.22,309.95610000
1787595300,2482.32,2482.32,2480.09,2480.66,162.89330000
1787595360,2480.64,2481.87,2478.6,2479.7,167.23730000
1787595420,2479.7,2481.73,2479.1,2480.14,184.05400000
1787595480,2480.45,2482.81,2480.31,2481.38,165.35590000
1787595540,2481.34,2481.34,2479,2480.33,192.81420000
1787595600,2480.32,2480.71,2477.95,2479.94,90.26530000
1787595660,2479.96,2480.24,2479.52,2480.07,5.63270000
1787595720,2480.07,2480.45,2478.97,2479.02,6.17570000
1787595780,2478.97,2478.97,2478,2478.48,3.42020000
1787595840,2478.59,2479.27,2477.11,2477.11,2.24590000
1787595900,2477.02,2480.71,2474.93,2479.7,91.28640000
1787595960,2479.71,2481.69,2479.71,2481.26,99.67960000
1787596020,2481.16,2482,2479.76,2479.76,46.45310000
1787596080,2479.72,2480.48,2479.72,2480.08,80.18470000
1787596140,2480.11,2480.19,2478.23,2479.36,78.63290000
1787596200,2479.4,2482.47,2479.4,2482.16,123.70670000
1787596260,2482.16,2482.16,2479.33,2479.91,144.56510000
1787596320,2479.91,2481.2,2478.73,2481.2,135.79180000
1787596380,2481.35,2481.7,2480.06,2480.06,168.51520000
1787596440,2480.05,2480.08,2475.93,2475.93,147.12320000
1787596500,2475.86,2477.11,2475.28,2475.29,122.44530000
1787596560,2475.43,2477.19,2474.61,2475.59,159.98940000
1787596620,2475.25,2475.64,2472.28,2472.29,158.44630000
1787596680,2472.29,2472.29,2468.19,2468.19,139.19240000
1787596740,2468.15,2471.16,2467.23,2470.97,131.74770000
1787596800,2471.13,2473.92,2471.13,2473.92,246.81450000
1787596860,2473.92,2476.35,2473.8,2476.05,126.83220000
1787596920,2476.05,2476.45,2474.28,2474.41,197.05890000
1787596980,2474.33,2475.4,2473.63,2473.66,173.21210000
1787597040,2473.51,2476.51,2473.51,2476.51,167.56870000
1787597100,2476.51,2478.86,2476.51,2477.12,29.18400000
1787597160,2476.9,2478.58,2476.59,2477.12,74.79700000
1787597220,2477.11,2477.11,2475.62,2475.84,91.78250000
1787597280,2476.32,2480.07,2476.32,2480.07,89.20670000
1787597340,2480.07,2480.4,2478.89,2479.43,125.19060000
1787597400,2479.43,2480.45,2478.98,2478.98,90.92210000
1787597460,2478.98,2478.98,2476.63,2476.84,53.87740000
1787597520,2476.78,2476.78,2474,2474.36,79.03770000
1787597580,2474.36,2474.82,2473.39,2473.39,81.29400000
1787597640,2473.17,2476.27,2472.97,2476.27,83.94210000
1787597700,2476.26,2476.91,2475.26,2475.32,109.58120000
1787597760,2475.43,2475.68,2474.05,2474.27,77.35360000
1787597820,2474.13,2475.24,2473.07,2475.24,82.77380000
1787597880,2475.25,2476.07,2475.05,2475.31,80.34020000
1787597940,2475.48,2475.91,2473.68,2473.92,51.14260000
1787598000,2473.96,2476.97,2473.96,2476.97,76.69430000
1787598060,2476.96,2477.72,2474.88,2475.25,86.91580000
1787598120,2475.11,2476.4,2472.84,2472.97,73.62790000
1787598180,2473.02,2473.61,2472.07,2472.86,46.29410000
1787598240,2473.02,2473.75,2471.11,2471.11,59.67080000
1787598300,2470.88,2471.75,2467.24,2468.74,153.01030000
1787598360,2468.55,2468.72,2464.76,2465.48,242.34730000
1787598420,2465.26,2466.73,2464.66,2466.07,162.49670000
1787598480,2466.07,2468.64,2465.26,2468.64,110.08790000
1787598540,2468.8,2471.62,2466.74,2466.8,196.68020000
1787598600,2466.74,2468.58,2466.04,2468.58,214.83150000
1787598660,2468.58,2471.16,2468.58,2471.16,243.55060000
1787598720,2471.16,2474.04,2471.16,2474.03,257.90080000
1787598780,2474.04,2474.8,2473,2474.03,190.84080000
1787598840,2474.03,2474.12,2473.02,2473.86,267.63040000
1787598900,2473.85,2475.18,2473.69,2474.33,133.59520000
1787598960,2474.33,2474.33,2468.91,2470.73,100.98270000
1787599020,2470.58,2470.95,2469.11,2469.54,137.32520000
1787599080,2469.58,2470.49,2465.99,2468.92,139.64350000
1787599140,2468.91,2469.58,2463.54,2464.31,169.57200000
1787599200,2464.27,2464.83,2462.86,2464.49,93.59730000
1787599260,2464.53,2466.14,2463.2,2465.27,198.70230000
1787599320,2465.26,2465.26,2463.27,2463.79,165.62810000
1787599380,2463.79,2465.85,2463.79,2465.3,173.20220000
1787599440,2465.23,2467.5,2461.99,2466.07,195.45930000
1787599500,2466.08,2469.16,2466.08,2469.15,230.04150000
1787599560,2469.16,2470.31,2468.96,2469.36,129.98940000
1787599620,2469.36,2470.59,2469.35,2470.59,120.01060000
1787599680,2470.59,2470.9,2469.87,2469.94,91.39420000
1787599740,2469.98,2471.1,2469.98,2470.34,173.17800000
1787599800,2470.34,2470.66,2469.33,2469.96,49.57810000
1787599860,2469.96,2469.96,2468.64,2469.73,105.85550000
1787599920,2469.73,2471.54,2469.2,2471.44,50.09800000
1787599980,2471.36,2471.53,2469.42,2469.94,61.42690000
1787600040,2470.06,2471.02,2469.93,2470.45,73.22200000
1787600100,2470.45,2470.79,2469.33,2470.68,120.13850000
1787600160,2470.71,2472.65,2470.71,2472.4,50.08590000
1787600220,2472.39,2473.35,2471.92,2472.63,47.31320000
1787600280,2472.64,2474,2472.64,2473.4,65.49640000
1787600340,2473.55,2474.3,2472.25,2472.25,65.01960000
1787600400,2472.25,2472.61,2470.86,2470.97,47.24390000
1787600460,2470.97,2471.54,2469.11,2469.36,95.74700000
1787600520,2469.36,2469.68,2467.89,2467.89,94.82500000
1787600580,2467.9,2470.74,2467.89,2470.33,101.64920000
1787600640,2470.33,2471.54,2470.28,2471.54,64.61050000
1787600700,2471.58,2472.22,2469.9,2470.14,117.60680000
1787600760,2470.1,2470.1,2467.9,2469.02,113.55280000
1787600820,2468.95,2469.12,2468.51,2468.94,52.08000000
1787600880,2468.9,2471.16,2468.22,2471.16,72.23190000
1787600940,2471.16,2471.81,2470.39,2470.39,94.07860000
1787601000,2470.26,2471.13,2468.87,2468.87,34.61110000
1787601060,2468.95,2469.05,2467.11,2468.01,95.31500000
1787601120,2467.95,2467.95,2465,2465.6,72.39600000
1787601180,2465.48,2467.12,2465.27,2467.12,93.54130000
1787601240,2467.11,2469.76,2466.76,2469.76,58.35560000
1787601300,2469.68,2471.16,2468.72,2469.44,89.21940000
1787601360,2469.44,2471.06,2469.44,2471.06,92.29950000
1787601420,2471.06,2471.17,2470.43,2470.84,72.62290000
1787601480,2470.85,2471.29,2470.62,2471.22,95.53210000
1787601540,2471.1,2471.76,2470.06,2471.61,117.96550000
1787601600,2471.4,2474.14,2470.07,2470.11,113.39870000
1787601660,2470.11,2470.73,2468.22,2468.22,73.63120000
1787601720,2468.21,2468.38,2465.96,2466.07,134.11920000
1787601780,2466.08,2467.83,2466.08,2466.86,79.18730000
1787601840,2466.86,2466.86,2465.59,2465.76,93.06100000
1787601900,2465.84,2467.47,2465.84,2467.39,66.37500000
1787601960,2467.4,2470.51,2467.4,2469.86,83.86160000
1787602020,2469.95,2472.53,2469.63,2472.53,130.96010000
1787602080,2472.61,2473.39,2472.14,2472.82,64.16440000
1787602140,2472.75,2474.83,2472.67,2474.83,66.13000000
1787602200,2474.87,2475.37,2474.61,2474.79,113.32230000
1787602260,2474.82,2474.82,2473.5,2473.5,49.45470000
1787602320,2473.49,2473.5,2470.43,2470.44,78.03500000
1787602380,2470.56,2471.79,2470.56,2471.79,70.71230000
1787602440,2471.79,2472.87,2471.79,2472.44,80.95620000
1787602500,2472.28,2472.28,2469.16,2469.68,32.72180000
1787602560,2469.68,2470.86,2469.41,2470.85,43.64410000
1787602620,2470.86,2470.93,2469.99,2469.99,27.25060000
1787602680,2469.98,2470.17,2469.6,2469.69,58.79250000
1787602740,2469.68,2471.48,2469.68,2471.48,55.81010000
1787602800,2471.47,2472.28,2471.12,2471.14,31.65170000
1787602860,2470.92,2471.46,2469.69,2469.99,11.60610000
1787602920,2469.99,2471.21,2469.14,2471.21,12.09350000
1787602980,2471.25,2472.31,2470.68,2472.31,2.64980000
1787603040,2472.2,2472.2,2469.94,2470.34,5.90070000
1787603100,2470.43,2470.74,2469.82,2469.82,21.99050000
1787603160,2469.82,2469.82,2467.21,2468.21,48.80340000
1787603220,2468.2,2468.58,2466.38,2468.56,61.72350000
1787603280,2468.28,2468.78,2467.84,2468.78,53.85100000
1787603340,2468.86,2468.93,2467.85,2468.57,24.97100000
1787603400,2468.58,2468.94,2467.34,2467.67,55.08440000
1787603460,2467.66,2468.37,2466.43,2466.89,83.17980000
1787603520,2466.97,2468.91,2466.97,2468.83,81.87790000
1787603580,2468.84,2470.69,2468.41,2470.54,115.02170000
1787603640,2470.57,2471.11,2470.31,2470.84,92.41280000
1787603700,2470.92,2474.5,2470.91,2473.41,77.20880000
1787603760,2473.42,2474.99,2473.35,2473.35,82.14610000
1787603820,2473.32,2475.62,2473.32,2475.61,61.59720000
1787603880,2475.49,2479.17,2475.49,2478.78,62.79860000
1787603940,2478.82,2478.82,2475.99,2476,54.70450000
1787604000,2476,2476.33,2475.25,2475.26,146.04650000
1787604060,2475.25,2475.54,2474.69,2474.69,135.28810000
1787604120,2474.69,2475.8,2474.56,2475.56,146.22260000
1787604180,2475.56,2475.56,2474.72,2474.72,148.60110000
1787604240,2474.72,2474.72,2473.91,2474.17,126.59880000
1787604300,2474.11,2475.01,2473.39,2474.7,95.05090000
1787604360,2474.66,2474.66,2473.48,2473.48,59.04470000
1787604420,2473.45,2474.12,2473.44,2473.46,46.61930000
1787604480,2473.7,2473.75,2473.14,2473.62,65.18090000
1787604540,2473.66,2473.66,2472.29,2472.8,63.81170000
1787604600,2472.77,2472.8,2472.02,2472.58,46.07770000
1787604660,2472.56,2472.59,2472.27,2472.53,68.96390000
1787604720,2472.48,2472.65,2471.38,2471.41,51.05090000
1787604780,2471.42,2472.23,2471.42,2471.54,57.54090000
1787604840,2471.65,2472.78,2471.65,2472.68,47.74000000
1787604900,2472.68,2473.3,2472.68,2473.3,10.46020000
1787604960,2473.29,2473.75,2473.24,2473.75,40.11810000
1787605020,2473.75,2473.87,2473.43,2473.76,13.87350000
1787605080,2473.8,2474.61,2473.72,2474.61,27.63180000
1787605140,2474.77,2475.26,2474.16,2475.26,33.78550000
1787605200,2475.61,2477.47,2475.33,2477.47,37.00750000
1787605260,2477.48,2479.17,2477.48,2479.17,16.11440000
1787605320,2479.18,2479.71,2479.18,2479.66,23.80070000
1787605380,2479.66,2481.69,2479.66,2480.97,14.90220000
1787605440,2480.96,2481.32,2479.94,2481.14,19.50420000
1787605500,2481.18,2481.59,2480.46,2481.19,52.71030000
1787605560,2481.2,2481.68,2480.54,2480.78,52.34740000
1787605620,2480.51,2480.51,2478.92,2479.12,19.09400000
1787605680,2479.3,2480.43,2479.3,2480.01,64.28280000
1787605740,2480.08,2480.83,2479.74,2479.74,43.59650000
1787605800,2479.74,2481.08,2479.57,2481.08,40.33520000
1787605860,2481.2,2482.89,2481.2,2482.89,48.70920000
1787605920,2482.88,2483.43,2482.56,2482.56,56.33650000
1787605980,2482.57,2483.15,2482.33,2482.54,109.88730000
1787606040,2482.53,2483.95,2482.53,2483.94,69.75010000
1787606100,2483.93,2484.2,2482.33,2482.33,38.13690000
1787606160,2482.32,2482.32,2480.46,2480.46,62.17700000
1787606220,2480.43,2480.77,2479.81,2479.81,80.07580000
1787606280,2479.8,2481,2479.4,2481,70.64180000
1787606340,2481.19,2481.5,2479.34,2479.34,76.19500000
1787606400,2479.34,2479.69,2479.02,2479.6,68.52920000
1787606460,2479.61,2480.49,2479.61,2480.49,32.32980000
1787606520,2480.46,2482.43,2480.44,2482.43,32.15590000
1787606580,2482.22,2482.22,2481.35,2482.04,22.21700000
1787606640,2482.03,2482.03,2481.08,2481.08,65.47340000
1787606700,2480.93,2481.89,2480.72,2480.72,33.83140000
1787606760,2480.72,2481.53,2479.71,2481.15,70.36200000
1787606820,2481.14,2481.14,2480.46,2480.67,47.79440000
1787606880,2480.66,2480.67,2480.5,2480.66,17.52190000
1787606940,2480.67,2481.4,2480.67,2481.39,18.01640000
1787607000,2481.4,2482.06,2481.4,2481.47,32.91000000
1787607060,2481.46,2482.45,2481.05,2481.05,33.97400000
1787607120,2481.04,2481.31,2480.84,2481.31,22.26240000
1787607180,2481.18,2481.18,2481.02,2481.07,31.41710000
1787607240,2481.08,2481.08,2480.88,2480.99,42.63590000
1787607300,2481,2481,2480.22,2480.22,30.88310000
1787607360,2480.23,2481.68,2480.22,2481.42,23.62810000
1787607420,2481.43,2481.43,2480.14,2480.47,35.54170000
1787607480,2480.48,2480.56,2479.91,2480.16,34.81880000
1787607540,2480.16,2481.16,2480.16,2481.16,26.51880000
1787607600,2481.16,2482.04,2481.16,2481.77,18.16070000
1787607660,2481.77,2483.06,2481.77,2483.06,22.17280000
1787607720,2483.06,2483.76,2483.06,2483.1,23.64910000
1787607780,2483.09,2483.81,2482.78,2482.8,31.34800000
1787607840,2482.82,2484.62,2482.82,2483.44,38.43010000
1787607900,2483.44,2489.72,2483.07,2484.19,136.97310000
1787607960,2484.19,2484.19,2484.04,2484.09,32.37190000
1787608020,2484.09,2484.25,2484.08,2484.25,26.96820000
1787608080,2484.29,2485.34,2484.29,2485.16,29.05060000
1787608140,2485.18,2485.76,2485.17,2485.55,34.61970000
1787608200,2485.46,2485.46,2484.19,2484.2,96.29150000
1787608260,2484.19,2486.65,2483.82,2485.69,162.80560000
1787608320,2485.7,2486.43,2484.57,2485.02,90.13210000
1787608380,2485.02,2485.02,2482.07,2482.08,87.74860000
1787608440,2482.07,2482.95,2481.7,2482.95,94.79590000
1787608500,2482.95,2482.95,2482.93,2482.94,53.46970000
1787608560,2482.97,2482.98,2482.89,2482.92,49.39500000
1787608620,2482.92,2483.33,2482.91,2483.31,63.05240000
1787608680,2483.31,2483.52,2483.31,2483.42,41.72630000
1787608740,2483.38,2483.68,2482.71,2483.61,42.78180000
1787608800,2483.62,2483.82,2480.28,2480.28,47.60340000
1787608860,2480.3,2481.79,2480.3,2481.79,26.42000000
1787608920,2481.79,2485.21,2481.79,2482.01,32.62450000
1787608980,2482.01,2483.98,2481.12,2481.12,24.93030000
1787609040,2481.04,2481.74,2480.18,2481.74,65.89810000
1787609100,2481.78,2483.54,2481.58,2482.68,53.46430000
1787609160,2482.64,2484.19,2482.64,2483.84,41.61730000
1787609220,2483.84,2483.84,2481.59,2481.59,39.23910000
1787609280,2481.65,2482.69,2481.43,2482.69,26.72190000
1787609340,2482.7,2482.7,2481.42,2481.42,47.26410000
1787609400,2481.43,2482.09,2481.15,2481.36,39.75930000
1787609460,2481.21,2481.43,2481.02,2481.09,55.89690000
1787609520,2481.1,2481.1,2480.08,2480.08,37.62170000
1787609580,2480.13,2480.23,2479.35,2480.23,30.07680000
1787609640,2480.27,2481.16,2480.27,2481.15,29.06150000
1787609700,2480.98,2482.31,2480.66,2481.74,26.26890000
1787609760,2481.7,2481.7,2480.47,2481.39,25.77450000
1787609820,2481.4,2481.72,2481.1,2481.11,24.41530000
1787609880,2481.11,2481.11,2479.47,2479.83,15.85690000
1787609940,2479.87,2480.03,2477.57,2477.89,40.05550000
1787610000,2477.89,2479.33,2477.5,2477.88,20.38750000
1787610060,2477.89,2479.71,2477.89,2479.5,1.50030000
1787610120,2479.52,2480.43,2479.21,2480.42,0.69350000
1787610180,2480.08,2480.19,2479.88,2479.88,1.02810000
1787610240,2479.96,2480.74,2479.35,2479.68,8.30480000
1787610300,2479.67,2479.67,2479.13,2479.13,17.16120000
1787610360,2479.1,2479.1,2476.49,2476.7,32.37940000
1787610420,2476.69,2477.11,2475.96,2477.11,138.74940000
1787610480,2477.1,2477.33,2476.36,2477.33,62.18090000
1787610540,2477.36,2478.38,2477.28,2477.67,49.64020000
1787610600,2477.81,2480.71,2477.81,2480.71,58.88980000
1787610660,2480.71,2480.71,2477.79,2478.04,60.18080000
1787610720,2478.05,2479.71,2478.05,2479.71,61.72740000
1787610780,2479.7,2481.4,2479.39,2481.12,60.16570000
1787610840,2481.18,2483.97,2481.16,2482.12,47.99120000
1787610900,2482.12,2482.27,2481.21,2481.5,69.62030000
1787610960,2481.42,2481.49,2480.46,2481.28,47.55110000
1787611020,2481.31,2484.56,2481.31,2483.47,87.05330000
1787611080,2483.46,2484.02,2483.07,2483.59,63.55850000
1787611140,2483.59,2483.91,2482.26,2482.26,60.59720000
1787611200,2482.1,2482.1,2480.34,2480.95,85.97820000
1787611260,2480.95,2480.95,2479.71,2479.87,78.98780000
1787611320,2479.87,2479.95,2477.73,2477.73,74.35940000
1787611380,2477.88,2478.57,2476.74,2478.57,180.81520000
1787611440,2478.58,2478.97,2477.11,2477.11,46.00570000
1787611500,2477.14,2479.55,2477.14,2478.87,48.36450000
1787611560,2478.86,2478.86,2478.43,2478.65,40.31660000
1787611620,2478.65,2479.19,2478.62,2479.19,76.02970000
1787611680,2479.19,2479.95,2478.28,2478.79,74.82560000
1787611740,2478.92,2479.34,2477.88,2479.34,72.75400000
1787611800,2479.33,2480.4,2478.89,2478.89,89.82980000
1787611860,2478.89,2479.66,2478.83,2479.08,70.12650000
1787611920,2479.08,2479.08,2477.38,2478.63,53.25990000
1787611980,2478.64,2479.87,2478.6,2478.6,39.45280000
1787612040,2478.6,2478.6,2477.85,2477.98,50.68560000
1787612100,2477.98,2477.98,2475.75,2475.78,39.73480000
1787612160,2475.79,2476.51,2474.73,2476.02,53.85770000
1787612220,2476.06,2476.36,2475.25,2475.36,59.53510000
1787612280,2475.36,2475.36,2474.3,2474.57,62.46850000
1787612340,2474.57,2474.57,2472.41,2474.13,46.02230000
1787612400,2474.31,2475.45,2473.76,2473.76,101.38770000
1787612460,2473.76,2473.76,2472.71,2473.03,157.90950000
1787612520,2473.02,2473.4,2471.74,2472.07,110.37360000
1787612580,2472.05,2476.54,2470.63,2475.92,199.95240000
1787612640,2475.93,2475.93,2473.89,2474.68,56.35310000
1787612700,2474.68,2475.21,2474.13,2474.76,88.29810000
1787612760,2474.93,2475.25,2474.88,2475.24,74.93780000
1787612820,2475.24,2475.37,2475.24,2475.37,66.11580000
1787612880,2475.37,2477.42,2475.37,2477.42,104.42960000
1787612940,2477.46,2478.54,2477.46,2477.77,68.88510000
1787613000,2477.76,2478.16,2476.95,2476.95,75.00650000
1787613060,2477.28,2478.42,2477.28,2478.42,23.32860000
1787613120,2478.42,2479.11,2478.42,2479.1,42.93890000
1787613180,2479.11,2479.11,2477.07,2477.14,40.75830000
1787613240,2477.14,2477.48,2477.13,2477.48,37.62850000
1787613300,2477.49,2478.33,2477.27,2478.32,45.61790000
1787613360,2478.33,2478.83,2478.14,2478.14,22.95270000
1787613420,2478.15,2478.5,2476.81,2477.85,55.69410000
1787613480,2477.92,2478.96,2477.87,2478.68,44.44810000
1787613540,2478.64,2478.64,2477.86,2478.51,36.88550000
1787613600,2478.52,2480.12,2478.52,2480.12,32.14120000
1787613660,2480.15,2480.71,2480.15,2480.27,38.70690000
1787613720,2480.28,2480.95,2480.14,2480.95,48.84240000
1787613780,2480.95,2481.4,2480.77,2481.15,45.34420000
1787613840,2481.24,2483.99,2481.24,2482.85,35.66420000
1787613900,2482.84,2484.56,2482.84,2483.29,82.19900000
1787613960,2483.3,2484.39,2482.7,2484.39,49.38090000
1787614020,2484.39,2484.79,2483.5,2483.5,50.81590000
1787614080,2483.5,2483.5,2483.08,2483.08,49.49250000
1787614140,2483.08,2483.52,2483.07,2483.18,49.12330000
1787614200,2483.1,2483.71,2481.95,2483.36,56.60360000
1787614260,2483.36,2483.81,2482.77,2483.27,37.61300000
1787614320,2483.27,2486.16,2482.94,2485.82,96.74670000
1787614380,2485.81,2485.81,2484.05,2484.27,38.32380000
1787614440,2484.24,2484.24,2482.98,2483.47,52.52610000
1787614500,2483.46,2483.82,2482.82,2483.06,72.31080000
1787614560,2483.16,2483.77,2483.16,2483.69,100.29620000
1787614620,2483.7,2485.07,2483.7,2485.07,130.23800000
1787614680,2485.11,2486.19,2485.11,2485.69,163.35000000
1787614740,2485.68,2486.74,2485.61,2486.22,93.77290000
1787614800,2486.28,2486.97,2486.05,2486.97,99.56720000
1787614860,2486.98,2487.09,2485.69,2485.69,73.77220000
1787614920,2485.69,2485.73,2485.3,2485.48,37.07720000
1787614980,2485.48,2486.29,2485.22,2486.28,151.24070000
1787615040,2486.28,2486.28,2484.96,2484.96,66.10450000
1787615100,2484.96,2486.43,2484.58,2484.58,51.87780000
1787615160,2484.57,2484.78,2483.27,2483.34,94.68780000
1787615220,2483.34,2483.58,2482.16,2482.71,94.70410000
1787615280,2482.86,2482.86,2479.03,2479.03,86.68530000
1787615340,2479.03,2480.77,2478.88,2479.09,112.00730000
1787615400,2479.13,2479.13,2477.89,2478.59,91.63310000
1787615460,2478.56,2478.56,2477.77,2477.85,81.77570000
1787615520,2477.85,2479.2,2476.89,2478.92,107.20650000
1787615580,2478.92,2478.92,2477.29,2477.45,96.10620000
1787615640,2477.44,2479.61,2477.12,2479.61,100.85320000
1787615700,2479.6,2479.79,2477.9,2479.79,129.99340000
1787615760,2479.48,2480.73,2479.48,2480.31,72.86320000
1787615820,2480.31,2480.99,2480.31,2480.46,52.08160000
1787615880,2480.46,2482.71,2480.14,2481.59,86.76940000
1787615940,2481.59,2482.98,2481.59,2481.97,85.35760000
1787616000,2481.96,2483.41,2481.01,2481.3,89.10620000
1787616060,2481.34,2483.04,2480.49,2480.86,61.35640000
1787616120,2480.81,2481.53,2480.67,2480.85,54.75050000
1787616180,2480.89,2481.55,2480.13,2480.93,44.48540000
1787616240,2480.91,2481.36,2479.71,2479.79,86.32790000
1787616300,2479.77,2479.77,2477.82,2478.56,155.32060000
1787616360,2478.56,2478.8,2477.53,2478.16,104.56610000
1787616420,2478.01,2483.31,2478.01,2479.64,145.87830000
1787616480,2479.38,2484.72,2479.38,2479.96,119.13790000
1787616540,2479.71,2480.95,2477.85,2478.59,79.85930000
1787616600,2478.63,2481.22,2477.42,2480.33,174.47230000
1787616660,2480.33,2482.28,2480.33,2480.81,205.64650000
1787616720,2480.87,2483.07,2480.87,2482.32,195.61350000
1787616780,2482.32,2483.41,2478.97,2479.47,168.36210000
1787616840,2479.48,2480.82,2479,2479.17,185.47890000
1787616900,2479.16,2479.16,2475.61,2476.45,136.42160000
1787616960,2476.45,2476.66,2474.6,2475.51,146.15460000
1787617020,2475.52,2475.52,2473.62,2474.15,165.15870000
1787617080,2474.06,2475.92,2472.24,2474.54,117.62950000
1787617140,2474.51,2477.1,2474.27,2476.37,143.92230000
1787617200,2476.37,2476.49,2475.5,2476.48,42.75240000
1787617260,2476.51,2477.2,2475.79,2477.2,1.66930000
1787617320,2477.36,2478.54,2477.36,2478.22,5.36750000
1787617380,2478.24,2480.35,2478.24,2480.35,5.18490000
1787617440,2480.35,2480.44,2478.9,2478.9,2.63280000
1787617500,2478.92,2481.9,2478.84,2481.87,30.18750000
1787617560,2481.88,2482.52,2479.31,2479.44,66.00610000
1787617620,2479.48,2480.11,2478.44,2479.55,24.47850000
1787617680,2479.22,2479.33,2477.73,2479.33,38.46170000
1787617740,2479.34,2480.07,2478.66,2479.13,25.08990000
1787617800,2479.08,2479.71,2478.35,2479.71,46.19970000
1787617860,2479.76,2480.61,2478.73,2478.73,45.00680000
1787617920,2478.73,2478.74,2477.04,2477.81,57.77180000
1787617980,2477.77,2479.71,2477.01,2479.71,52.97090000
1787618040,2479.72,2480.37,2478.27,2479.74,40.10000000
1787618100,2479.66,2483.15,2479.66,2483.15,48.45220000
1787618160,2483.07,2483.89,2482.35,2482.7,50.44030000
1787618220,2482.61,2483.31,2480.74,2483.18,57.69710000
1787618280,2483.22,2486.08,2483.22,2486.08,53.52070000
1787618340,2486.09,2486.53,2482.33,2483.84,65.09990000
1787618400,2483.88,2486.64,2481.96,2482.15,97.36610000
1787618460,2482.15,2483.9,2481.21,2483.9,78.56030000
1787618520,2483.95,2486.42,2483.39,2486.26,77.84910000
1787618580,2486.3,2494.08,2486.3,2490.79,167.84860000
1787618640,2490.82,2492.71,2490.57,2492.63,93.16510000
1787618700,2492.64,2498.66,2490.6,2498.1,333.72300000
1787618760,2498.12,2502.71,2497.44,2499.96,254.21330000
1787618820,2499.64,2504.73,2499.24,2500.38,304.33290000
1787618880,2500,2500.25,2494.55,2496.35,282.97360000
1787618940,2496.35,2497.23,2493.58,2493.58,338.38370000
1787619000,2493.64,2495.35,2489.75,2495.35,331.28600000
1787619060,2495.39,2495.95,2492.83,2495.64,383.34160000
1787619120,2495.71,2497.72,2495.21,2496.24,418.30300000
1787619180,2496.25,2496.33,2491.07,2495.92,362.64070000
1787619240,2495.92,2499.69,2495.1,2499.69,443.77630000
1787619300,2499.79,2500.41,2496.25,2496.78,306.83930000
1787619360,2496.81,2498.29,2494.71,2494.85,309.53750000
1787619420,2494.86,2497.14,2494.84,2497.14,276.38910000
1787619480,2497.14,2497.18,2494.1,2494.52,245.46500000
1787619540,2494.59,2495.35,2492.6,2493.51,285.68780000
1787619600,2493.33,2494.97,2492.59,2494.97,235.57540000
1787619660,2494.96,2497.25,2494.61,2496.5,199.43160000
1787619720,2496.46,2497.89,2495.1,2497.35,250.22000000
1787619780,2497.35,2499.79,2496.68,2499.78,205.61930000
1787619840,2499.64,2499.65,2496.88,2497.32,211.62050000
1787619900,2497.32,2497.32,2493.85,2494.55,195.87360000
1787619960,2494.55,2496.45,2494.55,2496.2,172.51160000
1787620020,2496.12,2496.4,2491.8,2492.45,195.73330000
1787620080,2492.2,2492.2,2490,2491.35,180.35190000
1787620140,2491.34,2493.2,2491.34,2492.56,99.30330000
1787620200,2492.49,2492.49,2487.5,2490.22,179.50150000
1787620260,2490.38,2490.46,2487.85,2490.46,168.80720000
1787620320,2490.47,2490.47,2487.99,2489.81,143.48680000
1787620380,2489.81,2491.68,2489.6,2490.24,147.95050000
1787620440,2490.25,2490.42,2487.95,2488.75,131.71520000
1787620500,2488.74,2488.74,2484.7,2485.31,167.39570000
1787620560,2485.22,2488.81,2484.69,2488.81,104.41740000
1787620620,2488.82,2495.25,2488.82,2493.46,173.46750000
1787620680,2493.26,2494.02,2491.65,2491.65,98.48120000
1787620740,2491.66,2494.98,2491.58,2494.11,185.39570000
1787620800,2494.1,2495.56,2493.95,2495,162.65840000
1787620860,2494.88,2495.89,2493.36,2494.92,105.03010000
1787620920,2494.86,2495.8,2493.54,2493.54,121.09580000
1787620980,2493.55,2495.72,2492.88,2492.96,118.12730000
1787621040,2492.92,2498.11,2492.45,2494.03,125.81890000
1787621100,2493.96,2495.96,2493.11,2495.73,88.02090000
1787621160,2495.81,2498.86,2495.33,2497.24,119.81530000
1787621220,2497.2,2504.28,2496.78,2503.06,240.52150000
1787621280,2502.96,2502.96,2499.47,2499.6,113.46800000
1787621340,2499.61,2499.94,2498.02,2498.26,124.40220000
1787621400,2498.26,2499.98,2498.08,2499.97,225.41630000
1787621460,2499.98,2500.7,2499.06,2499.57,242.70040000
1787621520,2499.58,2499.58,2497.13,2497.13,267.53080000
1787621580,2497.14,2498.11,2495.5,2496.28,341.54970000
1787621640,2496.36,2498.09,2496.36,2496.79,240.26370000
1787621700,2496.76,2496.76,2495.46,2495.46,126.11100000
1787621760,2495.46,2495.97,2494.63,2495.97,105.88640000
1787621820,2495.97,2497.7,2494.87,2497.7,130.51700000
1787621880,2497.73,2500.76,2497.73,2499.57,114.67060000
1787621940,2499.57,2499.57,2498.15,2499.29,101.00200000
1787622000,2499.3,2502.01,2499.02,2499.31,120.48880000
1787622060,2499.3,2501.19,2498.7,2498.7,89.58290000
1787622120,2498.71,2499.14,2495.93,2496.08,100.64890000
1787622180,2496.08,2496.86,2495.61,2495.71,82.61610000
1787622240,2495.7,2495.7,2494.15,2494.33,75.49440000
1787622300,2494.33,2496.22,2494.29,2495.9,27.59640000
1787622360,2495.91,2496.86,2495.21,2495.33,104.41620000
1787622420,2495.27,2495.27,2493.75,2494.79,61.89380000
1787622480,2494.78,2495.72,2494.04,2495.72,106.69140000
1787622540,2495.84,2496.08,2493.63,2495.12,244.86210000
1787622600,2495.13,2495.13,2493.19,2493.97,432.49370000
1787622660,2493.97,2494.28,2491.53,2491.54,551.07910000
1787622720,2491.54,2491.7,2490.25,2490.25,93.99080000
1787622780,2490.25,2490.94,2489.27,2490.75,89.01580000
1787622840,2490.74,2492.21,2489.27,2492.21,68.95400000
1787622900,2492.12,2493.36,2492.12,2493.22,104.36570000
1787622960,2493.18,2493.58,2492.08,2492.58,177.80790000
1787623020,2492.58,2494.26,2492.46,2493.67,221.63440000
1787623080,2493.72,2495.17,2493.72,2495.17,176.00690000
1787623140,2495.25,2496.54,2495.25,2495.83,155.19850000
1787623200,2495.84,2496.6,2494.83,2495.46,120.25480000
1787623260,2495.47,2495.82,2494.33,2494.33,120.36880000
1787623320,2494.38,2497.57,2493.51,2497.47,76.85340000
1787623380,2497.48,2498.46,2495.66,2495.68,146.43380000
1787623440,2495.68,2496.97,2495.09,2496.22,75.05220000
1787623500,2496.22,2497.34,2495.14,2495.14,60.58460000
1787623560,2495.09,2495.09,2493.35,2493.35,46.24870000
1787623620,2493.21,2494.75,2492.85,2493.22,95.95210000
1787623680,2493.22,2495.24,2492.81,2493.83,110.16910000
1787623740,2493.6,2494.32,2492.56,2494.32,56.86320000
1787623800,2494.33,2497.24,2494.33,2496.93,83.59610000
1787623860,2496.94,2497.35,2495.09,2495.57,49.42270000
1787623920,2495.56,2495.56,2493.87,2493.99,28.24670000
1787623980,2493.94,2494.29,2492.45,2493.64,53.47290000
1787624040,2493.63,2494.33,2492.97,2494.33,84.30250000
1787624100,2494.33,2494.9,2493.21,2493.76,55.58280000
1787624160,2493.52,2495.45,2493.48,2495.32,33.24600000
1787624220,2495.32,2513.66,2495.32,2512.07,619.92210000
1787624280,2511.57,2518.67,2508.96,2517.24,364.47200000
1787624340,2517.05,2518.88,2510.87,2518.77,106.16470000
1787624400,2518.77,2520.93,2512.5,2517.55,177.19890000
1787624460,2517.95,2521.48,2514.27,2514.54,87.26900000
1787624520,2514.48,2516.6,2509.9,2512.68,45.22020000
1787624580,2512.65,2513.57,2510.65,2511.25,20.39760000
1787624640,2511.29,2515.28,2509.94,2515.28,24.14790000
1787624700,2515.42,2519.28,2513.96,2515.72,351.67280000
1787624760,2516.02,2518.27,2516.02,2516.98,403.26520000
1787624820,2517.15,2520.28,2517.15,2520.28,389.27130000
1787624880,2520.28,2533.16,2520.16,2529.6,581.94390000
1787624940,2529.6,2530.52,2526.42,2529.74,444.67200000
1787625000,2529.51,2532.08,2526.04,2527.33,455.83620000
1787625060,2527.31,2527.96,2522.49,2527.28,538.18350000
1787625120,2527.25,2527.67,2521.77,2522.2,587.45380000
1787625180,2522.24,2522.24,2519.2,2519.2,621.33170000
1787625240,2519.27,2520.14,2517.55,2519.13,597.89240000
1787625300,2519.12,2519.63,2517.24,2517.5,410.07780000
1787625360,2517.54,2517.66,2515.76,2516.5,497.11070000
1787625420,2516.3,2516.78,2514.58,2516.11,564.54810000
1787625480,2516.11,2519.46,2516.06,2518.02,530.50000000
1787625540,2518.06,2519.8,2516.79,2518.84,432.36340000
1787625600,2518.83,2522,2518.54,2520.25,315.34080000
1787625660,2520.25,2528.8,2519.48,2527.38,289.12380000
1787625720,2527.53,2530.53,2526.73,2526.8,264.53170000
1787625780,2526.74,2527.03,2521.4,2522.94,256.97060000
1787625840,2522.93,2522.93,2516.79,2517.44,291.74060000
1787625900,2517.45,2517.86,2515.51,2516.54,417.76780000
1787625960,2516.54,2517.3,2514.1,2516.67,356.66970000
1787626020,2516.67,2518.97,2516.66,2518.5,390.53760000
1787626080,2518.52,2519,2514.1,2514.1,410.69210000
1787626140,2514.28,2514.85,2507.84,2509.22,327.66630000
1787626200,2509.21,2509.21,2502.05,2505.5,291.78790000
1787626260,2505.5,2505.62,2503.33,2504.68,341.85020000
1787626320,2504.83,2507.96,2504.55,2506.77,344.99890000
1787626380,2506.78,2510.55,2506.72,2510.02,316.18850000
1787626440,2509.98,2509.99,2507.6,2507.6,315.73020000
1787626500,2507.6,2510.5,2506.73,2510.5,255.56400000
1787626560,2510.28,2510.28,2509.12,2509.12,230.91530000
1787626620,2509.13,2510.64,2508.18,2508.18,233.08870000
1787626680,2507.98,2508.74,2507.09,2508.32,241.74100000
1787626740,2508.52,2509.42,2506.87,2507.75,222.29420000
1787626800,2507.76,2510.72,2507.76,2510.47,144.32930000
1787626860,2510.46,2510.46,2505.43,2506.44,340.05120000
1787626920,2506.47,2507.51,2505.57,2506.97,158.37650000
1787626980,2506.97,2510.26,2506.97,2510.26,165.44960000
1787627040,2510.26,2510.65,2509.13,2509.37,139.18050000
1787627100,2509.37,2512.82,2509.37,2511.19,177.47160000
1787627160,2511.18,2513.65,2510.8,2513.65,283.27570000
1787627220,2513.66,2514.38,2513.36,2513.63,216.12170000
1787627280,2513.8,2514.47,2511.8,2512.13,199.57530000
1787627340,2512.15,2513.34,2511.43,2511.58,187.30870000
1787627400,2511.57,2513.6,2511.52,2511.98,247.19210000
1787627460,2512.02,2512.34,2509.93,2511.25,123.26880000
1787627520,2511.24,2512.86,2510.66,2511.75,111.68780000
1787627580,2511.74,2512.82,2510.66,2512.82,148.53430000
1787627640,2512.63,2512.79,2510.27,2510.88,124.88090000
1787627700,2510.88,2511.18,2510.2,2510.34,62.35090000
1787627760,2510.26,2511.76,2509.9,2510.15,139.96440000
1787627820,2510.16,2510.24,2507.6,2507.82,118.52160000
1787627880,2507.66,2510.64,2507.22,2510.18,65.26300000
1787627940,2510.18,2510.89,2509.14,2510.13,106.72580000
1787628000,2510.13,2511.67,2507.6,2507.67,105.18730000
1787628060,2507.66,2509.28,2505.31,2509.24,77.67180000
1787628120,2509.39,2510.26,2508.46,2509.98,80.32860000
1787628180,2509.98,2511.19,2509.43,2510.7,66.25830000
1787628240,2510.66,2510.67,2506.23,2507.38,55.03670000
1787628300,2507.22,2507.41,2506.16,2507.18,104.71200000
1787628360,2507.18,2507.18,2504.5,2506.94,77.15330000
1787628420,2506.97,2508.62,2506.92,2508.22,109.81410000
1787628480,2508.22,2508.22,2505.7,2505.99,54.02020000
1787628540,2505.98,2505.98,2505.24,2505.66,56.82600000
1787628600,2505.6,2505.6,2503.7,2505.51,84.65150000
1787628660,2505.46,2506.45,2505.13,2506.23,110.53620000
1787628720,2506.22,2509.19,2505.87,2508.02,101.69020000
1787628780,2508.05,2508.87,2506.5,2506.72,60.72950000
1787628840,2506.8,2507.47,2506.49,2506.5,34.54020000
1787628900,2506.5,2507.04,2504.2,2504.2,80.63090000
1787628960,2504.43,2505.62,2504.26,2505.62,111.61080000
1787629020,2505.69,2506.44,2504.5,2505.35,153.98580000
1787629080,2505.4,2508.02,2505.17,2506.08,131.88830000
1787629140,2506.26,2508.05,2506.26,2507.16,136.26040000
1787629200,2507.15,2507.2,2502.99,2505.29,174.09860000
1787629260,2505.31,2506.08,2504.94,2505.89,126.51220000
1787629320,2505.86,2505.9,2503.41,2504.63,127.95780000
1787629380,2504.62,2504.62,2502.46,2502.64,128.00940000
1787629440,2502.65,2503.04,2496.98,2498.86,145.54970000
1787629500,2498.82,2499.62,2496.06,2499.62,199.47970000
1787629560,2499.44,2501.06,2496.98,2501.06,220.60680000
1787629620,2501.05,2501.37,2500.06,2500.14,216.28580000
1787629680,2500.14,2500.56,2496.23,2496.23,282.74910000
1787629740,2496.23,2496.97,2489.06,2494.42,291.08050000
1787629800,2494.43,2496.22,2494.43,2496.18,196.37360000
1787629860,2496.18,2497.05,2494.82,2497.05,304.20980000
1787629920,2497.04,2499.21,2496.43,2497.72,313.74820000
1787629980,2497.72,2498.85,2496.98,2498.82,383.09800000
1787630040,2498.71,2499.41,2497.73,2498.28,387.17810000
1787630100,2498.24,2498.36,2496.61,2497.6,236.20810000
1787630160,2497.61,2498.29,2495.88,2495.89,154.94060000
1787630220,2495.89,2496.97,2493.83,2496.71,171.55790000
1787630280,2496.71,2498.21,2496.39,2498.08,161.94080000
1787630340,2498.08,2499.62,2497.8,2499.15,190.18530000
1787630400,2499.15,2501.02,2498.87,2500.14,189.35000000
1787630460,2500.41,2500.58,2498.26,2499.81,169.73700000
1787630520,2499.7,2503.22,2499.06,2503.22,157.98300000
1787630580,2503.3,2503.97,2499.68,2500.3,156.51070000
1787630640,2500.44,2500.44,2497.35,2497.8,184.57940000
1787630700,2497.8,2498.43,2497.08,2498.16,122.48520000
1787630760,2498.1,2498.84,2494.68,2494.69,106.44640000
1787630820,2494.69,2497.34,2492.83,2496.62,133.85400000
1787630880,2496.61,2496.97,2494.77,2496.83,143.97870000
1787630940,2496.79,2498.85,2496.22,2498.85,83.94170000
1787631000,2498.84,2498.86,2497.01,2497.72,78.23090000
1787631060,2497.68,2499.73,2497.36,2499.73,63.60500000
1787631120,2499.85,2501.26,2498.89,2500.5,118.34190000
1787631180,2500.5,2500.9,2498.29,2498.78,183.39070000
1787631240,2498.77,2500.05,2498.77,2500.05,91.12850000
1787631300,2500.04,2500.28,2497.39,2497.5,53.52050000
1787631360,2497.54,2498.48,2496.68,2496.68,54.69570000
1787631420,2496.82,2498.05,2492.28,2494.18,157.03700000
1787631480,2494.18,2494.88,2492.91,2494.28,86.58910000
1787631540,2494.23,2495.19,2492.58,2493.57,123.18020000
1787631600,2493.58,2496.22,2493.01,2496.08,35.52420000
1787631660,2496.04,2496.66,2494,2494.3,12.88610000
1787631720,2494.2,2497.72,2493.93,2497.56,6.56060000
1787631780,2497.55,2497.88,2496.93,2496.93,6.14950000
1787631840,2496.89,2497.58,2495.9,2497.58,6.22610000
1787631900,2497.68,2497.97,2496.81,2497.35,68.64900000
1787631960,2497.35,2497.35,2495.09,2495.3,80.79730000
1787632020,2495.26,2495.26,2493.59,2493.93,67.84370000
1787632080,2493.98,2495.05,2493.98,2495.03,72.94150000
1787632140,2495.03,2495.61,2494.34,2494.34,62.20650000
1787632200,2494.55,2494.58,2492.45,2492.45,83.11470000
1787632260,2492.48,2492.92,2489.2,2489.58,86.48190000
1787632320,2489.58,2495.84,2489.58,2495.84,65.92460000
1787632380,2495.83,2496.68,2495.66,2495.66,81.53740000
1787632440,2495.46,2495.82,2493.2,2494.07,57.80140000
1787632500,2494.06,2495.84,2493.85,2495.84,33.90590000
1787632560,2495.87,2496.27,2495.55,2495.56,56.46910000
1787632620,2495.55,2495.82,2495.1,2495.82,58.58740000
1787632680,2495.84,2496.91,2494.44,2496.63,105.30060000
1787632740,2496.64,2497.56,2491.6,2492.42,197.81710000
1787632800,2492.35,2493.85,2491.07,2493.76,224.82840000
1787632860,2493.76,2494.44,2490.44,2491.67,182.50890000
1787632920,2491.67,2491.9,2490.49,2490.49,179.30020000
1787632980,2490.54,2491.17,2490.16,2490.8,221.40120000
1787633040,2490.81,2491.88,2490.68,2491.62,183.17770000
1787633100,2491.67,2492.93,2490.62,2492.93,224.24000000
1787633160,2492.9,2494.49,2492.08,2494.41,112.91750000
1787633220,2494.42,2494.5,2493.65,2494.04,110.05390000
1787633280,2494.04,2494.04,2492.71,2493.7,113.10690000
1787633340,2493.7,2494.37,2493.7,2494.22,86.73890000
1787633400,2494.21,2495.45,2493.96,2494.14,82.16910000
1787633460,2494.42,2495.17,2494.41,2495.16,84.34850000
1787633520,2495.17,2495.29,2493.96,2494.61,100.85690000
1787633580,2494.58,2495.31,2493.58,2493.58,84.23480000
1787633640,2493.45,2493.57,2492.46,2492.46,60.23040000
1787633700,2492.51,2492.97,2492.14,2492.14,89.06180000
1787633760,2492.32,2492.43,2491.61,2491.61,43.52920000
1787633820,2491.54,2492.65,2490.7,2491.6,60.99200000
1787633880,2491.61,2492.9,2491.61,2492.66,60.71290000
1787633940,2492.7,2494.94,2492.67,2494.93,68.82560000
1787634000,2494.94,2495.82,2493.91,2494.04,102.26210000
1787634060,2494.04,2498.68,2494.04,2498.17,182.59890000
1787634120,2498.17,2499.47,2497.9,2497.9,93.34650000
1787634180,2497.91,2499.11,2497.73,2498,72.70590000
1787634240,2498.03,2499.39,2497.98,2498.79,121.90850000
1787634300,2498.82,2499.99,2498.82,2499.78,127.66700000
1787634360,2499.79,2501.65,2499.79,2500.92,132.64060000
1787634420,2500.93,2501.51,2500.93,2501.05,126.58090000
1787634480,2500.97,2501.46,2500.42,2501.46,139.21130000
1787634540,2501.45,2501.63,2500.76,2500.95,138.79810000
1787634600,2500.95,2501.39,2500.38,2500.38,89.97160000
1787634660,2500.31,2501.44,2500.31,2500.38,62.68790000
1787634720,2500.37,2501.11,2500.21,2500.74,92.66680000
1787634780,2500.74,2501.18,2500,2500.55,93.49050000
1787634840,2500.38,2501.12,2500.38,2500.77,69.50800000
1787634900,2500.76,2501.14,2500.29,2500.69,83.53320000
1787634960,2500.69,2502.9,2500.69,2501.55,52.18690000
1787635020,2501.65,2502.64,2501.65,2501.74,38.27580000
1787635080,2501.53,2503.69,2501.53,2503.69,156.86330000
1787635140,2503.79,2505.85,2503.06,2503.64,103.08460000
1787635200,2503.48,2504.5,2503.48,2503.51,77.79620000
1787635260,2503.67,2504.17,2503.45,2504.17,73.50710000
1787635320,2504.17,2504.53,2504.17,2504.52,77.91280000
1787635380,2504.53,2504.53,2503.78,2503.78,56.54290000
1787635440,2503.75,2504.92,2503.75,2504.92,87.38580000
1787635500,2504.92,2508.32,2504.92,2507.53,62.29140000
1787635560,2507.54,2507.67,2506.84,2507.4,75.97760000
1787635620,2507.59,2508.74,2507.15,2507.15,40.97770000
1787635680,2507.18,2507.91,2506.95,2507.28,46.05760000
1787635740,2507.36,2511.41,2507.36,2508.71,74.17260000
1787635800,2508.71,2509.55,2506.96,2507.94,87.09100000
1787635860,2507.8,2508.98,2507.44,2508.98,91.82890000
1787635920,2509.05,2511.34,2507.97,2509.52,115.08460000
1787635980,2509.52,2509.89,2508.37,2509.88,94.35480000
1787636040,2509.89,2511.05,2509.55,2510.84,127.58320000
1787636100,2510.84,2510.86,2508.92,2510.86,89.91870000
1787636160,2511.02,2511.58,2509.95,2509.95,63.75880000
1787636220,2509.9,2510.78,2509.34,2510.53,76.72660000
1787636280,2510.53,2511.01,2510.07,2510.08,84.87940000
1787636340,2510.08,2510.2,2509.65,2510.19,38.45790000
1787636400,2510.03,2511.34,2509.19,2510.97,54.36350000
1787636460,2510.97,2511.14,2510.02,2510.27,37.09530000
1787636520,2510.27,2510.27,2509.58,2509.65,40.40940000
1787636580,2509.66,2509.66,2508.37,2508.6,65.18870000
1787636640,2508.52,2508.52,2506.65,2506.67,44.82830000
1787636700,2506.67,2507.89,2506.67,2507.74,81.53270000
1787636760,2507.77,2508.03,2507.53,2507.79,51.37510000
1787636820,2507.78,2507.78,2505.35,2506.45,47.35530000
1787636880,2506.46,2508.22,2506.46,2508.22,60.15890000
1787636940,2508.35,2508.76,2508.06,2508.75,32.65620000
1787637000,2508.75,2509.51,2507.75,2507.75,19.19540000
1787637060,2507.75,2508.62,2507.55,2507.89,36.01930000
1787637120,2507.9,2509.77,2507.9,2508.94,38.07930000
1787637180,2508.94,2512.16,2508.62,2509.24,105.83860000
1787637240,2509.24,2509.45,2507.47,2507.6,38.09280000
1787637300,2507.64,2510.26,2507.64,2509.7,29.46110000
1787637360,2509.7,2509.99,2509.22,2509.82,52.91420000
1787637420,2509.82,2510.12,2509.18,2509.64,38.34090000
1787637480,2509.64,2510,2509.18,2509.42,50.88290000
1787637540,2509.5,2509.82,2508.48,2508.49,70.76590000
1787637600,2508.64,2509.12,2508.3,2509.04,53.22520000
1787637660,2509.01,2509.12,2508.02,2508.09,36.46640000
1787637720,2508.09,2509.12,2508.09,2508.63,28.41610000
1787637780,2508.64,2510.26,2508.62,2510.18,52.26470000
1787637840,2510.14,2510.14,2508.68,2508.74,49.04670000
1787637900,2508.74,2508.85,2507.11,2507.63,46.44040000
1787637960,2507.63,2509.73,2507.63,2509.64,73.45410000
1787638020,2509.68,2510.06,2508.8,2509.28,62.06310000
1787638080,2509.28,2509.89,2508.1,2508.11,52.27080000
1787638140,2508.11,2508.98,2508.11,2508.72,30.85070000
1787638200,2508.7,2508.7,2507.29,2508.35,40.57670000
1787638260,2508.35,2508.36,2507.47,2507.69,28.99620000
1787638320,2507.72,2507.95,2506.84,2507.9,51.03490000
1787638380,2507.93,2507.94,2507.5,2507.6,44.78510000
1787638440,2507.59,2510.1,2507.57,2510.1,19.99730000
1787638500,2510.01,2510.27,2508.98,2509.73,47.22720000
1787638560,2509.74,2510.27,2509.58,2510,25.67360000
1787638620,2510,2512.29,2509.68,2512.29,33.88360000
1787638680,2512.29,2513.46,2511.12,2511.12,43.43520000
1787638740,2511.12,2511.9,2510.56,2510.89,28.35710000
1787638800,2510.67,2510.84,2509.97,2509.99,17.55010000
1787638860,2509.98,2511.02,2509.45,2510.45,2.42760000
1787638920,2510.53,2511.11,2509.12,2511.11,1.60860000
1787638980,2511.06,2515.41,2510.86,2514.15,25.09210000
1787639040,2514.16,2514.56,2511.53,2513.29,28.40820000
1787639100,2513.22,2513.22,2511.71,2512.16,12.47310000
1787639160,2512.16,2513.71,2511.81,2513.57,93.93020000
1787639220,2513.57,2513.65,2512,2512.01,74.66910000
1787639280,2512.01,2512.28,2510.96,2511.39,91.55960000
1787639340,2511.38,2511.39,2510.29,2510.29,84.78070000
1787639400,2510.29,2510.29,2507.99,2508.82,115.77470000
1787639460,2508.77,2509.82,2507.25,2507.65,112.41250000
1787639520,2507.6,2507.6,2501.67,2501.94,129.79080000
1787639580,2501.94,2503.31,2501.85,2502.83,74.09830000
1787639640,2502.59,2505.38,2502.09,2504.67,96.95150000
1787639700,2504.67,2504.67,2501.71,2502.16,148.29960000
1787639760,2502.15,2502.15,2500.3,2500.95,194.46780000
1787639820,2500.95,2500.95,2499.29,2499.98,217.21080000
1787639880,2499.99,2501.12,2499.99,2501.12,176.41400000
1787639940,2501.12,2503.52,2501.12,2503.51,201.10280000
1787640000,2503.52,2503.52,2501.52,2502.04,141.24490000
1787640060,2502.04,2503.41,2502.04,2503.4,81.15800000
1787640120,2503.4,2503.73,2503.4,2503.73,124.64540000
1787640180,2503.73,2504.17,2502.88,2502.98,88.30230000
1787640240,2503.32,2504.01,2502.96,2504.01,84.00330000
1787640300,2504.07,2504.27,2503,2503.17,74.79630000
1787640360,2503.18,2504.16,2503,2504.09,47.88390000
1787640420,2504.1,2504.81,2502.66,2503.22,62.84410000
1787640480,2503.22,2503.4,2501.88,2502.04,66.02350000
1787640540,2502.04,2502.35,2500.07,2500.3,68.45190000
1787640600,2500.31,2500.36,2498.94,2500.23,59.11510000
1787640660,2500.2,2500.9,2500,2500.11,77.11730000
1787640720,2500.1,2500.52,2499.25,2500.16,104.69790000
1787640780,2500.1,2501.14,2500,2500,95.93090000
1787640840,2500.2,2500.2,2499.25,2499.61,54.59960000
1787640900,2499.59,2499.59,2496.41,2498.49,71.49080000
1787640960,2498.48,2498.5,2497.06,2497.97,39.06000000
1787641020,2497.88,2497.88,2497.13,2497.83,58.02110000
1787641080,2497.86,2499.06,2497.8,2499.06,66.54850000
1787641140,2499.24,2500.79,2499.24,2500.79,61.63340000
1787641200,2500.8,2502.64,2500,2502.64,83.47280000
1787641260,2502.65,2504.44,2502.65,2504.44,47.96980000
1787641320,2504.44,2504.56,2503.83,2504.56,51.27280000
1787641380,2504.56,2505.69,2504.44,2505.69,47.37150000
1787641440,2505.69,2510.94,2505.69,2510.72,101.61960000
1787641500,2510.71,2512.61,2510.71,2512.54,115.46610000
1787641560,2512.56,2512.61,2509.14,2509.64,231.83500000
1787641620,2509.63,2509.63,2508.15,2508.15,136.37020000
1787641680,2508.04,2508.2,2507.23,2507.78,147.59030000
1787641740,2507.77,2508.62,2507.7,2508.04,130.21390000
1787641800,2508.24,2508.24,2507.49,2507.5,160.84100000
1787641860,2507.62,2507.81,2506.92,2506.92,92.61620000
1787641920,2506.93,2508.35,2506.93,2508.28,100.14890000
1787641980,2507.91,2508.36,2507.9,2507.98,95.30820000
1787642040,2507.99,2507.99,2506.95,2507.08,112.76880000
1787642100,2507.08,2507.08,2506.46,2506.59,64.99080000
1787642160,2506.58,2506.64,2505.48,2506.06,30.93150000
1787642220,2506.08,2507.79,2505.92,2505.92,65.65740000
1787642280,2505.8,2505.8,2503.59,2503.7,64.43480000
1787642340,2503.66,2503.79,2502.66,2503.79,40.33420000
1787642400,2504.05,2504.17,2503.7,2504.17,50.66560000
1787642460,2504.2,2504.93,2504.2,2504.93,31.28600000
1787642520,2505.31,2506.56,2505.3,2505.92,38.20830000
1787642580,2505.93,2505.93,2505.31,2505.31,10.54980000
1787642640,2505.31,2505.31,2504.17,2504.18,30.61250000
1787642700,2504.24,2504.24,2503.62,2504.17,24.08980000
1787642760,2504.28,2505.19,2504.12,2504.12,19.22420000
1787642820,2504.18,2505.82,2504.18,2505.13,19.75660000
1787642880,2505.12,2505.32,2505.08,2505.32,20.61200000
1787642940,2505.45,2505.68,2504.93,2504.93,16.88480000
1787643000,2504.92,2504.92,2503.41,2503.41,21.86750000
1787643060,2503.41,2504.16,2503.15,2504.16,18.11890000
1787643120,2504.16,2504.16,2502.71,2502.71,39.90220000
1787643180,2502.71,2502.71,2501.67,2501.67,18.65330000
1787643240,2501.67,2502.73,2501.66,2502.17,34.60230000
1787643300,2502.16,2502.56,2502.16,2502.28,31.49640000
1787643360,2502.28,2502.45,2501.9,2502.02,58.37950000
1787643420,2502.02,2502.26,2501.53,2501.53,89.62040000
1787643480,2501.52,2501.52,2499.38,2499.56,79.22450000
1787643540,2499.62,2499.66,2496.46,2497.84,77.42220000
1787643600,2497.86,2499.28,2497.86,2499.28,80.27260000
1787643660,2499.3,2499.64,2498.87,2499.64,93.73860000
1787643720,2499.68,2499.92,2499.67,2499.82,59.73890000
1787643780,2499.86,2499.94,2498.97,2498.97,64.91390000
1787643840,2499.1,2499.54,2498.7,2499.53,63.18460000
1787643900,2499.54,2499.85,2498.43,2498.43,55.12640000
1787643960,2498.27,2498.77,2498.11,2498.61,43.77400000
1787644020,2498.68,2498.86,2497.96,2498.02,55.56590000
1787644080,2497.98,2498.04,2489.97,2489.97,163.50170000
1787644140,2489.97,2490.74,2476.1,2481.35,299.45010000
1787644200,2481.64,2483.94,2478.07,2480.62,398.85580000
1787644260,2480.58,2480.67,2464.77,2474.68,595.12160000
1787644320,2475.31,2478.42,2473.79,2478.38,445.27310000
1787644380,2478.39,2482.58,2477.56,2481.79,393.60510000
1787644440,2482.1,2484,2482.1,2483.58,432.44510000
1787644500,2483.25,2483.58,2479.8,2481.03,482.12590000
1787644560,2481.09,2485.09,2480.83,2484.92,561.72990000
1787644620,2484.92,2485.36,2483.13,2483.13,591.11800000
1787644680,2483.12,2483.69,2480.46,2480.46,570.89810000
1787644740,2480.46,2481.46,2479.32,2479.4,484.99210000
1787644800,2479.37,2482.54,2478.82,2479.8,225.72100000
1787644860,2479.79,2479.9,2474.9,2476.94,308.06950000
1787644920,2477.01,2478.85,2476.01,2478.8,364.49360000
1787644980,2478.79,2481.42,2478.79,2481.41,297.56330000
1787645040,2481.42,2482.3,2480.48,2482.3,306.35520000
1787645100,2482.25,2482.25,2480.08,2481.93,391.88060000
1787645160,2481.93,2482.85,2480.72,2482.45,188.13420000
1787645220,2482.44,2482.45,2481.31,2481.62,222.63530000
1787645280,2481.58,2482.73,2480.56,2482.54,219.12280000
1787645340,2482.54,2482.95,2481.95,2482.32,233.99110000
1787645400,2482.32,2483.04,2482,2482.46,122.10250000
1787645460,2482.47,2483.07,2482.46,2483.07,106.66610000
1787645520,2483.07,2486.25,2483.07,2486.02,169.36950000
1787645580,2485.86,2486.38,2485.12,2485.38,157.82610000
1787645640,2485.27,2485.79,2485.27,2485.5,129.55190000
1787645700,2485.5,2487.84,2485.43,2487.19,32.42940000
1787645760,2487.3,2489.05,2487.3,2488.7,85.55210000
1787645820,2488.69,2490.56,2488.69,2489.07,85.28210000
1787645880,2489.68,2489.7,2487.9,2487.9,78.66840000
1787645940,2487.86,2487.86,2487.04,2487.45,70.86590000
1787646000,2487.45,2490.18,2487.45,2490.18,86.59480000
1787646060,2490.18,2490.18,2489.28,2489.38,3.76430000
1787646120,2489.42,2491.25,2489.42,2490.9,2.49250000
1787646180,2490.88,2496.14,2489.07,2495.69,76.62780000
1787646240,2495.27,2495.27,2492.18,2494.63,29.32390000
1787646300,2494.55,2497.99,2494.33,2495.85,146.77530000
1787646360,2495.94,2496.51,2494.63,2494.64,180.26720000
1787646420,2494.7,2495.84,2494.48,2494.76,153.94850000
1787646480,2494.77,2495.29,2494.58,2494.67,176.21550000
1787646540,2494.67,2495.04,2494.05,2494.14,147.65850000
1787646600,2494.15,2496.34,2494.15,2495.56,117.99600000
1787646660,2495.53,2495.55,2494.33,2495.06,128.41920000
1787646720,2495.06,2495.06,2493.38,2493.38,116.45350000
1787646780,2493.39,2493.39,2490.74,2490.82,134.96600000
1787646840,2490.82,2493.19,2490.82,2492.74,134.53580000
1787646900,2492.9,2493.2,2492.77,2492.86,82.94030000
1787646960,2492.86,2493.46,2492.22,2493.16,68.91860000
1787647020,2493.19,2493.24,2492.07,2492.44,80.35540000
1787647080,2492.44,2492.44,2488.21,2489.06,74.18140000
1787647140,2489.37,2489.81,2486.54,2486.62,66.91240000
1787647200,2486.63,2487.9,2486.37,2487.57,42.43520000
1787647260,2487.57,2487.77,2485.77,2487.77,72.88690000
1787647320,2487.77,2487.77,2487.41,2487.56,15.44010000
1787647380,2487.56,2489.48,2487.56,2489.48,49.87370000
1787647440,2489.48,2491.17,2489.48,2490.51,64.26690000
1787647500,2490.51,2490.93,2486.79,2486.79,42.66080000
1787647560,2486.89,2487.85,2486.8,2487.14,92.26250000
1787647620,2486.82,2486.82,2485.76,2485.9,71.98530000
1787647680,2485.92,2486.08,2485.18,2485.18,40.86690000
1787647740,2485.19,2485.32,2484.4,2484.4,53.67110000
1787647800,2484.6,2485.02,2484.39,2484.86,29.55770000
1787647860,2484.86,2484.86,2483.28,2483.28,77.57470000
1787647920,2483.48,2483.59,2482.02,2482.7,33.06220000
1787647980,2482.69,2482.7,2481.25,2481.35,61.48270000
1787648040,2481.39,2482.31,2481.39,2482.31,47.34700000
1787648100,2482.32,2483.23,2481.95,2481.96,80.99100000
1787648160,2481.95,2482.79,2481.31,2482.79,57.29740000
1787648220,2482.67,2484.18,2482.67,2484.02,38.48870000
1787648280,2484.02,2484.99,2484.02,2484.99,77.96100000
1787648340,2484.99,2485.45,2484.74,2484.75,109.45020000
1787648400,2484.75,2485.31,2483.62,2484.56,73.56790000
1787648460,2484.56,2484.56,2482.71,2482.71,44.33020000
1787648520,2482.83,2482.9,2481.91,2481.91,72.20500000
1787648580,2481.58,2481.8,2479.72,2481.8,46.76970000
1787648640,2481.84,2481.84,2480.15,2481.43,70.25240000
1787648700,2481.42,2481.54,2480,2481.54,55.79360000
1787648760,2481.57,2483.88,2481.18,2483.1,49.51200000
1787648820,2483.11,2484.72,2483.07,2484.72,93.81640000
1787648880,2484.72,2484.72,2483.82,2484.2,137.93550000
1787648940,2484.19,2485.46,2483.44,2485.46,80.56850000
1787649000,2485.45,2485.83,2485.44,2485.82,111.27780000
1787649060,2485.76,2485.76,2483.98,2484.44,142.60160000
1787649120,2484.36,2486.4,2483.67,2486.4,105.56370000
1787649180,2486.4,2488.66,2486.4,2488.39,127.50420000
1787649240,2488.47,2489.35,2487.57,2487.57,127.28280000
1787649300,2487.76,2488.43,2486.63,2487.24,137.39660000
1787649360,2487.19,2487.94,2485.65,2487.94,107.84190000
1787649420,2487.93,2489.43,2487.93,2488.58,117.09640000
1787649480,2488.58,2489.05,2487.57,2487.57,140.09560000
1787649540,2487.57,2488.14,2487.33,2487.71,42.66060000
1787649600,2487.64,2488.67,2487.33,2488.67,43.39660000
1787649660,2488.46,2488.6,2487.4,2487.64,80.35350000
1787649720,2487.68,2489.03,2487.68,2488.98,71.91710000
1787649780,2488.98,2489.5,2488.54,2489.1,76.58510000
1787649840,2489.1,2492.28,2489.1,2489.77,52.15040000
1787649900,2489.77,2489.77,2488.76,2488.82,58.20320000
1787649960,2488.76,2488.76,2486.06,2486.34,84.90030000
1787650020,2486.34,2486.5,2484.49,2486.32,93.16440000
1787650080,2486.02,2486.36,2485.49,2486.05,49.41000000
1787650140,2485.9,2487.19,2485.81,2487.09,78.23950000
1787650200,2487.09,2487.81,2487.09,2487.55,77.40190000
1787650260,2487.47,2488.31,2487.43,2488.28,62.45050000
1787650320,2488.31,2489.59,2488.08,2488.46,52.74940000
1787650380,2488.46,2488.69,2487.79,2488.3,69.82510000
1787650440,2488.3,2491.3,2488.3,2490.02,78.15760000
1787650500,2489.94,2489.94,2488.54,2488.68,97.91950000
1787650560,2488.7,2488.86,2487.88,2488.13,66.96950000
1787650620,2488.12,2488.45,2487.72,2488.41,68.46450000
1787650680,2488.4,2488.9,2487.3,2487.88,30.09180000
1787650740,2487.94,2488.31,2487.56,2487.56,17.91190000
1787650800,2487.64,2488.91,2487.64,2488.91,21.44830000
1787650860,2488.86,2489.76,2488.73,2488.94,30.48130000
1787650920,2488.93,2488.93,2488.69,2488.69,45.47610000
1787650980,2488.69,2488.69,2487.13,2487.13,24.82050000
1787651040,2486.86,2487.24,2486.4,2486.4,29.31400000
1787651100,2486.36,2486.88,2484.59,2484.81,36.65010000
1787651160,2484.73,2485.68,2483.11,2483.11,27.80020000
1787651220,2483.1,2484.56,2483.1,2483.44,94.17860000
1787651280,2483.44,2483.84,2482.7,2483.24,23.87290000
1787651340,2483.23,2483.23,2481.58,2481.74,31.85150000
1787651400,2481.78,2481.95,2478.01,2478.48,64.32860000
1787651460,2478.52,2478.67,2471.71,2474.22,213.59840000
1787651520,2474.13,2474.13,2468.49,2472.68,169.78200000
1787651580,2472.69,2472.85,2463.59,2465.3,190.45790000
1787651640,2466.37,2473.78,2466.37,2471.22,117.57230000
1787651700,2471.22,2473.97,2469.32,2472.66,255.46930000
1787651760,2472.65,2475.21,2472.37,2473.84,459.08750000
1787651820,2473.76,2473.76,2470.14,2471.48,358.29210000
1787651880,2471.49,2473.39,2470.43,2473.38,408.01400000
1787651940,2473.38,2474.82,2473.38,2474.47,336.63880000
1787652000,2474.48,2475.05,2473.39,2473.48,287.74720000
1787652060,2473.39,2473.39,2470.44,2471.12,155.01450000
1787652120,2471.13,2471.66,2470.01,2471.36,189.00140000
1787652180,2471.36,2475.8,2470.96,2475.8,189.26560000
1787652240,2475.82,2476.09,2475.46,2476.03,174.15430000
1787652300,2475.98,2477.43,2475.62,2477.43,99.54650000
1787652360,2477.42,2478.54,2477,2477,150.64840000
1787652420,2476.74,2477.1,2474.13,2477.1,114.71660000
1787652480,2477.11,2478.15,2476.04,2476.04,170.50030000
1787652540,2476,2476.76,2475.57,2476.36,101.78890000
1787652600,2476.36,2479.42,2476.36,2479.42,67.54980000
1787652660,2479.27,2479.99,2478.36,2479.32,75.08270000
1787652720,2479.3,2479.3,2478.38,2478.56,67.05180000
1787652780,2478.55,2478.6,2477.65,2477.88,76.61480000
1787652840,2477.92,2478.21,2475.99,2478.21,60.00640000
1787652900,2478.22,2478.84,2477.11,2477.42,42.14300000
1787652960,2477.5,2479.7,2477.5,2479.28,72.50630000
1787653020,2479.28,2479.28,2477.57,2477.79,67.77370000
1787653080,2477.8,2479.28,2477.39,2479.02,35.42040000
1787653140,2479.16,2479.92,2479.1,2479.28,28.42840000
1787653200,2479.27,2479.63,2478.86,2478.86,30.09230000
1787653260,2478.71,2478.71,2477.4,2477.4,4.37470000
1787653320,2477.32,2477.32,2475.99,2476.06,7.95740000
1787653380,2476.06,2479.11,2475.89,2478.75,1.66690000
1787653440,2478.75,2478.75,2477.68,2477.8,2.84570000
1787653500,2477.8,2477.87,2477.3,2477.36,0.49830000
1787653560,2477.36,2477.36,2476.43,2476.76,29.06370000
1787653620,2476.59,2477.11,2476.36,2476.67,34.58450000
1787653680,2476.67,2476.67,2475.45,2475.85,30.05420000
1787653740,2475.65,2476.23,2475.65,2476.23,38.79450000
1787653800,2476.22,2476.23,2474.51,2476.07,49.72910000
1787653860,2476.07,2478.22,2476.07,2478.22,30.22330000
1787653920,2478.21,2478.22,2477.5,2477.93,14.49750000
1787653980,2477.93,2477.93,2476.9,2477.68,19.44770000
1787654040,2477.49,2478.49,2477.36,2477.76,20.74210000
1787654100,2477.76,2478.07,2477.29,2477.89,34.64480000
1787654160,2477.85,2478.58,2476.79,2476.82,51.58900000
1787654220,2476.92,2478.58,2476.92,2478.11,82.16710000
1787654280,2478.11,2478.36,2478.06,2478.35,50.07020000
1787654340,2478.29,2478.38,2477.75,2478.06,58.49620000
1787654400,2478.06,2478.9,2477.82,2477.82,46.95780000
1787654460,2477.5,2478.91,2477.42,2478.9,52.65760000
1787654520,2478.9,2478.9,2478.52,2478.63,45.43860000
1787654580,2478.64,2478.85,2477.64,2477.64,35.35920000
1787654640,2477.53,2478.22,2477.49,2478.22,40.80540000
1787654700,2478.14,2481.2,2478.14,2481.2,52.92810000
1787654760,2481.25,2483.3,2481.25,2482.97,41.44920000
1787654820,2482.94,2486.2,2482.85,2483.44,120.85310000
1787654880,2483.45,2483.79,2480.47,2480.64,41.68490000
1787654940,2481.14,2482.22,2481.04,2482.14,36.58710000
1787655000,2481.78,2482.13,2481.2,2481.96,83.19560000
1787655060,2481.96,2483.81,2481.95,2483.37,63.15090000
1787655120,2483.37,2485.6,2483.37,2485.16,115.40170000
1787655180,2485.17,2485.25,2483.45,2483.45,109.12190000
1787655240,2483.5,2484.23,2483.5,2484,67.83330000
1787655300,2484.02,2484.54,2483.96,2483.96,44.33070000
1787655360,2483.92,2483.94,2483.49,2483.7,24.87040000
1787655420,2483.7,2483.81,2483.03,2483.03,35.65310000
1787655480,2482.99,2483.03,2482.01,2482.2,62.47090000
1787655540,2482.16,2482.17,2482,2482,25.15520000
1787655600,2482.01,2482.01,2481.42,2481.42,31.21620000
1787655660,2481.44,2482.03,2481.44,2482.03,21.20210000
1787655720,2482.05,2482.05,2480.25,2480.25,26.59770000
1787655780,2480.24,2480.36,2479.75,2479.97,25.83670000
1787655840,2479.97,2480.19,2479.96,2480.1,38.83640000
1787655900,2480.1,2480.11,2479.63,2480.08,28.36180000
1787655960,2480.11,2483.88,2480.11,2483.84,28.39840000
1787656020,2483.8,2483.88,2483,2483.16,20.56150000
1787656080,2483.21,2483.82,2483.08,2483.09,29.04450000
1787656140,2483.08,2483.09,2478.72,2480.02,43.85140000
1787656200,2480.04,2480.14,2476.56,2476.86,82.93700000
1787656260,2476.82,2476.82,2475.45,2476.04,48.52960000
1787656320,2476.04,2478.11,2475.99,2478.1,28.95130000
1787656380,2478.08,2478.69,2475.55,2475.94,32.37190000
1787656440,2475.84,2476.52,2474.74,2475.3,65.39770000
1787656500,2475.4,2475.99,2474.89,2475.99,90.79590000
1787656560,2475.96,2476.65,2475.15,2475.84,70.06730000
1787656620,2475.43,2476.67,2475,2476.42,96.48940000
1787656680,2476.43,2477.66,2476.23,2477.54,85.12900000
1787656740,2477.59,2478.07,2475.84,2475.84,47.46630000
1787656800,2475.71,2477.85,2475.71,2477.81,33.19030000
1787656860,2477.81,2478.84,2476.95,2478.04,76.36830000
1787656920,2478.04,2478.97,2476.02,2476.49,53.08810000
1787656980,2476.49,2478.96,2476.49,2478.96,44.86620000
1787657040,2478.96,2478.96,2478.25,2478.26,55.42930000
1787657100,2478.26,2478.26,2477.65,2477.65,110.93980000
1787657160,2477.66,2478.08,2475.25,2477.05,56.41110000
1787657220,2477.05,2477.69,2475.26,2475.26,66.00680000
1787657280,2475.27,2477.56,2475.27,2477.52,94.32410000
1787657340,2477.48,2478.17,2477.12,2478.03,43.25950000
1787657400,2478.04,2480.61,2478.04,2480.36,33.55650000
1787657460,2480.61,2481.28,2480.08,2480.08,23.43570000
1787657520,2480.09,2480.74,2479.87,2480.11,31.26510000
1787657580,2480.1,2480.1,2478.71,2479.89,43.38150000
1787657640,2479.78,2481.4,2479.78,2481.16,22.46790000
1787657700,2481.16,2482.7,2481.12,2482.6,45.51360000
1787657760,2482.56,2484.12,2482.09,2484.12,71.03220000
1787657820,2484.15,2484.56,2483.46,2484.51,75.07520000
1787657880,2484.52,2486,2483.44,2483.56,56.10990000
1787657940,2483.57,2483.57,2482.76,2483.03,38.75480000
1787658000,2482.77,2482.78,2481.9,2482.31,71.33350000
1787658060,2482.32,2482.4,2481.04,2481.16,104.15610000
1787658120,2481.16,2481.57,2480.63,2480.82,76.18030000
1787658180,2480.78,2481.31,2480.46,2480.83,64.34980000
1787658240,2480.83,2480.83,2479.3,2479.3,53.04400000
1787658300,2479.32,2479.63,2477.48,2478.8,187.61310000
1787658360,2478.49,2480.46,2478.34,2480.45,50.59230000
1787658420,2480.02,2480.15,2479.49,2479.58,24.78120000
1787658480,2479.59,2480.45,2479.59,2480.35,35.88620000
1787658540,2480.35,2480.75,2479.26,2479.7,29.79310000
1787658600,2479.71,2482.36,2479.71,2482.36,65.31380000
1787658660,2482.4,2483.37,2481.24,2482.03,55.23050000
1787658720,2482,2482,2480.12,2480.12,49.33850000
1787658780,2480.08,2480.09,2479.58,2479.87,47.97790000
1787658840,2479.8,2479.95,2479.06,2479.06,33.08540000
1787658900,2478.97,2479.23,2477.48,2479,39.30780000
1787658960,2479.03,2479.53,2478.97,2479.53,48.61350000
1787659020,2479.69,2479.77,2478.59,2478.96,42.57770000
1787659080,2479,2479.34,2478.92,2479.31,33.12510000
1787659140,2479.29,2479.29,2477.59,2478.04,60.04740000
1787659200,2478.04,2480.46,2478.03,2479.51,48.62130000
1787659260,2479.72,2480.65,2479.58,2480.36,43.24190000
1787659320,2480.36,2481.38,2477.69,2477.83,41.62700000
1787659380,2477.84,2479.9,2473.61,2479.9,64.95730000
1787659440,2479.89,2480.25,2476.57,2477.48,58.54850000
1787659500,2477.84,2477.85,2474.96,2474.96,66.59420000
1787659560,2474.92,2474.92,2468.37,2469.59,73.21650000
1787659620,2469.44,2471.08,2467.23,2469.3,65.49540000
1787659680,2469.56,2471.85,2467.42,2471.85,69.33930000
1787659740,2471.85,2474.32,2471.68,2473.66,60.45980000
1787659800,2473.62,2473.79,2472.44,2473.35,140.68570000
1787659860,2473.35,2478.04,2473.15,2478.03,154.29460000
1787659920,2478.03,2478.03,2474.99,2476.19,96.03280000
1787659980,2476.05,2476.55,2474.89,2475.06,74.71820000
1787660040,2475.09,2478.02,2475.08,2478.01,156.39770000
1787660100,2478.02,2478.02,2475.25,2475.33,129.32820000
1787660160,2475.32,2475.95,2474.93,2475.04,74.87170000
1787660220,2475.08,2475.94,2473.5,2473.72,43.27480000
1787660280,2473.72,2473.72,2470.24,2471.31,59.55750000
1787660340,2471.32,2474.2,2471.32,2471.54,190.92950000
1787660400,2472.1,2472.6,2471.2,2471.66,37.83770000
1787660460,2471.62,2472.28,2470.43,2471.16,3.29480000
1787660520,2471.17,2471.17,2462.59,2463.28,84.31250000
1787660580,2463.72,2468.2,2463.24,2467.67,43.42370000
1787660640,2467.68,2470,2467.68,2469.94,26.55000000
1787660700,2469.94,2471.63,2467.54,2467.54,316.40430000
1787660760,2467.54,2467.55,2457.81,2460.76,270.85270000
1787660820,2460.48,2464.51,2460.07,2464.36,219.50040000
1787660880,2464.4,2466.37,2463.79,2466.37,186.26900000
1787660940,2466.37,2467.95,2466.37,2467.89,204.85620000
1787661000,2467.84,2467.84,2464.5,2466.74,195.30830000
1787661060,2467.11,2468.58,2466,2467.88,197.08820000
1787661120,2467.84,2469.45,2467.47,2469.45,251.75600000
1787661180,2469.45,2471.23,2469.02,2470.82,191.26240000
1787661240,2470.82,2470.82,2468.58,2469.53,161.25050000
1787661300,2469.64,2470.79,2469.32,2470.32,104.64280000
1787661360,2470.33,2471.23,2469.79,2470.43,132.83970000
1787661420,2470.43,2470.64,2467.61,2468.19,105.04400000
1787661480,2468.24,2469.13,2467.54,2468.89,77.20320000
1787661540,2468.88,2468.88,2466.51,2466.51,117.56680000
1787661600,2466.52,2467.09,2460.62,2463.89,101.87120000
1787661660,2463.91,2467.93,2462.96,2467.78,39.35150000
1787661720,2467.67,2469.43,2467.67,2469.43,65.22740000
1787661780,2469.46,2470.59,2468.91,2469.16,54.03470000
1787661840,2469.24,2469.48,2468.95,2469.34,69.73760000
1787661900,2469.42,2471.14,2468.63,2470.24,58.05940000
1787661960,2470.42,2470.51,2468.42,2470.22,56.56530000
1787662020,2469.98,2472.87,2469.95,2472.17,78.34430000
1787662080,2472.18,2474.34,2472.18,2474.34,58.91840000
1787662140,2474.35,2474.9,2473.61,2473.61,56.83360000
1787662200,2473.6,2476.02,2473.52,2475.48,81.59150000
1787662260,2475.44,2476.72,2474.65,2476.34,66.72720000
1787662320,2476.19,2476.33,2475.63,2476.33,86.69800000
1787662380,2476.34,2476.43,2473.39,2474.56,120.23100000
1787662440,2474.56,2475.29,2474.41,2475.23,47.93570000
1787662500,2475.23,2475.77,2475.18,2475.42,16.23610000
1787662560,2475.45,2475.45,2473.4,2474.01,56.94540000
1787662620,2473.93,2474.59,2473.57,2473.85,61.63370000
1787662680,2473.86,2474.05,2473.57,2473.57,27.51590000
1787662740,2473.58,2474.65,2473.58,2473.76,42.18610000
1787662800,2473.58,2473.94,2472.69,2473.22,56.52740000
1787662860,2473.22,2475.08,2473.15,2473.76,46.61510000
1787662920,2473.55,2473.55,2471.55,2473.26,31.36850000
1787662980,2473.27,2475.68,2473.27,2475.67,32.24900000
1787663040,2475.54,2475.63,2475.22,2475.36,50.15660000
1787663100,2475.36,2475.39,2474.79,2474.79,37.88340000
1787663160,2474.79,2475.32,2474.02,2475.32,202.51280000
1787663220,2475.23,2476.22,2473.45,2473.46,36.59670000
1787663280,2473.45,2473.45,2469.65,2470.06,29.35310000
1787663340,2470.07,2473.02,2469.96,2471.63,28.56630000
1787663400,2471.59,2473.01,2470.8,2471.56,43.72930000
1787663460,2472.12,2472.64,2467.35,2468.2,34.64940000
1787663520,2468.12,2468.18,2465.74,2465.74,46.46910000
1787663580,2465.71,2469.69,2465.71,2469.69,38.42460000
1787663640,2469.7,2470.8,2467.24,2467.54,22.08300000
1787663700,2467.46,2467.71,2465.57,2465.57,26.02940000
1787663760,2465.56,2465.85,2463.6,2464.4,38.76180000
1787663820,2464.36,2465.62,2463.11,2463.13,38.48560000
1787663880,2463.12,2463.39,2460.48,2460.92,54.60240000
1787663940,2460.98,2464.08,2460.98,2464.08,62.68350000
1787664000,2463.44,2465.57,2462.69,2464.37,5.04300000
1787664060,2464.36,2466.65,2463.01,2463.01,13.74180000
1787664120,2462.97,2463.41,2457.77,2461.3,92.32400000
1787664180,2461.21,2461.93,2456.8,2461.33,33.46150000
1787664240,2461.34,2462.56,2459.28,2459.46,6.09890000
1787664300,2459.46,2461.81,2458.66,2460.02,77.29670000
1787664360,2460.04,2460.42,2457.01,2459.59,129.27260000
1787664420,2459.34,2460.12,2455.15,2455.57,137.42010000
1787664480,2455.3,2458.46,2454.62,2457.58,153.15790000
1787664540,2457.58,2459.36,2457.29,2457.55,128.73280000
1787664600,2457.51,2464.89,2455.47,2459.02,124.45570000
1787664660,2458.95,2463.42,2458.62,2463.04,131.44860000
1787664720,2462.74,2465.82,2460.3,2465.04,163.20590000
1787664780,2465.37,2469.93,2464.89,2466.9,134.58570000
1787664840,2466.98,2471.24,2466.92,2471.24,166.17030000
1787664900,2471.31,2474.67,2469.32,2474.67,157.96870000
1787664960,2474.67,2476.9,2471.04,2471.48,129.61570000
1787665020,2471.47,2476.51,2471.18,2475.61,210.73040000
1787665080,2475.37,2475.83,2473.4,2473.46,141.84880000
1787665140,2473.46,2473.99,2471.55,2471.89,163.42720000
1787665200,2471.87,2473.11,2469.74,2469.74,275.29160000
1787665260,2469.74,2472.36,2468.59,2472.36,370.09760000
1787665320,2472.43,2475.62,2469.69,2470.34,298.46340000
1787665380,2470.43,2470.43,2465.64,2465.87,285.98190000
1787665440,2465.87,2467.45,2463.01,2464.67,280.17490000
1787665500,2464.86,2465.26,2460.13,2460.97,208.26820000
1787665560,2460.96,2464.76,2457.19,2464.53,132.71390000
1787665620,2464.52,2465.63,2460.59,2461.72,109.65400000
1787665680,2461.88,2465.18,2458.68,2460.46,170.87530000
1787665740,2460.24,2461.45,2455.41,2457.96,98.06450000
1787665800,2457.94,2458.28,2452.56,2452.57,218.58500000
1787665860,2452.94,2453.1,2439.78,2447.24,322.49110000
1787665920,2447.32,2451.07,2445.54,2446.98,221.27850000
1787665980,2446.98,2447.87,2442.45,2446.56,189.36370000
1787666040,2446.41,2448.96,2446.41,2448.8,151.83600000
1787666100,2448.94,2452.58,2446.56,2452.07,322.40870000
1787666160,2452.04,2456.68,2451.75,2456.26,454.48290000
1787666220,2456.25,2457.18,2454.87,2455.08,426.56290000
1787666280,2455.07,2458.56,2455.07,2458.47,472.53720000
1787666340,2458.46,2461.33,2458.29,2460.59,450.59550000
1787666400,2460.44,2461.95,2459.09,2459.96,245.45850000
1787666460,2460.23,2461.22,2459.04,2460.78,205.74820000
1787666520,2460.74,2463.85,2454.55,2454.66,277.19980000
1787666580,2454.74,2460.11,2454.74,2459.02,248.56550000
1787666640,2459.02,2463.69,2459.01,2463.44,153.76310000
1787666700,2463.69,2466.45,2463.47,2464.8,157.06340000
1787666760,2464.81,2464.88,2461.96,2461.96,169.36090000
1787666820,2461.96,2466.64,2461.96,2466.28,151.25630000
1787666880,2466.22,2467.05,2464.16,2465.19,165.09820000
1787666940,2465.2,2467.34,2464.89,2467.14,216.83570000
1787667000,2467.06,2471.17,2467.06,2469.98,94.56560000
1787667060,2469.94,2473,2469.18,2469.18,107.01350000
1787667120,2469.18,2469.32,2467.12,2468.57,171.32170000
1787667180,2468.54,2468.94,2467.11,2467.75,151.25770000
1787667240,2467.84,2468.82,2467.09,2467.18,117.18820000
1787667300,2467.22,2470.3,2464.77,2470.3,86.13030000
1787667360,2470.29,2471.63,2468,2470.53,165.87990000
1787667420,2470.53,2470.53,2466.58,2469.17,123.07910000
1787667480,2468.8,2469.2,2466.74,2467.01,122.24670000
1787667540,2467.01,2469.69,2465.65,2465.65,110.65730000
1787667600,2465.65,2468.46,2464.85,2467.96,140.96960000
1787667660,2467.98,2469.04,2467.25,2469.04,9.10940000
1787667720,2469.02,2471.6,2467.49,2470.2,17.15930000
1787667780,2470.06,2472.16,2469.76,2471.32,15.46240000
1787667840,2471.32,2473.13,2470.8,2473.13,18.55700000
1787667900,2473.13,2477.25,2472.6,2472.69,66.31480000
1787667960,2472.74,2476.25,2471.92,2475.98,78.42230000
1787668020,2475.86,2477.54,2474.9,2475.15,78.93980000
1787668080,2475.07,2476.13,2474.17,2475.98,77.97590000
1787668140,2476.02,2480.42,2476.02,2476.04,97.16200000
1787668200,2476,2476.18,2470.32,2474.8,166.32980000
1787668260,2474.8,2475.85,2473.39,2475.84,177.63270000
1787668320,2475.99,2480.25,2475.99,2479.82,154.10050000
1787668380,2479.58,2484.14,2479.15,2482.3,188.05840000
1787668440,2482.32,2482.32,2476.58,2478.34,182.16450000
1787668500,2478.33,2478.99,2477.11,2477.11,145.88920000
1787668560,2476.82,2479.75,2476.82,2479.75,223.86260000
1787668620,2479.74,2480.58,2478.64,2479.14,191.31580000
1787668680,2479.06,2479.39,2475.28,2475.49,199.30780000
1787668740,2475.5,2475.77,2473.39,2474.03,185.89200000
1787668800,2474.03,2475.48,2473.33,2474.35,198.67050000
1787668860,2474.31,2475.14,2473.01,2473.24,95.38810000
1787668920,2473.12,2475.21,2472.26,2472.26,133.02780000
1787668980,2472.26,2474.01,2471.91,2473.8,107.69150000
1787669040,2473.88,2475.25,2473.88,2474.34,106.75640000
1787669100,2474.38,2476.73,2474.38,2476.52,88.86750000
1787669160,2476.37,2477.47,2475.7,2476.37,86.48920000
1787669220,2476.37,2478.81,2475.62,2478.81,79.00390000
1787669280,2478.7,2478.84,2477.04,2477.06,68.90270000
1787669340,2477.05,2477.16,2475.99,2476.16,48.43840000
1787669400,2476.12,2477.02,2475.62,2477.02,37.91400000
1787669460,2477.1,2478.6,2475.96,2478.6,41.78140000
1787669520,2478.83,2479.48,2478.26,2478.36,29.02060000
1787669580,2478.3,2478.3,2476.92,2477.5,36.88770000
1787669640,2477.46,2477.83,2476.32,2476.38,74.86080000
1787669700,2476.42,2478.09,2476.21,2477.7,36.49890000
1787669760,2477.69,2478.96,2477.69,2478.68,32.33150000
1787669820,2478.67,2479.11,2477.01,2477.47,48.11110000
1787669880,2477.48,2477.54,2475.09,2476.56,45.93310000
1787669940,2476.71,2477.48,2475.4,2476.88,48.39180000
1787670000,2476.92,2477.19,2473.61,2474.44,56.98250000
1787670060,2474.51,2476.98,2474.51,2474.88,70.79610000
1787670120,2474.86,2475.18,2473.79,2475.08,69.98340000
1787670180,2475.11,2477.76,2474.6,2474.81,85.20410000
1787670240,2474.85,2476.21,2474.28,2475.24,134.56870000
1787670300,2475.25,2476.61,2473.96,2474.44,73.51250000
1787670360,2474.02,2476.33,2474.01,2476.33,121.37730000
1787670420,2476.34,2477.69,2474.13,2474.13,102.90140000
1787670480,2474.25,2476.54,2473.19,2473.83,135.40020000
1787670540,2473.82,2474.51,2472.65,2473.14,90.59680000
1787670600,2473.14,2474.13,2470.55,2471.26,130.35260000
1787670660,2471.28,2473.39,2470.8,2471.57,107.42530000
1787670720,2471.5,2471.5,2469.32,2469.49,75.82460000
1787670780,2469.5,2470.05,2467.69,2467.85,128.43430000
1787670840,2467.88,2469.86,2467.66,2467.85,147.01230000
1787670900,2467.84,2470.49,2466.22,2470.49,79.59760000
1787670960,2470.57,2474.07,2470.57,2473.88,97.82030000
1787671020,2473.76,2473.77,2471.17,2471.2,78.25230000
1787671080,2471.24,2474.51,2471.24,2474.22,70.67020000
1787671140,2474.24,2476.29,2473.92,2475.14,123.82260000
1787671200,2475.13,2477.64,2475.11,2477.64,85.44220000
1787671260,2477.64,2477.64,2474.77,2476.09,63.13920000
1787671320,2476.35,2477.36,2476.07,2476.58,72.55440000
1787671380,2476.36,2476.36,2473.18,2473.46,124.08000000
1787671440,2473.46,2473.75,2471.77,2471.78,85.59160000
1787671500,2471.77,2471.89,2469.32,2469.42,100.10500000
1787671560,2469.65,2470.8,2468.97,2469.34,91.60340000
1787671620,2469.74,2471.32,2469.69,2471.32,68.21570000
1787671680,2471.33,2473.33,2470.23,2473.33,101.37000000
1787671740,2473.34,2474.82,2473.34,2474.58,45.78590000
1787671800,2474.58,2475.25,2474.4,2475.18,19.02570000
1787671860,2475.18,2475.18,2473.26,2473.26,54.02380000
1787671920,2473.28,2473.36,2470.8,2471.94,43.07820000
1787671980,2472.01,2475.79,2471.92,2475.49,19.19660000
1787672040,2475.6,2475.6,2472.58,2473.39,56.03740000
1787672100,2473.67,2478.81,2473.67,2476.9,186.83130000
1787672160,2476.94,2480.22,2475.62,2478.45,79.61290000
1787672220,2478.11,2479.7,2477.4,2477.4,53.55790000
1787672280,2477.39,2478.59,2477.35,2478.59,59.84480000
1787672340,2478.83,2478.92,2475.51,2476.16,60.79360000
1787672400,2476.13,2476.13,2474.16,2474.58,106.95200000
1787672460,2474.44,2475.25,2473.14,2474.9,180.58980000
1787672520,2474.86,2475.99,2474.78,2475.22,106.14320000
1787672580,2475.19,2476.64,2474.49,2476.18,132.83820000
1787672640,2476.14,2477.83,2476,2477.72,139.02790000
1787672700,2477.73,2478.58,2477.48,2478.58,91.68270000
1787672760,2478.59,2478.67,2477.66,2477.82,78.23550000
1787672820,2477.74,2478.08,2475.72,2475.72,68.77090000
1787672880,2475.63,2475.63,2473.1,2473.1,29.96150000
1787672940,2473.02,2473.97,2472.65,2473.87,49.17810000
1787673000,2473.87,2474.76,2472.51,2474.76,50.79150000
1787673060,2474.77,2475.14,2473.98,2475.1,59.04970000
1787673120,2475.1,2476.73,2475.1,2475.95,84.09970000
1787673180,2475.87,2477.84,2475.87,2477.47,61.45400000
1787673240,2477.48,2478.94,2477.47,2478.07,74.99570000
1787673300,2478.08,2479.7,2477.93,2479.48,55.43240000
1787673360,2479.71,2481.58,2479.71,2480.58,56.33110000
1787673420,2480.84,2481.7,2480.21,2481.7,71.59350000
1787673480,2481.73,2482.96,2481.64,2482.2,38.32110000
1787673540,2482.2,2483.76,2482.2,2482.74,35.28450000
1787673600,2482.82,2482.97,2479.37,2481.77,94.24260000
1787673660,2481.76,2483.67,2480.89,2483.16,94.79780000
1787673720,2483.16,2483.16,2480.83,2481.29,216.70380000
1787673780,2481.29,2485.69,2481.21,2484.7,61.68250000
1787673840,2484.93,2484.98,2481.99,2481.99,40.35560000
1787673900,2481.99,2482.03,2480.39,2480.39,91.76850000
1787673960,2480.4,2480.78,2478.97,2479.58,168.59080000
1787674020,2479.7,2480.83,2479.4,2479.88,113.79670000
1787674080,2480.07,2480.07,2478.21,2478.32,117.81440000
1787674140,2478.32,2478.32,2476.77,2476.77,147.74410000
1787674200,2476.77,2477.33,2476.01,2477.33,149.05760000
1787674260,2477.33,2477.48,2475.43,2475.7,71.52690000
1787674320,2475.71,2475.71,2473.14,2473.14,64.14760000
1787674380,2473.19,2474.88,2473.19,2473.86,78.58900000
1787674440,2473.86,2474.18,2472.84,2473.77,96.50520000
1787674500,2473.76,2475.18,2473.15,2475.18,53.68470000
1787674560,2475.17,2475.17,2474.04,2474.53,68.44780000
1787674620,2474.53,2475.35,2474.14,2474.15,87.89780000
1787674680,2474.18,2476.86,2474.18,2476.86,61.63030000
1787674740,2476.89,2476.89,2475.62,2476,51.61940000
1787674800,2476.07,2476.36,2474.63,2474.72,42.75890000
1787674860,2474.76,2474.92,2473.09,2473.16,4.36730000
1787674920,2473.15,2473.94,2472.96,2473.23,1.23440000
1787674980,2473.23,2473.23,2470.24,2470.24,12.59670000
1787675040,2470.21,2470.68,2467.44,2470.68,33.38800000
1787675100,2470.64,2470.64,2468.95,2469.49,32.42630000
1787675160,2469.61,2469.93,2468.76,2469.7,87.91790000
1787675220,2469.71,2470.77,2469.66,2470.38,96.23340000
1787675280,2470.43,2471.17,2470.43,2471.16,77.50160000
1787675340,2471.16,2472.32,2471.16,2472.18,55.34040000
1787675400,2472.1,2473.11,2471.55,2473.06,143.31490000
1787675460,2473.1,2475.34,2473.1,2475.05,47.06110000
1787675520,2475.08,2477.9,2475.08,2476.5,31.49440000
1787675580,2476.37,2477.1,2474.84,2475.62,40.62650000
1787675640,2475.44,2476.73,2475.25,2475.26,18.71850000
1787675700,2475.25,2475.81,2473.76,2474.1,42.42100000
1787675760,2474.09,2475.09,2473.39,2475.09,67.23320000
1787675820,2475.09,2475.09,2474.14,2474.63,51.05500000
1787675880,2474.64,2476.27,2474.64,2475.72,49.59460000
1787675940,2475.64,2476.21,2475.44,2475.44,70.47860000
1787676000,2475.49,2475.49,2474.85,2475.12,35.40530000
1787676060,2475.08,2477.31,2475.03,2476.98,38.20280000
1787676120,2477,2477.44,2476.69,2477.44,25.33940000
1787676180,2477.44,2478.47,2477.44,2477.49,35.36210000
1787676240,2477.63,2477.63,2475.89,2475.9,38.92740000
1787676300,2475.89,2478.42,2475.81,2478.42,36.28440000
1787676360,2478.42,2479.5,2478.36,2478.5,37.14210000
1787676420,2478.51,2478.51,2475.32,2475.32,41.57960000
1787676480,2475.34,2477.82,2475.34,2477.59,14.20250000
1787676540,2477.58,2478.56,2476.92,2477.01,39.46250000
1787676600,2476.98,2476.98,2475.72,2475.97,22.56270000
1787676660,2475.97,2475.97,2474.85,2474.92,41.48250000
1787676720,2474.91,2475.24,2474.1,2474.3,47.17940000
1787676780,2474.22,2474.54,2473.13,2473.13,31.95660000
1787676840,2473.14,2473.14,2471.96,2472.15,33.78120000
1787676900,2472.16,2472.5,2471.18,2471.38,20.86110000
1787676960,2471.38,2471.4,2470.5,2470.56,30.72890000
1787677020,2470.56,2471.94,2469.33,2471.59,39.34110000
1787677080,2471.59,2471.59,2469.84,2470.74,27.44440000
1787677140,2470.74,2471.33,2470.06,2470.76,36.42010000
1787677200,2470.78,2470.78,2468.67,2468.67,14.26260000
1787677260,2468.74,2471.36,2468.74,2470.36,32.95730000
1787677320,2470.06,2471.02,2464.05,2467.69,99.96070000
1787677380,2467.68,2468.56,2467.12,2467.4,59.21970000
1787677440,2467.41,2467.41,2466.38,2466.4,79.49030000
1787677500,2466.4,2468.88,2465.42,2467.48,127.81920000
1787677560,2467.72,2467.72,2465.26,2466.37,131.74110000
1787677620,2466.37,2466.37,2464.75,2465.17,150.88660000
1787677680,2465.16,2465.16,2458.72,2460.47,221.16900000
1787677740,2460.48,2461.95,2458.67,2460.91,179.57990000
1787677800,2460.91,2462.52,2456.23,2456.84,277.41560000
1787677860,2457.08,2458.1,2456.82,2457.35,226.17670000
1787677920,2457.36,2460.35,2457.36,2460.3,137.98970000
1787677980,2460.3,2461.4,2459.93,2461.29,183.97740000
1787678040,2461.29,2463.2,2461.28,2463.12,216.24350000
1787678100,2463.12,2464.15,2462.38,2462.38,112.76580000
1787678160,2462.39,2464.76,2462.39,2464.17,148.89860000
1787678220,2464.38,2466,2464.16,2465.98,169.92260000
1787678280,2465.99,2465.99,2464.89,2465.25,97.03190000
1787678340,2465.16,2465.63,2464.89,2465.37,114.09270000
1787678400,2465.36,2466.34,2465.2,2466.15,112.63950000
1787678460,2466.14,2466.45,2465,2465.36,33.82380000
1787678520,2465.51,2465.51,2462.42,2462.42,17.49070000
1787678580,2462.32,2462.32,2459.25,2459.44,62.38380000
1787678640,2459.52,2460.1,2459.18,2460.04,62.84740000
1787678700,2460.03,2460.16,2459.06,2459.07,71.59900000
1787678760,2459.06,2459.38,2457.75,2457.8,91.56670000
1787678820,2457.81,2458.96,2457.81,2458.74,101.92450000
1787678880,2458.77,2459.65,2458.3,2458.49,92.63830000
1787678940,2458.5,2460.65,2457.69,2458.54,104.51780000
1787679000,2458.54,2461.94,2458.54,2461.87,81.57310000
1787679060,2461.86,2464.05,2461.35,2464.05,120.15580000
1787679120,2463.91,2465.23,2463.12,2465.23,147.60870000
1787679180,2465.26,2467.56,2464.89,2467.44,131.53580000
1787679240,2467.48,2468.4,2465.36,2466.08,136.94500000
1787679300,2465.97,2465.97,2463.79,2463.8,106.56450000
1787679360,2464.06,2465.26,2464.06,2464.61,80.55700000
1787679420,2464.6,2465.83,2464.59,2465.48,72.44690000
1787679480,2465.47,2466.37,2464.6,2466.17,72.91140000
1787679540,2466.18,2466.18,2464.43,2464.72,139.82530000
1787679600,2464.72,2467.1,2464.5,2466.99,102.64450000
1787679660,2467,2468.72,2466.99,2468.06,60.03090000
1787679720,2468.06,2468.63,2467.84,2468.63,48.03200000
1787679780,2468.64,2469.49,2468.21,2468.46,53.40480000
1787679840,2468.46,2468.46,2467.48,2467.77,55.29930000
1787679900,2467.77,2468.65,2467.7,2468.3,64.78040000
1787679960,2468.3,2469.25,2467.33,2467.97,95.66880000
1787680020,2467.96,2469.28,2467.64,2469.06,83.98970000
1787680080,2468.94,2469.84,2468.84,2469.84,37.04860000
1787680140,2469.84,2470.06,2469.21,2469.21,55.68160000
1787680200,2469.1,2469.1,2468,2468.58,46.10840000
1787680260,2468.34,2469.02,2467.96,2468.1,70.37880000
1787680320,2468.17,2469.25,2468.16,2468.94,55.40810000
1787680380,2469.02,2469.21,2468.26,2468.49,54.67770000
1787680440,2468.49,2470.05,2468.49,2469.01,70.20900000
1787680500,2469,2470.57,2468.92,2470.57,94.97310000
1787680560,2470.5,2471.04,2469.16,2469.16,38.25060000
1787680620,2469,2469.77,2468.92,2469.77,25.00470000
1787680680,2469.77,2470.18,2468.95,2470.18,51.19130000
1787680740,2470.43,2471.1,2470.43,2470.82,37.20340000
1787680800,2470.86,2471.52,2470.86,2471.52,39.58670000
1787680860,2471.53,2473.21,2470.9,2471.19,45.88890000
1787680920,2471.2,2472.54,2470.43,2472.16,40.32920000
1787680980,2472.12,2474.67,2472.02,2473.05,43.54570000
1787681040,2473.32,2473.38,2471.13,2471.13,42.65500000
1787681100,2470.82,2472.17,2470.82,2472.11,68.17110000
1787681160,2472.11,2472.69,2472.03,2472.28,79.46660000
1787681220,2472.26,2473.28,2471.62,2471.62,82.46000000
1787681280,2471.58,2471.64,2471.02,2471.47,73.41380000
1787681340,2471.47,2472.92,2471.47,2472.7,124.14570000
1787681400,2472.7,2472.7,2471.54,2472.02,22.58170000
1787681460,2472.04,2472.63,2471.98,2472.51,35.00110000
1787681520,2472.51,2474.44,2472.51,2473.56,45.22570000
1787681580,2473.56,2475.02,2473.13,2474.37,46.61640000
1787681640,2474.38,2474.43,2473.25,2473.64,46.23610000
1787681700,2473.6,2474.1,2473.6,2474.1,29.68580000
1787681760,2474.12,2474.55,2473.7,2473.7,35.03170000
1787681820,2473.63,2473.63,2472.8,2472.95,34.26860000
1787681880,2472.95,2474.04,2472.11,2472.41,27.88040000
1787681940,2472.42,2472.42,2471.71,2472.27,34.95830000
1787682000,2472.1,2472.16,2471.55,2472.12,12.89760000
1787682060,2472.04,2472.76,2471.55,2471.55,2.88020000
1787682120,2471.83,2472.74,2471.83,2472.63,0.24380000
1787682180,2472.64,2474.51,2472.64,2474.42,6.45390000
1787682240,2474.42,2474.44,2473.03,2473.03,0.91490000
1787682300,2473.02,2473.02,2472.38,2472.38,13.58430000
1787682360,2472.61,2472.68,2471.92,2472.43,16.27470000
1787682420,2472.44,2473.02,2472.12,2472.12,20.86570000
1787682480,2472.34,2472.75,2472.28,2472.29,18.16930000
1787682540,2472.28,2473.02,2472.28,2472.74,17.99950000
1787682600,2472.7,2472.7,2470.8,2470.8,21.61550000
1787682660,2470.76,2470.76,2469.63,2469.7,22.35640000
1787682720,2469.7,2470.01,2468.79,2469.2,24.16490000
1787682780,2469.2,2469.72,2468.04,2469.21,38.73860000
1787682840,2469.21,2469.26,2468,2468,12.12800000
1787682900,2468.01,2469.22,2468.01,2468.94,39.77590000
1787682960,2468.93,2468.93,2468,2468,42.98190000
1787683020,2468,2468,2466.77,2467.27,65.61150000
1787683080,2467.28,2467.9,2467.28,2467.9,19.12300000
1787683140,2467.94,2469.31,2467.86,2469.07,33.07430000
1787683200,2469.07,2469.1,2468.58,2468.68,32.38200000
1787683260,2468.71,2468.87,2467.52,2467.52,30.00900000
1787683320,2467.47,2467.67,2467.16,2467.35,21.75510000
1787683380,2467.34,2467.75,2467.26,2467.75,24.46720000
1787683440,2467.76,2468.48,2467.76,2468.05,26.91880000
1787683500,2468.15,2468.78,2467.87,2468.32,74.34370000
1787683560,2468.32,2468.95,2468.01,2468.75,78.68500000
1787683620,2468.75,2469.24,2468.75,2469.24,103.73310000
1787683680,2469.22,2470.06,2469.14,2469.44,86.60900000
1787683740,2469.43,2469.43,2468.19,2468.55,88.55610000
1787683800,2468.58,2468.89,2468.19,2468.2,28.65120000
1787683860,2468.28,2468.75,2468.28,2468.5,47.13010000
1787683920,2468.5,2468.51,2467.84,2467.84,34.04440000
1787683980,2467.84,2467.84,2464.89,2465.26,36.26680000
1787684040,2464.94,2465.17,2464.42,2464.74,44.85450000
1787684100,2464.82,2465.94,2464.82,2465.71,87.75240000
1787684160,2465.7,2466.37,2465.66,2466.37,78.36690000
1787684220,2466.36,2466.37,2465.96,2466.07,28.68080000
1787684280,2466.07,2467.47,2466.07,2466.98,79.58580000
1787684340,2466.88,2467.77,2466.88,2467.38,76.59790000
1787684400,2467.38,2468.21,2467.37,2467.96,37.70560000
1787684460,2468.01,2468.58,2467.94,2468.57,10.95360000
1787684520,2468.57,2469.32,2468.57,2469.21,29.18480000
1787684580,2469.22,2469.22,2466.96,2466.96,24.98660000
1787684640,2466.95,2466.95,2463.16,2463.16,30.15560000
1787684700,2463.17,2465.67,2463.06,2465.67,17.86000000
1787684760,2465.67,2465.98,2463.54,2463.55,15.01040000
1787684820,2463.78,2464.22,2463.75,2464.22,19.33090000
1787684880,2464.52,2464.94,2464.52,2464.94,25.65570000
1787684940,2464.95,2466.98,2464.95,2466.91,20.04960000
1787685000,2466.91,2467.45,2466.89,2467.45,15.09570000
1787685060,2467.46,2468.12,2466.74,2467.11,43.07930000
1787685120,2467.11,2467.11,2465.92,2465.93,35.83590000
1787685180,2466,2467.89,2466,2467.89,33.03360000
1787685240,2467.9,2468.41,2467.9,2468.21,26.40260000
1787685300,2468.21,2468.21,2467.4,2468.17,40.86930000
1787685360,2468.2,2468.41,2467.47,2467.47,29.21010000
1787685420,2467.47,2468.62,2467.47,2468.62,32.30790000
1787685480,2468.62,2469.15,2468.34,2468.94,43.93460000
1787685540,2468.94,2469.93,2468.94,2469.93,31.30750000
1787685600,2469.93,2470.06,2467.47,2467.47,18.17930000
1787685660,2467.48,2468.52,2467.47,2468.43,16.34200000
1787685720,2468.42,2468.42,2467.24,2467.76,27.29010000
1787685780,2467.84,2468,2467.62,2467.77,21.98790000
1787685840,2467.78,2469.17,2467.78,2469.17,30.04010000
1787685900,2469.16,2469.16,2466.06,2467.27,24.44430000
1787685960,2467.26,2467.26,2464.69,2464.69,35.83760000
1787686020,2464.69,2464.71,2462.79,2462.81,36.77360000
1787686080,2462.81,2463.75,2462.66,2463.34,29.76000000
1787686140,2463.34,2463.78,2462.85,2462.85,22.29370000
1787686200,2462.69,2462.69,2459.73,2460.06,102.35600000
1787686260,2460.07,2460.28,2459.72,2460.27,167.78480000
1787686320,2460.27,2460.27,2458.86,2459.23,75.57760000
1787686380,2459.23,2459.38,2457.39,2458.55,120.06030000
1787686440,2458.56,2460.12,2458.39,2460.12,99.40370000
1787686500,2460.29,2462.07,2459.99,2460.85,116.32760000
1787686560,2460.85,2461.22,2460.85,2461.22,104.45690000
1787686620,2461.22,2461.76,2460.48,2460.85,77.98020000
1787686680,2460.86,2461.68,2460.85,2461.28,95.69470000
1787686740,2461.32,2461.32,2459.72,2459.72,178.67110000
1787686800,2459.72,2459.77,2457.89,2457.89,64.33000000
1787686860,2457.81,2458.96,2457.52,2458.81,29.80500000
1787686920,2458.8,2458.8,2456.17,2457.03,61.68200000
1787686980,2457.19,2458.24,2456.23,2456.58,48.53660000
1787687040,2456.58,2456.82,2455.46,2455.95,59.54410000
1787687100,2455.95,2458.13,2455.95,2457.59,42.94020000
1787687160,2457.59,2457.87,2457,2457,54.56480000
1787687220,2457.02,2458.03,2457.02,2458.03,76.30330000
1787687280,2458.03,2459.04,2457.56,2458.44,42.98000000
1787687340,2458.43,2459.75,2458.18,2458.38,73.29450000
1787687400,2458.36,2458.54,2457.92,2458.54,2.05870000
1787687460,2458.65,2461.17,2458.65,2461.17,36.38040000
1787687520,2461.16,2462.09,2461.16,2461.22,56.58410000
1787687580,2461.23,2462.1,2461.23,2461.98,41.46480000
1787687640,2461.98,2462.7,2461.33,2461.71,76.73290000
1787687700,2461.58,2461.58,2460.4,2460.7,118.11820000
1787687760,2460.7,2461.82,2460.7,2461.82,46.33580000
1787687820,2461.95,2462.69,2461.95,2462.07,54.55780000
1787687880,2462.08,2462.69,2462.08,2462.67,51.31540000
1787687940,2462.67,2463.79,2462.41,2463.4,38.29810000
1787688000,2463.42,2464.2,2462.38,2462.53,49.40030000
1787688060,2462.49,2462.49,2460.48,2460.98,106.74210000
1787688120,2460.99,2461.47,2459.75,2459.75,66.87220000
1787688180,2459.48,2460.16,2458.02,2458.02,73.70020000
1787688240,2457.96,2457.96,2449.32,2455.59,133.92200000
1787688300,2455.71,2456.96,2453.49,2456.53,113.69890000
1787688360,2456.48,2458.91,2456.1,2457.11,114.46130000
1787688420,2457.12,2458.92,2457.12,2457.94,128.62310000
1787688480,2458.01,2458.76,2458.01,2458.58,108.18130000
1787688540,2458.58,2458.59,2457.44,2458.21,144.76680000
1787688600,2458.2,2458.52,2457.24,2457.58,94.62960000
1787688660,2457.54,2457.54,2456.21,2456.39,80.09530000
1787688720,2456.4,2457.2,2456.4,2456.46,163.38580000
1787688780,2456.46,2457.91,2456.09,2457.55,114.84410000
1787688840,2457.83,2458.1,2457.55,2457.76,88.67890000
1787688900,2458.02,2458.64,2457.55,2458.64,24.70630000
1787688960,2458.65,2459.41,2457.29,2457.29,77.88710000
1787689020,2457.19,2458.92,2457.11,2458.92,33.96720000
1787689080,2458.96,2460.47,2458.96,2460.15,42.69450000
1787689140,2459.99,2461.38,2459.9,2461.37,41.90070000
1787689200,2461.36,2461.36,2460.12,2460.3,26.30180000
1787689260,2460.22,2460.22,2458.65,2459.46,9.03510000
1787689320,2459.46,2459.87,2459.06,2459.87,0.25490000
1787689380,2459.84,2460.73,2459.69,2460.73,0.13210000
1787689440,2460.73,2461.38,2460.72,2460.72,0.16370000
1787689500,2460.68,2460.75,2459.38,2459.38,29.97300000
1787689560,2459.64,2459.64,2458.04,2458.04,18.47800000
1787689620,2458.16,2458.23,2456.91,2457.51,23.38730000
1787689680,2457.52,2458,2456.98,2457.22,19.81800000
1787689740,2457.24,2457.62,2456.63,2456.63,15.91290000
1787689800,2456.58,2456.86,2455.2,2455.2,21.74500000
1787689860,2455.2,2455.2,2452.78,2453.98,48.39330000
1787689920,2453.91,2454.63,2452.44,2453.57,26.03420000
1787689980,2453.61,2455.48,2453.39,2455.48,27.75430000
1787690040,2455.47,2455.47,2453.82,2453.86,23.71100000
1787690100,2453.87,2455.78,2453.87,2455.78,47.72610000
1787690160,2455.78,2455.78,2453.2,2454.32,46.25310000
1787690220,2454.32,2454.62,2453.53,2453.53,85.26280000
1787690280,2453.5,2453.5,2450.63,2450.63,34.86590000
1787690340,2450.87,2450.91,2445.65,2447.34,113.56890000
1787690400,2447.35,2448.13,2446.62,2447.6,126.37770000
1787690460,2447.53,2448.67,2447.52,2448.39,145.74850000
1787690520,2448.39,2448.62,2445.89,2446.08,107.46470000
1787690580,2445.89,2447.39,2445.89,2447.39,134.48530000
1787690640,2447.39,2448.47,2443,2446.29,127.63000000
1787690700,2446.29,2448.03,2446.29,2447.6,110.03000000
1787690760,2447.6,2448.23,2437.9,2439.24,171.67960000
1787690820,2439.24,2440.25,2437.26,2437.49,110.25340000
1787690880,2437.49,2437.75,2434.72,2435.66,126.88910000
1787690940,2435.54,2436.13,2434.17,2435.71,115.20000000
1787691000,2435.72,2443.55,2435.07,2442.39,266.50180000
1787691060,2442.36,2442.36,2439.5,2440.46,233.77600000
1787691120,2440.47,2441.54,2439.59,2441.15,388.57650000
1787691180,2441.15,2441.15,2439.51,2439.9,347.39880000
1787691240,2439.89,2441.51,2439.38,2439.38,310.15620000
1787691300,2439.39,2439.74,2436.86,2439.74,105.35290000
1787691360,2439.74,2441.87,2437.94,2437.94,159.52770000
1787691420,2437.94,2438.38,2436.86,2437.95,160.34150000
1787691480,2437.96,2438.65,2435.8,2436.81,169.60230000
1787691540,2436.81,2437.07,2436.32,2436.51,144.65930000
1787691600,2436.5,2438.92,2435.87,2438.53,217.91770000
1787691660,2438.53,2438.53,2435.76,2435.76,116.83180000
1787691720,2435.74,2436.14,2435.06,2436.1,128.16840000
1787691780,2436.18,2441.22,2435.86,2435.86,131.03420000
1787691840,2435.82,2437.33,2435.68,2437.33,119.28470000
1787691900,2437.18,2439.72,2437.18,2439.55,132.67570000
1787691960,2439.62,2439.69,2437.24,2437.7,76.31070000
1787692020,2437.7,2437.8,2425.69,2431.12,212.14880000
1787692080,2431.17,2431.82,2415,2421.16,420.31950000
1787692140,2421.23,2423.77,2418.52,2418.52,107.58440000
1787692200,2418.49,2424.48,2416.37,2424.04,529.90920000
1787692260,2424.03,2428.84,2422.88,2426.72,542.52330000
1787692320,2426.71,2426.71,2424.12,2425.86,500.40070000
1787692380,2426.1,2429.37,2426.1,2429.37,504.90950000
1787692440,2429.56,2430.44,2428.37,2430.43,545.22580000
1787692500,2430.43,2430.59,2426.11,2426.83,325.68150000
1787692560,2426.83,2432.66,2426.83,2432.24,244.77400000
1787692620,2432.17,2432.58,2430.76,2432.31,274.73440000
1787692680,2432.32,2434.79,2432.32,2432.92,294.81440000
1787692740,2432.91,2434.65,2432.87,2433.98,329.56160000
1787692800,2433.8,2433.8,2424.67,2426.54,159.09090000
1787692860,2426.05,2429.83,2425.1,2429.8,121.29640000
1787692920,2429.8,2429.8,2426.83,2427.27,120.86580000
1787692980,2427.22,2427.57,2426.58,2426.59,137.97380000
1787693040,2426.59,2429.02,2426.47,2428.96,143.85380000
1787693100,2428.96,2429.37,2426.55,2429.37,69.19180000
1787693160,2429.44,2432.41,2429.44,2430.4,107.31630000
1787693220,2430.4,2431.09,2429.7,2430.49,97.44040000
1787693280,2430.45,2432.14,2430.45,2431.83,122.83630000
1787693340,2431.99,2434.34,2431.99,2434.04,125.97380000
1787693400,2434.04,2434.47,2433.62,2434.47,110.53750000
1787693460,2434.7,2435.02,2433.28,2433.28,47.18790000
1787693520,2433.27,2434.55,2432.82,2433.68,69.01420000
1787693580,2433.68,2434.46,2432.91,2434.46,65.92310000
1787693640,2434.18,2437.78,2434.15,2436.18,67.31840000
1787693700,2436.36,2439.31,2436.36,2438.89,56.45420000
1787693760,2439.02,2441.6,2439.01,2441.1,102.06350000
1787693820,2440.96,2441.46,2440.4,2440.93,113.96440000
1787693880,2440.88,2441.54,2440.57,2441.42,71.93750000
1787693940,2441.41,2442.5,2441.41,2442.41,89.48660000
1787694000,2442.4,2442.4,2441.36,2441.84,74.24350000
1787694060,2441.91,2441.91,2440.52,2441.87,56.08370000
1787694120,2441.86,2442.11,2440.86,2442.11,74.34950000
1787694180,2442.09,2442.75,2440.86,2441.55,61.72530000
1787694240,2441.54,2441.91,2440.86,2441.29,36.71480000
1787694300,2441.29,2442.63,2441.11,2441.48,53.69430000
1787694360,2441.49,2442.63,2441.49,2442.11,48.38610000
1787694420,2442.11,2442.11,2440.87,2441.76,50.28750000
1787694480,2441.76,2442.95,2441.76,2442.94,22.79080000
1787694540,2442.95,2442.96,2442.94,2442.95,18.89900000
1787694600,2442.95,2442.95,2441.19,2441.75,45.99580000
1787694660,2441.76,2442.15,2441.36,2441.93,31.91780000
1787694720,2441.92,2442,2439.75,2442,36.98940000
1787694780,2441.99,2441.99,2440.11,2440.33,51.28910000
1787694840,2440.32,2441.68,2440.32,2441.67,24.33280000
1787694900,2441.57,2443.33,2439.75,2441.69,92.07020000
1787694960,2441.69,2442.54,2440.11,2442.54,71.69620000
1787695020,2442.64,2442.99,2442.51,2442.51,34.51100000
1787695080,2442.58,2443.91,2441.04,2441.09,75.36890000
1787695140,2441.1,2442.8,2441.1,2441.76,53.18680000
1787695200,2441.8,2447.13,2441.8,2445.9,88.23220000
1787695260,2445.9,2445.9,2442.54,2445.46,114.82290000
1787695320,2445.5,2446.62,2443.73,2446.43,111.86520000
1787695380,2446.44,2447.57,2446.44,2447.44,142.46710000
1787695440,2447.44,2448.71,2447.43,2448.57,142.36060000
1787695500,2448.56,2448.94,2447.71,2447.71,71.08100000
1787695560,2447.74,2448.89,2447.74,2448.82,125.22880000
1787695620,2448.83,2449.67,2448.81,2449.66,50.63420000
1787695680,2449.67,2451.6,2447.64,2449.12,172.84290000
1787695740,2449.13,2449.26,2448.49,2448.64,80.36660000
1787695800,2448.64,2449.51,2448.44,2448.81,119.92360000
1787695860,2448.8,2450.62,2448.41,2450.58,50.34160000
1787695920,2450.58,2451.21,2449.9,2451.14,78.10680000
1787695980,2451.17,2451.86,2450.81,2451.63,98.44000000
1787696040,2451.62,2451.9,2449.74,2451.58,84.90730000
1787696100,2451.66,2452.3,2451.63,2451.66,11.88740000
1787696160,2451.66,2452.86,2451.48,2452.4,40.70100000
1787696220,2452.13,2452.13,2450.26,2450.26,48.82960000
1787696280,2450.35,2450.35,2449.17,2449.89,93.39490000
1787696340,2450.04,2450.75,2449.44,2450.66,83.49980000
1787696400,2450.66,2451.31,2448.43,2448.43,62.51400000
1787696460,2448.52,2448.59,2447.71,2447.89,6.81480000
1787696520,2447.88,2447.88,2446.67,2446.67,3.99200000
1787696580,2446.96,2447.91,2446.96,2447.91,0.12550000
1787696640,2447.95,2448.66,2447.95,2448.54,9.65310000
1787696700,2448.53,2448.53,2446.62,2446.62,13.09390000
1787696760,2446.62,2446.62,2445.01,2445.03,39.70380000
1787696820,2445.01,2445.05,2442.44,2442.56,25.98440000
1787696880,2442.53,2445.76,2442.53,2445.5,48.37060000
1787696940,2445.44,2446.43,2445.44,2446.42,43.41960000
1787697000,2446.46,2446.46,2444.53,2445.49,62.91390000
1787697060,2445.5,2446.32,2445.5,2445.83,87.76840000
1787697120,2445.84,2447.18,2445.84,2447.18,38.08310000
1787697180,2447.33,2448.8,2447.33,2448.8,68.93850000
1787697240,2448.84,2449.49,2448.84,2449.37,52.24010000
1787697300,2449.44,2449.89,2449.43,2449.89,19.66500000
1787697360,2449.93,2450.74,2448.44,2449.03,55.07870000
1787697420,2449.03,2449.6,2448.43,2449.6,38.63440000
1787697480,2449.64,2450.61,2449.1,2449.1,61.35690000
1787697540,2448.95,2449.6,2448.81,2449.04,19.01240000
1787697600,2448.88,2448.88,2448.23,2448.56,25.47010000
1787697660,2448.6,2449.16,2448.6,2448.98,37.75720000
1787697720,2448.98,2449.74,2448.96,2449.57,53.04710000
1787697780,2449.56,2449.89,2449.16,2449.35,42.47540000
1787697840,2449.36,2450.12,2449.35,2450.12,23.85140000
1787697900,2450.08,2452.11,2449.7,2451.85,30.15640000
1787697960,2451.85,2451.93,2451.46,2451.46,15.24450000
1787698020,2451.44,2452.99,2451.44,2452.99,21.40040000
1787698080,2453,2453.2,2452.22,2452.22,18.77580000
1787698140,2452.22,2452.79,2451.06,2452.75,32.74380000
1787698200,2452.79,2453.52,2452.79,2453.52,32.46510000
1787698260,2453.51,2453.64,2453.51,2453.54,30.57450000
1787698320,2453.55,2454.07,2453.38,2453.71,27.37430000
1787698380,2453.72,2454.37,2453.72,2454.31,22.29190000
1787698440,2454.3,2454.3,2454.06,2454.07,3.91800000
1787698500,2454.07,2454.4,2453.86,2454.16,16.67380000
1787698560,2454.2,2455.47,2454.2,2454.29,18.82600000
1787698620,2454.26,2454.96,2454.11,2454.11,33.40570000
1787698680,2454.11,2454.11,2453.79,2453.79,16.16560000
1787698740,2453.79,2453.79,2453.78,2453.78,12.12270000
1787698800,2453.79,2454.12,2452.66,2453.62,33.72330000
1787698860,2453.66,2455.17,2453.66,2455.03,26.49380000
1787698920,2455.07,2455.36,2455.07,2455.1,16.66050000
1787698980,2455.02,2455.22,2454.62,2454.62,16.52140000
1787699040,2454.62,2455.15,2453.87,2455.15,18.07410000
1787699100,2455.19,2455.4,2455.19,2455.39,24.96450000
1787699160,2455.37,2456.21,2454.06,2454.19,26.13450000
1787699220,2454.2,2454.63,2453.28,2453.66,46.18850000
1787699280,2453.62,2453.9,2453.17,2453.9,19.29680000
1787699340,2453.9,2453.9,2452.82,2453.27,18.25930000
1787699400,2453.26,2453.27,2452.37,2452.42,29.98420000
1787699460,2452.42,2453.71,2451.84,2453.68,54.51750000
1787699520,2453.69,2453.69,2452.78,2452.98,79.55480000
1787699580,2452.99,2454.99,2452.99,2454.99,43.53200000
1787699640,2454.99,2454.99,2453.54,2454.85,50.53590000
1787699700,2454.84,2455.61,2454.57,2454.57,41.62880000
1787699760,2454.54,2455.81,2454.26,2455.81,13.05640000
1787699820,2455.82,2456.08,2454.72,2455.02,33.08310000
1787699880,2455.02,2455.22,2452.81,2453.09,26.07710000
1787699940,2453.1,2453.22,2451.34,2451.86,35.26290000
1787700000,2451.9,2451.94,2450.68,2451.4,37.06750000
1787700060,2451.4,2452.03,2450.38,2450.55,41.69840000
1787700120,2450.51,2451.86,2450.31,2450.99,52.83980000
1787700180,2451.48,2451.48,2450.62,2450.64,48.63820000
1787700240,2450.73,2450.76,2449.41,2449.72,38.81490000
1787700300,2449.72,2449.72,2448.63,2449.65,57.84410000
1787700360,2449.65,2450.3,2449.55,2450.17,35.09010000
1787700420,2450.16,2450.23,2449.64,2449.82,35.03860000
1787700480,2449.86,2451.71,2449.86,2451.71,17.15690000
1787700540,2451.71,2452.31,2451.66,2452.3,24.75940000
1787700600,2452.3,2452.3,2448.96,2448.96,19.87540000
1787700660,2448.97,2450.01,2448.97,2450.01,31.71120000
1787700720,2450.05,2450.93,2450.05,2450.89,32.76630000
1787700780,2450.89,2451.34,2450.89,2451.32,27.43880000
1787700840,2451.32,2451.62,2450.98,2451.3,41.58060000
1787700900,2451.3,2451.3,2449.44,2449.79,46.63270000
1787700960,2449.54,2450.58,2449.54,2450.4,38.72950000
1787701020,2450.36,2450.36,2448.8,2448.8,39.21770000
1787701080,2448.8,2448.8,2448.07,2448.18,25.26540000
1787701140,2448.1,2448.11,2447.92,2447.93,27.86580000
1787701200,2447.94,2448.02,2447.32,2447.4,14.60860000
1787701260,2447.39,2447.4,2446.64,2446.64,20.70830000
1787701320,2446.62,2446.62,2444.08,2444.76,37.23950000
1787701380,2444.57,2444.57,2443.2,2444.28,32.43900000
1787701440,2444.28,2444.31,2443.73,2444.27,20.36370000
1787701500,2444.24,2444.24,2441.82,2442.27,36.58860000
1787701560,2442.22,2442.86,2441.78,2442.86,28.12910000
1787701620,2442.96,2443.91,2442.52,2442.68,40.75080000
1787701680,2442.7,2443,2440.97,2440.97,56.03610000
1787701740,2440.97,2440.97,2439.79,2440.67,35.65170000
1787701800,2440.43,2441.08,2439.45,2439.45,38.78460000
1787701860,2439.44,2439.51,2438.5,2438.5,50.99380000
1787701920,2438.46,2438.46,2437.15,2437.5,59.61150000
1787701980,2437.5,2440.47,2437.18,2440.47,105.07140000
1787702040,2440.48,2440.48,2438.66,2439.02,70.78990000
1787702100,2439.04,2439.2,2438.31,2438.63,57.97930000
1787702160,2438.67,2441.44,2438.67,2441.44,69.32900000
1787702220,2441.45,2443.84,2441.45,2443.75,65.00860000
1787702280,2443.99,2443.99,2442.27,2442.27,86.22450000
1787702340,2442.27,2442.61,2442.02,2442.61,60.31040000
1787702400,2442.61,2443.36,2440.11,2440.56,45.67390000
1787702460,2440.57,2440.95,2439.96,2440.04,40.21080000
1787702520,2440.04,2443.02,2440.04,2441.2,67.28010000
1787702580,2441.34,2442,2439.76,2442,66.00100000
1787702640,2441.91,2444.82,2441.57,2444.52,87.07850000
1787702700,2444.45,2444.45,2438.94,2438.94,94.05560000
1787702760,2438.95,2440.44,2438.82,2439,102.42200000
1787702820,2439,2439,2437.38,2437.78,68.72220000
1787702880,2437.91,2437.91,2436.38,2436.46,96.54390000
1787702940,2436.46,2437.51,2435.67,2437.51,103.72410000
1787703000,2437.57,2437.6,2436.53,2436.99,85.17470000
1787703060,2437.19,2441.18,2437.19,2441.18,74.25020000
1787703120,2441.18,2441.18,2438.64,2438.64,54.22910000
1787703180,2438.64,2439.37,2436.86,2437.74,82.39750000
1787703240,2437.83,2437.84,2436.18,2436.99,100.52140000
1787703300,2436.99,2441.17,2436.51,2441.17,72.26250000
1787703360,2441.17,2441.17,2438.48,2438.78,30.09860000
1787703420,2438.77,2440.24,2438.77,2439.92,57.94850000
1787703480,2439.84,2442.64,2439.75,2442.33,80.84900000
1787703540,2442.28,2442.76,2440.84,2441.36,38.52610000
1787703600,2441.38,2442.21,2440.71,2442.06,50.78710000
1787703660,2442.02,2442.15,2440.11,2441.1,9.13360000
1787703720,2441.03,2441.03,2438.66,2439.81,16.83570000
1787703780,2439.78,2442.47,2439.78,2442.47,11.12180000
1787703840,2442.44,2443.19,2442.39,2443.1,15.55700000
1787703900,2443.1,2443.1,2441.19,2441.9,18.51080000
1787703960,2441.9,2443.36,2441.31,2442.96,22.54150000
1787704020,2442.96,2442.96,2442.11,2442.31,14.65150000
1787704080,2442.34,2443.67,2440.83,2442.65,24.96410000
1787704140,2442.65,2443.58,2442.36,2443.58,26.27400000
1787704200,2443.59,2445.58,2443.59,2445.58,18.74150000
1787704260,2445.42,2445.96,2444.81,2445.13,20.42270000
1787704320,2445.12,2445.12,2443.41,2444.25,36.09090000
1787704380,2444.25,2446.22,2443.89,2446.11,27.54000000
1787704440,2446.11,2446.11,2443.72,2443.72,14.93450000
1787704500,2443.72,2443.91,2442.17,2442.44,48.47590000
1787704560,2442.27,2444.01,2442.13,2443.72,43.54050000
1787704620,2443.72,2443.88,2439.38,2439.39,56.63300000
1787704680,2439.38,2440.47,2437.87,2438.47,103.36950000
1787704740,2438.8,2440.83,2438.1,2438.1,37.62200000
1787704800,2438.1,2439.09,2437.19,2439.09,41.68440000
1787704860,2439.22,2440.16,2438.99,2439.48,59.76770000
1787704920,2439.75,2441.47,2439.22,2441.47,62.88770000
1787704980,2441.5,2443.28,2439.45,2439.45,58.65150000
1787705040,2439.54,2440.19,2439.54,2440.19,41.29810000
1787705100,2440.2,2442.62,2440.14,2440.64,27.68350000
1787705160,2440.6,2440.6,2439.38,2440.46,26.63910000
1787705220,2440.46,2440.75,2439.03,2440.67,60.35760000
1787705280,2440.67,2445.31,2440.67,2445.31,69.39100000
1787705340,2444.36,2445.11,2444.16,2444.53,39.65600000
1787705400,2444.56,2447.02,2444.56,2447.01,48.16750000
1787705460,2447.01,2449.04,2446.58,2448.18,63.13570000
1787705520,2448.07,2449.11,2446.74,2449.11,76.59430000
1787705580,2449.11,2449.88,2448.65,2448.77,68.29410000
1787705640,2448.72,2450.02,2447.44,2449.52,92.38220000
1787705700,2449.55,2449.55,2447.89,2448.69,76.48890000
1787705760,2448.68,2448.68,2447.82,2448.44,52.43560000
1787705820,2448.52,2448.52,2447.94,2448.27,32.78020000
1787705880,2448.27,2448.79,2447.87,2447.87,53.21770000
1787705940,2447.92,2447.92,2446.26,2446.4,65.17880000
1787706000,2446.24,2447.71,2445.01,2447.64,43.79960000
1787706060,2447.59,2450.36,2447.59,2450.29,44.73790000
1787706120,2450.41,2451.93,2450.24,2450.44,54.39380000
1787706180,2450.4,2451.75,2450.13,2451.75,28.39980000
1787706240,2451.7,2452.72,2451.7,2452.72,25.89830000
1787706300,2452.74,2457.49,2452.74,2456.7,79.21510000
1787706360,2457.1,2459.45,2456.45,2458.17,82.77610000
1787706420,2458.16,2458.16,2455.72,2456,68.44670000
1787706480,2455.99,2458.04,2455.99,2456.33,58.81580000
1787706540,2456.29,2456.3,2453.46,2454.94,266.50570000
1787706600,2454.92,2456,2454.27,2455.89,87.28430000
1787706660,2455.79,2455.79,2454.79,2455.72,144.29260000
1787706720,2455.71,2455.72,2454.34,2454.9,94.83770000
1787706780,2454.91,2454.94,2453.34,2453.39,189.87030000
1787706840,2453.39,2453.53,2452.7,2453.53,129.88440000
1787706900,2453.53,2456.04,2452.8,2455.08,171.66860000
1787706960,2455.08,2456.37,2453.97,2456.24,80.07870000
1787707020,2456.4,2457.36,2456.01,2456.01,44.73020000
1787707080,2456.04,2456.4,2454.65,2454.65,33.15660000
1787707140,2454.77,2455.99,2454.77,2455.98,53.01050000
1787707200,2455.98,2455.98,2455.13,2455.56,17.40800000
1787707260,2455.52,2456.2,2455.36,2456.05,14.63010000
1787707320,2456.09,2456.36,2454.99,2454.99,44.85710000
1787707380,2454.99,2456.72,2454.65,2456.72,23.70220000
1787707440,2456.35,2456.35,2455.36,2455.36,67.42210000
1787707500,2455.32,2455.32,2452.8,2453.08,63.96950000
1787707560,2453.13,2453.4,2453,2453.16,35.46380000
1787707620,2453.16,2453.17,2452.64,2453.17,18.22300000
1787707680,2453.19,2453.19,2452.52,2452.64,33.00870000
1787707740,2452.71,2453.17,2452.7,2453.16,40.59880000
1787707800,2453.21,2454.63,2453.21,2454.63,13.25000000
1787707860,2454.66,2456.16,2454.66,2456.08,21.95570000
1787707920,2456.16,2458.25,2456.16,2458.01,23.54260000
1787707980,2458,2458.36,2457.04,2457.04,23.13840000
1787708040,2457.12,2459.55,2457.12,2459.48,73.35330000
1787708100,2459.48,2461.48,2459.09,2459.89,19.24250000
1787708160,2459.88,2461.37,2459.8,2461,42.99220000
1787708220,2461.02,2461.87,2459.43,2459.73,62.52160000
1787708280,2459.63,2459.74,2459.1,2459.16,33.29050000
1787708340,2459.24,2459.88,2459.24,2459.25,35.10520000
1787708400,2459.25,2459.54,2458.45,2458.57,103.36300000
1787708460,2458.56,2458.56,2457.24,2457.24,40.29500000
1787708520,2457.2,2457.84,2457.03,2457.83,67.59200000
1787708580,2457.76,2458.49,2457.18,2457.18,78.76950000
1787708640,2457.19,2457.53,2456.6,2457.53,20.52290000
1787708700,2457.5,2457.5,2456.1,2456.74,60.61740000
1787708760,2456.7,2456.7,2455.38,2455.38,34.73000000
1787708820,2455.44,2456.09,2455.44,2455.85,27.12870000
1787708880,2455.81,2455.98,2455.2,2455.96,42.98320000
1787708940,2455.91,2455.91,2455,2455.66,18.59860000
1787709000,2455.65,2455.65,2454.17,2454.64,35.15580000
1787709060,2454.63,2455.2,2454.27,2455,47.68810000
1787709120,2455,2455.41,2455,2455.04,45.07760000
1787709180,2455.03,2455.08,2454.88,2455.01,27.28110000
1787709240,2455.02,2455.86,2455.01,2455.1,22.25390000
1787709300,2455.1,2455.13,2454.99,2454.99,31.14310000
1787709360,2454.95,2454.95,2454.25,2454.92,30.86360000
1787709420,2454.92,2454.92,2454.11,2454.31,41.71240000
1787709480,2454.31,2455.3,2454.31,2455.23,22.57700000
1787709540,2455.24,2455.71,2455.23,2455.56,33.40370000
1787709600,2455.71,2457.19,2455.71,2456.2,36.41460000
1787709660,2456.17,2458.55,2455.79,2458.55,21.14620000
1787709720,2458.62,2458.62,2457.55,2457.56,46.16960000
1787709780,2457.56,2457.56,2456.41,2456.69,16.94960000
1787709840,2456.68,2457.18,2455.65,2457.15,24.79710000
1787709900,2457.16,2457.19,2456.94,2456.99,30.51460000
1787709960,2456.9,2456.92,2454.63,2454.63,17.68940000
1787710020,2454.63,2454.92,2454.19,2454.92,23.29620000
1787710080,2454.92,2454.92,2454.12,2454.64,27.12390000
1787710140,2454.63,2454.63,2454.19,2454.19,28.39600000
1787710200,2454.19,2454.22,2454.17,2454.17,16.62039912
1787710260,2454.1,2455.71,2454.1,2455.21,15.39299868
1787710320,2455.22,2455.22,2454.71,2454.71,11.63239915
1787710380,2454.72,2455.76,2454.72,2455.76,17.04360000
1787710440,2455.76,2456.62,2455.39,2455.4,19.79680000
1787710500,2455.39,2456.09,2455.39,2455.56,10.14530000
1787710560,2455.6,2457.52,2455.6,2457.51,9.45350000
1787710620,2457.52,2461.36,2457.52,2461.35,16.92130000
1787710680,2461.35,2462.99,2461.17,2462.45,15.92260000
1787710740,2462.23,2462.23,2460.13,2460.59,15.61770000
1787710800,2460.58,2462.16,2460.41,2462.12,11.26070000
1787710860,2462.09,2462.09,2460.36,2460.36,3.10100000
1787710920,2460.33,2461.21,2460.33,2460.64,9.99070000
1787710980,2460.72,2461.67,2460.19,2461.62,16.21380000
1787711040,2461.86,2461.94,2461.72,2461.72,7.20320000
1787711100,2461.72,2465.21,2461.72,2464.97,58.35910000
1787711160,2465.11,2466.52,2464.17,2464.17,69.47680000
1787711220,2464.18,2465.01,2463.79,2465,91.53450000
1787711280,2464.85,2467.59,2464.41,2467.59,85.10860000
1787711340,2467.47,2467.98,2466.99,2467.98,103.24300000
1787711400,2467.98,2468.57,2465.27,2467.19,87.68570000
1787711460,2467.4,2468.12,2466.3,2466.9,99.19730000
1787711520,2466.91,2467.96,2466.42,2467.96,71.66840000
1787711580,2468.21,2469.69,2468.2,2469.25,46.58070000
1787711640,2469.24,2469.24,2467.44,2468.16,51.14530000
1787711700,2468.15,2469.16,2467.84,2468.57,56.90100000
1787711760,2468.57,2468.57,2467.52,2467.53,33.64230000
1787711820,2467.52,2467.53,2466.54,2466.98,131.07990000
1787711880,2466.98,2467.89,2466.95,2467.88,33.25800000
1787711940,2467.86,2467.89,2467.55,2467.55,3.90430000
1787712000,2467.55,2467.58,2467.29,2467.57,12.75880000
1787712060,2467.58,2468.06,2467.23,2467.43,36.67180000
1787712120,2467.44,2467.63,2466.95,2467.63,36.34020000
1787712180,2467.63,2467.63,2466.94,2466.94,23.36320000
1787712240,2466.95,2467.12,2466.95,2467.11,22.66930000
1787712300,2467.21,2468.49,2466.62,2468.49,36.58920000
1787712360,2468.58,2468.58,2467.71,2467.71,17.46100000
1787712420,2467.72,2467.82,2467.11,2467.11,17.15690000
1787712480,2467.2,2467.56,2466.74,2466.8,20.60320000
1787712540,2467.07,2467.08,2464.8,2465.63,32.44870000
1787712600,2465.69,2465.69,2464.93,2465.1,46.24400000
1787712660,2465.09,2465.35,2464.81,2465.35,50.93050000
1787712720,2465.35,2465.83,2465.3,2465.58,36.98330000
1787712780,2465.58,2466.07,2464.89,2465.05,57.69530000
1787712840,2465.05,2465.05,2464.35,2464.66,43.17320000
1787712900,2464.66,2466.73,2464.66,2466.73,26.29010000
1787712960,2466.73,2466.74,2465.65,2465.82,54.06690000
1787713020,2465.82,2466,2465.82,2465.99,36.06900000
1787713080,2466,2466,2465.99,2466,36.22530000
1787713140,2466,2466,2465.5,2465.5,34.67830000
1787713200,2465.5,2465.51,2464.89,2465.51,18.85430000
1787713260,2465.41,2466.59,2465.41,2466.59,21.21720000
1787713320,2466.58,2467.92,2466.38,2466.38,39.50680000
1787713380,2466.63,2466.96,2465.28,2465.28,19.29470000
1787713440,2465.27,2465.31,2464.77,2464.77,18.71120000
1787713500,2464.77,2465,2464.77,2464.88,32.79190000
1787713560,2464.92,2465.47,2464.54,2464.54,17.00440000
1787713620,2464.53,2464.54,2464.08,2464.08,17.85200000
1787713680,2464.05,2464.05,2462.86,2463.12,27.39230000
1787713740,2463.12,2463.19,2462.61,2462.71,34.53420000
1787713800,2462.72,2463.42,2462.72,2463.13,22.72770000
1787713860,2463.1,2463.27,2463.05,2463.27,24.09030000
1787713920,2463.42,2463.54,2462.81,2462.81,25.76150000
1787713980,2462.82,2462.82,2462.57,2462.59,16.54430000
1787714040,2462.6,2463.25,2462.6,2463.13,23.74510000
1787714100,2463.16,2463.86,2463.16,2463.86,31.83660000
1787714160,2463.85,2463.86,2462.34,2462.35,22.16030000
1787714220,2462.5,2462.58,2462,2462,23.93560000
1787714280,2462.01,2462.01,2461.35,2461.35,14.43010000
1787714340,2461.35,2461.35,2460.48,2461.02,19.98820000
1787714400,2461.06,2462.32,2461.06,2462.32,21.20560000
1787714460,2462.31,2464.54,2462.14,2464.54,14.05730000
1787714520,2464.58,2465.81,2464.58,2465.3,12.84740000
1787714580,2465.31,2466.24,2465.31,2465.52,21.85590000
1787714640,2465.52,2465.52,2464.89,2464.9,15.85310000
1787714700,2464.89,2464.9,2464.53,2464.76,20.00880000
1787714760,2464.54,2464.68,2463.87,2464.51,32.22360000
1787714820,2464.51,2464.51,2463.42,2463.82,25.35980000
1787714880,2463.82,2463.82,2463.42,2463.43,32.74460000
1787714940,2463.45,2463.48,2462.95,2463.29,45.11500000
1787715000,2463.21,2463.22,2462.69,2463.05,8.70700000
1787715060,2463.05,2463.06,2461.95,2461.95,25.21660000
1787715120,2461.95,2461.96,2458.77,2460.36,23.73020000
1787715180,2460.39,2462.36,2460.3,2461.96,14.92690000
1787715240,2461.96,2461.96,2461.22,2461.87,15.71110000
1787715300,2461.88,2464.32,2461.88,2464.32,25.42230000
1787715360,2464.31,2467.5,2464.31,2465.65,47.13020000
1787715420,2465.66,2465.66,2463.89,2464.88,31.30560000
1787715480,2464.88,2467.1,2464.55,2466.67,29.16750000
1787715540,2466.67,2466.67,2465.1,2465.11,40.10030000
1787715600,2465.1,2465.1,2462.56,2462.56,68.20640000
1787715660,2462.56,2464.05,2462.56,2464.05,51.35540000
1787715720,2463.96,2464.57,2463.96,2464.57,50.33490000
1787715780,2464.56,2464.56,2464.04,2464.53,42.16460000
1787715840,2464.52,2465,2464.52,2464.77,34.64090000
1787715900,2464.85,2465.25,2463.55,2464.72,32.11910000
1787715960,2464.72,2464.72,2463.42,2463.43,30.24140000
1787716020,2463.42,2463.42,2462.32,2462.56,17.61580000
1787716080,2462.57,2462.57,2461.58,2461.94,31.56760000
1787716140,2461.93,2461.94,2461.51,2461.77,25.22960000
1787716200,2461.63,2462.44,2461.32,2462.44,24.05180000
1787716260,2462.58,2463.4,2462.58,2463.39,22.13710000
1787716320,2463.16,2464.55,2463.16,2464.27,33.51130000
1787716380,2464.26,2464.79,2463.51,2463.51,23.33220000
1787716440,2463.42,2465.1,2463.42,2465.08,34.99480000
1787716500,2465.09,2466.62,2465.09,2466.62,45.90110000
1787716560,2466.63,2466.94,2465.83,2465.83,42.45390000
1787716620,2465.83,2465.84,2465.68,2465.68,32.08040000
1787716680,2465.69,2466.36,2465.52,2466.36,35.22590000
1787716740,2466.15,2466.18,2465.63,2465.63,15.10270000
1787716800,2465.63,2465.63,2464.08,2464.31,17.90810000
1787716860,2464.31,2464.4,2463.19,2463.19,36.37740000
1787716920,2463.19,2464.12,2462.29,2464.12,54.62620000
1787716980,2464.11,2464.11,2462.91,2462.91,13.37480000
1787717040,2462.91,2464.48,2462.91,2464.48,21.79990000
1787717100,2464.48,2464.85,2463.19,2464.85,42.82530000
1787717160,2464.68,2466.64,2464.67,2466.64,21.04360000
1787717220,2466.68,2467.47,2466.68,2467.23,35.09340000
1787717280,2467.16,2468.91,2467.12,2467.88,85.54230000
1787717340,2467.96,2472.74,2467.96,2472.42,167.44740000
1787717400,2472.41,2472.41,2470.66,2470.66,112.96760000
1787717460,2470.5,2470.5,2467.28,2467.28,106.14980000
1787717520,2467.12,2467.55,2467.11,2467.21,104.29430000
1787717580,2467.13,2467.13,2465.67,2465.71,77.12540000
1787717640,2465.71,2466.25,2464.76,2466.25,100.75890000
1787717700,2466.24,2466.78,2465.22,2465.87,51.99500000
1787717760,2465.88,2467.47,2465.88,2467.46,54.86780000
1787717820,2467.25,2467.79,2466.69,2467.79,55.63860000
1787717880,2467.84,2468.9,2467.84,2468.73,52.64720000
1787717940,2468.75,2469.97,2468.75,2469.8,47.98360000
1787718000,2469.79,2469.86,2467.84,2468.03,45.38120000
1787718060,2468.06,2468.14,2467.15,2467.84,0.46830000
1787718120,2467.9,2468.12,2467.89,2467.89,0.70190000
1787718180,2467.89,2468.23,2467.11,2468.22,8.06480000
1787718240,2467.86,2469.03,2467.86,2469,2.48070000
1787718300,2469.08,2469.96,2469.08,2469.4,29.09600000
1787718360,2469.36,2469.36,2467.11,2467.11,35.49830000
1787718420,2467.04,2467.47,2466.58,2467.46,36.83370000
1787718480,2467.47,2467.51,2465.12,2466.26,60.22440000
1787718540,2466.26,2466.3,2466.25,2466.3,36.32820000
1787718600,2466.3,2467.46,2466.3,2467.21,34.36190000
1787718660,2467.21,2467.21,2466.82,2467.08,26.50620000
1787718720,2467.07,2467.08,2464.91,2464.91,28.68220000
1787718780,2464.9,2465.34,2463.34,2463.89,72.89890000
1787718840,2463.89,2464.16,2463.03,2464.14,47.39300000
1787718900,2464.17,2464.5,2463.87,2463.93,37.53220000
1787718960,2463.94,2464.53,2463.69,2464.52,75.71730000
1787719020,2464.53,2465.79,2464.53,2465.78,36.26920000
1787719080,2465.79,2466.18,2465.79,2466.18,46.99330000
1787719140,2466.17,2466.42,2463.8,2463.89,47.56160000
1787719200,2463.9,2464.47,2463.45,2464.47,33.29650000
1787719260,2464.51,2465.26,2464.51,2465.04,22.04820000
1787719320,2465.04,2465.62,2465.04,2465.4,20.37330000
1787719380,2465.4,2465.41,2464.98,2464.98,16.67520000
1787719440,2464.98,2465.02,2464.56,2464.79,43.45470000
1787719500,2464.71,2464.71,2462.1,2462.21,21.61890000
1787719560,2462.18,2462.18,2460.86,2460.92,35.27650000
1787719620,2460.92,2461.26,2459.5,2459.5,31.92530000
1787719680,2459.5,2461.16,2457.69,2460.64,65.24430000
1787719740,2460.87,2461.38,2460.56,2460.56,17.10370000
1787719800,2460.52,2461.37,2460.21,2461.21,118.31500000
1787719860,2461.22,2461.54,2461.1,2461.1,73.07410000
1787719920,2461.16,2461.16,2458.95,2459.13,135.49680000
1787719980,2459.13,2461.65,2459.13,2460.85,164.90400000
1787720040,2460.84,2460.85,2460.63,2460.64,104.39860000
1787720100,2460.63,2460.63,2457.85,2458,122.26360000
1787720160,2458,2458.24,2456.69,2456.69,47.55880000
1787720220,2456.69,2457.02,2455.77,2457.02,58.93520000
1787720280,2457.18,2458.28,2457.18,2458.02,36.70810000
1787720340,2458.02,2458.18,2456.86,2456.92,68.76010000
1787720400,2456.93,2457.78,2456.93,2457.58,38.95430000
1787720460,2457.54,2458.19,2456.66,2457.83,111.42280000
1787720520,2457.79,2458.28,2455.76,2458.28,131.25160000
1787720580,2458.4,2458.65,2456.82,2457.71,82.55180000
1787720640,2457.71,2457.71,2456.45,2456.63,71.85800000
1787720700,2456.64,2456.95,2452.74,2452.74,63.00090000
1787720760,2452.71,2453.52,2451.55,2451.55,50.85130000
1787720820,2451.56,2453.61,2451.56,2453.23,95.44410000
1787720880,2453.3,2453.32,2452.46,2453.16,36.99500000
1787720940,2453.17,2455.36,2453.16,2455.35,60.90820000
1787721000,2455.36,2456.46,2455.36,2456.45,61.67720000
1787721060,2456.44,2458.63,2456.44,2457.92,36.61810000
1787721120,2457.89,2459.02,2457.38,2459.02,52.95750000
1787721180,2459.01,2460.22,2458.39,2458.51,68.31530000
1787721240,2458.51,2458.54,2458.11,2458.17,50.86720000
1787721300,2457.92,2457.99,2456.83,2457.22,23.86970000
1787721360,2457.21,2458.82,2456.46,2457,93.73730000
1787721420,2457.08,2457.11,2454.63,2454.65,39.85570000
1787721480,2454.7,2456.37,2454.7,2454.99,47.82320000
1787721540,2454.64,2455.36,2454.26,2454.27,27.16590000
1787721600,2454.39,2456.44,2454.39,2456.38,58.00900000
1787721660,2456.31,2457.18,2455.28,2457.18,65.08110000
1787721720,2457.13,2458.21,2457.02,2458.14,56.35330000
1787721780,2458.14,2459.75,2458.13,2459.75,78.23470000
1787721840,2459.74,2462.3,2459.57,2462.07,115.42520000
1787721900,2462.07,2463.86,2461.64,2462.04,70.16220000
1787721960,2462.32,2462.32,2460.9,2460.9,35.52010000
1787722020,2460.91,2461.2,2460.86,2460.86,40.49880000
1787722080,2461.02,2462.15,2461.02,2462.14,37.55950000
1787722140,2462.14,2463.33,2462.14,2463.21,45.79830000
1787722200,2463.17,2464.88,2462.25,2464.37,48.20970000
1787722260,2464.37,2466.48,2464.34,2465.89,74.38750000
1787722320,2465.83,2467.96,2465.82,2467.59,44.15360000
1787722380,2467.6,2467.77,2465.46,2465.46,54.15320000
1787722440,2465.27,2465.92,2464.92,2465.34,38.75580000
1787722500,2465.34,2465.81,2464.75,2464.89,38.92370000
1787722560,2464.79,2465.22,2462.51,2462.87,61.01010000
1787722620,2462.84,2465.34,2462.84,2465.02,57.17210000
1787722680,2465.11,2465.11,2463.72,2463.72,36.00120000
1787722740,2463.82,2464.15,2463.13,2463.69,143.01750000
1787722800,2463.72,2464.15,2463.49,2464.14,216.47730000
1787722860,2464.15,2464.73,2464.15,2464.73,37.07120000
1787722920,2464.74,2464.74,2464.36,2464.51,44.78220000
1787722980,2464.53,2465.6,2464.53,2464.96,32.96280000
1787723040,2464.96,2465.62,2463.43,2465.23,165.73260000
1787723100,2465.23,2465.23,2464.06,2464.07,64.33380000
1787723160,2464.07,2464.41,2463.48,2463.49,57.25220000
1787723220,2463.74,2463.74,2463.71,2463.72,58.58210000
1787723280,2463.75,2464.46,2463.16,2464,80.36460000
1787723340,2464.09,2464.56,2463.79,2464.56,30.99310000
1787723400,2464.56,2464.56,2464.24,2464.27,34.85690000
1787723460,2464.25,2464.28,2463.49,2463.49,36.31470000
1787723520,2463.49,2464.06,2463.49,2463.51,40.86610000
1787723580,2463.52,2463.63,2462.03,2462.09,49.55930000
1787723640,2462.09,2462.09,2461.27,2461.28,42.58390000
1787723700,2461.28,2462.62,2461.27,2462.61,59.16210000
1787723760,2462.62,2462.69,2462.37,2462.68,40.81830000
1787723820,2462.69,2463.42,2462.63,2463.42,26.10820000
1787723880,2463.41,2464.01,2463.41,2463.76,35.94770000
1787723940,2463.75,2464.67,2463.75,2464.67,41.35310000
1787724000,2464.75,2466,2464.52,2465.85,29.44310000
1787724060,2465.86,2466.97,2464.82,2465.24,35.60940000
1787724120,2465.24,2465.37,2464.04,2464.49,25.45300000
1787724180,2464.5,2464.57,2463.28,2463.41,54.93520000
1787724240,2463.42,2464.7,2463.42,2464.7,54.97340000
1787724300,2464.7,2466.62,2464.69,2466.62,50.97920000
1787724360,2466.55,2466.95,2466.32,2466.63,37.77060000
1787724420,2466.65,2466.98,2466.65,2466.83,27.22450000
1787724480,2466.83,2467.06,2466.04,2467.06,54.35760000
1787724540,2467.11,2467.11,2466.68,2467.04,44.53740000
1787724600,2467,2467,2466,2466,30.18450000
1787724660,2465.99,2465.99,2462.69,2462.94,21.10240000
1787724720,2463.02,2463.02,2461.24,2462.52,14.29930000
1787724780,2462.51,2462.51,2461.95,2462.19,11.88430000
1787724840,2462.2,2462.24,2461.91,2461.91,16.19070000
1787724900,2461.87,2461.87,2461,2461,19.75990000
1787724960,2460.86,2462.14,2460.86,2462.13,36.33310000
1787725020,2462.13,2462.13,2460.33,2460.33,27.21210000
1787725080,2460.17,2460.17,2458.18,2458.27,46.93810000
1787725140,2458.27,2458.27,2457.38,2457.38,42.08080000
1787725200,2457.35,2459.4,2456.56,2459.4,25.52610000
1787725260,2459.47,2459.47,2458.65,2459.01,0.55360000
1787725320,2459.01,2459.01,2457.56,2457.56,1.80240000
1787725380,2458.03,2458.03,2457.47,2457.47,0.09940000
1787725440,2457.39,2457.39,2455.82,2456.17,6.83390000
1787725500,2456.15,2456.9,2455,2456.9,36.93880000
1787725560,2456.89,2457.08,2456.46,2457.07,37.97490000
1787725620,2457.07,2457.07,2455.73,2456.81,102.39480000
1787725680,2456.82,2458.21,2456.82,2457.95,118.00080000
1787725740,2457.96,2458.01,2456.47,2456.97,94.49630000
1787725800,2456.95,2457.44,2456.55,2457.44,97.51420000
1787725860,2457.48,2459.94,2457.48,2458.42,87.33770000
1787725920,2458.46,2459.42,2458.3,2458.95,95.40230000
1787725980,2458.53,2458.77,2456.48,2456.62,73.46040000
1787726040,2456.54,2457.43,2456.47,2456.82,78.14710000
1787726100,2456.83,2457.19,2456.55,2456.55,29.35390000
1787726160,2456.55,2456.56,2455.64,2455.64,47.93270000
1787726220,2455.64,2455.64,2453.75,2453.88,74.23420000
1787726280,2453.89,2455.76,2453.67,2455.76,68.17420000
1787726340,2455.84,2456.45,2455.67,2456.45,52.96250000
1787726400,2456.48,2457.19,2456.48,2457.05,84.35330000
1787726460,2457.1,2459.57,2457.05,2459.57,73.41750000
1787726520,2459.55,2460.31,2459.48,2460.31,56.67450000
1787726580,2460.06,2460.3,2459.4,2459.4,66.27520000
1787726640,2459.39,2460.02,2459.38,2460.02,59.44610000
1787726700,2459.87,2460.61,2459.83,2460.49,62.06520000
1787726760,2460.53,2461.33,2460.53,2460.83,72.13770000
1787726820,2460.83,2460.83,2460.6,2460.68,81.72110000
1787726880,2460.66,2460.66,2458.2,2458.2,70.35370000
1787726940,2458.21,2458.85,2457.99,2458.76,139.60340000
1787727000,2458.76,2459.83,2458.76,2459.7,72.69100000
1787727060,2459.69,2459.69,2458.65,2459.52,71.37610000
1787727120,2459.52,2459.52,2459.19,2459.47,42.34930000
1787727180,2459.48,2459.56,2459.14,2459.36,55.98680000
1787727240,2459.33,2460.38,2459.33,2460.38,43.36880000
1787727300,2460.38,2460.43,2458.37,2459.41,42.30590000
1787727360,2459.42,2459.75,2459.02,2459.75,31.24740000
1787727420,2459.75,2460.11,2459.74,2460.05,24.03190000
1787727480,2460.05,2460.05,2459.56,2459.86,23.02390000
1787727540,2459.85,2460.19,2459.85,2460.12,16.34480000
1787727600,2460.11,2460.11,2458.65,2458.66,33.26540000
1787727660,2458.65,2458.73,2457.93,2457.93,22.26850000
1787727720,2457.92,2460.73,2457.55,2460.73,41.58640000
1787727780,2460.72,2462.31,2460.32,2462.15,34.33170000
1787727840,2462.15,2465.25,2462.15,2465.19,61.25060000
1787727900,2465.19,2465.78,2464.99,2465.64,57.37870000
1787727960,2465.68,2467.84,2465.59,2467.83,59.83380000
1787728020,2467.84,2468.25,2465.64,2465.65,81.98840000
1787728080,2465.84,2465.84,2464.41,2464.41,57.92580000
1787728140,2464.26,2464.26,2462.37,2462.59,62.10210000
1787728200,2462.59,2464.97,2462.59,2464.87,91.47810000
1787728260,2464.81,2465.62,2464.81,2465.39,47.89660000
1787728320,2465.38,2465.38,2463.79,2463.8,56.02370000
1787728380,2463.8,2464.52,2463.79,2463.89,40.36630000
1787728440,2463.9,2464.7,2463.9,2464.7,38.54010000
1787728500,2464.85,2465.61,2464.85,2464.99,24.79950000
1787728560,2465,2465.51,2465,2465.41,22.96510000
1787728620,2465.43,2465.63,2464.53,2464.8,26.75970000
1787728680,2464.8,2464.94,2464.53,2464.54,15.79160000
1787728740,2464.64,2464.66,2463.57,2463.75,19.22990000
1787728800,2463.73,2463.75,2463.34,2463.34,18.36900000
1787728860,2463.05,2464.53,2461.77,2464.25,26.86300000
1787728920,2464.28,2464.78,2464.28,2464.76,28.78140000
1787728980,2464.89,2465.52,2464.89,2465.13,27.50010000
1787729040,2465.13,2465.13,2463.79,2463.8,21.79690000
1787729100,2463.83,2465.26,2463.73,2465.11,21.98490000
1787729160,2465.11,2466.49,2464.89,2466.48,38.87360000
1787729220,2466.18,2466.8,2464.83,2464.83,27.52080000
1787729280,2464.83,2464.83,2463.79,2463.79,20.31280000
1787729340,2463.79,2463.82,2463.43,2463.5,32.87780000
1787729400,2463.49,2463.49,2463.02,2463.02,35.83580000
1787729460,2463.01,2463.17,2462.32,2462.32,50.52270000
1787729520,2462.32,2462.45,2461.84,2461.84,19.98200000
1787729580,2461.83,2464.22,2461.71,2464.22,48.45920000
1787729640,2464.13,2464.65,2463.25,2464.65,35.46890000
1787729700,2464.62,2464.66,2464.46,2464.66,54.44400000
1787729760,2464.82,2464.89,2464.18,2464.18,39.51770000
1787729820,2464.18,2464.79,2464.18,2464.78,21.85950000
1787729880,2464.77,2466.56,2464.77,2466.17,29.38370000
1787729940,2466.01,2466.01,2464.81,2465.52,37.25790000
1787730000,2465.63,2465.71,2465.37,2465.52,26.78310000
1787730060,2465.55,2466.08,2465.51,2466.08,45.31210000
1787730120,2465.96,2465.96,2465.21,2465.42,52.38560000
1787730180,2465.42,2466.37,2465.34,2465.34,38.09270000
1787730240,2465.31,2465.31,2464.5,2465.22,35.11550000
1787730300,2465.21,2465.21,2464.89,2464.89,37.36210000
1787730360,2464.89,2464.89,2463.17,2464.28,21.66170000
1787730420,2464.25,2465.21,2464.11,2464.96,32.99230000
1787730480,2464.95,2465.33,2464.57,2465.33,18.28460000
1787730540,2465.44,2465.63,2465.26,2465.46,23.83660000
1787730600,2465.45,2466.25,2465.43,2466.25,17.04700000
1787730660,2466.26,2466.65,2465.85,2465.88,28.09770000
1787730720,2465.88,2466.37,2465.88,2466.36,15.86450000
1787730780,2466.37,2466.37,2465.26,2465.26,23.47870000
1787730840,2465.26,2465.26,2462.7,2462.7,20.64530000
1787730900,2462.7,2462.7,2461.58,2461.58,11.29140000
1787730960,2461.59,2463.36,2461.58,2463.36,41.52610000
1787731020,2463.36,2463.74,2462.92,2463.73,26.40110000
1787731080,2463.74,2463.74,2462.09,2462.09,29.80190000
1787731140,2462.09,2462.09,2461.6,2461.75,27.14490000
1787731200,2461.76,2461.76,2460.85,2461.54,23.95820000
1787731260,2461.58,2463.05,2461.54,2461.54,51.10760000
1787731320,2461.55,2461.55,2459.59,2459.6,321.24040000
1787731380,2459.61,2460.64,2459.61,2459.76,46.47000000
1787731440,2459.83,2461.94,2459.69,2461.31,50.29730000
1787731500,2461.31,2461.31,2459.95,2460.15,74.33970000
1787731560,2460.12,2461.7,2460.12,2461.52,68.10890000
1787731620,2461.51,2462.32,2461.23,2462.31,65.70020000
1787731680,2462.32,2464.37,2462.23,2463.67,79.50100000
1787731740,2463.67,2467.18,2463.67,2466.41,113.75890000
1787731800,2466.37,2469.4,2466.37,2467.73,103.13500000
1787731860,2467.76,2468.39,2466.56,2466.56,33.45470000
1787731920,2466.56,2466.96,2466.24,2466.7,51.17320000
1787731980,2466.9,2467.72,2466.74,2467.46,71.77750000
1787732040,2467.47,2467.51,2465.1,2465.1,36.72620000
1787732100,2465.1,2465.1,2463.99,2464.88,65.90560000
1787732160,2464.88,2466.31,2464.16,2466.18,54.57640000
1787732220,2466.18,2466.18,2464.17,2464.26,52.02100000
1787732280,2464.25,2464.25,2462.5,2462.5,68.60480000
1787732340,2462.53,2462.88,2462.36,2462.87,57.61720000
1787732400,2462.72,2462.78,2462.53,2462.53,4.33140000
1787732460,2462.53,2462.7,2462.06,2462.06,0.28870000
1787732520,2462.05,2462.05,2458.33,2459.67,3.89440000
1787732580,2459.67,2460.84,2459.67,2460.31,1.07020000
1787732640,2460.32,2460.85,2459.89,2460.85,4.24540000
1787732700,2460.89,2461.92,2460.89,2461.92,6.75890000
1787732760,2461.89,2462.99,2461.79,2462.99,20.18210000
1787732820,2463.01,2463.42,2462.87,2462.87,27.21550000
1787732880,2462.79,2463,2462.61,2462.99,12.71230000
1787732940,2462.99,2462.99,2462.49,2462.74,28.91480000
1787733000,2462.74,2463.24,2460.48,2460.72,32.49680000
1787733060,2460.77,2462.76,2460.77,2462.76,34.07210000
1787733120,2462.91,2463.56,2462.91,2463.21,17.92650000
1787733180,2463.17,2463.21,2461.72,2463.21,18.85940000
1787733240,2463.2,2463.36,2461.95,2461.95,15.01820000
1787733300,2461.95,2461.95,2461.47,2461.47,27.86540000
1787733360,2461.47,2462.67,2461.38,2461.92,23.11100000
1787733420,2461.94,2462.22,2461.33,2461.34,22.77110000
1787733480,2461.34,2461.41,2461.12,2461.4,22.51490000
1787733540,2461.4,2461.96,2461.4,2461.71,12.40450000
1787733600,2461.72,2461.74,2461.04,2461.62,16.71630000
1787733660,2461.7,2462.32,2461.57,2461.67,14.56670000
1787733720,2461.68,2462.95,2461.67,2462.95,19.63270000
1787733780,2462.61,2463.98,2462.61,2463.87,17.88400000
1787733840,2463.87,2464.16,2463.23,2463.74,19.94980000
1787733900,2463.73,2463.73,2463.05,2463.05,25.99820000
1787733960,2463.05,2463.05,2461.58,2461.74,24.21840000
1787734020,2461.81,2461.81,2461.37,2461.37,9.15110000
1787734080,2461.33,2461.34,2461.22,2461.28,21.93090000
1787734140,2461.27,2461.27,2460.65,2461.04,16.07190000
1787734200,2461.05,2461.7,2461.05,2461.29,10.15510000
1787734260,2461.29,2461.29,2458.42,2459.12,14.59630000
1787734320,2459.11,2459.11,2458.49,2458.63,15.36560000
1787734380,2458.56,2458.71,2457.51,2458.65,12.20960000
1787734440,2458.64,2458.64,2455.6,2455.6,18.10210000
1787734500,2455.61,2456.82,2454.43,2456.47,64.52720000
1787734560,2456.48,2456.82,2456.22,2456.59,34.70630000
1787734620,2456.59,2456.59,2454.01,2454.91,54.64150000
1787734680,2454.91,2455,2453.77,2454.45,32.95290000
1787734740,2454.39,2456.41,2454.39,2456.41,53.54600000
1787734800,2456.41,2456.85,2454.59,2456.76,47.76760000
1787734860,2456.22,2459.5,2455.58,2458.21,114.96340000
1787734920,2458.21,2458.89,2457.61,2458.61,51.14950000
1787734980,2458.56,2459.75,2458.29,2459.74,61.64790000
1787735040,2459.75,2460.3,2458.87,2458.88,99.42900000
1787735100,2458.87,2459.53,2458.55,2459.52,43.32510000
1787735160,2459.52,2459.54,2459.09,2459.51,117.80810000
1787735220,2459.51,2460.85,2459.51,2460.46,68.41330000
1787735280,2460.45,2460.45,2458.29,2458.62,58.33130000
1787735340,2458.68,2458.68,2458.28,2458.44,75.18860000
1787735400,2458.46,2459.37,2458.46,2458.89,20.41890000
1787735460,2458.88,2459.24,2458.65,2459.24,26.00520000
1787735520,2459.23,2459.23,2457.55,2457.61,21.25860000
1787735580,2457.58,2457.58,2456.29,2456.29,28.51460000
1787735640,2456.13,2456.4,2456.03,2456.03,33.80200000
1787735700,2456.01,2456.25,2453.92,2453.92,10.77110000
1787735760,2454.15,2454.15,2451.43,2451.75,35.52550000
1787735820,2452.06,2452.38,2447.99,2450.75,45.36900000
1787735880,2450.62,2452.51,2448.61,2449.01,37.65420000
1787735940,2448.82,2448.82,2445.99,2447.87,33.94060000
1787736000,2447.87,2449.68,2447.86,2449.39,121.58360000
1787736060,2449.4,2450.58,2449.03,2449.03,159.55670000
1787736120,2449.04,2449.04,2446.67,2447.34,116.12890000
1787736180,2447.34,2447.61,2445.99,2445.99,174.54620000
1787736240,2446,2447.47,2446,2446.66,140.98920000
1787736300,2446.63,2449.47,2446.63,2449.46,121.67070000
1787736360,2449.47,2451.01,2449.47,2450.25,40.54710000
1787736420,2450.25,2450.25,2449.81,2449.99,49.17830000
1787736480,2450,2450,2449.88,2449.9,54.23790000
1787736540,2449.89,2450.48,2449.89,2450.47,20.52500000
1787736600,2450.47,2450.47,2448.75,2448.75,42.26570000
1787736660,2448.71,2452.14,2448.43,2451.85,32.86460000
1787736720,2451.81,2452.43,2451.34,2451.38,32.74070000
1787736780,2451.39,2453.05,2451.39,2453.04,27.51300000
1787736840,2452.93,2453.13,2452.4,2452.4,37.46300000
1787736900,2452.41,2452.41,2451.43,2451.43,24.04690000
1787736960,2451.43,2451.6,2449.52,2449.95,39.99860000
1787737020,2449.92,2449.92,2448.6,2448.6,24.89090000
1787737080,2448.6,2449.58,2448.54,2449.58,40.26250000
1787737140,2449.58,2449.89,2448.95,2448.95,24.72430000
1787737200,2448.81,2448.81,2446.62,2447.56,37.23220000
1787737260,2447.53,2449.01,2447.2,2448.5,35.26400000
1787737320,2448.49,2448.49,2446.51,2446.51,27.21690000
1787737380,2446.51,2447.35,2446.31,2446.98,18.84780000
1787737440,2446.97,2446.98,2444.46,2444.77,51.59690000
1787737500,2444.77,2447.29,2444.77,2446.79,60.66270000
1787737560,2446.8,2447.45,2446.62,2446.88,34.02440000
1787737620,2446.92,2447.19,2443.06,2446.06,38.75040000
1787737680,2445.89,2447.14,2445.54,2447.14,53.57180000
1787737740,2447.21,2448.51,2447.21,2448.51,62.02230000
1787737800,2448.5,2448.5,2447.64,2448.37,17.77330000
1787737860,2448.36,2448.8,2448.23,2448.8,63.14810000
1787737920,2448.8,2449.48,2448.07,2448.09,64.54820000
1787737980,2448.1,2448.26,2446.81,2447.19,51.92430000
1787738040,2447.18,2447.18,2446.47,2446.48,39.72160000
1787738100,2446.52,2447.75,2445.89,2447.68,72.24060000
1787738160,2447.67,2447.67,2447.35,2447.59,42.81410000
1787738220,2447.6,2448.15,2447.59,2448.15,24.69970000
1787738280,2448.08,2448.14,2447.91,2447.92,15.24140000
1787738340,2447.92,2447.94,2447.87,2447.92,34.78050000
1787738400,2447.91,2447.91,2447.65,2447.65,8.54160000
1787738460,2447.64,2447.7,2446.26,2447.62,17.38410000
1787738520,2447.61,2447.61,2446.71,2446.8,9.64900000
1787738580,2446.75,2446.75,2445.38,2446.12,16.84310000
1787738640,2446.37,2447.3,2445.38,2445.72,19.93610000
1787738700,2445.89,2446.93,2445.89,2445.9,18.09090000
1787738760,2445.93,2446.94,2445.66,2446.94,17.75420000
1787738820,2446.93,2446.93,2445.74,2446.34,12.75030000
1787738880,2446.62,2446.62,2445.25,2445.25,17.41750000
1787738940,2445.26,2445.48,2444.93,2445.48,14.46670000
1787739000,2445.48,2445.48,2444.85,2445,15.56800000
1787739060,2445.01,2446.09,2445,2446.09,10.69300000
1787739120,2446.13,2446.54,2445.91,2446.53,18.98920000
1787739180,2446.53,2448.18,2446.53,2448.18,13.92320000
1787739240,2448.34,2449.76,2448.34,2449.36,25.76120000
1787739300,2449.35,2450.42,2449.28,2449.57,12.31790000
1787739360,2449.58,2450.24,2449.58,2450.16,31.09150000
1787739420,2450.15,2451.34,2450.15,2451.34,35.71530000
1787739480,2451.33,2451.55,2451.17,2451.51,34.33620000
1787739540,2451.49,2451.52,2451.17,2451.51,22.39270000
1787739600,2451.52,2452.8,2450.9,2450.9,18.06400000
1787739660,2450.82,2450.82,2450,2450,3.75510000
1787739720,2449.97,2450.61,2449.91,2450.34,12.91550000
1787739780,2450.28,2451.59,2450.28,2451.59,3.52710000
1787739840,2451.63,2452.7,2451.63,2452.7,4.97460000
1787739900,2452.74,2453.82,2452.74,2452.97,26.63980000
1787739960,2452.97,2453.74,2452.33,2453.74,23.95290000
1787740020,2453.73,2454.51,2453.73,2454.43,22.88550000
1787740080,2454.43,2454.63,2454.02,2454.48,16.41080000
1787740140,2454.47,2454.54,2454.47,2454.53,18.95940000
1787740200,2454.53,2454.76,2454.35,2454.75,48.78040000
1787740260,2454.71,2454.71,2454.22,2454.35,24.68240000
1787740320,2454.35,2455.54,2454.35,2455.53,24.62080000
1787740380,2455.42,2455.71,2455.29,2455.71,21.12070000
1787740440,2455.71,2457.5,2455.71,2457.5,28.63640000
1787740500,2457.54,2458.61,2457.54,2458.6,12.10760000
1787740560,2458.6,2461.43,2458.33,2460.61,101.54470000
1787740620,2460.61,2460.8,2459.22,2460.67,39.88860000
1787740680,2460.85,2462.95,2459.11,2462.69,73.08990000
1787740740,2462.7,2470.11,2462.7,2466.27,79.04830000
1787740800,2466.23,2466.74,2465.32,2465.35,168.76680000
1787740860,2465.27,2466.73,2463.33,2465.62,223.63070000
1787740920,2465.63,2466.49,2463.79,2463.96,227.20210000
1787740980,2463.96,2465.67,2463.28,2464.52,215.30630000
1787741040,2464.53,2465.17,2464.16,2464.79,150.84790000
1787741100,2464.82,2465.63,2464.53,2465.45,180.83500000
1787741160,2465.45,2465.45,2463.92,2464.49,160.05140000
1787741220,2464.5,2466,2464.49,2465.99,149.75480000
1787741280,2465.98,2469.15,2465.98,2468.94,157.51770000
1787741340,2468.94,2474.9,2468.94,2474.59,165.69010000
1787741400,2474.59,2475.34,2473.64,2473.64,108.63160000
1787741460,2473.48,2473.66,2470.71,2470.91,118.98370000
1787741520,2470.89,2470.89,2469.69,2470.06,93.26240000
1787741580,2470.07,2472.07,2469.49,2472.07,157.96160000
1787741640,2472.03,2472.24,2470.06,2470.33,93.57590000
1787741700,2470.33,2471.02,2469.61,2469.61,112.95410000
1787741760,2469.61,2469.67,2468.75,2468.92,149.81550000
1787741820,2469.1,2469.1,2468.5,2468.51,112.07820000
1787741880,2468.51,2469.21,2468.5,2468.86,102.99970000
1787741940,2468.86,2469.59,2468.86,2468.95,100.66060000
1787742000,2468.96,2470.58,2468.96,2469.11,38.68390000
1787742060,2468.96,2470.49,2468.96,2470.49,53.94420000
1787742120,2470.65,2471.73,2470.65,2471.22,47.86480000
1787742180,2471.31,2472.86,2470.68,2472.28,36.25400000
1787742240,2472.28,2472.44,2471.17,2472.32,39.84640000
1787742300,2472.31,2472.39,2471.54,2472.18,52.00530000
1787742360,2471.93,2471.93,2470.5,2470.5,37.81660000
1787742420,2470.46,2470.46,2469.2,2469.58,44.34050000
1787742480,2469.58,2470.46,2469.42,2469.43,25.56040000
1787742540,2469.55,2469.55,2468,2468.36,28.80470000
1787742600,2468.58,2468.91,2468.49,2468.91,24.90610000
1787742660,2468.59,2469.2,2468.59,2469.14,18.71230000
1787742720,2469.14,2469.69,2469.14,2469.58,16.55620000
1787742780,2469.58,2469.58,2467.09,2467.09,34.09100000
1787742840,2467.09,2467.99,2467.09,2467.99,28.27150000
1787742900,2467.99,2468.03,2467.16,2467.21,41.35120000
1787742960,2467.21,2468.28,2467.17,2468.26,50.07630000
1787743020,2468.26,2468.77,2467.94,2468.36,30.62100000
1787743080,2468.33,2468.33,2466.17,2466.18,31.08820000
1787743140,2466.29,2466.6,2466.06,2466.57,32.54810000
1787743200,2466.57,2466.74,2465.73,2465.83,35.77270000
1787743260,2465.83,2467.07,2465.8,2466.95,27.71900000
1787743320,2466.95,2466.96,2466.26,2466.74,29.26500000
1787743380,2466.73,2467.83,2466.73,2467.02,17.04170000
1787743440,2467.02,2467.02,2465.92,2466.36,24.61750000
1787743500,2466.37,2466.74,2466.27,2466.71,11.87820000
1787743560,2466.72,2466.96,2465.31,2465.48,30.47470000
1787743620,2465.49,2465.99,2465.49,2465.67,31.79910000
1787743680,2465.67,2465.99,2465.67,2465.73,28.46970000
1787743740,2465.73,2465.9,2465.52,2465.86,36.79720000
1787743800,2465.85,2465.85,2465.45,2465.45,33.68370000
1787743860,2465.46,2465.49,2464.26,2464.89,44.43600000
1787743920,2464.88,2464.88,2464.63,2464.63,27.57860000
1787743980,2464.64,2464.93,2464.58,2464.92,37.35950000
1787744040,2464.92,2464.93,2464.92,2464.93,16.22220000
1787744100,2464.92,2466.77,2464.92,2466.77,14.77760000
1787744160,2466.77,2467.34,2464.53,2464.64,23.71420000
1787744220,2464.61,2464.61,2461.35,2461.52,29.60600000
1787744280,2461.51,2461.51,2456.51,2458.48,34.17640000
1787744340,2458.37,2459.75,2456.87,2459.75,29.04760000
1787744400,2459.74,2460.46,2457.74,2458.83,98.95800000
1787744460,2458.73,2459.55,2458.65,2459.51,84.79970000
1787744520,2459.54,2461.18,2458.83,2461.13,65.42680000
1787744580,2461.13,2462.69,2460.97,2462.56,85.29890000
1787744640,2462.55,2462.95,2462,2462,72.53810000
1787744700,2461.99,2461.99,2461.22,2461.61,33.93810000
1787744760,2461.61,2461.61,2460.11,2460.25,38.34380000
1787744820,2460.42,2460.71,2459.77,2460.6,44.30950000
1787744880,2460.6,2460.6,2459.75,2460.37,49.22250000
1787744940,2460.3,2460.46,2459.75,2459.76,26.76320000
1787745000,2459.76,2461.28,2459.76,2461.27,32.27320000
1787745060,2461.26,2462.93,2461.26,2462.92,20.40370000
1787745120,2462.93,2463.66,2462.93,2463.66,34.07820000
1787745180,2463.66,2465.58,2463.66,2465.57,40.95560000
1787745240,2465.58,2465.62,2464.77,2465.62,28.25320000
1787745300,2465.09,2465.26,2464.7,2465.16,51.42180000
1787745360,2465.16,2467.34,2465.16,2466.94,30.26570000
1787745420,2467.13,2468.73,2466.8,2466.8,35.44020000
1787745480,2466.79,2466.79,2464.16,2464.16,91.54710000
1787745540,2464.16,2464.16,2462.69,2462.96,38.00530000
1787745600,2462.96,2464.52,2462.96,2464.39,95.81630000
1787745660,2464.33,2464.64,2464.02,2464.64,99.48220000
1787745720,2464.65,2465.26,2463.84,2464.98,87.67020000
1787745780,2464.87,2464.87,2461.23,2461.51,98.62850000
1787745840,2461.52,2463.01,2461.32,2463.01,35.28780000
1787745900,2463.01,2463.05,2461.23,2461.23,44.96370000
1787745960,2461.24,2461.24,2459.03,2459.68,50.57820000
1787746020,2459.72,2460.85,2459.16,2459.6,69.21960000
1787746080,2459.59,2461.45,2459.59,2461.11,73.83180000
1787746140,2461.11,2461.8,2460.49,2461.47,59.49350000
1787746200,2461.5,2462.32,2461.5,2462.27,15.00350000
1787746260,2461.95,2462.26,2461.56,2461.69,52.96820000
1787746320,2461.65,2462.86,2461.65,2462.86,33.46360000
1787746380,2462.85,2463.59,2461.09,2461.09,32.36360000
1787746440,2461.18,2461.19,2460.48,2460.54,29.49140000
1787746500,2460.54,2461.75,2459.77,2460.81,83.44490000
1787746560,2460.81,2460.81,2457.57,2460.12,53.92910000
1787746620,2460.12,2460.53,2460.12,2460.53,21.35850000
1787746680,2460.85,2460.85,2459.8,2459.89,48.04380000
1787746740,2459.94,2460.48,2459.43,2459.46,32.38070000
1787746800,2459.46,2462.34,2459.46,2462.34,23.45080000
1787746860,2462.34,2462.69,2461.9,2462.69,0.75860000
1787746920,2462.69,2465.55,2462.69,2465.55,5.14900000
1787746980,2465.39,2466.77,2465.39,2466.38,9.39860000
1787747040,2466.38,2468.27,2466.38,2468.12,10.03660000
1787747100,2468.19,2471.62,2467.91,2470.55,55.08020000
1787747160,2470.56,2470.8,2469.05,2469.06,77.39500000
1787747220,2469.05,2470.62,2469.05,2470.62,38.72230000
1787747280,2470.61,2470.61,2469.69,2469.69,52.91190000
1787747340,2469.69,2471.53,2469.43,2471.2,53.97440000
1787747400,2471.2,2471.2,2444.31,2460.16,388.13440000
1787747460,2460.47,2461.57,2457.15,2460.88,156.66290000
1787747520,2460.56,2462.17,2458.94,2462.1,118.15850000
1787747580,2462.14,2465.58,2462.14,2464.76,106.87280000
1787747640,2464.73,2464.73,2460.45,2460.59,86.71020000
1787747700,2460.57,2463.32,2460.57,2461.9,456.14840000
1787747760,2461.89,2462.13,2459.75,2459.75,505.97740000
1787747820,2459.75,2460.1,2456.45,2456.9,512.27280000
1787747880,2456.91,2457.11,2452.8,2456.3,616.22330000
1787747940,2456.3,2458.65,2454.32,2455.78,594.46390000
1787748000,2455.77,2456.98,2455.42,2456.61,136.33410000
1787748060,2456.62,2460,2456.58,2457.95,157.76980000
1787748120,2458.03,2458.51,2457.55,2458.43,178.33070000
1787748180,2458.43,2459.75,2457.55,2459.75,158.68410000
1787748240,2459.74,2459.75,2455.4,2455.4,139.81280000
1787748300,2455.54,2459.04,2455.54,2456.82,87.47350000
1787748360,2456.56,2456.56,2453.17,2454.18,51.60290000
1787748420,2454.18,2456.29,2453.9,2454.88,61.35490000
1787748480,2455.35,2457.09,2455.35,2457.09,44.61850000
1787748540,2456.69,2457.39,2456.51,2457.17,46.28400000
1787748600,2457.19,2460.11,2456.82,2459.76,97.41520000
1787748660,2459.8,2460.12,2456.82,2456.83,63.88420000
1787748720,2457.22,2457.22,2454.99,2455.18,64.65370000
1787748780,2455.12,2455.58,2454.63,2454.63,66.43330000
1787748840,2454.49,2455.34,2452.77,2454.87,52.84740000
1787748900,2454.86,2457.19,2453.91,2456.72,56.71130000
1787748960,2456.72,2457.67,2456.72,2457.34,37.26100000
1787749020,2457.33,2457.92,2456.53,2457.66,82.52780000
1787749080,2457.7,2457.78,2455.26,2455.82,74.61410000
1787749140,2455.82,2456.2,2455.32,2455.32,95.19600000
1787749200,2455.32,2455.58,2453.91,2455.58,40.72400000
1787749260,2455.66,2457.15,2455.66,2456.81,80.95040000
1787749320,2456.82,2457.97,2454.27,2454.36,48.86290000
1787749380,2454.72,2454.87,2452.8,2452.9,23.10400000
1787749440,2452.98,2454.46,2452.56,2452.56,29.23540000
1787749500,2452.63,2453.17,2451.52,2452.53,57.36630000
1787749560,2452.54,2453.29,2452.54,2453.06,51.74720000
1787749620,2453.02,2454.63,2450.63,2450.63,50.63800000
1787749680,2450.95,2451.28,2448.25,2448.52,46.82870000
1787749740,2448.79,2449.42,2448.16,2449.42,44.65130000
1787749800,2449.46,2449.52,2445.14,2447.96,142.90100000
1787749860,2448.07,2448.69,2444.97,2445.69,87.62810000
1787749920,2445.85,2446.89,2443.54,2444.86,92.90900000
1787749980,2445.17,2445.7,2442,2445.7,108.85630000
1787750040,2445.74,2447.59,2445.74,2445.9,34.49920000
1787750100,2445.9,2447.6,2445.9,2447.08,98.47560000
1787750160,2447.03,2448.07,2445.23,2448.06,237.94100000
1787750220,2447.97,2447.97,2443.37,2443.77,222.46640000
1787750280,2443.77,2446.34,2442.29,2444.44,265.57820000
1787750340,2444.45,2447.4,2444.08,2445.54,224.16940000
1787750400,2445.54,2445.56,2444.55,2444.62,119.23560000
1787750460,2444.62,2445.02,2442.26,2442.26,4.50010000
1787750520,2442.26,2444.12,2439.22,2443.8,35.60510000
1787750580,2443.94,2447.3,2441.91,2442.28,47.71720000
1787750640,2442.28,2442.43,2440.12,2440.53,15.30580000
1787750700,2440.54,2443.36,2436.72,2442.71,301.03170000
1787750760,2442.17,2443.79,2441.15,2441.86,282.26190000
1787750820,2441.85,2443.88,2441.85,2443.88,214.59440000
1787750880,2443.99,2446.2,2443.85,2445.77,240.98240000
1787750940,2445.75,2445.76,2444.09,2444.32,208.40180000
1787751000,2444.36,2451.42,2444.36,2448.16,138.64230000
1787751060,2448.29,2449.42,2444.08,2446.25,115.55180000
1787751120,2446.25,2447.99,2444.93,2447.36,151.94420000
1787751180,2447.44,2450.31,2447.36,2450.14,136.89440000
1787751240,2450.39,2454.33,2450.39,2452.44,140.43170000
1787751300,2452.07,2452.35,2449.89,2451.39,220.64760000
1787751360,2451.39,2454.11,2450.93,2454.01,86.17390000
1787751420,2453.91,2455.76,2453.53,2455.76,192.93010000
1787751480,2455.93,2457.92,2455,2455.12,181.55120000
1787751540,2455.04,2455.04,2452.87,2452.87,156.05140000
1787751600,2452.81,2456.86,2451.82,2454.99,173.36820000
1787751660,2454.99,2454.99,2452.8,2453.8,114.28480000
1787751720,2453.7,2454.4,2451.97,2454.25,83.37890000
1787751780,2454.26,2456.75,2453.18,2454.68,118.29370000
1787751840,2454.67,2459.1,2454.67,2458.92,143.20200000
1787751900,2458.91,2462.32,2458.6,2460.24,278.31190000
1787751960,2460.25,2460.78,2455.72,2457.29,210.57740000
1787752020,2457.04,2457.92,2456.09,2457.91,140.53860000
1787752080,2457.92,2458.28,2457.33,2457.73,206.54820000
1787752140,2457.74,2458.06,2455.53,2455.6,206.56280000
1787752200,2455.53,2455.59,2453.24,2453.7,150.25980000
1787752260,2453.7,2453.7,2452.07,2453.08,145.68630000
1787752320,2453.1,2454.14,2450.36,2450.45,132.33460000
1787752380,2450.46,2454.63,2450.46,2454.63,151.53260000
1787752440,2454.76,2454.76,2451.34,2452.38,162.29350000
1787752500,2452.38,2454.45,2451.88,2454.45,78.73860000
1787752560,2454.44,2454.44,2451.65,2452.66,80.29160000
1787752620,2452.53,2454.08,2452.46,2454.08,49.70770000
1787752680,2454.12,2457.35,2454.12,2456.49,76.63990000
1787752740,2456.49,2457.55,2456.49,2457.23,54.21670000
1787752800,2457.24,2457.46,2453.76,2456.8,71.79430000
1787752860,2456.73,2458.23,2456.09,2458.23,23.86240000
1787752920,2458.28,2462.08,2458.13,2460.74,32.97080000
1787752980,2460.5,2460.64,2459.68,2460.35,48.64110000
1787753040,2460.31,2461.53,2460.12,2460.12,35.58460000
1787753100,2460.12,2460.12,2458.31,2459.27,58.66570000
1787753160,2459.27,2459.5,2457.29,2459.5,70.90750000
1787753220,2459.66,2462.1,2459.66,2460.13,96.46790000
1787753280,2460.12,2460.66,2459.74,2460.65,84.84810000
1787753340,2460.65,2460.65,2458.82,2459.15,68.46950000
1787753400,2459.14,2459.14,2456.6,2458.96,85.00800000
1787753460,2458.96,2460.98,2458.96,2460.8,62.85620000
1787753520,2460.79,2460.79,2456.94,2460.39,56.33000000
1787753580,2460.45,2460.45,2458.7,2458.81,56.49610000
1787753640,2458.8,2458.8,2456,2456.26,50.10800000
1787753700,2456.26,2457.88,2455.93,2457.87,29.19080000
1787753760,2457.88,2461.58,2457.88,2460.73,68.88670000
1787753820,2460.78,2460.82,2459.61,2460,45.58850000
1787753880,2460,2460,2459.21,2459.21,45.62310000
1787753940,2459.21,2459.21,2457.56,2458.28,53.02350000
1787754000,2458.28,2458.77,2457.59,2458.65,24.67580000
1787754060,2458.51,2458.7,2456.46,2457,1.58350000
1787754120,2457.16,2458.23,2456.45,2456.45,3.66310000
1787754180,2456.21,2458.18,2456.21,2456.45,2.38130000
1787754240,2456.62,2456.7,2453.47,2453.47,6.61060000
1787754300,2453.23,2453.89,2451.71,2452.36,51.91770000
1787754360,2452.3,2452.3,2450.01,2451.03,43.72850000
1787754420,2450.98,2451.76,2449.16,2449.16,25.18180000
1787754480,2449.11,2450.14,2448.83,2449.61,34.71300000
1787754540,2449.7,2450.61,2449.7,2450.61,45.00420000
1787754600,2450.45,2452.38,2449.9,2451.71,89.08220000
1787754660,2451.57,2451.67,2449.13,2450.98,104.14060000
1787754720,2451.23,2452.07,2450.49,2451.93,68.11870000
1787754780,2451.85,2451.85,2449.93,2449.93,78.82430000
1787754840,2450.01,2450.62,2449.39,2450.23,71.64580000
1787754900,2450.19,2450.26,2446.83,2448.3,36.63920000
1787754960,2448.42,2449.93,2448.27,2449.93,44.78080000
1787755020,2449.93,2452.45,2449.93,2451.53,44.49600000
1787755080,2451.51,2451.51,2449.08,2449.35,45.71090000
1787755140,2449.35,2449.5,2448.6,2448.92,28.28610000
1787755200,2448.93,2450.5,2448.84,2448.85,72.39960000
1787755260,2448.84,2449.11,2447.91,2448.69,50.47530000
1787755320,2448.72,2449.16,2444.84,2446.74,80.15180000
1787755380,2446.98,2448.06,2446.97,2447.62,59.13000000
1787755440,2447.61,2447.61,2444.33,2445.17,49.11920000
1787755500,2445.08,2445.89,2442.76,2442.76,112.87600000
1787755560,2442.98,2444.44,2442.7,2443.86,69.77960000
1787755620,2443.72,2444.81,2443.01,2443.11,96.28350000
1787755680,2443.07,2443.36,2440.07,2443.36,101.25540000
1787755740,2443.65,2445.16,2442.82,2444.77,126.88320000
1787755800,2444.83,2447.35,2444.83,2445.17,76.51650000
1787755860,2445.31,2446.25,2444.45,2444.8,125.27470000
1787755920,2444.84,2446.04,2444.84,2445.96,128.97540000
1787755980,2445.96,2446.32,2444.12,2444.12,141.96110000
1787756040,2444.12,2444.78,2441.91,2442.25,131.22740000
1787756100,2442.32,2442.6,2441.39,2441.39,115.62340000
1787756160,2441.53,2441.57,2439.44,2439.45,74.98580000
1787756220,2439.73,2440.9,2439.72,2440.83,45.74600000
1787756280,2440.83,2441.66,2439.85,2441.48,107.14820000
1787756340,2441.47,2441.47,2438.96,2439.37,68.02830000
1787756400,2439.38,2441.88,2438.54,2441.55,126.27810000
1787756460,2441.51,2442.07,2440.83,2441.02,92.84660000
1787756520,2441.01,2441.01,2436.66,2437.09,114.04260000
1787756580,2437.09,2437.09,2432.69,2434.01,125.86780000
1787756640,2434.32,2434.71,2432.57,2433.41,115.80140000
1787756700,2433.47,2439.57,2432.64,2439.57,187.12870000
1787756760,2439.74,2439.75,2437.66,2437.67,248.00130000
1787756820,2437.66,2440.72,2437.02,2440.69,179.22650000
1787756880,2440.69,2441.87,2439.75,2440.13,276.18770000
1787756940,2440.13,2443.26,2439.89,2442.76,281.58890000
1787757000,2442.76,2443.02,2442.27,2442.75,167.01630000
1787757060,2442.76,2443.35,2442,2442.86,154.66390000
1787757120,2442.75,2442.75,2440.48,2440.64,100.39900000
1787757180,2440.64,2441.89,2440.47,2440.47,116.54610000
1787757240,2440.47,2441.41,2440.11,2441.41,93.00010000
1787757300,2441.4,2441.76,2436.86,2437.36,66.53990000
1787757360,2437.49,2439.79,2437.22,2439.79,52.39130000
1787757420,2439.78,2440.54,2438.24,2440.54,74.63510000
1787757480,2440.43,2440.5,2439.71,2439.97,62.86770000
1787757540,2439.99,2439.99,2437.74,2438.81,66.41990000
1787757600,2438.82,2441.38,2438.82,2441.22,85.70920000
1787757660,2441.28,2442.6,2441.28,2442.54,60.87380000
1787757720,2442.64,2443.22,2440.68,2440.83,46.36020000
1787757780,2441.16,2444.28,2441.16,2444.1,79.80230000
1787757840,2444.05,2444.8,2443.76,2444.08,57.48570000
1787757900,2444.06,2448.57,2444.02,2446.74,59.92300000
1787757960,2446.76,2451.1,2446.76,2450.19,138.75770000
1787758020,2450.25,2452.2,2450.25,2452.2,85.89830000
1787758080,2451.8,2452.41,2450.66,2450.71,56.28350000
1787758140,2450.76,2455.22,2450.76,2454.65,98.52980000
1787758200,2454.61,2454.66,2449.82,2449.82,259.02910000
1787758260,2449.83,2450.45,2449.18,2450.3,286.92660000
1787758320,2450.61,2451.29,2448.82,2448.83,255.09900000
1787758380,2448.83,2449.4,2447.32,2447.56,246.54380000
1787758440,2447.36,2447.36,2445.17,2445.19,179.86710000
1787758500,2445.18,2445.3,2441.83,2444.12,150.86310000
1787758560,2444.12,2444.79,2444.08,2444.09,131.32760000
1787758620,2444.15,2446.61,2444.15,2446.61,110.85300000
1787758680,2446.61,2446.61,2445.76,2445.76,70.75870000
1787758740,2445.76,2446.46,2445.76,2446.46,89.24110000
1787758800,2446.46,2450.78,2446.46,2450.77,135.15010000
1787758860,2450.76,2450.8,2449.89,2450.05,103.80830000
1787758920,2450.05,2450.2,2449.4,2450.19,100.30430000
1787758980,2450.18,2450.2,2448.53,2448.53,150.53720000
1787759040,2448.53,2449.12,2448.07,2448.15,116.93510000
1787759100,2448.32,2449.87,2448.32,2449.67,90.40340000
1787759160,2449.72,2450.2,2449.72,2450.06,72.99380000
1787759220,2450.06,2450.06,2449.16,2449.59,77.15810000
1787759280,2449.59,2452.79,2449.59,2452.79,83.43860000
1787759340,2452.7,2452.79,2451.86,2452.43,82.79200000
1787759400,2452.44,2452.44,2451.71,2451.71,74.74470000
1787759460,2451.71,2451.71,2449.7,2449.97,44.94830000
1787759520,2449.94,2450.98,2449.55,2450.47,49.54360000
1787759580,2450.48,2450.48,2449.29,2449.29,36.37390000
1787759640,2449.29,2449.89,2449.28,2449.28,37.02300000
1787759700,2449.3,2450.3,2449.3,2450.3,4.94840000
1787759760,2450.61,2451.66,2450.25,2451.66,42.74670000
1787759820,2451.65,2451.7,2450.98,2450.98,97.24570000
1787759880,2451.09,2451.47,2450.63,2451.47,67.78280000
1787759940,2451.42,2451.42,2448.92,2449.88,30.50880000
1787760000,2449.89,2451.12,2449.61,2449.61,54.31520000
1787760060,2449.62,2449.62,2447.94,2447.94,37.07080000
1787760120,2447.93,2448.78,2447.72,2447.92,38.43370000
1787760180,2447.96,2449.84,2447.51,2449.36,48.35440000
1787760240,2449.35,2451.43,2448.8,2451.43,43.79970000
1787760300,2451.26,2452.32,2451.26,2452.32,55.91770000
1787760360,2452.19,2452.77,2451.43,2451.74,34.55520000
1787760420,2451.73,2454.2,2451.58,2454.19,29.82640000
1787760480,2454.2,2455.58,2454.2,2454.78,34.39650000
1787760540,2454.77,2455.26,2454.06,2454.06,28.08020000
1787760600,2453.91,2453.91,2452.8,2453.27,40.44390000
1787760660,2453.25,2453.25,2451.81,2451.81,51.45400000
1787760720,2451.81,2451.81,2450.94,2451.36,36.19790000
1787760780,2451.39,2451.39,2450,2450.19,90.36690000
1787760840,2450.1,2450.87,2449.89,2450.52,67.03560000
1787760900,2450.52,2451.08,2450.25,2450.25,17.30120000
1787760960,2450.26,2450.26,2448.08,2448.52,37.36950000
1787761020,2448.51,2449.12,2447.86,2448.52,45.78850000
1787761080,2448.51,2449.74,2448.51,2449.74,36.92640000
1787761140,2449.89,2450.52,2449.89,2450.18,32.67880000
1787761200,2450.21,2453.01,2450.21,2452.85,26.96900000
1787761260,2452.74,2453.21,2452.44,2452.82,5.85260000
1787761320,2453.06,2453.06,2450.64,2450.64,3.38050000
1787761380,2450.64,2450.64,2449.44,2449.44,1.09020000
1787761440,2449.4,2449.59,2449.17,2449.27,1.47070000
1787761500,2449.18,2449.48,2449.18,2449.22,42.93540000
1787761560,2449.22,2450.24,2448.6,2448.75,60.47260000
1787761620,2448.73,2448.73,2447.8,2447.88,28.49160000
1787761680,2448.07,2449.15,2447.84,2448.84,62.28690000
1787761740,2448.84,2449.71,2448.66,2449.54,38.35230000
1787761800,2449.31,2449.31,2448.8,2448.8,103.66030000
1787761860,2448.8,2449.26,2448.27,2449.02,89.20300000
1787761920,2449.01,2450.77,2448.95,2450.76,100.36760000
1787761980,2450.76,2450.85,2449.58,2449.85,120.21690000
1787762040,2449.86,2451.91,2449.86,2451.91,14.01690000
1787762100,2451.97,2453.2,2451.71,2453.2,54.41470000
1787762160,2453.15,2453.49,2450.02,2450.15,46.12430000
1787762220,2450.23,2450.23,2445.23,2446.57,81.38930000
1787762280,2446.61,2446.65,2445.57,2446.57,57.37830000
1787762340,2446.57,2446.6,2441.61,2442.34,57.66560000
1787762400,2442.18,2443.71,2440,2440.11,129.62770000
1787762460,2440.11,2443.71,2439.97,2442.97,123.74200000
1787762520,2442.97,2443.21,2441.14,2441.14,128.10520000
1787762580,2441.24,2441.25,2438.17,2439.02,138.07130000
1787762640,2439.08,2440.28,2438.95,2438.95,72.39090000
1787762700,2438.95,2443.41,2438.95,2443.4,121.40990000
1787762760,2443.41,2443.65,2442.66,2442.86,131.25570000
1787762820,2442.94,2445.26,2442.94,2444.94,79.43100000
1787762880,2444.97,2451.67,2444.58,2449.58,145.08260000
1787762940,2449.59,2450.42,2448.43,2448.44,89.86250000
1787763000,2448.44,2449.88,2448.43,2449.88,127.73940000
1787763060,2449.79,2449.79,2449.16,2449.17,164.38750000
1787763120,2449.31,2449.31,2446.26,2446.61,115.06360000
1787763180,2446.62,2446.85,2445,2445.52,122.14230000
1787763240,2445.53,2446.61,2445.53,2446.22,156.06520000
1787763300,2446.26,2446.61,2445.85,2445.85,71.30450000
1787763360,2445.72,2445.72,2444.81,2444.88,41.08930000
1787763420,2444.88,2445.54,2444.79,2445.54,26.62150000
1787763480,2445.68,2446.76,2444.93,2444.94,28.79040000
1787763540,2444.94,2445.03,2444.83,2444.9,19.29380000
1787763600,2444.88,2445.46,2444.73,2445.42,18.59700000
1787763660,2445.45,2446.62,2445.45,2446.38,17.11320000
1787763720,2446.38,2447.35,2445.17,2445.18,29.86260000
1787763780,2445.23,2445.23,2444.34,2444.34,43.24720000
1787763840,2444.35,2445.83,2444.35,2445.53,21.11780000
1787763900,2445.52,2445.89,2445.52,2445.88,34.90490000
1787763960,2445.79,2445.93,2444.15,2445.93,22.16890000
1787764020,2445.93,2446.92,2445.93,2446.91,22.91400000
1787764080,2446.85,2447.35,2446.27,2447.18,48.40340000
1787764140,2447.24,2448.42,2446.47,2446.67,45.53090000
1787764200,2446.64,2446.98,2444.49,2444.79,27.93930000
1787764260,2444.79,2445.1,2444.11,2444.73,36.61990000
1787764320,2444.74,2445.48,2444.53,2445.48,14.19160000
1787764380,2445.49,2446.91,2445.49,2446.76,36.79230000
1787764440,2446.75,2447.35,2446.49,2447.31,15.01080000
1787764500,2447.31,2450.8,2447.31,2450.8,14.85080000
1787764560,2450.63,2451.21,2450.26,2450.62,27.90450000
1787764620,2450.62,2451.34,2450.36,2451.08,17.91950000
1787764680,2451.07,2452.52,2451.07,2451.3,34.96340000
1787764740,2451.48,2452.1,2451.36,2452.06,21.26880000
1787764800,2452.1,2454.63,2452.1,2452.66,39.80960000
1787764860,2452.65,2453.52,2452.65,2452.95,21.50630000
1787764920,2452.95,2453.53,2451.74,2452.88,37.41460000
1787764980,2452.87,2454.76,2452.11,2454.76,31.96160000
1787765040,2454.7,2456.83,2454.62,2456.75,47.60320000
1787765100,2456.81,2459.01,2456.81,2458.44,56.46460000
1787765160,2458.44,2458.44,2456.72,2456.72,43.80290000
1787765220,2456.72,2462.31,2456.72,2460.73,62.37620000
1787765280,2460.74,2462.99,2460.74,2462.6,117.81350000
1787765340,2462.65,2463.33,2461.51,2462.93,58.81040000
1787765400,2462.94,2467.23,2462.45,2465.35,176.61270000
1787765460,2465.35,2465.35,2461.95,2463.54,181.54000000
1787765520,2463.38,2464.52,2462.84,2463.72,138.21430000
1787765580,2463.75,2463.79,2462.56,2463.79,243.47100000
1787765640,2463.78,2465.16,2463.52,2464.94,146.04730000
1787765700,2464.96,2465.25,2462.76,2463.15,89.46560000
1787765760,2463.16,2463.16,2461.88,2462.04,106.62970000
1787765820,2462.04,2462.85,2461.7,2462.85,108.60530000
1787765880,2462.85,2463.35,2462.7,2463.1,137.11210000
1787765940,2463.1,2463.79,2463.06,2463.66,106.35720000
1787766000,2463.66,2466.2,2463.66,2465.92,59.05630000
1787766060,2465.05,2466,2463.01,2464.16,74.43190000
1787766120,2464.14,2464.14,2463.1,2463.41,64.87660000
1787766180,2463.42,2464.05,2462.69,2463.2,40.02080000
1787766240,2463.03,2463.04,2461.58,2461.58,48.25900000
1787766300,2461.71,2461.83,2460.15,2460.2,109.75810000
1787766360,2460.28,2460.59,2457.92,2457.92,103.70310000
1787766420,2458.03,2458.03,2456.45,2456.46,81.53710000
1787766480,2456.46,2458.08,2455.96,2458.08,85.89010000
1787766540,2458.08,2459.01,2457.92,2457.92,73.14610000
1787766600,2457.88,2459.17,2457.88,2459.16,59.39250000
1787766660,2459.17,2459.25,2458.94,2459.03,69.80950000
1787766720,2459.03,2459.35,2459.03,2459.26,80.13100000
1787766780,2459.26,2460.48,2459.26,2460.48,81.61340000
1787766840,2460.55,2461.92,2460.55,2461.41,73.02190000
1787766900,2461.42,2461.5,2460.85,2460.85,66.73320000
1787766960,2460.85,2462.22,2460.85,2462.16,11.65280000
1787767020,2462.16,2462.61,2462,2462.6,20.41820000
1787767080,2462.6,2462.6,2459.79,2460.17,32.60350000
1787767140,2460.18,2460.54,2459.85,2460.54,27.56990000
1787767200,2460.58,2461.06,2459.03,2459.31,34.14560000
1787767260,2459.32,2459.91,2459.03,2459.91,34.83340000
1787767320,2459.8,2461.9,2459.8,2461.9,16.65470000
1787767380,2461.9,2462.41,2461.9,2462.41,27.34520000
1787767440,2462.64,2463.33,2462.43,2462.44,32.61920000
1787767500,2462.43,2462.7,2461.67,2462.23,50.02150000
1787767560,2462.19,2463.26,2462.19,2462.61,21.39480000
1787767620,2462.61,2463.01,2462.57,2462.88,35.07500000
1787767680,2463.04,2465.25,2463.04,2465.25,41.75400000
1787767740,2465.01,2466.2,2465.01,2465.5,27.25020000
1787767800,2465.47,2471.73,2465.36,2468.81,146.40760000
1787767860,2468.57,2468.59,2466.93,2467.76,109.23630000
1787767920,2467.82,2470.24,2467.82,2468.92,56.85230000
1787767980,2468.92,2468.97,2468.05,2468.05,65.33570000
1787768040,2468.07,2468.07,2466.99,2467.22,36.57640000
1787768100,2467.38,2467.43,2466.37,2466.43,164.17980000
1787768160,2466.43,2468,2465.46,2468,209.20580000
1787768220,2468,2468.04,2467.65,2467.76,162.97560000
1787768280,2467.8,2468.36,2467.68,2467.68,298.22520000
1787768340,2467.68,2467.69,2466.75,2466.93,199.64250000
1787768400,2466.94,2467.04,2466.75,2466.87,89.62650000
1787768460,2466.92,2468.72,2466.92,2468.72,0.85640000
1787768520,2468.94,2468.94,2466.72,2466.72,5.96080000
1787768580,2466.4,2466.86,2466.38,2466.39,1.13370000
1787768640,2466.37,2466.37,2465.15,2465.56,0.89460000
1787768700,2465.63,2466,2465.63,2465.79,23.62680000
1787768760,2465.64,2465.64,2463.84,2463.85,19.68450000
1787768820,2464.17,2464.17,2462.67,2463.18,23.04830000
1787768880,2463.17,2463.4,2462,2462.98,58.05290000
1787768940,2462.87,2463.2,2462.87,2463.08,41.05000000
1787769000,2463.08,2464.18,2463.08,2464.11,36.71920000
1787769060,2464.1,2464.16,2463.3,2463.3,58.77550000
1787769120,2463.36,2463.78,2462.69,2463.77,46.68760000
1787769180,2463.73,2465.89,2463.73,2465.89,25.78920000
1787769240,2465.87,2465.87,2463.8,2463.8,38.47120000
1787769300,2464.39,2464.92,2464.23,2464.88,28.08950000
1787769360,2464.88,2465.58,2464.83,2465.58,16.55710000
1787769420,2465.62,2466.03,2465.62,2466.03,10.60420000
1787769480,2465.95,2466.73,2464.16,2464.27,40.57290000
1787769540,2464.28,2464.75,2464.28,2464.43,24.02850000
1787769600,2464.37,2464.43,2462.33,2462.84,45.07050000
1787769660,2462.9,2463.18,2462.9,2463.17,25.43080000
1787769720,2463.18,2464.24,2463.11,2463.87,53.00410000
1787769780,2463.87,2463.98,2463.06,2463.54,32.71180000
1787769840,2463.54,2464.22,2463.54,2464.21,54.92940000
1787769900,2464.22,2465.42,2464.22,2465.14,52.13970000
1787769960,2465.18,2467.99,2465.18,2467.99,22.92030000
1787770020,2468,2469.03,2468,2469.03,30.57330000
1787770080,2469.03,2469.15,2468.73,2469.03,23.44420000
1787770140,2469.03,2469.73,2468.21,2469.73,11.25110000
1787770200,2469.77,2470.8,2469.68,2470.62,17.89280000
1787770260,2470.62,2471.91,2470.06,2470.06,45.45980000
1787770320,2470.07,2470.43,2468.21,2470.42,32.39470000
1787770380,2470.33,2471.51,2470.29,2471.27,29.70330000
1787770440,2471.27,2472.53,2470.92,2472.53,30.27240000
1787770500,2472.52,2472.53,2472.29,2472.29,8.39790000
1787770560,2472.22,2472.64,2472.21,2472.27,60.31840000
1787770620,2472.26,2472.97,2472.06,2472.88,112.98690000
1787770680,2472.89,2474.23,2472.81,2473.97,119.21820000
1787770740,2473.98,2474.09,2472.44,2472.93,75.71010000
1787770800,2472.94,2472.97,2471.54,2472.97,100.54320000
1787770860,2472.96,2472.96,2471.75,2471.75,101.47910000
1787770920,2471.75,2473.18,2471.72,2473.18,69.11340000
1787770980,2473.17,2473.17,2471.96,2472.19,93.58490000
1787771040,2472.16,2472.97,2471.91,2471.98,87.69210000
1787771100,2472.18,2472.18,2471.71,2471.93,50.01710000
1787771160,2471.94,2472.89,2471.61,2471.62,49.36750000
1787771220,2471.61,2471.61,2470,2470.12,34.22280000
1787771280,2470.2,2470.2,2469.67,2469.67,35.41090000
1787771340,2469.67,2470.06,2469.32,2469.51,30.12000000
1787771400,2469.41,2472.28,2469.28,2472.28,42.88760000
1787771460,2472.28,2472.75,2471.09,2471.09,37.46050000
1787771520,2471.09,2471.09,2470.15,2470.45,30.61960000
1787771580,2470.37,2470.38,2470.28,2470.31,30.19920000
1787771640,2470.3,2470.48,2470.3,2470.47,39.35060000
1787771700,2470.48,2471.99,2470.48,2471.15,32.76150000
1787771760,2471.15,2471.16,2470.41,2470.42,25.26920000
1787771820,2470.44,2471,2470.44,2470.81,33.19590000
1787771880,2470.69,2472.69,2470.69,2472.69,44.97870000
1787771940,2472.65,2473.38,2471.54,2472.57,29.95410000
1787772000,2472.58,2472.58,2471.82,2472.35,38.21490000
1787772060,2472.36,2472.65,2471.91,2472.03,34.04970000
1787772120,2472.03,2472.28,2471.36,2472.04,27.36470000
1787772180,2471.93,2472.28,2471.91,2472.28,35.07080000
1787772240,2472.21,2472.23,2471.42,2471.95,27.95150000
1787772300,2471.72,2473.39,2471.18,2473.39,47.29630000
1787772360,2473.39,2483.7,2473.39,2482.74,109.04750000
1787772420,2482.74,2482.74,2479.63,2482.16,38.25110000
1787772480,2482.17,2482.36,2478.97,2479.17,38.36250000
1787772540,2479.11,2481,2478.85,2480.39,39.72130000
1787772600,2480.39,2480.56,2476.76,2476.76,311.40620000
1787772660,2476.77,2477.08,2475.75,2476.86,344.79880000
1787772720,2476.85,2478.64,2476.36,2477.93,377.12920000
1787772780,2477.93,2477.93,2477.11,2477.51,372.95340000
1787772840,2477.47,2477.48,2476.73,2476.93,309.00640000
1787772900,2476.94,2477.55,2474.51,2474.52,119.78840000
1787772960,2474.52,2474.94,2473.81,2473.82,73.94150000
1787773020,2473.82,2473.97,2472.01,2472.01,111.88260000
1787773080,2472.02,2472.73,2470.7,2470.7,85.95460000
1787773140,2470.61,2471.16,2470.46,2470.46,110.15220000
1787773200,2470.46,2470.46,2468.28,2469.24,88.73370000
1787773260,2469.24,2469.78,2469.23,2469.78,92.00380000
1787773320,2469.79,2471.04,2469.79,2470.06,105.35350000
1787773380,2470.18,2470.18,2469.72,2470.02,82.65180000
1787773440,2470.01,2470.9,2470.01,2470.89,66.22680000
1787773500,2470.9,2471.49,2470.71,2471.49,53.29010000
1787773560,2471.49,2472.57,2471.49,2472.54,53.51680000
1787773620,2472.58,2473.8,2472.29,2472.73,64.38640000
1787773680,2472.73,2473.68,2472.73,2473.02,65.18090000
1787773740,2472.68,2473.26,2472.68,2473.26,85.91980000
1787773800,2473.26,2473.48,2471.73,2472.02,53.83710000
1787773860,2472.02,2473.39,2471.52,2473.31,40.30430000
1787773920,2473.36,2474,2472.33,2472.33,18.09180000
1787773980,2472.34,2472.34,2470.86,2470.86,19.28310000
1787774040,2470.87,2471.34,2470.4,2471.18,36.00910000
1787774100,2471.18,2472.29,2471.18,2472.29,51.19240000
1787774160,2472.29,2472.79,2471.54,2471.54,30.80720000
1787774220,2471.57,2471.82,2470.85,2470.86,19.06500000
1787774280,2470.85,2470.97,2470.6,2470.96,34.68770000
1787774340,2470.97,2471.31,2469.36,2470.99,54.66270000
1787774400,2470.72,2471.53,2470.48,2471.53,76.58560000
1787774460,2471.54,2471.58,2468.83,2468.99,96.85010000
1787774520,2469.07,2470.14,2469.07,2470.14,54.94810000
1787774580,2470.14,2472.05,2470.14,2472.05,117.38930000
1787774640,2472.04,2472.89,2471.91,2472.89,66.11390000
1787774700,2472.89,2473.7,2472.35,2473.5,33.79950000
1787774760,2473.49,2474.38,2473.49,2474.13,38.15340000
1787774820,2474.13,2474.13,2473.03,2473.51,28.01380000
1787774880,2473.51,2473.71,2472.65,2472.65,30.11120000
1787774940,2472.6,2472.6,2471.91,2471.91,46.16040000
1787775000,2471.61,2473.08,2470.71,2472.64,50.84860000
1787775060,2472.61,2472.61,2470.8,2470.82,41.83210000
1787775120,2470.89,2471.51,2470.48,2470.49,35.16560000
1787775180,2470.62,2470.65,2469.7,2469.84,67.54710000
1787775240,2469.83,2469.84,2469.32,2469.32,44.35530000
1787775300,2469.32,2470.59,2468.82,2470.07,40.96740000
1787775360,2470.06,2470.06,2469.02,2469.9,35.84150000
1787775420,2469.9,2469.9,2468.58,2468.67,50.80170000
1787775480,2468.65,2468.65,2467.84,2467.84,47.19560000
1787775540,2467.85,2469.8,2467.85,2469.48,39.11760000
1787775600,2469.43,2469.43,2465.29,2466.34,20.81720000
1787775660,2466.34,2466.34,2462.87,2462.87,11.03240000
1787775720,2462.87,2462.87,2460.33,2462.42,19.69810000
1787775780,2462.39,2463.96,2461.95,2463.59,1.24960000
1787775840,2463.59,2466.39,2463.59,2466.3,2.00090000
1787775900,2466.27,2468.79,2466.27,2468.22,68.89550000
1787775960,2468.21,2468.21,2466.63,2466.74,105.26370000
1787776020,2466.71,2466.86,2466.37,2466.46,139.38900000
1787776080,2466.45,2468.71,2466.45,2468.69,74.42310000
1787776140,2468.68,2468.75,2468.62,2468.74,87.55040000
1787776200,2468.74,2469.83,2468.21,2469.83,50.54940000
1787776260,2469.59,2469.72,2468.11,2468.13,44.07190000
1787776320,2468.12,2468.13,2465.88,2466.15,48.02740000
1787776380,2466.18,2466.94,2466.18,2466.37,42.33570000
1787776440,2466.38,2466.38,2466.06,2466.31,27.08580000
1787776500,2466.31,2466.31,2464.81,2464.82,13.81000000
1787776560,2464.81,2464.81,2464.16,2464.61,23.66960000
1787776620,2464.56,2465.87,2464.45,2465.86,12.18190000
1787776680,2465.87,2466.63,2465.76,2466.37,45.43000000
1787776740,2466.36,2467.41,2465.97,2467.02,37.27180000
1787776800,2467.01,2468.21,2466.94,2468.2,36.38480000
1787776860,2468.21,2469.69,2468.21,2469.69,44.61110000
1787776920,2469.63,2469.63,2469.25,2469.28,36.16560000
1787776980,2469.3,2469.68,2468.58,2468.58,44.39210000
1787777040,2468.46,2468.78,2468.45,2468.78,31.87080000
1787777100,2468.77,2469.51,2468.59,2469.51,17.85270000
1787777160,2469.42,2469.94,2469.42,2469.8,9.91260000
1787777220,2469.86,2469.87,2469.81,2469.87,31.83880000
1787777280,2469.86,2470.14,2469.69,2469.7,29.29740000
1787777340,2469.69,2469.69,2469.49,2469.5,11.15620000
1787777400,2469.5,2469.5,2468.7,2469.01,27.06630000
1787777460,2469.01,2469.74,2469.01,2469.72,13.94430000
1787777520,2469.72,2469.8,2468.95,2469.8,11.72640000
1787777580,2469.79,2470.21,2469.79,2470.2,10.91360000
1787777640,2470.21,2470.5,2470.2,2470.49,11.60660000
1787777700,2470.5,2472.69,2470.5,2472.45,3.06310000
1787777760,2472.28,2472.28,2471.72,2471.96,16.29560000
1787777820,2471.95,2472.24,2471.95,2472.15,14.20240000
1787777880,2472.17,2472.71,2472.17,2472.38,9.89810000
1787777940,2472.37,2472.37,2471.87,2472.05,6.41930000
1787778000,2472.06,2472.84,2472.06,2472.81,38.86730000
1787778060,2472.82,2472.86,2471.91,2472.06,32.05570000
1787778120,2472.05,2472.21,2470.44,2471.98,45.17250000
1787778180,2471.97,2471.97,2471.04,2471.24,25.18180000
1787778240,2471.24,2471.54,2471.03,2471.03,22.30910000
1787778300,2471.16,2475,2471.16,2474.99,39.37190000
1787778360,2474.94,2479.51,2474.93,2479.04,69.59650000
1787778420,2479.34,2481.26,2477.7,2480.6,30.13180000
1787778480,2480.61,2485.41,2480.61,2485.08,75.03020000
1787778540,2485.3,2485.3,2483.03,2484.43,43.37800000
1787778600,2484.5,2491.76,2480.52,2490.47,327.45340000
1787778660,2490.48,2490.48,2486.35,2489.04,184.15560000
1787778720,2489.03,2489.03,2485.68,2487.17,251.70330000
1787778780,2487.16,2492.75,2485.7,2489.69,250.20980000
1787778840,2489.65,2494.55,2489.21,2492.34,185.49390000
1787778900,2492.38,2493.9,2489.93,2492.7,278.55900000
1787778960,2492.69,2493.95,2491.41,2493.76,278.07910000
1787779020,2493.46,2494.86,2492.15,2494.86,328.93830000
1787779080,2494.9,2496,2493.2,2493.2,381.57570000
1787779140,2493.21,2493.21,2488.45,2491.92,282.60620000
1787779200,2491.91,2494.36,2490.19,2491.88,130.55620000
1787779260,2491.86,2493.36,2491.69,2493.28,125.17200000
1787779320,2493.27,2495.45,2492.5,2492.5,151.30210000
1787779380,2492.5,2492.5,2490.69,2492.07,153.32380000
1787779440,2492.34,2494.63,2491.7,2494.63,112.15770000
1787779500,2494.62,2498.88,2493.35,2493.36,152.85080000
1787779560,2493.35,2494.93,2492.46,2494.83,108.51780000
1787779620,2494.82,2494.82,2493.05,2493.95,120.30570000
1787779680,2493.92,2497.51,2493.38,2496.78,80.98580000
1787779740,2496.77,2505,2496.55,2500.62,175.24640000
1787779800,2500.46,2501.18,2496.66,2496.66,284.69160000
1787779860,2496.65,2498.06,2496.26,2496.27,314.75000000
1787779920,2496.27,2497.58,2495.19,2497.12,330.46900000
1787779980,2497.12,2497.12,2495.47,2495.84,321.52110000
1787780040,2495.85,2496.17,2495.19,2496,270.12630000
1787780100,2496,2498.1,2495.54,2498.09,136.68100000
1787780160,2498.08,2501.16,2497.16,2501,46.40430000
1787780220,2500.69,2500.69,2497.84,2497.84,83.16440000
1787780280,2497.83,2497.83,2495.46,2495.56,68.16300000
1787780340,2495.49,2497.26,2495.49,2496.18,82.62130000
1787780400,2496.23,2496.23,2494.75,2495.83,45.01480000
1787780460,2495.83,2495.84,2495.1,2495.84,30.54310000
1787780520,2496,2496.01,2494.8,2494.81,23.82500000
1787780580,2494.81,2494.92,2494.3,2494.3,23.12990000
1787780640,2494.47,2494.47,2493.89,2493.9,39.81650000
1787780700,2494,2494.16,2493.9,2493.9,28.14870000
1787780760,2493.89,2495.05,2493.85,2494.71,26.18330000
1787780820,2494.72,2494.72,2492.83,2492.83,35.88790000
1787780880,2492.83,2493.86,2492.05,2492.48,44.18290000
1787780940,2492.47,2492.53,2491.91,2492.52,22.55900000
1787781000,2492.5,2493.66,2492.5,2493.66,27.14700000
1787781060,2493.94,2493.98,2493.59,2493.96,26.13320000
1787781120,2494.03,2495.46,2494.03,2494.39,23.99400000
1787781180,2494.73,2496.84,2494.54,2496.4,24.98300000
1787781240,2496.4,2497.86,2496.4,2497.31,36.93800000
1787781300,2496.98,2496.98,2496.61,2496.73,23.47480000
1787781360,2496.74,2496.86,2495.58,2495.58,21.07220000
1787781420,2495.59,2498.48,2495.59,2498.03,119.52610000
1787781480,2498.39,2498.44,2497.9,2498.1,21.43120000
1787781540,2498.09,2498.1,2496.77,2496.78,24.52590000
1787781600,2496.77,2498.64,2494.64,2498.64,39.28610000
1787781660,2498.64,2501.28,2498.64,2500.69,54.45570000
1787781720,2500.65,2501.02,2499.25,2499.25,23.52610000
1787781780,2499.6,2501.65,2499.01,2501.33,31.78000000
1787781840,2501.28,2503.33,2500.69,2503.19,30.91230000
1787781900,2503.18,2504.53,2502.5,2504.35,104.10910000
1787781960,2504.38,2506.77,2503.15,2503.42,65.71250000
1787782020,2503.42,2507,2503.22,2506.48,45.64980000
1787782080,2506.47,2506.47,2503.91,2503.91,85.16240000
1787782140,2503.91,2503.91,2501.9,2501.9,48.78160000
1787782200,2501.9,2501.9,2500.38,2500.57,63.46040000
1787782260,2500.57,2501.6,2500.33,2500.33,119.70870000
1787782320,2500.32,2501.6,2500.32,2501.49,90.40370000
1787782380,2501.51,2502.64,2499.78,2500.46,91.10130000
1787782440,2500.54,2503.79,2499.96,2503.36,116.82400000
1787782500,2503.19,2508.81,2502.66,2507.98,88.47840000
1787782560,2507.97,2512.07,2507.23,2509.99,135.85380000
1787782620,2510.27,2510.86,2506.27,2507.01,104.82090000
1787782680,2506.98,2512,2506.08,2511.99,156.23260000
1787782740,2512,2514.74,2511.04,2511.11,99.81840000
1787782800,2511.1,2511.5,2509.52,2511.5,52.28950000
1787782860,2511.8,2515,2511.8,2513.35,11.49430000
1787782920,2513.35,2513.35,2509.51,2509.81,5.93810000
1787782980,2509.78,2510.35,2508.45,2508.45,9.02200000
1787783040,2508.45,2508.45,2506.21,2506.53,9.26330000
1787783100,2506.52,2506.76,2506.08,2506.58,43.60570000
1787783160,2506.58,2508.47,2506.57,2508.33,216.79840000
1787783220,2508.26,2508.26,2506.61,2506.99,177.41940000
1787783280,2506.97,2507.2,2506.85,2506.93,177.25820000
1787783340,2506.93,2506.93,2505.55,2506.16,185.59330000
1787783400,2506.01,2506.52,2505.31,2506.5,200.27790000
1787783460,2506.41,2506.42,2501.86,2501.86,70.43590000
1787783520,2501.86,2502.64,2500.71,2500.71,79.40650000
1787783580,2500.71,2500.97,2499.75,2500.31,86.18980000
1787783640,2500.03,2500.76,2500.03,2500.36,60.88630000
1787783700,2500.36,2500.95,2499.84,2499.9,84.08030000
1787783760,2499.9,2500.14,2498.82,2498.82,72.78140000
1787783820,2498.82,2499.24,2496.61,2499.1,122.25240000
1787783880,2499.04,2499.24,2498.49,2498.49,111.62270000
1787783940,2498.49,2498.49,2494.94,2495.1,134.09110000
1787784000,2495.1,2496.21,2494.93,2496.04,77.40710000
1787784060,2496.05,2496.05,2495.47,2495.92,38.44380000
1787784120,2495.92,2498.78,2495.79,2498.43,97.76550000
1787784180,2498.5,2499.42,2498.07,2498.07,81.58470000
1787784240,2498.08,2498.4,2497.73,2497.74,91.55170000
1787784300,2497.74,2497.74,2495.96,2495.97,47.32200000
1787784360,2496.39,2496.75,2496.35,2496.43,48.48720000
1787784420,2496.39,2496.39,2496.14,2496.22,24.62320000
1787784480,2496.22,2496.22,2493.58,2493.59,34.55020000
1787784540,2493.59,2493.89,2493.59,2493.89,28.15180000
1787784600,2493.87,2493.87,2491.38,2491.58,36.31810000
1787784660,2491.58,2492.29,2490.2,2490.94,50.27680000
1787784720,2490.94,2492,2490.94,2491.34,42.89590000
1787784780,2491.43,2491.69,2490.57,2490.57,45.29870000
1787784840,2490.57,2491,2490.51,2490.9,46.64190000
1787784900,2490.9,2490.98,2489.81,2489.82,15.11450000
1787784960,2489.82,2490.5,2489.79,2490.27,55.20270000
1787785020,2490.25,2491.1,2490.25,2491.1,51.14110000
1787785080,2491.26,2494.98,2491.26,2494.84,63.02260000
1787785140,2494.83,2495.84,2493.95,2493.95,54.62370000
1787785200,2493.69,2493.69,2490.94,2490.94,58.70440000
1787785260,2490.94,2492.52,2490.57,2491.67,29.01310000
1787785320,2491.32,2493.09,2491.32,2493.09,53.64150000
1787785380,2493.09,2495.43,2493.09,2495.13,28.60030000
1787785440,2495.2,2495.5,2494.85,2495.09,39.63880000
1787785500,2495.08,2495.08,2493.54,2493.54,51.13520000
1787785560,2493.5,2493.55,2491.7,2491.7,57.28630000
1787785620,2491.69,2491.69,2488.43,2488.43,124.79890000
1787785680,2488.46,2489.31,2488.46,2489.31,47.15700000
1787785740,2489.31,2489.31,2488.79,2489.23,53.56870000
1787785800,2489.26,2491.32,2489.22,2491.32,46.95260000
1787785860,2491.31,2491.31,2489.46,2489.67,40.07090000
1787785920,2490.09,2490.48,2489.81,2490.27,46.43430000
1787785980,2490.22,2490.22,2489.71,2489.71,16.88170000
1787786040,2489.61,2490.75,2489.61,2490.75,52.27830000
1787786100,2490.61,2490.61,2490.23,2490.56,30.01600000
1787786160,2490.55,2490.94,2490.37,2490.94,28.62390000
1787786220,2490.93,2493.95,2490.93,2493.73,41.07570000
1787786280,2493.61,2494.32,2493.2,2493.48,19.65830000
1787786340,2493.52,2494.33,2493.21,2494.32,28.82260000
1787786400,2494.33,2494.36,2493.95,2494.26,49.39430000
1787786460,2494.25,2495.35,2493.58,2495.34,60.96280000
1787786520,2495.35,2495.84,2494.4,2494.4,47.51220000
1787786580,2494.51,2496.59,2494.51,2496.04,40.51470000
1787786640,2496.05,2497.57,2494.95,2497.07,36.36270000
1787786700,2497.07,2499.99,2495.18,2499.99,63.03480000
1787786760,2500,2500.29,2499.09,2499.54,96.78760000
1787786820,2499.42,2499.88,2499.05,2499.88,83.12240000
1787786880,2499.88,2500.7,2499.45,2500.66,69.19570000
1787786940,2500.65,2500.65,2498.92,2498.92,106.30030000
1787787000,2498.92,2500.5,2498.92,2500.5,124.68030000
1787787060,2500.58,2501.95,2500.58,2500.77,100.82780000
1787787120,2500.76,2500.76,2499.01,2499.52,153.77140000
1787787180,2499.63,2501.51,2498.46,2498.61,111.06260000
1787787240,2498.58,2498.9,2498.19,2498.84,76.87570000
1787787300,2498.83,2502.27,2498.66,2501.89,87.20300000
1787787360,2501.72,2502.46,2501.4,2502.46,81.35340000
1787787420,2502.48,2504.15,2501.6,2504.14,150.65090000
1787787480,2504.15,2505.9,2504.15,2505.83,77.24160000
1787787540,2505.81,2505.81,2504.56,2504.56,58.19820000
1787787600,2504.55,2504.55,2502.16,2503.41,88.72800000
1787787660,2503.41,2504.92,2503.09,2504.68,73.01910000
1787787720,2504.68,2507.14,2504.65,2506.7,123.42390000
1787787780,2506.69,2506.92,2505.77,2506.6,91.80560000
1787787840,2506.59,2507.63,2506.46,2507.17,149.25720000
1787787900,2507.18,2510.48,2507.16,2509.71,56.67510000
1787787960,2509.63,2511.52,2508.74,2511.42,125.50550000
1787788020,2511.41,2512.55,2508.37,2508.37,108.50160000
1787788080,2508.36,2508.36,2506.42,2506.42,58.89660000
1787788140,2506.38,2506.38,2501.33,2505.56,250.41890000
1787788200,2505.64,2505.64,2503.31,2503.32,244.75470000
1787788260,2503.32,2503.72,2503.32,2503.5,151.19470000
1787788320,2503.43,2506.83,2503.2,2506.27,286.73300000
1787788380,2506.28,2506.28,2504.91,2505.66,263.32490000
1787788440,2505.65,2505.65,2504.17,2505.32,280.22620000
1787788500,2505.34,2505.36,2504.55,2505.34,94.60010000
1787788560,2505.34,2507.66,2505.34,2507.66,96.67150000
1787788620,2507.55,2508.14,2506.92,2507.78,122.30510000
1787788680,2507.72,2507.76,2505.7,2506.16,123.78420000
1787788740,2506.16,2506.97,2506.16,2506.84,133.61710000
1787788800,2506.84,2507.23,2503.38,2504.36,104.38540000
1787788860,2504.23,2505.63,2502.97,2505.63,100.42170000
1787788920,2505.63,2505.9,2504.93,2505.27,65.63730000
1787788980,2505.27,2505.27,2501.52,2503.52,95.27040000
1787789040,2503.51,2503.51,2500.24,2500.24,83.12320000
1787789100,2500.24,2503.02,2500.23,2502.9,116.81780000
1787789160,2502.75,2503.03,2501.54,2503.03,110.05750000
1787789220,2503.11,2505.31,2502.39,2505.31,114.94050000
1787789280,2505.31,2509.04,2505.08,2508.63,137.19520000
1787789340,2508.64,2510.35,2508.37,2510.34,136.84670000
1787789400,2510.27,2510.55,2506.99,2506.99,104.99220000
1787789460,2506.84,2506.84,2503.41,2504.56,101.51430000
1787789520,2504.6,2506.35,2503.03,2503.78,84.98660000
1787789580,2503.76,2503.78,2502.79,2502.79,144.22590000
1787789640,2502.8,2503.24,2502.21,2502.59,81.56150000
1787789700,2502.6,2502.92,2500.57,2501.12,91.00650000
1787789760,2501.12,2501.9,2501.11,2501.11,95.42820000
1787789820,2500.96,2501.98,2500.96,2501.85,105.37330000
1787789880,2501.85,2502.64,2501.85,2502.37,99.40020000
1787789940,2502.42,2506.08,2502.42,2506.08,142.39100000
1787790000,2506.37,2506.41,2505.68,2505.69,103.51650000
1787790060,2505.69,2505.69,2504.65,2504.65,1.44840000
1787790120,2504.68,2505.55,2504.68,2505.16,6.58830000
1787790180,2505.13,2505.13,2502.36,2502.36,2.99330000
1787790240,2502.37,2502.37,2501.79,2501.88,0.71470000
1787790300,2501.52,2501.52,2500.55,2500.99,72.05420000
1787790360,2500.98,2500.98,2499.12,2499.12,27.43280000
1787790420,2499.52,2500.2,2499.52,2500.2,32.45020000
1787790480,2500.2,2500.35,2499,2499.4,13.35410000
1787790540,2499.4,2500.76,2499.4,2500.75,41.03210000
1787790600,2500.75,2501.76,2500.39,2500.77,32.04510000
1787790660,2500.78,2500.97,2500.38,2500.39,38.78080000
1787790720,2500.58,2500.93,2499.27,2499.28,27.08130000
1787790780,2499.33,2500.26,2498.79,2500.26,41.08560000
1787790840,2500.26,2500.26,2498.86,2498.87,30.48800000
1787790900,2499.08,2499.39,2498.5,2498.79,23.93400000
1787790960,2498.84,2499.48,2496.43,2496.43,64.05290000
1787791020,2496.9,2496.9,2496.01,2496.19,26.61600000
1787791080,2496.24,2496.6,2496,2496.08,20.49950000
1787791140,2496.04,2496.95,2495.84,2496.77,34.60680000
1787791200,2496.83,2496.86,2495.55,2495.56,55.98910000
1787791260,2495.56,2495.62,2494.98,2494.98,51.08590000
1787791320,2495.06,2495.07,2494.74,2494.88,84.25170000
1787791380,2494.88,2497.29,2494.88,2497.19,69.75220000
1787791440,2497.15,2497.72,2496.23,2496.57,84.11120000
1787791500,2496.48,2496.48,2494.09,2494.16,73.31940000
1787791560,2494.17,2494.17,2493.71,2493.71,38.36620000
1787791620,2493.72,2494.32,2493.27,2493.27,29.15050000
1787791680,2493.28,2494.86,2493.05,2494.86,24.79570000
1787791740,2494.86,2495.16,2493.95,2495.16,24.68840000
1787791800,2495.16,2496.38,2495.16,2496.33,47.69670000
1787791860,2496.33,2497.28,2494.71,2494.87,26.83740000
1787791920,2494.86,2494.86,2493.06,2493.62,53.68840000
1787791980,2493.55,2493.55,2492.32,2492.48,43.37340000
1787792040,2492.48,2492.63,2492.48,2492.6,34.30380000
1787792100,2492.61,2493.81,2492.6,2493.45,64.10790000
1787792160,2493.44,2493.7,2492.54,2493.07,71.17540000
1787792220,2493.05,2494.57,2492.97,2493.26,47.08580000
1787792280,2493.2,2493.35,2492.49,2493.35,72.29690000
1787792340,2493.36,2493.67,2492.14,2492.14,66.93540000
1787792400,2492.13,2493.51,2492,2492.51,41.08720000
1787792460,2492.5,2493.16,2491.75,2492.81,61.92720000
1787792520,2492.81,2493.72,2492.56,2493.13,79.37380000
1787792580,2493.17,2493.32,2488.01,2490.93,148.33260000
1787792640,2490.93,2492.71,2490.93,2492.07,65.37930000
1787792700,2492.09,2492.66,2490.95,2491.31,68.56020000
1787792760,2491.31,2494.33,2491.16,2494.3,85.61600000
1787792820,2494.32,2495.03,2493.02,2493.02,74.00990000
1787792880,2493.02,2493.08,2489.11,2489.11,76.54630000
1787792940,2489.44,2491.31,2489.21,2491.25,78.97710000
1787793000,2490.87,2492.06,2490.68,2490.68,68.62140000
1787793060,2490.69,2491.76,2490.2,2491.03,50.76380000
1787793120,2491.03,2491.03,2489.23,2489.33,49.19340000
1787793180,2489.32,2489.69,2488.52,2488.78,66.99260000
1787793240,2488.82,2489.57,2487.14,2489.52,65.15360000
1787793300,2489.48,2490.95,2488.43,2490.95,44.59190000
1787793360,2490.96,2491.15,2489.06,2489.62,53.48030000
1787793420,2489.62,2489.94,2487.47,2488.68,69.05300000
1787793480,2488.74,2491.9,2488.74,2491.76,84.03200000
1787793540,2491.76,2492.42,2491.62,2491.81,67.27550000
1787793600,2492.1,2493.56,2492.1,2493.47,26.85370000
1787793660,2493.2,2495.22,2493.2,2495.22,26.65800000
1787793720,2495.38,2495.38,2494.09,2494.09,32.47830000
1787793780,2494.04,2496.14,2494.04,2496.12,39.21870000
1787793840,2496.11,2496.69,2496.11,2496.48,27.21990000
1787793900,2496.56,2498.2,2496.56,2498.04,49.82690000
1787793960,2498.05,2498.71,2498.05,2498.66,41.25280000
1787794020,2498.68,2502.24,2498.31,2502.24,85.20660000
1787794080,2502.24,2505.54,2502.24,2503.32,59.20120000
1787794140,2503.03,2504.05,2502.8,2503.21,66.41480000
1787794200,2503.22,2505.68,2503.19,2504.93,76.41820000
1787794260,2504.55,2505.31,2499.11,2499.11,115.31790000
1787794320,2499.12,2500.38,2498.41,2499.45,130.56380000
1787794380,2499.52,2501.36,2499.52,2501.09,78.48450000
1787794440,2500.76,2501.14,2500,2501.14,123.47820000
1787794500,2500.99,2500.99,2498.78,2498.88,102.15210000
1787794560,2498.88,2499.78,2498.88,2499.5,89.27710000
1787794620,2499.5,2500.62,2499.47,2500.62,84.48820000
1787794680,2500.63,2502.48,2499.92,2499.92,75.92230000
1787794740,2500.12,2500.41,2499.68,2499.69,78.91160000
1787794800,2499.68,2499.68,2498.11,2498.13,43.37510000
1787794860,2498.14,2498.16,2496.73,2496.78,37.43220000
1787794920,2496.78,2496.97,2495.47,2495.49,34.37670000
1787794980,2495.76,2496.36,2495.46,2495.98,34.66610000
1787795040,2495.97,2495.97,2492.95,2493.07,48.24910000
1787795100,2493.16,2495.4,2492.99,2495.17,43.29740000
1787795160,2495.16,2495.39,2494.88,2495.38,22.21210000
1787795220,2495.39,2497.35,2495.39,2497.35,31.64170000
1787795280,2497.61,2499.34,2497.61,2499.34,37.19170000
1787795340,2499.31,2502.14,2499.17,2502.14,32.08310000
1787795400,2502.14,2504.4,2502.14,2504.39,65.90160000
1787795460,2504.4,2505.31,2504.18,2504.18,38.22240000
1787795520,2504.17,2505.78,2504.17,2505.05,86.46680000
1787795580,2505.05,2505.23,2501.84,2502.79,36.14610000
1787795640,2502.83,2502.83,2501.37,2501.61,55.19510000
1787795700,2501.61,2503.03,2501.02,2503.02,136.35630000
1787795760,2503.03,2503.42,2502.38,2502.47,65.74800000
1787795820,2502.32,2502.32,2501.54,2501.54,107.87610000
1787795880,2501.54,2501.54,2499.68,2499.69,78.88160000
1787795940,2499.7,2499.7,2498,2498.02,98.63210000
1787796000,2498.03,2501.46,2497.58,2501.46,49.32420000
1787796060,2501.46,2502.1,2500.55,2500.55,24.26600000
1787796120,2500.77,2501.14,2500.77,2501.13,27.65480000
1787796180,2501.14,2501.5,2501.14,2501.43,43.82880000
1787796240,2501.44,2501.54,2501.13,2501.54,16.60010000
1787796300,2501.9,2502.02,2501.3,2502,294.76560000
1787796360,2502,2502,2501.82,2501.99,38.76840000
1787796420,2501.99,2503.13,2501.99,2502.85,85.90730000
1787796480,2502.85,2503.68,2501.91,2503.49,38.60870000
1787796540,2503.5,2503.85,2503.03,2503.57,52.55140000
1787796600,2503.58,2504.49,2503.58,2504.36,44.77650000
1787796660,2504.36,2504.49,2501.3,2502.24,28.39250000
1787796720,2502.26,2503.59,2502.26,2503.13,45.07840000
1787796780,2503.13,2503.38,2501.48,2501.48,34.35240000
1787796840,2501.48,2502.65,2501.48,2502.28,30.94190000
1787796900,2502.27,2502.27,2501.3,2501.62,28.90250000
1787796960,2501.86,2501.86,2500.76,2500.99,34.85270000
1787797020,2501,2501.89,2500.02,2501.6,27.49360000
1787797080,2501.55,2501.55,2500.76,2500.91,38.21330000
1787797140,2500.94,2502.06,2500.93,2501.31,41.46200000
1787797200,2501.46,2502.12,2501.27,2501.44,14.06060000
1787797260,2501.31,2501.43,2500.6,2500.96,0.68780000
1787797320,2500.92,2501.14,2500.87,2501.09,0.77640000
1787797380,2500.92,2500.92,2498.34,2498.59,14.49780000
1787797440,2498.59,2498.59,2496.22,2497.2,12.78560000
1787797500,2497.2,2497.64,2495.86,2495.86,26.04020000
1787797560,2495.85,2496.12,2494.5,2496.12,21.84260000
1787797620,2495.83,2495.83,2495.46,2495.69,16.46480000
1787797680,2495.72,2496.22,2495.56,2495.63,16.74380000
1787797740,2495.64,2495.88,2495.64,2495.86,17.64040000
1787797800,2495.86,2495.88,2494.72,2495.2,51.88760000
1787797860,2495.2,2495.74,2495.2,2495.63,57.38170000
1787797920,2495.63,2497.64,2495.49,2497.63,49.12710000
1787797980,2497.48,2497.51,2497.25,2497.43,20.00020000
1787798040,2497.37,2498.26,2497.33,2497.79,48.36980000
1787798100,2497.76,2497.76,2496.23,2496.62,26.74850000
1787798160,2496.61,2496.92,2496.53,2496.91,13.02200000
1787798220,2496.91,2497.24,2494.85,2494.85,16.35350000
1787798280,2494.85,2495.88,2494.73,2495.88,19.49650000
1787798340,2495.87,2495.87,2494.89,2494.95,24.94840000
1787798400,2494.95,2494.95,2494.26,2494.26,22.15390000
1787798460,2494.31,2494.52,2494.29,2494.29,13.50790000
1787798520,2494.3,2494.52,2494.29,2494.51,18.57800000
1787798580,2494.51,2494.52,2494.19,2494.32,8.52130000
1787798640,2494.29,2494.29,2493.16,2493.77,19.14110000
1787798700,2493.77,2494.71,2493.77,2494.48,22.78840000
1787798760,2494.48,2495.46,2494.48,2495.23,20.46110000
1787798820,2495.38,2495.48,2494.88,2495.39,41.21700000
1787798880,2495.4,2495.4,2494.33,2494.34,32.00740000
1787798940,2494.34,2495.01,2493.43,2495,22.69600000
1787799000,2495.01,2495.17,2494.57,2495.08,20.73100000
1787799060,2495.09,2495.55,2495.09,2495.55,12.74690000
1787799120,2495.55,2495.83,2494.1,2494.26,12.10220000
1787799180,2494.25,2494.58,2494.05,2494.09,15.55130000
1787799240,2494.2,2494.48,2494.2,2494.48,10.56850000
1787799300,2494.48,2494.48,2494.25,2494.25,8.15430000
1787799360,2494.26,2494.26,2493.7,2494.18,10.53130000
1787799420,2494.33,2494.33,2493.95,2493.96,9.86760000
1787799480,2494.08,2494.89,2494.08,2494.49,14.33370000
1787799540,2494.5,2494.67,2494.49,2494.66,7.35590000
1787799600,2494.67,2494.75,2494.23,2494.54,6.35530000
1787799660,2494.49,2494.95,2493.96,2494.95,14.74490000
1787799720,2494.78,2494.94,2494.57,2494.67,5.53260000
1787799780,2494.68,2494.68,2494.03,2494.03,5.83950000
1787799840,2493.96,2494.35,2493.96,2494.35,8.95390000
1787799900,2494.35,2494.36,2494.35,2494.35,5.59990000
1787799960,2494.36,2496.92,2494.36,2496.81,12.37620000
1787800020,2496.82,2496.86,2496.23,2496.23,10.21470000
1787800080,2496.46,2496.46,2494.71,2495.08,9.72210000
1787800140,2494.93,2495.34,2494.11,2494.31,6.40990000
1787800200,2494.32,2495.09,2494.32,2495.09,20.83660000
1787800260,2495.08,2495.25,2494.66,2494.79,12.90740000
1787800320,2494.79,2494.79,2492.08,2492.08,22.36960000
1787800380,2492.08,2492.08,2490.84,2491.19,18.82760000
1787800440,2491.23,2491.27,2491.09,2491.14,13.44570000
1787800500,2491.14,2491.63,2489.86,2490.09,37.01240000
1787800560,2490.1,2490.1,2489.28,2489.34,27.16340000
1787800620,2489.35,2490.42,2489.35,2489.45,22.38180000
1787800680,2489.45,2492.72,2489.45,2492.71,44.22380000
1787800740,2492.72,2494.43,2492.72,2494.43,23.29270000
1787800800,2494.44,2495.71,2493.35,2493.35,34.94820000
1787800860,2493.36,2493.8,2491.7,2492.96,64.95850000
1787800920,2492.96,2494.66,2491.8,2493.95,74.10800000
1787800980,2493.95,2494.53,2493.21,2493.95,39.17170000
1787801040,2494.07,2498.19,2494.07,2496.31,97.25170000
1787801100,2495.99,2496,2493.95,2495.03,104.64280000
1787801160,2495.03,2496.96,2495.02,2496.5,125.41690000
1787801220,2496.51,2499.28,2496.5,2498.38,204.26310000
1787801280,2498.74,2498.78,2497.36,2497.36,84.10350000
1787801340,2497.36,2497.73,2497.14,2497.72,96.46970000
1787801400,2497.73,2498.11,2496.23,2496.23,115.43350000
1787801460,2496.23,2496.23,2495.09,2495.31,104.58870000
1787801520,2495.39,2495.39,2494.34,2494.72,83.21070000
1787801580,2494.58,2495.78,2494.58,2495.55,85.54050000
1787801640,2495.51,2495.87,2494.71,2494.72,67.43940000
1787801700,2495,2495,2494.41,2494.5,45.43380000
1787801760,2494.5,2494.94,2493.87,2494.81,21.93260000
1787801820,2494.82,2495.66,2494.66,2495.19,24.43660000
1787801880,2495.1,2495.1,2493.72,2493.77,16.67320000
1787801940,2493.78,2493.84,2493.36,2493.62,34.79050000
1787802000,2493.61,2493.61,2493.33,2493.33,17.91360000
1787802060,2493.25,2493.28,2492.46,2492.46,13.88920000
1787802120,2492.46,2493.34,2492.46,2493.33,9.28770000
1787802180,2493.34,2493.44,2492.83,2493.44,14.18810000
1787802240,2493.44,2493.44,2492.14,2492.14,16.11830000
1787802300,2492.21,2493.95,2492.21,2493.95,26.18800000
1787802360,2493.99,2494.32,2492.82,2492.82,26.08510000
1787802420,2492.83,2492.83,2491.69,2491.69,16.95590000
1787802480,2491.7,2491.7,2490.2,2490.2,27.38260000
1787802540,2490.45,2490.71,2489.44,2490.04,36.57260000
1787802600,2490.28,2491.68,2490.19,2490.36,42.20080000
1787802660,2490.66,2490.93,2489.29,2490.56,73.14500000
1787802720,2490.55,2490.6,2489.82,2490.07,37.59770000
1787802780,2490.07,2490.92,2489.66,2490.91,35.42070000
1787802840,2490.91,2491.76,2490.73,2491.76,55.05690000
1787802900,2491.75,2491.75,2491.32,2491.36,72.15210000
1787802960,2491.59,2491.8,2491.58,2491.8,46.18270000
1787803020,2491.84,2492.76,2491.69,2491.69,65.59120000
1787803080,2491.69,2492.32,2491.69,2492.06,89.87750000
1787803140,2492.07,2492.92,2492.07,2492.91,47.39990000
1787803200,2492.91,2493.54,2492.74,2493.54,11.05390000
1787803260,2493.54,2494.01,2493.47,2493.47,15.91600000
1787803320,2493.47,2494.27,2493.2,2493.2,29.70610000
1787803380,2493.21,2494.53,2493.21,2494.53,13.82700000
1787803440,2494.52,2494.53,2493.58,2493.58,17.86420000
1787803500,2493.59,2493.6,2492.81,2492.81,30.85350000
1787803560,2492.74,2492.74,2492.45,2492.5,22.86640000
1787803620,2492.52,2492.55,2492.1,2492.1,25.29450000
1787803680,2492.11,2492.11,2491.69,2491.7,35.81680000
1787803740,2491.84,2494.97,2491.84,2494.93,21.85240000
1787803800,2494.93,2494.93,2493.63,2493.7,16.90670000
1787803860,2493.7,2493.83,2493.68,2493.69,15.69230000
1787803920,2493.75,2494.32,2493.75,2493.93,5.77930000
1787803980,2493.99,2494,2493.95,2493.98,9.88030000
1787804040,2493.97,2493.98,2493.97,2493.97,8.89730000
1787804100,2493.98,2494.86,2493.98,2494.86,2.59130000
1787804160,2494.86,2495.09,2494.86,2495.08,8.24860000
1787804220,2495.08,2495.08,2493.8,2494.77,23.98290000
1787804280,2494.78,2495.46,2494.78,2495.45,6.20170000
1787804340,2495.45,2495.45,2495.18,2495.24,16.83560000
1787804400,2495.18,2495.18,2494.67,2494.67,4.34860000
1787804460,2494.63,2494.66,2493.72,2493.72,0.60330000
1787804520,2493.72,2493.72,2493.52,2493.52,0.04730000
1787804580,2493.55,2493.95,2493.33,2493.95,1.88370000
1787804640,2494.11,2494.33,2494.09,2494.33,0.11500000
1787804700,2494.32,2494.33,2493.66,2494.09,9.50550000
1787804760,2494.16,2494.16,2493.58,2493.59,7.30120000
1787804820,2493.59,2493.59,2493.2,2493.2,7.53020000
1787804880,2493.2,2493.2,2493.13,2493.13,15.80860000
1787804940,2493.14,2493.14,2492.07,2492.08,20.34550000
1787805000,2492.07,2492.07,2490.31,2490.31,12.48430000
1787805060,2490.31,2490.31,2489.54,2489.72,13.92060000
1787805120,2489.72,2489.72,2489.67,2489.67,8.33720000
1787805180,2489.68,2489.82,2489.67,2489.76,19.06580000
1787805240,2489.75,2489.75,2487.54,2487.55,17.97660000
1787805300,2487.54,2487.54,2486.89,2487.03,37.82000000
1787805360,2486.98,2487.46,2484.59,2484.6,40.95540000
1787805420,2484.58,2485.89,2484.57,2485.89,37.43020000
1787805480,2485.88,2485.88,2484.39,2485.8,28.14030000
1787805540,2485.96,2487.56,2485.96,2486.88,37.98050000
1787805600,2486.87,2487.01,2486.66,2486.66,73.73170000
1787805660,2486.66,2487.19,2485.78,2487.19,146.56580000
1787805720,2487.19,2487.98,2487.18,2487.98,105.80290000
1787805780,2487.98,2488.76,2487.98,2488.76,74.42000000
1787805840,2488.73,2488.85,2488.66,2488.85,101.24960000
1787805900,2489.04,2490.94,2489.04,2489.47,63.54970000
1787805960,2489.46,2489.47,2487.47,2487.6,52.39460000
1787806020,2487.6,2487.6,2486.82,2486.94,31.94770000
1787806080,2486.98,2486.98,2486.65,2486.65,43.60340000
1787806140,2486.64,2486.67,2486.06,2486.67,41.58120000
1787806200,2486.68,2486.69,2485.15,2485.16,38.82780000
1787806260,2485.15,2485.15,2484.81,2484.81,22.97960000
1787806320,2484.82,2485.39,2484.81,2485.39,20.51340000
1787806380,2485.55,2486.06,2485.55,2486.05,13.66360000
1787806440,2486.06,2486.67,2486.06,2486.66,21.88970000
1787806500,2486.66,2486.67,2486.66,2486.66,30.26680000
1787806560,2486.66,2486.8,2486.57,2486.57,34.19670000
1787806620,2486.7,2486.85,2486.69,2486.85,32.50750000
1787806680,2486.88,2487.18,2486.78,2487.14,22.55930000
1787806740,2487.14,2487.3,2487.07,2487.29,42.14180000
1787806800,2487.3,2487.44,2487.3,2487.42,30.01140000
1787806860,2487.44,2488.2,2487.44,2488.19,32.07480000
1787806920,2488.15,2488.15,2487.52,2487.52,17.77950000
1787806980,2487.49,2487.49,2487,2487.01,21.02600000
1787807040,2487,2487.01,2484.09,2484.37,21.72450000
1787807100,2484.19,2484.19,2483.76,2483.76,34.46130000
1787807160,2483.72,2484.84,2483.6,2483.82,48.98430000
1787807220,2483.82,2485.26,2483.82,2484.77,82.88790000
1787807280,2484.82,2486.05,2484.68,2485.97,35.11000000
1787807340,2485.78,2487.27,2485.78,2486.93,59.77170000
1787807400,2486.9,2487,2486.28,2486.28,31.33280000
1787807460,2486.12,2486.12,2485.75,2486.04,45.31430000
1787807520,2486.04,2486.52,2486.04,2486.52,43.70350000
1787807580,2486.56,2487.18,2486.56,2486.77,49.93400000
1787807640,2486.45,2486.55,2485.75,2485.75,39.66220000
1787807700,2485.7,2485.7,2485.23,2485.24,9.83650000
1787807760,2485.24,2485.24,2484.23,2484.23,10.72310000
1787807820,2484.23,2484.24,2483.91,2483.91,10.23110000
1787807880,2483.91,2484.16,2483.91,2484.15,13.65890000
1787807940,2484.16,2484.84,2484.16,2484.76,23.10360000
1787808000,2484.77,2485.68,2484.76,2485.68,9.22500000
1787808060,2485.68,2486.17,2485.68,2486.08,10.17850000
1787808120,2486.07,2486.7,2486.07,2486.7,17.58740000
1787808180,2486.69,2486.74,2486.65,2486.65,12.54220000
1787808240,2486.65,2489.97,2486.65,2489.97,11.95490000
1787808300,2489.97,2491.04,2489.66,2489.85,16.62840000
1787808360,2489.85,2490.57,2489.29,2489.55,21.16650000
1787808420,2489.54,2489.55,2488.31,2488.31,13.70650000
1787808480,2488.31,2488.32,2484.57,2484.58,22.84830000
1787808540,2484.58,2485.31,2483.81,2485.3,21.19340000
1787808600,2485.03,2486.05,2484.57,2485.72,45.87940000
1787808660,2485.73,2485.73,2484,2484.79,61.65090000
1787808720,2484.86,2484.91,2483.65,2483.65,69.15790000
1787808780,2483.65,2484.62,2482.22,2483.59,51.33200000
1787808840,2483.59,2483.82,2483.13,2483.82,42.65460000
1787808900,2483.68,2483.69,2481.96,2483.23,42.87290000
1787808960,2483.44,2484.78,2483.43,2484.72,18.30420000
1787809020,2484.74,2486.71,2484.74,2486.71,36.18930000
1787809080,2486.71,2488.19,2486.7,2488.19,26.55830000
1787809140,2487.88,2487.93,2487.2,2487.56,24.52410000
1787809200,2487.55,2489.02,2487.55,2489.02,30.44270000
1787809260,2489.05,2490.41,2488.9,2489.03,26.80640000
1787809320,2489.04,2489.04,2487.82,2487.83,33.69570000
1787809380,2487.82,2487.82,2486.92,2486.92,20.76830000
1787809440,2487.09,2488.02,2486.64,2487.98,27.14640000
1787809500,2487.98,2488.69,2487.89,2488.13,29.27360000
1787809560,2488.13,2490.42,2488.13,2490.42,20.28930000
1787809620,2490.42,2492.39,2490.42,2491.95,31.75560000
1787809680,2491.98,2492.61,2491.98,2492.29,31.63130000
1787809740,2492.44,2494.7,2492.44,2494.58,35.77300000
1787809800,2494.39,2495.49,2493.49,2493.49,19.87850000
1787809860,2493.5,2495.46,2493.5,2495.44,37.01900000
1787809920,2495.44,2497.43,2495.44,2496.97,45.09200000
1787809980,2496.97,2497.34,2495.1,2495.29,59.89630000
1787810040,2495.26,2495.26,2494.68,2494.68,40.78720000
1787810100,2494.68,2494.68,2493.39,2493.5,55.07060000
1787810160,2493.53,2493.54,2493.29,2493.4,67.07140000
1787810220,2493.39,2495.13,2493.35,2495.13,95.51530000
1787810280,2495.12,2496.83,2494.81,2496.73,112.63150000
1787810340,2496.73,2496.73,2495.86,2496.48,96.53620000
1787810400,2496.48,2496.48,2494.61,2494.62,48.14580000
1787810460,2494.61,2494.61,2494.01,2494.46,54.97500000
1787810520,2494.46,2494.46,2493.97,2494.1,52.10070000
1787810580,2494.1,2494.1,2493.56,2493.75,80.49380000
1787810640,2493.77,2493.77,2493.13,2493.14,77.64140000
1787810700,2493.13,2493.13,2492.95,2492.95,30.31380000
1787810760,2492.95,2493.55,2492.95,2493.55,28.95830000
1787810820,2493.49,2493.49,2492.47,2492.47,29.17960000
1787810880,2492.47,2492.51,2491.83,2491.84,11.75970000
1787810940,2491.83,2491.83,2490.71,2491.01,28.31430000
1787811000,2491.01,2491.01,2490.13,2490.14,13.11560000
1787811060,2490.13,2490.13,2488.74,2489.03,39.32510000
1787811120,2489.04,2489.2,2488.73,2488.73,14.23990000
1787811180,2488.71,2488.71,2486.06,2486.78,19.12620000
1787811240,2486.78,2488.31,2485.39,2488.31,25.67910000
1787811300,2488.31,2488.63,2485.72,2485.77,35.14230000
1787811360,2485.76,2486.41,2484.32,2485.32,76.03420000
1787811420,2485.33,2486.75,2485.19,2486.75,87.84870000
1787811480,2486.74,2486.74,2485.43,2485.65,77.06700000
1787811540,2485.65,2485.82,2485.31,2485.68,70.06830000
1787811600,2485.68,2485.92,2485.68,2485.72,0.65000000
1787811660,2485.35,2487.32,2485.35,2487.32,8.09720000
1787811720,2487.39,2487.55,2486.75,2486.75,4.13780000
1787811780,2486.44,2486.46,2486.06,2486.06,6.32410000
1787811840,2486.06,2486.06,2485.27,2485.27,7.84750000
1787811900,2485.07,2486.24,2485.07,2485.74,18.81860000
1787811960,2485.74,2486.02,2485.66,2485.86,45.06740000
1787812020,2485.87,2485.87,2485.77,2485.77,20.18490000
1787812080,2485.78,2485.78,2484.6,2484.84,28.98020000
1787812140,2484.81,2485.66,2484.5,2485.66,26.19710000
1787812200,2485.66,2487.88,2485.66,2487.68,67.18010000
1787812260,2487.67,2488.6,2486.49,2486.77,19.80880000
1787812320,2486.77,2486.95,2486.06,2486.32,11.62160000
1787812380,2486.31,2486.92,2486.17,2486.3,13.93540000
1787812440,2486.29,2487.52,2486.28,2487.51,17.00300000
1787812500,2487.51,2488.33,2487.21,2488.33,18.19000000
1787812560,2488.33,2488.33,2487.95,2487.99,35.31060000
1787812620,2488,2488.38,2487.99,2488.06,21.26450000
1787812680,2488.06,2488.47,2488.01,2488.1,35.79690000
1787812740,2488.14,2488.42,2487.27,2487.27,15.15050000
1787812800,2487.26,2488.48,2487.26,2487.94,23.51940000
1787812860,2487.94,2487.94,2487.01,2487.2,12.46190000
1787812920,2487.2,2487.86,2487.2,2487.86,14.14270000
1787812980,2487.86,2487.86,2487.51,2487.56,16.71260000
1787813040,2487.6,2488.24,2487.52,2488.24,15.49650000
1787813100,2488.24,2489,2488.23,2488.88,33.13030000
1787813160,2488.88,2489.52,2488.82,2489.52,33.48430000
1787813220,2489.52,2489.8,2489.52,2489.8,17.06250000
1787813280,2489.8,2489.8,2489.8,2489.8,21.94430000
1787813340,2489.8,2489.81,2489.25,2489.44,54.07510000
1787813400,2489.61,2492.04,2489.61,2492.04,36.87180000
1787813460,2492.06,2492.06,2491.08,2491.67,23.17150000
1787813520,2491.66,2491.66,2491.16,2491.39,17.81800000
1787813580,2491.4,2491.44,2491.05,2491.44,18.79310000
1787813640,2491.52,2492.31,2491.52,2491.98,33.74430000
1787813700,2491.98,2492.77,2491.8,2492.77,11.82320000
1787813760,2492.73,2493.19,2492.52,2492.52,33.09740000
1787813820,2492.52,2492.52,2492.07,2492.36,10.99690000
1787813880,2492.35,2492.74,2492.27,2492.74,10.28740000
1787813940,2492.43,2493.1,2492.43,2493.09,21.45830000
1787814000,2493.1,2493.1,2491.54,2491.54,27.63410000
1787814060,2491.55,2492.89,2491.55,2492.89,29.54020000
1787814120,2492.9,2492.9,2491.32,2491.72,26.92850000
1787814180,2491.72,2492.11,2491.02,2491.85,21.95860000
1787814240,2491.83,2491.99,2491.42,2491.88,14.86040000
1787814300,2491.88,2492.07,2491.5,2492.06,38.44640000
1787814360,2492.06,2492.06,2491.61,2491.61,34.81980000
1787814420,2491.61,2491.61,2490.9,2490.9,20.80130000
1787814480,2490.9,2491.2,2490.9,2491.2,43.58080000
1787814540,2491.2,2491.23,2490.86,2491.1,48.53520000
1787814600,2491.03,2491.12,2490.91,2491.11,9.88840000
1787814660,2491.11,2492.81,2491.11,2492.79,6.63040000
1787814720,2492.48,2492.48,2492.07,2492.08,8.72790000
1787814780,2492.07,2492.4,2492.07,2492.4,9.34130000
1787814840,2492.39,2495.34,2492.39,2494.39,16.57870000
1787814900,2494.34,2494.34,2493.26,2493.26,28.01730000
1787814960,2493.27,2494.21,2493.27,2494.11,31.40200000
1787815020,2494.11,2494.11,2493.52,2493.52,20.35370000
1787815080,2493.5,2493.68,2493.34,2493.68,30.77220000
1787815140,2493.68,2494.16,2493.68,2493.73,29.06620000
1787815200,2493.73,2493.92,2493.14,2493.14,17.91420000
1787815260,2493.14,2493.14,2492.75,2492.75,11.50750000
1787815320,2492.75,2493.71,2492.75,2493.71,5.95870000
1787815380,2493.71,2493.71,2493.18,2493.18,16.50260000
1787815440,2493.14,2493.14,2490.57,2490.57,20.94040000
1787815500,2490.57,2490.57,2488.91,2489.31,37.17380000
1787815560,2489.32,2490.07,2489.32,2490.07,13.93260000
1787815620,2490.08,2490.57,2490.07,2490.57,15.74520000
1787815680,2490.57,2491.08,2490.51,2490.96,17.26800000
1787815740,2490.95,2490.95,2490.61,2490.66,13.33870000
1787815800,2490.65,2491.02,2490.57,2491.02,11.04640000
1787815860,2491.09,2493.36,2491.09,2493.36,12.74590000
1787815920,2493.4,2494.15,2493.21,2493.21,11.64360000
1787815980,2493.21,2493.53,2491.73,2493.45,31.09810000
1787816040,2493.37,2493.54,2492.82,2492.87,11.72440000
1787816100,2492.86,2493.04,2491.4,2491.4,18.83920000
1787816160,2491.4,2492.14,2490.62,2491.08,95.74910000
1787816220,2491.08,2491.48,2491.08,2491.47,41.82610000
1787816280,2491.47,2491.47,2490.53,2490.99,48.38250000
1787816340,2491.06,2493.15,2491.06,2493.15,57.66630000
1787816400,2493.14,2493.14,2490.94,2490.94,61.23800000
1787816460,2490.94,2492.18,2490.94,2492.18,31.36400000
1787816520,2492.17,2492.39,2491.49,2492.39,29.11760000
1787816580,2492.42,2492.46,2492.42,2492.46,37.44180000
1787816640,2492.46,2492.47,2491.99,2491.99,62.12820000
1787816700,2492.06,2492.38,2492.06,2492.33,12.45580000
1787816760,2492.21,2492.22,2491.7,2491.97,35.34040000
1787816820,2491.96,2492.68,2491.96,2492.68,22.99970000
1787816880,2492.67,2492.67,2492.31,2492.31,18.66170000
1787816940,2492.32,2492.72,2492.32,2492.72,19.76730000
1787817000,2492.76,2493.14,2492.49,2493.14,18.94650000
1787817060,2493.18,2494.31,2493.18,2494.3,20.91960000
1787817120,2494.28,2495.57,2494.28,2495.57,12.04430000
1787817180,2495.58,2495.84,2494.78,2494.8,28.03490000
1787817240,2494.79,2496.25,2494.54,2496.13,22.67600000
1787817300,2496.13,2498.92,2496.13,2498.49,64.15430000
1787817360,2498.34,2498.82,2497.9,2498.82,18.13880000
1787817420,2498.82,2498.82,2497.35,2498.09,68.62600000
1787817480,2498.1,2498.14,2496.83,2497.73,39.63590000
1787817540,2497.62,2497.83,2497.36,2497.36,28.36090000
1787817600,2497.6,2498.94,2497.6,2497.92,64.98790000
1787817660,2497.84,2498.22,2497.44,2498.22,44.61090000
1787817720,2498.22,2502.92,2498.22,2502.92,317.05140000
1787817780,2502.91,2509.03,2502.31,2508.53,104.37700000
1787817840,2508.52,2518.39,2507.22,2512.76,182.71770000
1787817900,2512.76,2513.22,2505.91,2507.58,24.42160000
1787817960,2507.45,2509.12,2506.85,2507.58,22.11030000
1787818020,2507.34,2512.32,2507.22,2512.12,16.49320000
1787818080,2512.2,2516,2511.51,2515.74,26.47940000
1787818140,2515.73,2527.26,2515.4,2525.52,119.42060000
1787818200,2525.23,2528.52,2522.56,2525.45,419.45320000
1787818260,2525.55,2527.49,2521.78,2523.9,524.14780000
1787818320,2523.89,2524.15,2521.08,2521.63,542.09460000
1787818380,2521.64,2522.62,2518.43,2519.43,466.61560000
1787818440,2519.47,2519.79,2516.99,2519.79,475.41800000
1787818500,2519.73,2520.31,2514.87,2515.16,219.27250000
1787818560,2515.16,2518.78,2514.2,2517.55,376.29070000
1787818620,2517.56,2517.56,2516.01,2516.25,330.77680000
1787818680,2516.25,2516.25,2515.28,2516,309.59440000
1787818740,2516,2517.71,2515.86,2517.19,402.00150000
1787818800,2516.96,2517.52,2514.39,2514.88,203.04130000
1787818860,2515.24,2516.54,2515.23,2516.33,10.68100000
1787818920,2516.33,2518.67,2512.91,2516.01,94.42560000
1787818980,2515.97,2517,2514.69,2516.44,17.78650000
1787819040,2516.43,2518.06,2516.43,2517.55,9.41160000
1787819100,2517.56,2519.85,2517.56,2519.77,76.56190000
1787819160,2519.77,2523.32,2519.14,2521.16,257.84830000
1787819220,2521.32,2521.95,2520.51,2521.64,185.87830000
1787819280,2521.64,2526.13,2521.64,2524.43,324.93300000
1787819340,2524.43,2535.71,2524.43,2533.42,418.77000000
1787819400,2533.71,2546.22,2533.49,2538.92,880.01470000
1787819460,2538.91,2544.33,2538.91,2541.72,705.16760000
1787819520,2541.88,2542.2,2537.12,2537.47,723.77850000
1787819580,2537.46,2540.79,2536.51,2539.61,792.91100000
1787819640,2539.61,2539.77,2535.34,2536.69,881.21950000
1787819700,2536.69,2536.74,2530.13,2533.32,650.18610000
1787819760,2533.38,2533.38,2528.1,2528.23,563.67390000
1787819820,2528.23,2531.73,2526.91,2531.06,557.42300000
1787819880,2531.07,2531.17,2529.12,2529.6,595.61310000
1787819940,2529.6,2530.55,2528.95,2530.36,608.56150000
1787820000,2530.4,2531.08,2529.52,2529.75,236.02810000
1787820060,2529.76,2535.35,2529.43,2533.27,260.77640000
1787820120,2533.08,2536.12,2530.52,2536.12,221.85010000
1787820180,2536.01,2538.66,2534.57,2535.04,315.29850000
1787820240,2535.02,2536.36,2534.93,2536.15,259.26700000
1787820300,2536.14,2540,2535.98,2539.83,197.14110000
1787820360,2539.84,2539.84,2533.21,2533.78,359.69990000
1787820420,2533.88,2536.59,2533.4,2535.49,347.05330000
1787820480,2535.67,2538.05,2534.17,2536.4,358.78470000
1787820540,2536.4,2537.15,2535,2535,350.59420000
1787820600,2535.01,2536.24,2534.17,2534.42,286.07940000
1787820660,2534.42,2538.46,2534.33,2537.77,211.18130000
1787820720,2537.77,2537.77,2533.01,2533.12,193.30350000
1787820780,2533.01,2534.68,2533.01,2534.32,269.84690000
1787820840,2534.32,2535.34,2533.03,2533.03,266.26770000
1787820900,2533.01,2533.02,2529.03,2530.3,298.47000000
1787820960,2530.59,2531.76,2530.51,2531.64,154.66690000
1787821020,2531.64,2532.62,2531.54,2532.16,189.89530000
1787821080,2532.15,2532.16,2531.03,2531.25,167.42530000
1787821140,2531.25,2531.84,2530.3,2531.05,166.59350000
1787821200,2530.92,2532.23,2529.12,2530.13,158.22900000
1787821260,2529.97,2530.28,2528.45,2529.11,85.71920000
1787821320,2529.11,2529.89,2525.57,2526.94,131.33190000
1787821380,2526.95,2529.8,2526.95,2529.31,83.64130000
1787821440,2529.11,2530.59,2528.41,2528.41,120.16130000
1787821500,2528.41,2530.46,2526.85,2529.89,164.66260000
1787821560,2529.89,2529.89,2526.52,2529.2,171.56010000
1787821620,2529.36,2531.17,2529.18,2531.17,165.61290000
1787821680,2531.17,2533.16,2531.17,2533.14,162.86780000
1787821740,2533.15,2533.27,2531.29,2532.19,191.34110000
1787821800,2532.19,2535.48,2532.19,2535.47,99.88240000
1787821860,2535.47,2536.77,2535.26,2535.34,98.37520000
1787821920,2535.3,2535.64,2534.28,2534.33,143.09920000
1787821980,2534.34,2535.28,2534.33,2535.14,84.74270000
1787822040,2535.13,2535.24,2533.33,2535.24,108.82950000
1787822100,2535.17,2535.38,2532.08,2533.04,80.39340000
1787822160,2533.03,2535.4,2533.03,2535.4,68.35820000
1787822220,2535.39,2535.47,2533.98,2535.18,66.80940000
1787822280,2535.17,2535.17,2530.79,2532.73,134.64650000
1787822340,2532.73,2537.37,2532.52,2537.36,97.81070000
1787822400,2537.37,2541.99,2536.31,2541.71,160.30730000
1787822460,2541.71,2541.71,2538.13,2540.02,161.77420000
1787822520,2539.87,2540.3,2538.27,2539.15,125.79740000
1787822580,2539.1,2539.1,2536.44,2538,175.42460000
1787822640,2537.83,2541.24,2537.78,2540.02,209.12480000
1787822700,2540.03,2557.11,2540.03,2550.36,629.08380000
1787822760,2550.63,2559.67,2550.63,2558.33,320.13780000
1787822820,2558.33,2566.33,2554.97,2556.03,408.17690000
1787822880,2556.03,2556.15,2549,2552.59,426.94390000
1787822940,2552.6,2554.03,2552.13,2553.96,339.39170000
1787823000,2553.96,2555.81,2550.29,2552.16,1070.42490000
1787823060,2552.15,2555.82,2552.15,2553.67,1163.97770000
1787823120,2553.67,2554.14,2548.88,2550.26,1199.16890000
1787823180,2550.26,2550.68,2548.61,2550.2,1108.63380000
1787823240,2550.23,2550.32,2546.28,2546.78,1170.85020000
1787823300,2547.01,2547.35,2545.9,2546.64,537.63910000
1787823360,2546.6,2548.11,2545.91,2546.47,314.35360000
1787823420,2546.46,2546.5,2543.49,2544.17,291.79500000
1787823480,2544.17,2546.68,2544.13,2544.37,256.66900000
1787823540,2544.36,2546.5,2544.36,2546.39,297.85830000
1787823600,2546.4,2548.59,2545.58,2548.23,244.89000000
1787823660,2547.88,2547.88,2545.14,2545.14,173.11060000
1787823720,2545.14,2545.14,2538.51,2539.79,221.91590000
1787823780,2539.83,2543.54,2539.83,2543.12,183.75730000
1787823840,2543.16,2543.22,2541.72,2541.72,158.71960000
1787823900,2541.72,2542.22,2541.41,2542.21,101.91930000
1787823960,2542.22,2543.87,2542.22,2543.86,159.36600000
1787824020,2543.87,2545.12,2543.87,2545.1,145.52240000
1787824080,2545.1,2545.11,2543.55,2543.78,144.33710000
1787824140,2543.78,2543.78,2541.21,2541.21,140.67070000
1787824200,2541.7,2541.7,2536.86,2537.54,125.48200000
1787824260,2537.68,2539.43,2536.57,2536.57,62.85230000
1787824320,2536.51,2538.67,2536.51,2538.09,57.35340000
1787824380,2538.53,2539.17,2538.46,2538.48,48.83280000
1787824440,2538.48,2538.51,2537.29,2537.67,65.73280000
1787824500,2537.67,2537.67,2536.58,2536.58,70.94810000
1787824560,2536.59,2536.59,2533.46,2533.55,96.17060000
1787824620,2533.5,2535.28,2533.5,2533.78,60.07190000
1787824680,2533.74,2534.17,2532.62,2533.76,76.21910000
1787824740,2533.77,2535.24,2533.73,2534.68,63.78510000
1787824800,2534.84,2535.31,2532.37,2533.24,77.95400000
1787824860,2533.24,2534.74,2533.24,2534.74,50.99810000
1787824920,2534.74,2535.01,2532.1,2532.95,73.89370000
1787824980,2532.46,2532.46,2531.01,2531.88,99.19080000
1787825040,2531.89,2535.66,2530.48,2535.29,91.55760000
1787825100,2535.51,2535.66,2534.62,2535.19,107.13840000
1787825160,2535.2,2538.5,2535.17,2538.5,104.70030000
1787825220,2538.54,2539.8,2538.08,2539.1,108.78280000
1787825280,2539.1,2539.5,2538.59,2539.2,125.21620000
1787825340,2539.21,2539.8,2539.2,2539.72,74.48260000
1787825400,2539.72,2539.72,2538.27,2538.47,95.43450000
1787825460,2538.46,2538.84,2536.58,2536.58,106.08660000
1787825520,2536.58,2536.58,2534.39,2534.6,93.45850000
1787825580,2534.56,2534.56,2532.24,2532.37,98.84960000
1787825640,2532.37,2532.37,2525.83,2529.98,146.59310000
1787825700,2529.98,2532.08,2527.28,2527.73,102.46060000
1787825760,2527.74,2529.8,2527.74,2529.12,97.91220000
1787825820,2529.13,2530.28,2527.58,2530.28,124.44840000
1787825880,2530.28,2531.05,2529.59,2530.25,128.40390000
1787825940,2530.25,2530.46,2528.8,2528.8,80.47980000
1787826000,2528.81,2529.82,2528.81,2529.62,50.04820000
1787826060,2529.68,2530.6,2529.5,2530.42,1.54610000
1787826120,2530.48,2530.67,2529.12,2529.12,2.49420000
1787826180,2529.08,2529.08,2526.47,2526.48,6.69010000
1787826240,2526.41,2526.41,2522.2,2524.02,47.90210000
1787826300,2523.69,2523.69,2513.18,2515.3,379.78370000
1787826360,2515.61,2516.76,2486.88,2500.29,794.40490000
1787826420,2500.25,2507.42,2499.07,2507.4,228.22380000
1787826480,2507.41,2511.67,2507.41,2508.24,201.96670000
1787826540,2508.24,2512.11,2508.24,2510.95,133.47770000
1787826600,2510.95,2510.95,2505.08,2510.09,1043.90690000
1787826660,2510.1,2512.47,2510.1,2510.67,919.66110000
1787826720,2510.66,2512.52,2510.65,2512.38,1089.84130000
1787826780,2512.37,2513.33,2511.2,2511.72,1035.56840000
1787826840,2511.71,2511.71,2507.6,2508.05,967.12190000
1787826900,2508.05,2509.26,2506.04,2506.04,291.76750000
1787826960,2506.04,2506.64,2500.53,2501.14,260.69200000
1787827020,2500.77,2503.44,2496.77,2499.83,273.02170000
1787827080,2499.84,2502.77,2498.87,2501.99,281.86910000
1787827140,2501.98,2501.98,2499.53,2499.99,242.79760000
1787827200,2499.96,2504.15,2499.84,2503.88,150.23300000
1787827260,2503.87,2505.69,2503.61,2505.56,237.62670000
1787827320,2505.56,2505.56,2503.95,2505.09,202.59180000
1787827380,2505.13,2507.94,2505.11,2507.55,242.34660000
1787827440,2507.56,2507.87,2506.02,2506.04,213.49900000
1787827500,2506.03,2506.46,2505.83,2506.09,136.71830000
1787827560,2505.83,2506.38,2505.32,2506.37,103.86120000
1787827620,2506.38,2506.83,2501.52,2502.31,132.40950000
1787827680,2502.31,2503.31,2502.31,2502.78,155.22100000
1787827740,2502.78,2504.15,2502.12,2502.12,164.55720000
1787827800,2502.12,2503.63,2501.52,2503.4,34.18680000
1787827860,2503.4,2504.16,2502.23,2502.99,55.23750000
1787827920,2503.06,2505.3,2503.06,2504.67,35.25810000
1787827980,2504.7,2505.11,2504.28,2504.93,47.47000000
1787828040,2504.91,2505.38,2504.86,2505.3,47.95210000
1787828100,2505.29,2505.92,2504.61,2505.3,67.91480000
1787828160,2505.29,2505.3,2504.55,2504.57,28.62790000
1787828220,2504.58,2505.58,2503.8,2504.47,45.77730000
1787828280,2504.39,2504.55,2503.41,2503.61,28.38000000
1787828340,2503.45,2503.72,2502.28,2503.72,21.19150000
1787828400,2503.47,2504.79,2502.17,2504.06,84.68010000
1787828460,2504.14,2507.22,2502.29,2506.71,80.27760000
1787828520,2506.71,2507.98,2505.7,2505.96,53.12820000
1787828580,2506.12,2507.92,2506.12,2507.6,74.32210000
1787828640,2507.6,2508.78,2507.14,2507.14,59.41000000
1787828700,2507.25,2507.3,2505.01,2507.29,150.20830000
1787828760,2507.29,2507.67,2505.16,2506.39,119.13200000
1787828820,2506.39,2508.36,2506.39,2508.23,176.11460000
1787828880,2508.23,2508.23,2506.96,2506.96,142.89060000
1787828940,2506.96,2508.05,2505.95,2506.46,159.21980000
1787829000,2506.42,2506.84,2505.94,2506.63,84.37180000
1787829060,2506.63,2506.65,2505.99,2506,50.81430000
1787829120,2505.95,2506.7,2505.95,2506.43,61.32450000
1787829180,2506.43,2507.11,2506.35,2507.11,74.49910000
1787829240,2507.11,2507.97,2507.08,2507.97,106.27520000
1787829300,2507.97,2507.98,2507.85,2507.86,59.10650000
1787829360,2507.86,2509.02,2507.86,2509.02,33.62160000
1787829420,2509.02,2509.03,2505.7,2506.43,30.09240000
1787829480,2506.41,2506.42,2504.55,2505.31,42.93350000
1787829540,2505.19,2507.54,2505.14,2507.34,68.77660000
1787829600,2507.34,2507.8,2506.38,2507.8,38.89310000
1787829660,2507.8,2508.78,2505.69,2506.5,43.52840000
1787829720,2506.47,2507.44,2506.47,2507.21,38.08670000
1787829780,2507.27,2507.89,2507.25,2507.43,27.50680000
1787829840,2507.44,2508.35,2507.31,2508.11,43.58400000
1787829900,2508.11,2510.12,2508.11,2509.8,33.17770000
1787829960,2509.99,2509.99,2504.59,2504.59,47.20410000
1787830020,2504.6,2505.31,2501.14,2501.14,44.63680000
1787830080,2501.15,2502.88,2499.45,2502.38,54.64730000
1787830140,2502.38,2502.51,2501.15,2501.66,32.59930000
1787830200,2501.58,2501.69,2498.79,2498.8,125.83970000
1787830260,2498.8,2501.79,2498.79,2500.58,111.88600000
1787830320,2500.57,2501.14,2498.21,2501.13,158.10450000
1787830380,2501.13,2505.15,2501.13,2505.15,113.95700000
1787830440,2505.1,2505.3,2504.59,2505.28,94.09550000
1787830500,2505.3,2505.37,2502.95,2504.11,118.20020000
1787830560,2504.16,2504.46,2502.16,2502.16,142.40000000
1787830620,2502.22,2502.22,2500.17,2501.38,71.12210000
1787830680,2501.39,2502.02,2499.84,2499.93,56.18540000
1787830740,2499.94,2501.41,2499.94,2499.96,85.66370000
1787830800,2499.98,2501.14,2499.98,2500.01,60.94730000
1787830860,2500.01,2502.27,2500.01,2502.27,73.75680000
1787830920,2502.26,2502.44,2501.19,2502.44,70.30180000
1787830980,2502.47,2503.79,2502.47,2503.6,93.99410000
1787831040,2503.78,2503.78,2503.4,2503.45,74.30060000
1787831100,2503.43,2503.43,2502.14,2502.65,63.02410000
1787831160,2502.75,2502.94,2500.6,2501.51,104.96350000
1787831220,2501.43,2502.61,2501.14,2501.14,108.59660000
1787831280,2501.14,2501.52,2500.76,2500.77,74.81280000
1787831340,2500.76,2500.76,2499.24,2499.24,65.91290000
1787831400,2499.24,2499.45,2497.48,2497.66,54.59430000
1787831460,2497.66,2499.49,2492.55,2499.17,169.42310000
1787831520,2499.14,2501.01,2499.14,2500.54,54.31720000
1787831580,2500.72,2501.81,2500.72,2501.8,62.46990000
1787831640,2501.81,2502.5,2501.81,2502.5,55.56510000
1787831700,2502.5,2502.5,2501.15,2502,165.06050000
1787831760,2502,2502.2,2501.14,2501.88,197.35800000
1787831820,2501.88,2501.88,2501.52,2501.53,202.88980000
1787831880,2501.52,2502.13,2501.52,2501.82,68.55960000
1787831940,2501.82,2501.82,2501.65,2501.75,194.02690000
1787832000,2501.72,2503.03,2501.72,2503.03,61.51810000
1787832060,2503.02,2503.32,2502.58,2503.32,57.13620000
1787832120,2503.31,2503.31,2501.14,2502.63,66.06880000
1787832180,2502.65,2503.03,2501.14,2501.74,52.92580000
1787832240,2501.74,2501.74,2501.14,2501.22,56.66130000
1787832300,2501.26,2503.33,2501.15,2502.41,49.68070000
1787832360,2502.41,2503.02,2501.54,2502.26,38.87720000
1787832420,2501.81,2501.81,2500.75,2500.75,31.61140000
1787832480,2500.83,2500.99,2500.29,2500.29,23.04240000
1787832540,2500.34,2501.88,2500.34,2501.3,28.64010000
1787832600,2501.52,2503.29,2501.52,2503.29,55.09020000
1787832660,2503.29,2506.52,2503.29,2505.61,35.85010000
1787832720,2505.53,2506.24,2504.93,2504.94,83.22260000
1787832780,2504.94,2504.94,2503.41,2503.86,53.15340000
1787832840,2503.94,2505.68,2503.93,2505.46,62.70110000
1787832900,2505.46,2507.13,2505.46,2506.09,13.77340000
1787832960,2506.25,2506.26,2505,2505,32.17630000
1787833020,2505,2505.05,2503.41,2503.93,23.15180000
1787833080,2504.16,2504.19,2503.25,2503.25,28.54600000
1787833140,2503.25,2503.79,2503.04,2503.05,47.64100000
1787833200,2503.07,2504.38,2503.07,2504.38,20.89440000
1787833260,2504.3,2504.3,2503.38,2504.18,2.92300000
1787833320,2504.15,2504.93,2503.52,2504.93,1.66490000
1787833380,2504.97,2505.35,2504.33,2504.64,0.66240000
1787833440,2504.64,2504.98,2504.24,2504.92,3.41160000
1787833500,2504.93,2506.46,2504.93,2506.46,29.61580000
1787833560,2506.46,2507.34,2506.07,2507.26,27.98350000
1787833620,2507.25,2507.25,2506.24,2506.88,35.97680000
1787833680,2506.86,2506.87,2505.39,2505.67,25.43880000
1787833740,2505.66,2505.8,2505.66,2505.8,25.64120000
1787833800,2505.8,2505.88,2504.8,2505.08,35.01190000
1787833860,2505.07,2505.55,2504.18,2504.2,58.50960000
1787833920,2504.21,2504.21,2502.49,2502.49,48.95130000
1787833980,2502.39,2502.61,2501.33,2501.33,56.82530000
1787834040,2501.33,2501.33,2500.89,2500.89,35.29470000
1787834100,2500.76,2500.76,2498.49,2498.95,55.55450000
1787834160,2498.89,2499.66,2496.42,2496.42,48.79190000
1787834220,2496.56,2498.5,2496.56,2498.39,42.90390000
1787834280,2498.31,2499.49,2497.55,2499.01,31.64100000
1787834340,2499.02,2500.98,2499.02,2500.39,43.99780000
1787834400,2500.58,2500.96,2499.58,2499.59,83.50110000
1787834460,2499.66,2500,2499.65,2499.93,56.22630000
1787834520,2499.89,2499.96,2498.5,2498.7,66.13620000
1787834580,2498.69,2498.69,2497.86,2498.19,68.11010000
1787834640,2498.19,2498.19,2496.37,2496.38,119.73880000
1787834700,2496.46,2497.26,2496.46,2496.96,53.16340000
1787834760,2497,2498.26,2497,2498.26,43.34670000
1787834820,2498.26,2499.12,2498.11,2498.2,47.39560000
1787834880,2498.2,2498.86,2498.16,2498.63,53.01220000
1787834940,2498.63,2499.24,2498.63,2499.24,26.64660000
1787835000,2499.28,2499.52,2499.05,2499.49,45.43550000
1787835060,2499.5,2499.93,2498.22,2498.35,39.40210000
1787835120,2498.36,2498.86,2498.11,2498.11,21.00050000
1787835180,2498.07,2498.08,2497.74,2497.9,29.34260000
1787835240,2497.92,2498.86,2497.91,2498.59,21.43730000
1787835300,2498.5,2499.24,2498.43,2498.43,26.67540000
1787835360,2498.47,2498.49,2498.38,2498.49,39.20100000
1787835420,2498.5,2498.67,2498.5,2498.66,10.85590000
1787835480,2498.6,2498.86,2497.73,2497.74,32.45990000
1787835540,2497.73,2497.73,2492.94,2495.12,134.89510000
1787835600,2495.12,2497.72,2494.97,2496.51,104.63990000
1787835660,2496.42,2498.1,2496.42,2497.52,96.42190000
1787835720,2497.52,2498.11,2497.09,2497.67,122.24210000
1787835780,2497.68,2498.11,2496.97,2496.97,106.08890000
1787835840,2496.97,2496.97,2496.18,2496.27,121.07770000
1787835900,2496.26,2496.6,2495.55,2496.59,89.82550000
1787835960,2496.6,2497.34,2496.6,2497.09,38.60120000
1787836020,2497.09,2498.37,2497.09,2498.37,86.11060000
1787836080,2498.37,2499.87,2498.12,2499.24,61.67710000
1787836140,2499.24,2499.24,2496.97,2496.97,55.73020000
1787836200,2496.6,2498.48,2496.6,2497.9,33.26900000
1787836260,2497.89,2498.44,2496.69,2497.67,35.76650000
1787836320,2497.68,2498.62,2497.68,2498.62,51.93040000
1787836380,2498.62,2498.62,2497.68,2498.31,29.00020000
1787836440,2498.25,2498.48,2497.62,2497.67,31.81150000
1787836500,2497.92,2499.62,2497.92,2499.62,25.82270000
1787836560,2499.61,2501.85,2499.31,2500.76,48.46920000
1787836620,2500.58,2500.79,2498.6,2498.77,31.31080000
1787836680,2498.73,2498.85,2497.35,2497.36,25.08380000
1787836740,2497.62,2498.15,2497.35,2497.63,30.29700000
1787836800,2497.76,2499.12,2497.76,2499.12,22.07020000
1787836860,2499.13,2500.93,2499.13,2500.92,30.54680000
1787836920,2500.68,2501.98,2500.61,2501.9,55.71210000
1787836980,2501.98,2502.81,2501.2,2502.41,40.82050000
1787837040,2502.41,2502.41,2501.67,2502.26,61.57820000
1787837100,2502.27,2505.85,2501.52,2505.52,222.42090000
1787837160,2505.51,2506.84,2505.51,2506.63,94.96470000
1787837220,2506.63,2506.63,2505.32,2506.61,124.06890000
1787837280,2506.62,2506.62,2504.97,2505.01,99.48310000
1787837340,2505.01,2505.01,2502.66,2503.05,116.62200000
1787837400,2503.05,2503.05,2498.58,2502.35,182.13450000
1787837460,2502.36,2502.85,2494.43,2494.44,284.48480000
1787837520,2494.43,2497.18,2491.45,2491.79,298.29430000
1787837580,2491.79,2494.83,2490.73,2494.83,234.58220000
1787837640,2495.09,2496.06,2490.68,2490.81,224.69490000
1787837700,2490.67,2492.68,2489.8,2492.12,155.47370000
1787837760,2492.28,2495.08,2491.82,2494,234.25680000
1787837820,2494.1,2494.74,2490.45,2492.03,147.25230000
1787837880,2492.16,2492.45,2487.49,2488.2,201.50440000
1787837940,2488.19,2491.88,2487.01,2491.8,233.27940000
1787838000,2491.84,2492.74,2486.98,2489.96,211.85760000
1787838060,2490,2492.26,2486.99,2487.94,151.19710000
1787838120,2487.94,2491.84,2485,2491.33,281.09890000
1787838180,2491.66,2492.2,2490.62,2490.85,220.79030000
1787838240,2490.85,2493.72,2489.44,2490.01,255.39790000
1787838300,2490.01,2494.25,2488.8,2493.71,207.74980000
1787838360,2493.58,2495.66,2493.29,2493.44,225.37690000
1787838420,2493.46,2494.42,2485.96,2486.91,212.38530000
1787838480,2486.74,2489.05,2483.18,2487.77,335.83420000
1787838540,2487.68,2488.18,2484.31,2487.74,138.40350000
1787838600,2487.78,2490.88,2487.78,2490.88,131.83750000
1787838660,2490.92,2493.09,2489.45,2491.63,455.08870000
1787838720,2491.63,2495.41,2491.58,2495.35,267.98800000
1787838780,2495.34,2495.34,2493.31,2493.47,272.17450000
1787838840,2493.48,2494.33,2492.39,2493.63,245.30950000
1787838900,2493.66,2495.72,2493.66,2495.35,231.70470000
1787838960,2495.36,2497.62,2494.28,2494.33,131.35430000
1787839020,2494.19,2495.46,2490.95,2495.09,96.33730000
1787839080,2495.39,2496.9,2494.63,2496.68,153.55680000
1787839140,2496.72,2498.2,2495.47,2496.8,113.02020000
1787839200,2496.8,2497.73,2495.95,2496.22,60.80470000
1787839260,2495.94,2496.52,2494.51,2495.9,122.39040000
1787839320,2495.87,2500.73,2495.64,2498.49,119.06630000
1787839380,2498.49,2500.54,2498.08,2500.54,146.26260000
1787839440,2500.54,2503.91,2499.56,2502.68,199.71800000
1787839500,2502.69,2504.7,2502.09,2503.28,186.70240000
1787839560,2502.87,2503.03,2496.03,2496.04,155.40860000
1787839620,2496.04,2496.6,2494.75,2496.08,121.37740000
1787839680,2496.05,2496.05,2493.22,2494.03,107.21380000
1787839740,2494.02,2495.45,2493.6,2494.54,158.71880000
1787839800,2494.41,2495.45,2492.05,2492.34,173.30870000
1787839860,2492.35,2493.28,2492.07,2492.08,129.98410000
1787839920,2492.08,2492.45,2489.28,2490.82,114.36840000
1787839980,2490.82,2492.45,2489.3,2492.25,136.34540000
1787840040,2492.26,2492.45,2490.32,2492.44,113.56370000
1787840100,2492.45,2493.3,2491.79,2493.15,85.44040000
1787840160,2493.25,2493.25,2490.85,2493,99.68750000
1787840220,2493,2496.53,2493,2496.08,69.27330000
1787840280,2496.08,2500.5,2495.84,2499.96,146.87960000
1787840340,2499.84,2502.36,2499.28,2502.26,122.04130000
1787840400,2502.06,2504.25,2502.02,2503.93,87.25920000
1787840460,2504.24,2507.96,2500.57,2502.27,39.65750000
1787840520,2502.64,2508.7,2502.19,2507.34,16.73700000
1787840580,2507.22,2508.67,2505.69,2507.2,12.18250000
1787840640,2507.19,2507.19,2505.31,2506.92,11.42340000
1787840700,2507.1,2507.22,2505.84,2507.22,172.24730000
1787840760,2506.92,2507.21,2505.69,2506.32,130.97360000
1787840820,2506.32,2507.12,2504.8,2504.88,160.15650000
1787840880,2504.9,2506.08,2504.9,2505.88,157.54800000
1787840940,2505.88,2508.49,2505.87,2508.29,151.98280000
1787841000,2508.29,2508.6,2504.79,2505.26,101.88310000
1787841060,2505.26,2508.58,2505.26,2507.83,98.27850000
1787841120,2507.76,2508.62,2505.01,2505.01,62.96210000
1787841180,2505,2508.96,2505,2508.96,89.70230000
1787841240,2509.02,2512.93,2509.02,2510.96,91.49530000
1787841300,2510.96,2514.78,2510.96,2513.58,131.17060000
1787841360,2513.49,2517.98,2512.41,2516.74,136.79600000
1787841420,2516.73,2516.73,2513.34,2514.09,157.34610000
1787841480,2514.34,2518.27,2514.34,2517.56,130.61580000
1787841540,2517.56,2518.51,2516.16,2516.16,113.00830000
1787841600,2516.18,2517.92,2515.64,2517.77,130.84440000
1787841660,2517.73,2519.19,2516.01,2518.43,321.06170000
1787841720,2518.41,2523.38,2517.67,2521.75,217.84170000
1787841780,2521.76,2521.76,2518.1,2519.74,192.02850000
1787841840,2519.74,2521.68,2518.71,2521.03,140.85950000
1787841900,2521.01,2521.01,2517.27,2518.78,206.91630000
1787841960,2518.77,2519.26,2517.74,2518.32,318.90770000
1787842020,2518.38,2518.38,2512,2512.31,268.02440000
1787842080,2512.32,2514.36,2512.32,2514.36,262.94530000
1787842140,2514.09,2515.06,2513.19,2513.41,235.50250000
1787842200,2513.42,2514.85,2513.42,2514.15,194.92540000
1787842260,2514.22,2515.84,2513.9,2515.65,148.90950000
1787842320,2515.66,2517.15,2514.22,2514.22,105.51760000
1787842380,2514.18,2514.18,2511.4,2512.66,170.05460000
1787842440,2512.66,2513.44,2511.88,2512.56,182.45500000
1787842500,2512.56,2513.36,2511.76,2511.78,104.29040000
1787842560,2511.82,2514.86,2511.43,2514.71,78.64380000
1787842620,2514.57,2516.05,2514.29,2514.91,63.95290000
1787842680,2514.99,2517.41,2514.97,2517.41,72.95310000
1787842740,2517.42,2518.67,2516.81,2517.44,73.58600000
1787842800,2517.44,2518.69,2516.46,2518.42,75.93080000
1787842860,2518.42,2520.61,2518.33,2520.32,108.67760000
1787842920,2520.32,2520.66,2517.56,2517.71,93.45010000
1787842980,2517.69,2517.69,2514.25,2514.25,150.08160000
1787843040,2514.25,2518.48,2513.7,2518.48,82.25270000
1787843100,2518.51,2524.12,2517.77,2524.11,107.93210000
1787843160,2524.01,2524.87,2521.13,2521.13,114.07720000
1787843220,2521.13,2523.26,2518.32,2518.32,121.79410000
1787843280,2518.28,2521.39,2518.14,2519.68,140.61370000
1787843340,2519.68,2522.43,2519.68,2521.33,102.57020000
1787843400,2521.34,2522.93,2520.68,2521.01,110.45260000
1787843460,2521.02,2523.32,2521.02,2522.65,174.53380000
1787843520,2522.65,2527.1,2521.88,2525.86,221.75580000
1787843580,2525.86,2530.32,2525.11,2528.36,244.09460000
1787843640,2528.35,2529.89,2526.03,2526.37,125.99270000
1787843700,2526.32,2526.74,2523.62,2523.76,161.43370000
1787843760,2523.81,2524.74,2519.97,2521.69,170.30210000
1787843820,2521.73,2527.19,2520.97,2527.19,143.73510000
1787843880,2527.34,2527.57,2524.12,2524.12,162.88790000
1787843940,2524.1,2525.72,2523.9,2524.36,121.03500000
1787844000,2524.36,2524.36,2519.76,2520.31,158.75790000
1787844060,2520.32,2521.77,2516.49,2518.6,200.94900000
1787844120,2518.61,2520.89,2518.59,2519.7,122.08080000
1787844180,2519.84,2520.47,2517.24,2519.76,107.23950000
1787844240,2519.74,2520.69,2518.49,2520.69,101.11790000
1787844300,2520.77,2520.8,2518.83,2520.11,86.72660000
1787844360,2520.1,2521.33,2519.85,2521.33,81.55840000
1787844420,2521.25,2524.55,2521.17,2522.94,70.95940000
1787844480,2522.56,2522.94,2521.63,2522.66,109.00360000
1787844540,2522.66,2523.88,2522,2523,84.54360000
1787844600,2523.31,2523.31,2519.76,2519.76,103.67880000
1787844660,2519.76,2520.56,2518.72,2519.74,59.52560000
1787844720,2519.77,2519.78,2518.72,2519.34,36.32740000
1787844780,2519.35,2520.11,2517.56,2519.29,45.63600000
1787844840,2519.29,2519.29,2515.62,2517.55,63.85780000
1787844900,2517.2,2518.96,2516.47,2518.47,50.01740000
1787844960,2518.47,2520.57,2516.91,2519.8,224.94020000
1787845020,2519.8,2525.39,2519.59,2524.86,172.01120000
1787845080,2524.85,2531.91,2524.34,2528.61,136.23490000
1787845140,2528.67,2530.6,2527.87,2527.88,140.35510000
1787845200,2527.88,2527.88,2522.52,2523.23,216.80090000
1787845260,2523.3,2526.41,2521.94,2526.41,374.57260000
1787845320,2526.4,2529.06,2526.24,2527.36,337.83840000
1787845380,2527.19,2529.15,2526.52,2527.65,307.04460000
1787845440,2527.66,2527.66,2525.77,2525.77,270.12360000
1787845500,2525.78,2526.1,2522.55,2522.72,195.46270000
1787845560,2522.78,2523.18,2520.81,2521.42,147.04460000
1787845620,2521.41,2521.54,2519.85,2519.89,151.18230000
1787845680,2519.9,2522.29,2519.9,2521.3,127.16370000
1787845740,2521.38,2522.77,2521.37,2522.14,116.21280000
1787845800,2522.13,2523.82,2522.13,2523.5,298.95470000
1787845860,2523.47,2523.47,2520.8,2522.97,156.51000000
1787845920,2522.97,2522.98,2521.03,2521.7,131.56330000
1787845980,2521.69,2521.78,2521.03,2521.19,180.94360000
1787846040,2521.2,2522.28,2520.38,2522.27,134.99150000
1787846100,2522.27,2522.77,2520.3,2521.01,55.93760000
1787846160,2521.04,2521.73,2519.58,2521.01,76.69280000
1787846220,2521.2,2522.89,2521.07,2522.57,80.67560000
1787846280,2522.64,2522.94,2522.42,2522.92,36.58000000
1787846340,2522.94,2523.26,2521.66,2521.66,70.37040000
1787846400,2521.67,2523.09,2521.67,2522.35,43.43150000
1787846460,2522.35,2524.42,2522.17,2524.42,78.93770000
1787846520,2524.45,2524.45,2522.55,2524.03,55.34520000
1787846580,2524.04,2526.09,2524.04,2526.08,74.35190000
1787846640,2526.08,2526.67,2525.16,2525.22,59.16200000
1787846700,2525.34,2526.24,2524.86,2525.84,117.32140000
1787846760,2525.83,2525.83,2521.36,2521.36,62.97120000
1787846820,2521.36,2521.7,2518,2518.01,110.28860000
1787846880,2518.01,2518.21,2516.49,2518.03,62.97180000
1787846940,2518.31,2519.69,2517.61,2519.58,56.63240000
1787847000,2519.57,2522.94,2519.53,2522.94,61.66800000
1787847060,2522.97,2523.53,2522.39,2523.19,102.32560000
1787847120,2523.19,2525.48,2523.15,2525.17,43.22240000
1787847180,2525.26,2527.02,2525.21,2526.74,69.00160000
1787847240,2526.74,2526.74,2521.97,2524.08,91.29450000
1787847300,2523.96,2525.83,2523.77,2525.83,48.55990000
1787847360,2525.79,2527.43,2525.52,2525.9,158.31510000
1787847420,2525.9,2527.04,2525.42,2527.04,95.40250000
1787847480,2526.7,2527.22,2525.58,2525.69,73.45690000
1787847540,2525.69,2526.97,2524.91,2526.37,64.83480000
1787847600,2526.22,2527.19,2525.39,2527.17,54.37010000
1787847660,2527.18,2528.17,2526.81,2528.03,14.30320000
1787847720,2527.87,2527.96,2526.2,2526.2,19.61950000
1787847780,2526.23,2527.37,2526.23,2526.8,6.57190000
1787847840,2526.42,2526.46,2525,2526.37,40.78230000
1787847900,2526.37,2527.21,2524.87,2525.09,68.02090000
1787847960,2525.08,2525.64,2524.85,2525.64,74.73920000
1787848020,2525.78,2526.34,2525.59,2525.65,88.29140000
1787848080,2525.64,2525.64,2524.55,2524.67,57.34230000
1787848140,2524.67,2525.15,2522.13,2522.13,127.86230000
1787848200,2522.19,2522.25,2520.17,2520.78,122.03890000
1787848260,2520.77,2521.78,2520.77,2521.78,74.87260000
1787848320,2521.91,2523.32,2521.85,2521.86,63.13970000
1787848380,2521.86,2522.9,2521.86,2522.9,90.94850000
1787848440,2522.94,2523.06,2521.41,2521.41,44.93030000
1787848500,2521.39,2521.39,2519.05,2521.15,55.23570000
1787848560,2521.13,2522.01,2519.48,2522.01,63.83470000
1787848620,2522.16,2523.71,2522.16,2523.71,91.51620000
1787848680,2523.85,2524.05,2522.38,2522.94,35.62970000
1787848740,2522.94,2524.15,2522.94,2524.15,32.44630000
1787848800,2524.22,2527.2,2524.14,2527.2,71.62170000
1787848860,2527.36,2530.27,2527.36,2529.55,166.15440000
1787848920,2529.55,2529.55,2528.45,2528.92,39.59070000
1787848980,2529.08,2531.33,2527.54,2531.2,103.40180000
1787849040,2531.19,2533.2,2530.72,2531.37,92.48350000
1787849100,2531.06,2531.3,2528.11,2529.59,116.31930000
1787849160,2529.67,2529.9,2528.1,2528.1,123.05610000
1787849220,2528.1,2528.1,2526.13,2526.13,92.82660000
1787849280,2526.13,2526.36,2525.25,2526.32,94.59690000
1787849340,2526.31,2527.18,2525.02,2526.33,140.09100000
1787849400,2526.34,2526.71,2525.64,2526.24,65.81090000
1787849460,2526.31,2526.58,2525.64,2526.11,153.77170000
1787849520,2526.11,2526.3,2525.64,2526.04,108.38130000
1787849580,2526.32,2528.12,2526.32,2528.02,121.05100000
1787849640,2527.98,2527.98,2524.87,2525.54,98.67930000
1787849700,2525.62,2525.62,2523.72,2524.19,57.66340000
1787849760,2524.18,2524.18,2523.23,2523.67,62.14920000
1787849820,2523.65,2523.9,2522.94,2522.94,52.97010000
1787849880,2522.95,2523.44,2522.79,2522.79,37.47780000
1787849940,2522.95,2523.32,2522.42,2522.42,65.57620000
1787850000,2522.41,2522.42,2520.98,2520.98,47.17010000
1787850060,2520.94,2521.34,2517.79,2517.8,68.92780000
1787850120,2517.79,2518.69,2516.43,2517.68,82.87410000
1787850180,2517.58,2519.46,2516.6,2519.02,73.78790000
1787850240,2519.05,2520.07,2517.9,2520.07,65.83450000
1787850300,2520.1,2520.22,2518.26,2518.77,48.38660000
1787850360,2518.77,2523.38,2518.77,2521.78,91.64830000
1787850420,2521.74,2521.77,2520.34,2520.72,79.38090000
1787850480,2520.71,2523.95,2520.64,2523.73,102.23650000
1787850540,2523.73,2525.64,2523.71,2524.6,101.09840000
1787850600,2524.6,2527.26,2524.6,2526.8,56.54480000
1787850660,2526.89,2527.83,2525.69,2525.91,42.67490000
1787850720,2525.92,2528.66,2525.62,2528.66,64.58990000
1787850780,2528.72,2531.21,2528.72,2529.76,67.95300000
1787850840,2530.05,2531.25,2529.47,2529.47,61.85780000
1787850900,2529.45,2531.76,2529.29,2530.83,56.55980000
1787850960,2530.84,2531.37,2528.52,2531.1,92.92930000
1787851020,2531.1,2532.8,2530.52,2532.47,67.05810000
1787851080,2532.31,2533.6,2531.95,2532.21,97.07000000
1787851140,2532.19,2533.39,2531.44,2531.45,53.61930000
1787851200,2531.44,2531.44,2530.57,2530.58,100.54810000
1787851260,2530.57,2531.06,2527.72,2528.5,128.62450000
1787851320,2528.23,2529.21,2527.97,2527.97,141.93680000
1787851380,2527.97,2527.97,2526.48,2527.34,151.81540000
1787851440,2527.42,2529.46,2527.42,2529.01,164.89260000
1787851500,2529.14,2529.22,2528.24,2528.99,55.55710000
1787851560,2528.99,2529.01,2528.11,2528.35,61.71010000
1787851620,2528.35,2528.35,2526.03,2526.03,76.12970000
1787851680,2526.11,2527.19,2525.77,2526.66,54.67590000
1787851740,2526.65,2526.65,2524.1,2524.14,61.60680000
1787851800,2524.3,2526.44,2524.29,2526.44,54.67540000
1787851860,2526.45,2526.69,2525.67,2525.8,63.43610000
1787851920,2525.84,2526.01,2524.49,2525.54,54.45060000
1787851980,2525.54,2526.34,2523.53,2523.53,50.86830000
1787852040,2523.53,2523.53,2522.89,2523.23,55.03980000
1787852100,2523.16,2524.15,2522.28,2524.14,37.35390000
1787852160,2523.93,2524.5,2523.39,2524.5,38.59490000
1787852220,2524.5,2524.51,2521.12,2521.21,50.39810000
1787852280,2521.23,2522.41,2521.04,2521.07,27.15260000
1787852340,2521.07,2522.31,2521.07,2522.31,41.22720000
1787852400,2522.31,2522.95,2522.06,2522.19,37.06430000
1787852460,2522.19,2522.35,2521.06,2521.06,49.66200000
1787852520,2521.02,2521.02,2518.45,2518.6,58.64360000
1787852580,2518.6,2519.85,2518.6,2519.72,38.19260000
1787852640,2519.71,2519.76,2517.95,2518.39,48.70590000
1787852700,2518.39,2518.5,2516.98,2517,36.95170000
1787852760,2517,2519.43,2515.78,2519.23,42.89260000
1787852820,2519.21,2520.17,2518.32,2519.16,52.27380000
1787852880,2519.15,2519.47,2518.71,2519.04,39.02820000
1787852940,2519.07,2520.16,2519.07,2520.16,48.26040000
1787853000,2520.24,2521.88,2520.24,2521.88,37.64180000
1787853060,2521.88,2521.99,2520.83,2520.83,21.71230000
1787853120,2520.84,2520.98,2520.01,2520.62,54.16180000
1787853180,2520.61,2520.62,2519.77,2519.77,21.64530000
1787853240,2519.77,2519.85,2519.15,2519.85,39.25200000
1787853300,2519.85,2521.66,2519.85,2521.01,34.02100000
1787853360,2521.01,2521.61,2520.7,2521.46,25.93610000
1787853420,2521.46,2521.46,2519.9,2519.9,17.53300000
1787853480,2519.86,2519.86,2519.1,2519.27,28.45030000
1787853540,2519.27,2519.38,2518.22,2518.22,26.06560000
1787853600,2518.19,2518.31,2516.78,2516.78,21.40290000
1787853660,2516.64,2517.87,2515.74,2516.62,341.27230000
1787853720,2516.39,2516.97,2513.71,2516.97,57.99720000
1787853780,2517.13,2517.66,2517.13,2517.23,42.63020000
1787853840,2517.23,2517.23,2515.51,2515.51,40.46450000
1787853900,2515.32,2516.66,2514.86,2515.48,112.51950000
1787853960,2515.48,2515.56,2515.21,2515.56,36.72630000
1787854020,2515.53,2516.36,2515.22,2515.63,64.04910000
1787854080,2515.63,2516.73,2515.63,2515.68,122.97920000
1787854140,2515.67,2515.67,2514.09,2514.67,93.07280000
1787854200,2514.67,2514.75,2512.03,2512.64,69.85150000
1787854260,2512.68,2513.17,2512.56,2513.11,43.69100000
1787854320,2513.1,2513.1,2507.05,2507.67,97.32660000
1787854380,2507.63,2507.78,2494.53,2496.41,267.91850000
1787854440,2496.09,2500.31,2494.51,2500.13,82.96990000
1787854500,2500.14,2503.58,2500.14,2503.02,284.54790000
1787854560,2503.03,2503.21,2493.36,2495.47,554.35050000
1787854620,2495.46,2495.46,2489.87,2490.93,517.43390000
1787854680,2490.93,2494.53,2490.73,2492.52,559.43210000
1787854740,2492.52,2493.99,2490.58,2491.13,473.89530000
1787854800,2491.16,2492.07,2489.5,2491.83,212.42500000
1787854860,2491.81,2491.81,2488.5,2490.57,21.84850000
1787854920,2490.6,2494.99,2490.6,2494.21,25.55820000
1787854980,2494.2,2497.05,2494.2,2494.71,13.68750000
1787855040,2494.82,2495.22,2494.17,2495.22,0.84430000
1787855100,2495.21,2497.2,2495.21,2496.22,117.91470000
1787855160,2496.23,2496.23,2493.95,2495.84,142.71290000
1787855220,2496.08,2496.97,2495.84,2496.6,142.27040000
1787855280,2496.59,2496.59,2495.1,2495.85,183.06090000
1787855340,2495.85,2495.85,2493.21,2493.45,128.39100000
1787855400,2493.46,2496.14,2492.38,2496.06,61.46980000
1787855460,2496.12,2496.3,2494.52,2495.02,57.28270000
1787855520,2495.29,2496.04,2495.29,2495.85,67.44270000
1787855580,2495.82,2495.82,2491.76,2491.76,60.48090000
1787855640,2491.77,2493.17,2491.77,2493.17,41.50310000
1787855700,2492.82,2494.87,2492.46,2494.87,65.10740000
1787855760,2495.02,2496.16,2495.02,2495.9,64.14790000
1787855820,2495.9,2497.29,2495.9,2497.29,58.90980000
1787855880,2497.3,2497.79,2497.25,2497.68,41.34520000
1787855940,2497.68,2497.68,2495.85,2497.22,62.87200000
1787856000,2497.12,2497.46,2496.6,2497.46,70.58700000
1787856060,2497.45,2497.86,2497.27,2497.32,65.61960000
1787856120,2497.31,2497.51,2495.81,2495.81,83.75010000
1787856180,2495.74,2495.74,2493.95,2495.2,37.96830000
1787856240,2495.35,2496.84,2495.35,2496.84,44.37830000
1787856300,2496.83,2497.96,2495.5,2497.28,124.59790000
1787856360,2497.28,2497.78,2496.88,2497.73,126.27810000
1787856420,2497.72,2498.53,2497.36,2498.52,83.92130000
1787856480,2498.53,2499.49,2498.53,2499.43,96.47510000
1787856540,2499.43,2499.44,2498.86,2498.86,69.62300000
1787856600,2498.49,2498.49,2495.98,2497.64,86.37710000
1787856660,2497.63,2498.86,2497.55,2498.68,129.03100000
1787856720,2498.68,2499.24,2498.33,2499.23,130.36870000
1787856780,2499.23,2501.89,2499.23,2501.49,215.56510000
1787856840,2501.48,2501.48,2500.76,2500.98,71.50690000
1787856900,2500.98,2501.86,2500.15,2500.78,108.67490000
1787856960,2500.73,2502.55,2500.69,2502.54,84.28610000
1787857020,2502.56,2504.93,2502.55,2504.78,91.71470000
1787857080,2504.79,2505.6,2504.55,2505.6,76.48960000
1787857140,2505.6,2506.86,2505.6,2506.86,108.08090000
1787857200,2506.9,2507.48,2505.56,2507.29,67.34670000
1787857260,2507.3,2507.57,2506.48,2506.49,56.90700000
1787857320,2506.51,2507.19,2506.08,2506.97,68.54720000
1787857380,2506.98,2507.41,2506.08,2507.41,64.40650000
1787857440,2507.42,2509.5,2507.42,2508.56,69.56430000
1787857500,2508.55,2508.72,2508.06,2508.72,53.20020000
1787857560,2508.71,2509.5,2508.71,2509.49,32.87410000
1787857620,2509.41,2510.45,2507.98,2507.98,57.69580000
1787857680,2508.44,2510.52,2508.44,2510.52,36.91970000
1787857740,2510.53,2512.43,2510.01,2510.01,96.75610000
1787857800,2509.97,2510.08,2509.51,2510.08,54.37580000
1787857860,2510,2510.76,2510,2510.44,55.50870000
1787857920,2510.44,2511.26,2509.89,2510.85,51.17970000
1787857980,2510.85,2511.02,2508.97,2508.97,64.88320000
1787858040,2508.96,2511.04,2508.96,2510.61,38.27570000
1787858100,2510.57,2510.57,2508.74,2508.87,54.01930000
1787858160,2508.87,2508.87,2507.89,2508.69,57.86460000
1787858220,2508.74,2509.54,2508.74,2509.51,44.30110000
1787858280,2509.51,2511.66,2509.26,2511.66,39.67850000
1787858340,2511.67,2512.02,2509.89,2509.89,54.79990000
1787858400,2509.9,2510.27,2509.77,2509.77,61.20420000
1787858460,2509.8,2510.99,2509.79,2510.99,30.46720000
1787858520,2510.98,2511.42,2510.01,2510.01,40.73610000
1787858580,2510.02,2510.06,2508.58,2508.93,45.30460000
1787858640,2509.19,2510.45,2509.19,2510.45,39.71510000
1787858700,2510.44,2511.03,2510.08,2510.37,28.22550000
1787858760,2510.38,2510.92,2510.37,2510.91,34.47940000
1787858820,2510.91,2510.95,2509.49,2509.49,31.00370000
1787858880,2509.42,2511.72,2509.42,2511.26,24.27700000
1787858940,2511.27,2511.71,2509.89,2511.66,32.94700000
1787859000,2511.66,2512.17,2511.5,2511.55,41.35750000
1787859060,2511.56,2512.12,2511.56,2511.89,29.95740000
1787859120,2511.89,2513.65,2510.62,2511.34,55.58550000
1787859180,2511.26,2512.83,2509.9,2512,38.66350000
1787859240,2512.12,2514.25,2511.9,2512.97,49.40470000
1787859300,2512.98,2512.98,2510.79,2510.79,54.05210000
1787859360,2510.8,2511.8,2510,2510,74.10970000
1787859420,2510.01,2510.01,2507.98,2509.65,80.70630000
1787859480,2509.66,2510.91,2508.92,2508.98,89.38790000
1787859540,2509.06,2510,2509.06,2509.26,83.01800000
1787859600,2509.3,2509.3,2508.79,2508.79,50.85360000
1787859660,2508.8,2509.16,2508.79,2509.01,59.59220000
1787859720,2509.05,2509.62,2509.05,2509.54,50.01430000
1787859780,2509.54,2509.54,2509.12,2509.51,79.49110000
1787859840,2509.52,2510.47,2509.52,2510.46,46.64770000
1787859900,2510.47,2511.34,2510.47,2511.16,78.91030000
1787859960,2511.16,2511.48,2508.98,2509.37,102.17800000
1787860020,2509.36,2509.36,2507.35,2507.52,118.37500000
1787860080,2507.51,2508.9,2507.28,2507.28,66.18900000
1787860140,2507.29,2507.4,2504.93,2505.79,134.16010000
1787860200,2505.68,2506.26,2505.12,2505.7,92.64950000
1787860260,2505.64,2505.64,2503.63,2503.95,89.06430000
1787860320,2503.96,2505.62,2503.96,2505.61,86.16060000
1787860380,2505.62,2506.23,2505.62,2505.73,58.29760000
1787860440,2505.94,2507.83,2505.93,2507.83,87.70940000
1787860500,2507.65,2507.65,2506.52,2507.03,160.87810000
1787860560,2507.02,2507.03,2504.3,2504.34,186.29490000
1787860620,2504.38,2504.38,2503.54,2503.54,136.45930000
1787860680,2503.47,2503.47,2500.06,2500.06,211.37530000
1787860740,2500.03,2500.82,2497.56,2497.88,231.31790000
1787860800,2498.12,2501.33,2498.12,2500.21,141.17940000
1787860860,2500.22,2500.22,2498.22,2498.22,112.21190000
1787860920,2498.12,2498.12,2497.1,2497.57,78.71540000
1787860980,2497.57,2498.85,2497.27,2497.27,133.55730000
1787861040,2497.28,2497.28,2495.84,2495.85,133.00720000
1787861100,2495.84,2500.36,2495.27,2500.36,111.87500000
1787861160,2500.35,2500.72,2499.62,2500.08,55.29870000
1787861220,2500.07,2500.07,2497.35,2497.45,48.53220000
1787861280,2497.35,2497.48,2496.54,2497.12,32.40840000
1787861340,2497.13,2499.13,2497.03,2499.12,46.03130000
1787861400,2498.79,2498.79,2498.19,2498.35,54.17470000
1787861460,2498.36,2498.85,2498.36,2498.75,72.52320000
1787861520,2498.75,2498.75,2497.04,2498.48,44.01690000
1787861580,2498.4,2498.45,2497.35,2497.35,48.19040000
1787861640,2497.35,2497.54,2496.53,2496.53,50.05390000
1787861700,2496.54,2497.84,2496.3,2497.84,19.97120000
1787861760,2498.1,2499.36,2498.1,2499.36,20.48240000
1787861820,2499.33,2500.38,2499.33,2499.72,18.73190000
1787861880,2499.71,2499.85,2499.12,2499.52,23.06440000
1787861940,2499.44,2500.37,2498.94,2500.37,15.89940000
1787862000,2500.38,2501.89,2500.38,2501.89,4.26450000
1787862060,2501.89,2503.62,2501.89,2503.54,4.50630000
1787862120,2503.54,2504.54,2503.41,2503.41,10.15600000
1787862180,2503.41,2503.41,2502.6,2502.8,9.11210000
1787862240,2502.79,2502.79,2501.95,2502.65,2.11280000
1787862300,2502.84,2502.97,2501.83,2502.97,48.47530000
1787862360,2503.03,2504.43,2502.47,2502.82,29.31500000
1787862420,2502.8,2505.31,2502.8,2504.94,35.33750000
1787862480,2505.2,2505.46,2504.11,2504.11,26.22000000
1787862540,2504.11,2504.11,2503.17,2503.17,22.14840000
1787862600,2503.17,2503.31,2502.93,2503.17,24.66430000
1787862660,2503.17,2503.17,2502.81,2503.05,17.36330000
1787862720,2503.05,2504.86,2503.05,2504.85,18.38050000
1787862780,2504.86,2504.86,2502.95,2503.08,20.95510000
1787862840,2503.16,2504.37,2503.16,2504.22,21.15830000
1787862900,2504.21,2504.55,2503.89,2503.9,22.30440000
1787862960,2504.13,2504.13,2504.01,2504.06,15.24920000
1787863020,2504.06,2504.61,2504.06,2504.6,9.37160000
1787863080,2504.6,2505.29,2504.6,2505.26,11.58860000
1787863140,2505.26,2505.38,2504.81,2505.38,12.28890000
1787863200,2505.45,2505.45,2505.45,2505.45,4.34970000
1787863260,2505.45,2505.45,2505.31,2505.31,10.29300000
1787863320,2505.31,2506.2,2504.72,2505.94,18.11330000
1787863380,2505.94,2506.75,2505.94,2506.38,8.87890000
1787863440,2506.37,2506.42,2506.37,2506.38,8.43110000
1787863500,2506.38,2506.38,2506,2506.29,14.88780000
1787863560,2506.28,2507.14,2506.28,2506.96,24.71200000
1787863620,2507,2507.8,2506.59,2506.9,37.07690000
1787863680,2506.89,2506.9,2506.08,2506.28,16.87750000
1787863740,2506.28,2506.28,2504.99,2506.07,22.81620000
1787863800,2506.07,2506.07,2505.46,2505.68,33.74100000
1787863860,2505.72,2506.2,2505.72,2505.87,22.65600000
1787863920,2505.69,2505.7,2503.03,2503.03,33.20830000
1787863980,2503.03,2503.04,2502.27,2502.27,32.07450000
1787864040,2502.27,2503.54,2502.19,2503.41,30.43590000
1787864100,2503.41,2504.33,2503.41,2504.19,11.03560000
1787864160,2504.19,2504.19,2503.14,2504.14,15.11990000
1787864220,2504.13,2506.25,2504.13,2506.25,24.28800000
1787864280,2506.46,2507.45,2506.46,2507.45,26.28120000
1787864340,2507.45,2507.8,2507.1,2507.8,26.60160000
1787864400,2507.8,2508.72,2505.36,2505.36,34.43040000
1787864460,2505.37,2505.37,2503.8,2504.78,25.34030000
1787864520,2504.79,2505.3,2504.62,2504.63,17.21570000
1787864580,2504.63,2505.88,2504.63,2505.65,20.59570000
1787864640,2505.66,2505.88,2505.56,2505.57,8.96480000
1787864700,2505.56,2505.56,2504.34,2504.34,16.18270000
1787864760,2504.35,2506.93,2504.35,2506.93,40.99290000
1787864820,2506.92,2508.3,2506.92,2507.97,52.09810000
1787864880,2507.97,2507.97,2506.81,2506.94,66.91750000
1787864940,2506.93,2506.93,2506.46,2506.61,36.78220000
1787865000,2506.61,2506.61,2506.42,2506.42,47.95290000
1787865060,2506.42,2508.35,2506.42,2508.35,64.48720000
1787865120,2508.36,2508.54,2507.95,2508.54,59.84740000
1787865180,2508.54,2508.74,2505.51,2506.31,86.49460000
1787865240,2506.09,2506.09,2505.69,2506.02,24.90140000
1787865300,2505.91,2505.92,2505.56,2505.92,52.74160000
1787865360,2505.91,2505.91,2504.6,2504.86,44.37280000
1787865420,2504.79,2504.79,2503.85,2504.26,49.66090000
1787865480,2504.26,2504.27,2503.06,2503.06,41.78710000
1787865540,2503.07,2503.32,2502.23,2502.23,39.56930000
1787865600,2502.2,2502.35,2501.91,2501.91,36.63850000
1787865660,2501.91,2503.79,2500.73,2503.79,47.46650000
1787865720,2503.83,2505.12,2503.83,2505.12,18.13210000
1787865780,2505.12,2505.3,2503.4,2503.4,40.56810000
1787865840,2503.41,2503.41,2502.88,2502.89,7.87220000
1787865900,2502.88,2502.88,2502.82,2502.82,25.88370000
1787865960,2502.82,2503.41,2502.81,2503.38,42.88370000
1787866020,2503.37,2503.62,2502.83,2502.83,62.45270000
1787866080,2502.83,2502.83,2502.7,2502.7,73.30070000
1787866140,2502.7,2502.7,2502.27,2502.28,50.40920000
1787866200,2502.27,2503.23,2502.04,2503.18,24.12360000
1787866260,2503.2,2503.2,2503.03,2503.04,27.82950000
1787866320,2503.04,2504.17,2503.04,2504.17,22.80680000
1787866380,2504.1,2504.68,2504.1,2504.67,23.76590000
1787866440,2504.68,2504.68,2503.1,2503.11,33.02180000
1787866500,2503.11,2503.11,2502.03,2502.73,22.32390000
1787866560,2502.72,2502.72,2500.33,2501,17.64280000
1787866620,2501,2502.5,2500.99,2501.69,23.91540000
1787866680,2501.75,2502.41,2500.77,2500.78,26.88610000
1787866740,2500.77,2500.78,2500.09,2500.1,14.38280000
1787866800,2500.34,2501.37,2499.87,2500.76,35.77070000
1787866860,2500.76,2501.38,2499.88,2501.38,39.88300000
1787866920,2501.08,2501.08,2500.73,2500.73,22.16630000
1787866980,2500.73,2500.82,2499.87,2500.37,35.08130000
1787867040,2500.38,2500.4,2499.84,2499.84,20.85700000
1787867100,2499.84,2500.37,2499.25,2499.8,37.01510000
1787867160,2499.99,2502.19,2499.99,2501.86,75.40150000
1787867220,2501.85,2502.38,2501.77,2502.14,33.96180000
1787867280,2502.17,2502.17,2501.53,2501.89,63.38650000
1787867340,2501.89,2502.24,2501.89,2501.96,56.63440000
1787867400,2501.97,2502.57,2501.2,2501.22,40.52680000
1787867460,2501.22,2501.23,2501.22,2501.23,32.64730000
1787867520,2501.22,2501.23,2500,2500.01,41.78090000
1787867580,2500.31,2501.34,2500.31,2501.09,22.07800000
1787867640,2501.16,2502.2,2501.15,2502.2,37.11290000
1787867700,2502.19,2502.88,2502.19,2502.88,23.89840000
1787867760,2502.89,2503.78,2502.72,2503.77,25.00550000
1787867820,2503.51,2503.51,2503.07,2503.08,9.31310000
1787867880,2503.31,2504.16,2503.31,2503.92,24.03370000
1787867940,2503.91,2504.89,2503.91,2504.04,24.86140000
1787868000,2504.12,2507.22,2504.12,2506.97,44.00550000
1787868060,2506.94,2509.2,2506.94,2509.2,30.53560000
1787868120,2509.19,2509.23,2507.99,2509.23,29.14950000
1787868180,2509.22,2509.51,2509.21,2509.51,11.75400000
1787868240,2509.52,2510.81,2509.52,2510.61,40.71820000
1787868300,2510.63,2511.25,2509.37,2509.66,43.23530000
1787868360,2509.66,2510.73,2509.65,2509.89,88.79890000
1787868420,2509.9,2512.63,2509.9,2511.78,71.77600000
1787868480,2512.12,2512.12,2510.29,2510.29,120.01280000
1787868540,2510.28,2511,2509.49,2509.49,91.37280000
1787868600,2509.26,2509.64,2508.62,2509.24,68.92430000
1787868660,2509.24,2510.27,2509.08,2510.27,60.37780000
1787868720,2510.27,2510.52,2509.84,2510.06,33.09630000
1787868780,2510.03,2510.06,2509.39,2509.61,91.00370000
1787868840,2509.62,2509.89,2509.62,2509.78,74.39200000
1787868900,2509.78,2511.79,2509.78,2511.79,31.08200000
1787868960,2511.8,2515.46,2511.8,2513.43,46.73950000
1787869020,2513.44,2515.81,2513.44,2515.26,56.39360000
1787869080,2515.25,2516.72,2514.52,2514.53,49.94490000
1787869140,2514.53,2514.98,2514.48,2514.48,36.53110000
1787869200,2514.15,2517.03,2514.11,2515.1,14.58690000
1787869260,2515.01,2515.52,2514.32,2514.32,3.43400000
1787869320,2514.39,2514.66,2513.69,2514.05,1.42590000
1787869380,2514.05,2514.05,2513.33,2513.43,5.15480000
1787869440,2513.44,2513.48,2512.41,2512.42,0.64300000
1787869500,2512.39,2512.81,2512.39,2512.7,34.73530000
1787869560,2512.68,2512.68,2511.72,2511.72,25.97060000
1787869620,2511.85,2511.85,2511.3,2511.31,42.98050000
1787869680,2511.42,2512.17,2510.29,2512.15,49.93380000
1787869740,2511.79,2513.09,2511.79,2512.96,53.19990000
1787869800,2512.95,2512.95,2510.65,2510.93,47.28760000
1787869860,2510.94,2511.3,2510.65,2510.99,81.93520000
1787869920,2510.94,2512.37,2510.9,2512.37,74.38040000
1787869980,2512.44,2513.47,2512.44,2513.47,61.46380000
1787870040,2513.49,2514.12,2513.47,2514.08,39.75550000
1787870100,2513.97,2513.97,2512.79,2512.8,15.93550000
1787870160,2512.86,2513.22,2511.98,2511.98,28.35070000
1787870220,2511.9,2512.1,2510.3,2511.49,31.95670000
1787870280,2511.45,2512.77,2511.45,2512.54,18.37090000
1787870340,2512.53,2513.53,2512.53,2513.52,22.92840000
1787870400,2513.39,2513.39,2512.56,2512.62,25.01990000
1787870460,2512.62,2512.62,2511.71,2511.72,26.23110000
1787870520,2511.77,2512.72,2511.72,2512.72,29.76530000
1787870580,2512.72,2513.71,2512.72,2513.6,15.42660000
1787870640,2513.66,2513.98,2513.31,2513.31,35.69930000
1787870700,2513,2513,2512.22,2512.23,10.42020000
1787870760,2512.22,2512.22,2511.42,2512.04,14.87620000
1787870820,2512.04,2512.94,2512.02,2512.92,23.63350000
1787870880,2512.89,2513.33,2512.81,2513.33,14.59200000
1787870940,2513.14,2513.16,2512.57,2512.63,15.00570000
1787871000,2512.63,2513.91,2512.63,2512.96,14.24260000
1787871060,2512.95,2513.18,2512.58,2513.17,7.21290000
1787871120,2513.17,2514.09,2513.13,2514.09,27.20610000
1787871180,2514.48,2515.24,2514.48,2514.74,11.01040000
1787871240,2514.74,2514.82,2514.48,2514.48,9.87010000
1787871300,2514.48,2514.48,2514.16,2514.38,7.96860000
1787871360,2514.37,2514.38,2514.37,2514.38,6.79280000
1787871420,2514.38,2514.44,2514.38,2514.43,8.48030000
1787871480,2514.44,2515.35,2514.44,2515.19,29.37790000
1787871540,2515.19,2515.2,2515.19,2515.2,9.91490000
1787871600,2515.19,2515.19,2514.1,2514.1,17.61710000
1787871660,2514.09,2517.14,2514.09,2516.53,83.83240000
1787871720,2516.36,2516.7,2516.35,2516.7,26.04620000
1787871780,2516.7,2516.7,2514.97,2514.97,31.13300000
1787871840,2514.98,2515.05,2513.75,2513.93,22.37910000
1787871900,2513.95,2514.49,2513.95,2514.31,31.29730000
1787871960,2514.32,2514.58,2514.22,2514.58,123.25420000
1787872020,2514.57,2514.86,2514.41,2514.7,115.15400000
1787872080,2514.7,2515.63,2514.7,2515.63,82.89540000
1787872140,2515.62,2515.62,2513.91,2513.91,15.26020000
1787872200,2513.76,2513.76,2512.69,2513.57,98.85170000
1787872260,2513.35,2514.12,2513.05,2513.33,43.57770000
1787872320,2513.34,2513.42,2511.97,2511.98,44.04400000
1787872380,2511.98,2512.08,2511.98,2512.04,28.01980000
1787872440,2512.03,2512.03,2510.74,2510.94,29.86780000
1787872500,2510.97,2511.57,2509.17,2511.57,64.03620000
1787872560,2511.57,2511.95,2511.42,2511.76,47.93050000
1787872620,2511.8,2513.82,2511.8,2513.82,40.37710000
1787872680,2513.85,2514.48,2513.85,2514.08,42.01470000
1787872740,2514.07,2514.07,2513.38,2513.97,29.25470000
1787872800,2513.97,2515.68,2513.97,2515.68,27.80250000
1787872860,2515.68,2515.68,2512.56,2512.92,57.86750000
1787872920,2512.92,2514.3,2512.92,2514.3,42.01580000
1787872980,2514.3,2514.56,2514.18,2514.55,42.88490000
1787873040,2514.53,2514.53,2513.71,2514.18,34.35230000
1787873100,2514.17,2514.17,2513.02,2513.02,70.57760000
1787873160,2512.96,2514.09,2512.95,2513.88,72.86560000
1787873220,2513.87,2514.05,2513.24,2513.24,92.33400000
1787873280,2513.2,2513.2,2512.96,2513.08,47.55920000
1787873340,2513.15,2514.25,2513.15,2514.24,118.32110000
1787873400,2514.19,2514.31,2513.09,2513.32,38.78280000
1787873460,2513.52,2513.82,2513.36,2513.36,31.58790000
1787873520,2513.56,2513.8,2513.55,2513.8,33.32400000
1787873580,2513.79,2513.86,2513.72,2513.86,21.73880000
1787873640,2513.85,2514.18,2513.09,2513.1,35.46250000
1787873700,2513.1,2513.1,2512.39,2512.39,15.01180000
1787873760,2512.41,2513.22,2512.41,2512.97,10.40190000
1787873820,2512.98,2512.98,2511.99,2512,16.33270000
1787873880,2512,2512.56,2511.99,2512.55,16.62930000
1787873940,2512.56,2512.8,2512.55,2512.8,7.82840000
1787874000,2512.79,2513.15,2512.79,2513.14,28.84760000
1787874060,2513.14,2513.14,2513.02,2513.02,55.35470000
1787874120,2513,2513.32,2513,2513.32,32.81060000
1787874180,2513.31,2513.31,2511.76,2511.77,61.71830000
1787874240,2511.76,2511.76,2511,2511.04,48.64660000
1787874300,2511.03,2511.71,2510.57,2511.7,23.04930000
1787874360,2511.29,2511.29,2510.18,2510.29,43.08450000
1787874420,2510.38,2510.43,2509.61,2509.61,23.10070000
1787874480,2509.61,2510.35,2509.61,2510.29,49.00710000
1787874540,2510.3,2510.65,2510.3,2510.64,49.34550000
1787874600,2510.65,2511.57,2510.64,2511.56,18.83230000
1787874660,2511.57,2512.6,2511.03,2511.04,38.58150000
1787874720,2511.03,2512.18,2510.77,2512.18,15.60770000
1787874780,2512.17,2512.18,2511.88,2511.9,13.79670000
1787874840,2511.9,2512.06,2511.82,2512.06,17.85800000
1787874900,2512.05,2512.05,2511.42,2511.42,7.77240000
1787874960,2511.43,2511.43,2510.27,2510.28,26.26830000
1787875020,2510.27,2510.27,2509.66,2509.66,21.50340000
1787875080,2509.66,2510.85,2509.65,2510.84,25.77780000
1787875140,2510.84,2510.85,2510.59,2510.68,14.64540000
1787875200,2510.76,2511.49,2510.76,2510.81,22.84930000
1787875260,2510.81,2510.82,2508.96,2509,17.93910000
1787875320,2509,2509.18,2508.83,2508.84,26.47010000
1787875380,2508.84,2509.09,2508.84,2509.02,11.83620000
1787875440,2509.01,2509.01,2507.6,2507.6,13.51550000
1787875500,2507.64,2508.62,2507.09,2508.6,37.72030000
1787875560,2508.45,2508.52,2508.13,2508.13,15.04790000
1787875620,2508.13,2508.14,2506.36,2506.36,26.01780000
1787875680,2506.44,2507.11,2506.41,2507.11,27.55690000
1787875740,2506.78,2507.87,2506.78,2507.69,21.06050000
1787875800,2507.67,2508,2507.22,2508,26.60720000
1787875860,2508.04,2508.87,2508.04,2508.66,18.60680000
1787875920,2508.65,2508.72,2508.49,2508.71,29.88130000
1787875980,2508.72,2508.88,2508.36,2508.5,15.36740000
1787876040,2508.58,2508.66,2508.47,2508.55,21.56120000
1787876100,2508.55,2510.69,2508.55,2510.29,25.45650000
1787876160,2510.31,2511.41,2510.31,2510.73,16.39040000
1787876220,2511.08,2512.56,2511.08,2512.56,5.74980000
1787876280,2512.52,2513.78,2511.03,2513.78,23.54330000
1787876340,2513.85,2513.85,2513.06,2513.06,10.38520000
1787876400,2513.06,2513.06,2511.81,2513.01,14.97540000
1787876460,2512.96,2513.31,2512.18,2512.18,6.72470000
1787876520,2512.19,2512.56,2512.19,2512.45,14.36710000
1787876580,2512.46,2512.98,2511.57,2511.57,17.78920000
1787876640,2511.56,2511.56,2509.89,2509.97,1.63780000
1787876700,2509.81,2509.81,2508.37,2508.69,45.56670000
1787876760,2508.69,2511.67,2508.62,2511.67,72.84160000
1787876820,2511.67,2512.2,2511.42,2512.17,40.34390000
1787876880,2512.01,2512.03,2511.85,2511.94,59.29530000
1787876940,2511.94,2513.11,2511.43,2513.11,34.77490000
1787877000,2513.2,2513.2,2512.18,2512.29,45.90040000
1787877060,2512.24,2513.71,2512.11,2512.99,34.50320000
1787877120,2513,2515.63,2513,2515.36,33.75570000
1787877180,2515.35,2515.75,2512.72,2512.72,58.21760000
1787877240,2512.68,2516.65,2509.99,2516.42,101.29240000
1787877300,2516.42,2518.41,2515.24,2515.28,146.74070000
1787877360,2515.44,2515.53,2514.09,2514.09,136.65260000
1787877420,2514.15,2515.54,2513.97,2515.45,233.11780000
1787877480,2515.46,2518.81,2515.46,2517.49,149.20220000
1787877540,2517.49,2518.69,2517.36,2518.54,154.09540000
1787877600,2518.53,2518.53,2516.08,2516.3,50.61970000
1787877660,2516.3,2516.78,2515.64,2515.68,47.99550000
1787877720,2515.65,2517.02,2515.3,2516.9,51.02520000
1787877780,2516.93,2516.94,2514.87,2515.13,106.51530000
1787877840,2515.12,2515.12,2514.91,2515.09,52.01920000
1787877900,2515.27,2515.27,2514.09,2514.1,28.72770000
1787877960,2514.16,2514.2,2513.54,2514.07,31.52600000
1787878020,2514,2514.76,2514,2514.35,52.53100000
1787878080,2514.3,2514.57,2513.59,2514.57,47.06810000
1787878140,2514.6,2515.62,2514.6,2514.87,75.67230000
1787878200,2514.87,2514.97,2514.54,2514.77,11.63360000
1787878260,2514.78,2514.88,2514.44,2514.44,15.71990000
1787878320,2514.44,2514.44,2512.96,2513.26,30.97360000
1787878380,2513.3,2514.41,2513.3,2514.41,22.77450000
1787878440,2514.41,2514.81,2513.78,2513.84,27.88620000
1787878500,2513.77,2515.02,2513.62,2514.99,61.01290000
1787878560,2514.99,2516.01,2514.75,2515.62,38.64440000
1787878620,2515.61,2519.46,2515.61,2519.21,47.65350000
1787878680,2518.93,2518.93,2517.97,2517.97,51.13190000
1787878740,2517.95,2517.95,2514.59,2515.53,55.33080000
1787878800,2515.54,2517.16,2515.54,2516.95,35.74750000
1787878860,2516.95,2518.72,2516.39,2518.72,40.05680000
1787878920,2518.94,2521.87,2518.57,2520.69,64.12060000
1787878980,2520.69,2521.75,2520.24,2520.8,59.40420000
1787879040,2520.96,2521.77,2519.22,2521.11,26.15720000
1787879100,2521.01,2521.01,2520.35,2520.46,110.52820000
1787879160,2520.41,2520.41,2519.08,2519.08,112.62850000
1787879220,2519.08,2519.08,2518.3,2518.31,119.27440000
1787879280,2518.3,2518.33,2517.32,2518.32,87.55950000
1787879340,2518.33,2520.07,2518.33,2520.06,99.48040000
1787879400,2520.06,2523.47,2520.06,2523.24,83.29680000
1787879460,2523.24,2525.21,2522.05,2522.91,90.83500000
1787879520,2522.55,2523.58,2522.13,2522.17,26.63020000
1787879580,2522.24,2523.14,2522.21,2523.14,41.64140000
1787879640,2523.04,2523.04,2521.78,2521.79,32.65880000
1787879700,2521.78,2522.16,2519.85,2522.16,126.39240000
1787879760,2522.15,2523.19,2522.14,2522.72,158.42320000
1787879820,2522.71,2523.07,2522.16,2522.46,131.40260000
1787879880,2522.54,2529.37,2522.17,2528.05,195.32780000
1787879940,2528,2529.05,2526.75,2526.75,190.86920000
1787880000,2526.75,2529.05,2526.68,2528.37,121.48560000
1787880060,2528.38,2528.76,2527.02,2527.02,63.54700000
1787880120,2527.04,2527.36,2525.68,2525.69,108.65500000
1787880180,2525.8,2526.95,2525.33,2526.8,114.51620000
1787880240,2526.8,2528.16,2526.13,2527.16,103.66820000
1787880300,2527.19,2527.67,2526.87,2526.87,43.75430000
1787880360,2526.83,2527.58,2525.63,2527.53,101.69690000
1787880420,2527.53,2528.08,2526.21,2527.96,104.59060000
1787880480,2527.96,2528.73,2527.81,2528.2,85.13840000
1787880540,2528.24,2529.34,2528.15,2528.65,91.86910000
1787880600,2528.67,2529.59,2526.81,2526.81,68.63320000
1787880660,2527.01,2528.24,2526.92,2527.39,59.29240000
1787880720,2527.74,2530.53,2527.74,2530.53,98.05740000
1787880780,2530.53,2534.71,2530.15,2530.17,195.36550000
1787880840,2530.15,2530.27,2525.77,2526.8,190.23200000
1787880900,2526.8,2527.88,2525.49,2527.59,223.89440000
1787880960,2527.69,2527.96,2525.5,2525.97,220.13320000
1787881020,2525.96,2526.15,2521.18,2521.18,179.16730000
1787881080,2521.2,2522.24,2518,2519.6,220.90090000
1787881140,2519.6,2521.25,2519.08,2520.94,264.08680000
1787881200,2520.94,2521.68,2520.29,2520.41,117.59870000
1787881260,2520.42,2520.62,2519.58,2520.62,122.08150000
1787881320,2520.62,2521.81,2519.89,2519.89,98.52930000
1787881380,2519.9,2520.58,2519.85,2520.46,80.00530000
1787881440,2520.46,2520.47,2519.3,2519.3,134.93440000
1787881500,2519.29,2519.87,2518.58,2519.81,89.35560000
1787881560,2519.82,2519.82,2517.84,2519.63,74.74680000
1787881620,2519.58,2519.58,2516.99,2517.47,50.98110000
1787881680,2517.39,2518.28,2517.16,2517.16,61.26310000
1787881740,2517.17,2517.17,2515,2515.67,45.19380000
1787881800,2515.8,2517.21,2515.8,2516.79,51.86000000
1787881860,2516.78,2516.78,2511.29,2511.29,58.85770000
1787881920,2511.28,2514.17,2511.26,2514.17,49.71270000
1787881980,2514.25,2515.28,2514.25,2514.49,65.66480000
1787882040,2514.7,2515.78,2514.7,2515.78,48.53640000
1787882100,2515.68,2516.09,2515.68,2516.02,48.77700000
1787882160,2516.02,2516.02,2511.57,2511.73,114.93290000
1787882220,2511.73,2512.06,2509.35,2509.35,74.91370000
1787882280,2509.27,2510.48,2507.88,2510.11,120.31240000
1787882340,2509.51,2513.3,2509.51,2512.56,110.83080000
1787882400,2512.53,2512.54,2509.95,2510.45,163.48340000
1787882460,2510.44,2511.42,2509.74,2510.89,220.62440000
1787882520,2510.89,2510.89,2508.29,2508.86,272.66800000
1787882580,2508.91,2509.5,2508.42,2508.75,151.51720000
1787882640,2508.74,2510.65,2508.74,2510.56,242.93000000
1787882700,2510.59,2510.87,2509,2509,187.94500000
1787882760,2509,2510.08,2508.3,2508.74,55.96780000
1787882820,2508.75,2508.75,2507.69,2507.85,58.62430000
1787882880,2507.68,2507.96,2507.44,2507.44,37.54370000
1787882940,2507.44,2509.67,2507.43,2509.67,40.84920000
1787883000,2509.68,2510.62,2509.63,2509.66,85.11540000
1787883060,2509.67,2509.68,2507.43,2507.44,67.07300000
1787883120,2507.44,2507.68,2506.85,2506.85,37.56880000
1787883180,2506.85,2507.05,2504.85,2505.68,51.76470000
1787883240,2505.69,2506.12,2503.22,2503.23,53.74680000
1787883300,2503.22,2504.92,2501.28,2501.3,74.05550000
1787883360,2501.31,2502.44,2499.89,2501.14,87.12390000
1787883420,2501.14,2501.77,2500.82,2501.65,88.77980000
1787883480,2501.67,2501.69,2499.5,2500.5,81.85690000
1787883540,2500.49,2500.76,2499.88,2500.75,83.19980000
1787883600,2500.76,2500.76,2498.21,2500.16,99.92960000
1787883660,2500.2,2500.68,2496.99,2497.22,47.50620000
1787883720,2497.28,2498.45,2496.96,2496.96,14.92520000
1787883780,2496.95,2496.95,2491.7,2494.48,75.08300000
1787883840,2494.52,2497.04,2494.52,2497,4.13790000
1787883900,2497.01,2498.86,2497.01,2498.86,262.10480000
1787883960,2498.81,2498.85,2497.45,2497.56,271.61680000
1787884020,2497.56,2498.81,2497,2497.4,248.49250000
1787884080,2497.39,2497.4,2495.09,2495.1,226.87790000
1787884140,2495.09,2495.84,2494.8,2494.81,217.71490000
1787884200,2494.81,2494.99,2492,2492.46,52.21790000
1787884260,2492.45,2496.59,2490.72,2495.46,72.62210000
1787884320,2495.46,2495.46,2494.17,2494.71,57.89570000
1787884380,2494.71,2495.63,2494.37,2495.63,36.46800000
1787884440,2495.57,2497.36,2495.56,2497.36,70.01800000
1787884500,2497.5,2498.93,2497.49,2498.93,91.64430000
1787884560,2498.93,2499.43,2498.68,2498.68,84.48340000
1787884620,2498.68,2499.91,2498.67,2499.85,79.46770000
1787884680,2499.84,2500,2498.87,2499.26,55.94550000
1787884740,2499.25,2499.58,2498.37,2498.86,99.67810000
1787884800,2498.86,2498.86,2498.03,2498.04,85.40910000
1787884860,2498.03,2499.09,2498.03,2498.7,35.91260000
1787884920,2498.63,2498.76,2496.01,2496.01,46.75130000
1787884980,2496.01,2497.64,2495.94,2497.4,55.54020000
1787885040,2497.33,2497.33,2496.19,2496.6,42.38040000
