ts,open,high,low,close,volume
1787285340,2346.13,2347.05,2346.07,2346.43,43702
1787285400,2346.43,2348.79,2344.08,2344.08,51549
1787285460,2344.06,2345.28,2343.77,2344.21,40277
1787285520,2344.22,2344.9,2342.63,2344.84,65504
1787285580,2344.78,2344.8,2343.09,2344.14,35851
1787285640,2344,2345.23,2343.39,2345.22,35676
1787285700,2345.23,2346.99,2344.2,2346.89,62249
1787285760,2346.89,2348.64,2345.14,2345.51,93045
1787285820,2345.94,2346.23,2345.15,2346,34022
1787285880,2346,2348.8,2346,2348.51,67554
1787285940,2348.47,2349.2,2346.86,2346.87,76067
1787286000,2346.87,2347.4,2346.86,2347.01,38243
1787286060,2347.01,2348.1,2347,2347.53,12393
1787286120,2347.58,2348.4,2347.3,2347.64,12653
1787286180,2347.64,2349,2347,2347.68,23358
1787286240,2347.68,2348.2,2346.35,2346.35,27043
1787286300,2346.35,2346.62,2345.14,2345.28,49266
1787286360,2345.28,2348.24,2345.15,2346.47,45592
1787286420,2346.47,2346.47,2345.02,2345.4,53051
1787286480,2345.72,2346,2344.75,2344.78,24880
1787286540,2344.78,2344.8,2343.49,2343.82,82054
1787286600,2343.82,2343.82,2342.55,2343.42,75373
1787286660,2343.82,2347.37,2343.82,2347.2,46925
1787286720,2347.2,2349,2347.2,2348.47,95493
1787286780,2348.87,2350.09,2347.08,2347.92,84809
1787286840,2348.07,2348.95,2347.82,2348.04,53378
1787286900,2348.21,2348.65,2347.79,2348.3,14239
1787286960,2348.29,2348.62,2347.48,2347.48,19536
1787287020,2347.48,2348.93,2346.69,2348.93,15505
1787287080,2348.93,2348.93,2347.46,2348.13,16162
1787287140,2347.91,2348.07,2346.59,2346.59,26874
1787287200,2346.6,2347.08,2345.51,2346.01,23429
1787287260,2346.01,2347,2346.01,2346.21,42795
1787287320,2345.87,2346.67,2344.69,2346.66,48824
1787287380,2346.67,2349.32,2346.44,2348.76,77234
1787287440,2348.47,2349.99,2348.31,2349.44,77404
1787287500,2349.44,2349.44,2348.05,2349.12,47601
1787287560,2349.12,2352.73,2348.81,2352.06,124124
1787287620,2351.99,2353.47,2351.88,2352.67,106966
1787287680,2352.67,2354.9,2352.62,2354.24,129704
1787287740,2354.24,2354.45,2352.85,2353,97296
1787287800,2353.03,2354.24,2353.03,2353.37,62997
1787287860,2353.32,2353.66,2352.15,2352.75,267753
1787287920,2352.62,2353.52,2352.53,2353.34,27440
1787287980,2353.35,2354,2352.64,2353.64,54002
1787288040,2353.63,2354.3,2353.63,2354.07,51424
1787288100,2354.39,2354.4,2353.28,2354.01,34890
1787288160,2354,2354.24,2352.14,2352.51,49045
1787288220,2352.51,2353.2,2352.41,2352.73,22618
1787288280,2352.73,2353.04,2352.31,2352.57,30944
1787288340,2352.58,2353.33,2352.45,2353.33,37864
1787288400,2353.41,2353.41,2351.63,2352.03,50239
1787288460,2352.04,2353.45,2352.03,2352.84,23328
1787288520,2352.83,2354.09,2352.83,2353.99,18009
1787288580,2353.99,2354.9,2352.82,2353.15,127900
1787288640,2353.14,2353.15,2348.53,2348.97,147114
1787288700,2349,2355,2348.67,2354.29,133092
1787288760,2354.46,2354.96,2353,2353.14,87969
1787288820,2353.14,2353.89,2352,2352.47,54434
1787288880,2352.2,2352.71,2351.77,2352.12,49016
1787288940,2352.13,2352.96,2350,2351.41,61712
1787289000,2351.4,2354.89,2350.75,2354.69,57186
1787289060,2354.7,2356.35,2353.56,2355.76,101945
1787289120,2355.76,2357.28,2355.28,2355.67,146815
1787289180,2355.68,2357.42,2355.55,2357.41,80522
1787289240,2357.41,2358.71,2356.23,2357.68,155873
1787289300,2357.69,2359.38,2355.01,2358.54,172416
1787289360,2358.2,2359.39,2357.11,2358.88,87454
1787289420,2359.34,2359.34,2357.46,2358.59,50151
1787289480,2358.6,2361.51,2358.28,2359.72,174328
1787289540,2359.75,2359.78,2358.5,2359.23,70641
1787289600,2359.11,2361.43,2358.11,2358.57,168800
1787289660,2358.58,2359.77,2355.88,2355.93,127471
1787289720,2355.92,2357.46,2355.57,2356.15,93403
1787289780,2356.01,2356.93,2353.38,2355.26,125400
1787289840,2355.26,2356.36,2354.84,2356.3,59987
1787289900,2356.3,2356.53,2351.42,2352.24,118383
1787289960,2352.58,2353.82,2350.77,2350.77,91007
1787290020,2350.76,2352.06,2348.18,2351.54,194636
1787290080,2351.54,2355.58,2350.89,2355.33,137809
1787290140,2355.34,2355.34,2352.68,2352.83,114989
1787290200,2352.57,2352.67,2351.16,2351.16,81675
1787290260,2351.17,2352.77,2351.09,2352.12,50864
1787290320,2352.27,2352.6,2350.44,2350.44,40587
1787290380,2350.44,2353.16,2350.36,2352.9,32687
1787290440,2352.9,2357.29,2352.89,2355.32,85385
1787290500,2355.6,2355.83,2351.19,2351.9,62006
1787290560,2351.9,2354.18,2351.71,2353.94,25465
1787290620,2353.94,2354.9,2353,2353.16,32082
1787290680,2353.15,2353.21,2351.25,2353.2,24742
1787290740,2353.26,2355.62,2352.98,2354.72,35118
1787290800,2354.53,2355.77,2353.21,2353.65,54115
1787290860,2353.8,2354.29,2351.02,2352.03,72335
1787290920,2352.22,2355.94,2352.22,2354.13,68610
1787290980,2354.12,2354.37,2352.96,2353.51,25076
1787291040,2353.51,2354.58,2353,2353.62,16916
1787291100,2353.61,2353.77,2352.31,2352.75,81673
1787291160,2352.91,2353.65,2352.58,2352.83,19457
1787291220,2352.83,2353.68,2351.52,2353.68,29579
1787291280,2353.76,2356.42,2353.61,2356.04,63726
1787291340,2355.85,2356.48,2355.4,2356.31,53682
1787291400,2356.31,2359.23,2355.6,2359.23,86370
1787291460,2359.23,2360.8,2356.07,2356.83,163531
1787291520,2356.82,2358.91,2356.82,2358.91,85329
1787291580,2358.91,2361,2358.76,2360.08,100442
1787291640,2359.94,2360.11,2359.1,2359.24,60140
1787291700,2359.36,2363.5,2359.35,2362.37,279231
1787291760,2362.36,2362.36,2359.92,2360.89,318388
1787291820,2360.91,2363.67,2360.64,2363.67,130477
1787291880,2363.71,2367.2,2362.05,2362.53,405446
1787291940,2362.54,2367.72,2362.54,2367.01,304303
1787292000,2367.01,2368.79,2364.6,2366.27,339051
1787292060,2366.03,2366.98,2364.65,2365.91,131730
1787292120,2365.91,2367.69,2364.8,2364.8,146689
1787292180,2364.78,2372.34,2364.51,2370.83,454888
1787292240,2370.82,2373.88,2369.72,2372.36,329184
1787292300,2372.36,2378.53,2369.12,2377.86,716362
1787292360,2377.86,2377.87,2372.06,2374.8,409060
1787292420,2374.91,2375.77,2372.5,2375.52,559386
1787292480,2375.51,2376.24,2372.06,2375.9,334282
1787292540,2375.79,2376.93,2372.18,2373.23,249408
1787292600,2372.94,2373.17,2370,2370.26,292850
1787292660,2370.27,2370.87,2367,2367.02,298954
1787292720,2367.01,2368.71,2363.62,2365.2,229064
1787292780,2365.19,2365.69,2363,2363.65,236820
1787292840,2363.65,2364.8,2363.2,2364.8,148732
1787292900,2364.79,2367.93,2364.79,2367.13,122822
1787292960,2366.98,2366.98,2364,2364.26,92279
1787293020,2364.26,2366.08,2363.95,2364.7,113656
1787293080,2364.71,2364.71,2363.02,2363.76,87778
1787293140,2363.74,2364.33,2361.26,2364.32,147543
1787293200,2364.2,2364.2,2360,2361.4,192409
1787293260,2361.41,2363.39,2360.42,2360.46,91982
1787293320,2360.47,2361.62,2355.6,2356.87,359147
1787293380,2356.87,2357.24,2355.45,2355.81,175087
1787293440,2355.58,2358.68,2354.01,2358.64,247596
1787293500,2358.5,2359.27,2356.83,2359.1,134131
1787293560,2359.1,2364.36,2358.81,2362.06,229677
1787293620,2362.06,2363.63,2361.36,2362.12,67633
1787293680,2362.12,2362.12,2359.87,2360.45,59660
1787293740,2360.45,2361.32,2358.75,2359.56,66332
1787293800,2359.56,2362.23,2359.46,2362.23,47192
1787293860,2362.23,2364.49,2362.23,2363.28,68869
1787293920,2363.28,2368.21,2363.28,2367.77,259325
1787293980,2367.76,2369.43,2366.73,2368.88,244537
1787294040,2368.87,2369.92,2366.81,2369.79,195718
1787294100,2369.79,2371.36,2367.98,2371.06,153118
1787294160,2371.06,2371.07,2367.23,2368.31,127234
1787294220,2368.31,2368.7,2367.1,2368.03,77410
1787294280,2368.04,2370.39,2366.53,2370.39,102202
1787294340,2370.4,2372.96,2369.23,2371.58,152815
1787294400,2371.73,2372.23,2370.46,2371.12,120279
1787294460,2371.13,2371.56,2367.5,2367.55,119569
1787294520,2367.55,2367.56,2363,2363.16,197691
1787294580,2363.16,2369,2362.01,2369,311477
1787294640,2368.84,2373,2368.06,2368.58,553867
1787294700,2368.58,2368.92,2365.34,2366.12,196603
1787294760,2366.13,2366.36,2363.27,2363.47,108584
1787294820,2363.48,2371.4,2363.48,2369.98,189616
1787294880,2369.99,2371.88,2368.73,2371.88,111469
1787294940,2371.89,2383.77,2371.69,2376.44,1426857
1787295000,2376.44,2377.77,2372.41,2373.33,491232
1787295060,2373.33,2373.53,2370.32,2370.89,147002
1787295120,2370.9,2373.25,2368.14,2368.44,192348
1787295180,2368.44,2371.91,2368,2369.63,136159
1787295240,2369.63,2372.26,2369.63,2369.89,99362
1787295300,2369.9,2371.99,2369.77,2370.5,72599
1787295360,2370.5,2372.77,2370,2371.33,136643
1787295420,2371.41,2372.57,2370.6,2371.27,88405
1787295480,2371.26,2371.26,2369.5,2371.06,91780
1787295540,2371.06,2371.76,2370.29,2371.46,35297
1787295600,2371.45,2373.63,2369.66,2373.63,79531
1787295660,2373.64,2374.65,2372.2,2373.12,134996
1787295720,2373.11,2378.49,2372.36,2376.49,222472
1787295780,2376.35,2376.6,2374.2,2375.5,137207
1787295840,2375.51,2375.51,2372.01,2372.48,176034
1787295900,2372.48,2374.18,2371.02,2371.51,91619
1787295960,2371.51,2373.66,2371.2,2371.58,50200
1787296020,2371.73,2375.69,2371.73,2374.62,72508
1787296080,2374.71,2379.8,2374.5,2379.56,162244
1787296140,2379.47,2379.81,2374.52,2375.07,341738
1787296200,2375.22,2379.62,2375.21,2379.61,242601
1787296260,2379.61,2380.75,2376.51,2380.13,223449
1787296320,2380.13,2382.9,2378.41,2378.8,371814
1787296380,2378.81,2379.84,2378.24,2378.62,175303
1787296440,2378.38,2386.73,2378,2385.55,768758
1787296500,2385.46,2394.16,2383.79,2385.27,1539094
1787296560,2385.31,2397.99,2384.28,2388.53,1833265
1787296620,2388.69,2395.01,2385.67,2387.74,1541584
1787296680,2387.73,2389.42,2385.01,2387.08,576112
1787296740,2387.23,2389.89,2384.64,2385.08,350425
1787296800,2384.89,2387.02,2380,2383.85,356636
1787296860,2383.86,2383.86,2380.66,2381.18,229980
1787296920,2381.19,2382,2378.06,2378.81,380775
1787296980,2378.8,2382.87,2378.07,2380.76,238954
1787297040,2380.88,2381.87,2376.65,2376.66,211961
1787297100,2376.65,2382.45,2376.5,2381.46,157399
1787297160,2381.38,2382.18,2379.03,2379.17,95565
1787297220,2379.17,2379.58,2377.03,2377.71,101592
1787297280,2377.96,2380.4,2376.69,2380.08,115116
1787297340,2380.08,2381.42,2379.83,2380.75,97961
1787297400,2380.74,2383.9,2379.05,2382.07,145880
1787297460,2382.21,2388.01,2380.94,2383.78,356644
1787297520,2383.77,2387,2382.5,2385.84,247139
1787297580,2385.83,2387.69,2379.6,2380.04,229094
1787297640,2379.93,2380.73,2376.85,2378.08,291200
1787297700,2378.09,2378.74,2372,2376.18,386874
1787297760,2375.9,2377.49,2374,2374.27,190301
1787297820,2374.27,2375.41,2370.9,2372.89,265884
1787297880,2372.88,2376.2,2372.45,2374.33,194656
1787297940,2374.32,2383.55,2374.01,2381.46,376185
1787298000,2381.46,2383.45,2377.78,2381.04,289872
1787298060,2381.04,2381.81,2378.5,2380.1,148012
1787298120,2379.74,2383.65,2379.31,2383.64,113260
1787298180,2383.4,2386.68,2382.61,2383.38,240997
1787298240,2383.61,2383.61,2379.87,2379.87,208984
1787298300,2379.88,2381.76,2378.23,2380.77,190774
1787298360,2380.72,2381.29,2377.35,2378.95,164262
1787298420,2378.95,2381.72,2378.8,2381.72,115258
1787298480,2381.72,2382.6,2377.09,2377.44,85437
1787298540,2377.35,2377.44,2374.41,2375.83,209411
1787298600,2375.84,2376.49,2373.77,2373.96,159176
1787298660,2373.95,2374.71,2372,2373.2,201854
1787298720,2373.2,2374.5,2372.19,2373.53,170255
1787298780,2373.54,2373.89,2371.02,2371.16,155695
1787298840,2371.16,2373.37,2371,2372,237842
1787298900,2371.99,2373.41,2370.85,2370.86,102230
1787298960,2370.86,2373.03,2370.5,2371.87,120606
1787299020,2371.86,2372.22,2370.75,2371.19,68818
1787299080,2371.19,2371.93,2368.01,2369.67,395743
1787299140,2369.67,2371.95,2369,2371.65,183342
1787299200,2371.65,2374.59,2370.25,2374.3,327850
1787299260,2374.3,2377.33,2374.02,2376.51,265581
1787299320,2376.51,2377.68,2376,2376.67,99236
1787299380,2376.67,2380.18,2376.51,2379.92,165454
1787299440,2379.92,2379.96,2375.78,2377.14,153781
1787299500,2377.14,2378.4,2376.49,2378.16,122589
1787299560,2378.11,2378.11,2375.32,2377.68,84669
1787299620,2377.67,2382.31,2377.31,2381.95,178845
1787299680,2381.93,2387,2381.52,2386.4,353591
1787299740,2386.5,2386.89,2382.29,2385.19,368454
1787299800,2384.99,2385.37,2382.13,2382.43,277987
1787299860,2382.37,2384,2381.77,2382.25,93240
1787299920,2382.24,2387.11,2381.77,2385.84,179892
1787299980,2385.84,2388.5,2385.22,2387.77,230183
1787300040,2387.77,2391.3,2382.02,2383.16,399835
1787300100,2383.29,2386.06,2382.48,2384.46,238042
1787300160,2384.46,2388.6,2382.86,2384.82,184249
1787300220,2384.77,2387.94,2384,2387.07,118413
1787300280,2387.16,2390.98,2386.42,2390.33,285316
1787300340,2390.2,2391.92,2388,2389.34,200732
1787300400,2389.12,2390.65,2387.36,2388.24,148467
1787300460,2388.12,2388.12,2385.65,2385.81,180376
1787300520,2385.73,2386.91,2383.54,2386.69,187425
1787300580,2386.6,2386.75,2380.8,2381.64,231247
1787300640,2381.65,2381.77,2378.58,2379.64,187281
1787300700,2379.78,2385.9,2379.4,2385.65,229043
1787300760,2385.65,2389.57,2385.03,2385.3,316887
1787300820,2385.31,2387.22,2384.73,2385.46,205213
1787300880,2385.6,2388.11,2383.02,2383.02,128463
1787300940,2383.22,2387.95,2382.8,2386.88,113863
1787301000,2386.88,2388.88,2385.6,2387.03,97577
1787301060,2387.03,2393.6,2385.55,2391.97,308222
1787301120,2391.61,2395.67,2391.3,2395,458631
1787301180,2395,2396,2390.95,2395.05,566746
1787301240,2395.25,2399.34,2391.71,2396.05,597377
1787301300,2396.04,2398.5,2394.35,2398.49,371341
1787301360,2398.49,2404.63,2393.62,2396.28,1274717
1787301420,2396.42,2402.5,2394.45,2401.38,797357
1787301480,2401.39,2412.2,2398.5,2407.23,1431991
1787301540,2407.23,2410.36,2404.01,2408.04,819432
1787301600,2408.04,2410,2406.11,2407.12,395101
1787301660,2407.12,2416.16,2406.5,2411.87,1221193
1787301720,2411.87,2414.31,2409.59,2412.68,567094
1787301780,2412.56,2415.39,2410.01,2410.9,569951
1787301840,2410.91,2413.21,2408.96,2409.45,662742
1787301900,2409.46,2420.18,2408.6,2419.11,907849
1787301960,2419.1,2426.4,2417.53,2421.74,1350367
1787302020,2421.74,2432.99,2421.74,2424.56,1517565
1787302080,2424.57,2431.15,2422.15,2429.35,1433411
1787302140,2429.35,2429.59,2423.76,2424.85,608708
1787302200,2425.08,2433.72,2424.79,2430.7,1182265
1787302260,2430.81,2438.67,2430.24,2434.68,1517054
1787302320,2434.68,2439.28,2434.06,2437.04,803412
1787302380,2437.03,2438.13,2433,2434.69,714227
1787302440,2434.68,2441.2,2433.94,2440.81,711086
1787302500,2440.8,2441.04,2436.7,2439.64,721735
1787302560,2439.65,2440.58,2434.69,2440.4,541024
1787302620,2440.41,2444.3,2437.19,2441.99,781851
1787302680,2441.99,2448.01,2436.33,2443.96,1995832
1787302740,2444.04,2448.88,2440.09,2444.76,1227985
1787302800,2444.75,2447.02,2425,2431.11,1641471
1787302860,2431.1,2431.27,2418.1,2419.73,1717157
1787302920,2419.73,2420.25,2397.96,2406.4,2878539
1787302980,2406.39,2408.86,2385.51,2403.3,2975666
1787303040,2403.3,2406.9,2400.97,2404.32,1492009
1787303100,2404.33,2412.05,2399.15,2403.11,899676
1787303160,2403.5,2404.15,2390.18,2394.86,1192057
1787303220,2394.85,2395.12,2375.59,2390.05,1729436
1787303280,2390.05,2392.05,2384.15,2388.98,1217529
1787303340,2388.59,2395.76,2388.36,2391.42,901121
1787303400,2391.43,2400.97,2391.43,2399.21,862213
1787303460,2398.94,2402.6,2396.46,2402.27,556221
1787303520,2402.38,2404.45,2399.83,2403.74,451577
1787303580,2403.74,2405.53,2400.75,2403.24,276286
1787303640,2403.11,2403.72,2396.08,2398,372113
1787303700,2397.89,2398.91,2385.81,2389.76,771660
1787303760,2389.75,2395.32,2388.85,2393.28,326816
1787303820,2393.27,2393.78,2388.63,2393.16,212155
1787303880,2392.95,2399.77,2392,2393.58,295277
1787303940,2393.74,2393.74,2388.72,2389.5,228771
1787304000,2389.68,2392.64,2386,2391.33,787971
1787304060,2391.18,2394.26,2387.66,2390.75,250644
1787304120,2390.88,2391.68,2383.57,2387.64,449319
1787304180,2387.63,2389.75,2385.71,2386.69,266330
1787304240,2386.69,2391.45,2386.37,2387.77,220200
1787304300,2387.77,2390.75,2385.01,2385.58,205489
1787304360,2385.58,2390.44,2384.2,2385.38,217168
1787304420,2385.35,2393.55,2385.35,2393.39,243993
1787304480,2393.58,2393.98,2389.02,2392,135920
1787304540,2392,2393.28,2387.47,2388.76,142349
1787304600,2388.98,2389.22,2385.04,2388.31,254454
1787304660,2388.32,2394.58,2386.2,2394.58,247907
1787304720,2394.57,2399.44,2393.73,2395.92,314295
1787304780,2395.92,2396.88,2393.4,2395.89,265916
1787304840,2395.89,2398.33,2394.22,2394.73,112413
1787304900,2394.73,2395.71,2392.49,2394.25,113934
1787304960,2394.36,2395.69,2393.72,2395.49,99862
1787305020,2395.62,2401.7,2395.62,2400.77,238424
1787305080,2400.81,2401.92,2395.43,2397.58,221304
1787305140,2397.57,2400.06,2397.16,2399.34,218916
1787305200,2399.35,2401.4,2399,2399.97,201239
1787305260,2399.97,2401.68,2397.63,2400.83,303838
1787305320,2400.99,2406.3,2399.8,2403.73,266270
1787305380,2403.9,2409.98,2403.9,2409.34,329922
1787305440,2409.34,2411.52,2406.36,2407.27,330717
1787305500,2407.53,2411.68,2406.72,2411.35,549974
1787305560,2411.36,2411.72,2407.32,2408.41,329098
1787305620,2408.41,2411.52,2404.27,2411.5,365471
1787305680,2411.51,2414.16,2408.11,2409.45,373294
1787305740,2409.44,2413.02,2408.82,2411.53,187011
1787305800,2411.67,2413.28,2406.11,2406.11,203524
1787305860,2406.16,2411.49,2405.27,2411.39,165661
1787305920,2411.39,2416.44,2408.27,2410.22,321949
1787305980,2410.22,2411.7,2406.36,2406.36,188254
1787306040,2406.36,2410.8,2406,2406.88,159928
1787306100,2406.88,2408.92,2406,2406.21,123653
1787306160,2406.21,2407.44,2402.06,2407.38,207714
1787306220,2407.04,2407.41,2390.5,2396.92,1121136
1787306280,2396.93,2401,2396.93,2398.47,353876
1787306340,2398.48,2404.08,2398.31,2403.38,210460
1787306400,2403.62,2404.74,2398.12,2399.24,248451
1787306460,2399.24,2401.06,2397.61,2397.61,316651
1787306520,2397.96,2402.57,2397.48,2398.68,135421
1787306580,2398.43,2399.5,2395.1,2395.53,150120
1787306640,2395.52,2397.52,2394.6,2396.07,186212
1787306700,2396.17,2402.28,2394.5,2399.52,154222
1787306760,2399.53,2399.76,2394.77,2399.18,117866
1787306820,2399.32,2399.76,2395.12,2396.53,111931
1787306880,2396.66,2396.88,2394.12,2394.37,142580
1787306940,2394.37,2396.49,2394.37,2395.95,79366
1787307000,2395.95,2402.57,2395.95,2401.68,110802
1787307060,2401.68,2405.9,2401.68,2404.72,194956
1787307120,2404.72,2405.36,2401.52,2401.52,256254
1787307180,2401.4,2403.46,2400.47,2401.93,141780
1787307240,2401.92,2402.35,2400.07,2400.59,88333
1787307300,2400.86,2403.65,2400.45,2403.57,99490
1787307360,2403.58,2408.34,2403.57,2407.43,126613
1787307420,2407.43,2407.72,2404.51,2406.12,140292
1787307480,2406.12,2410.26,2405.92,2409.17,131189
1787307540,2409.17,2411.52,2408.5,2410.53,156280
1787307600,2410.54,2410.79,2406.06,2406.07,142325
1787307660,2406.06,2407.67,2404.7,2405.15,114511
1787307720,2405.54,2407.67,2404.45,2405.41,79871
1787307780,2405.55,2406.92,2404.06,2404.86,67445
1787307840,2404.87,2406.19,2403.5,2403.81,67399
1787307900,2403.81,2404.92,2401.64,2404.77,78088
1787307960,2404.76,2405.12,2390.63,2392.73,402278
1787308020,2392.74,2396.46,2390,2396.19,322505
1787308080,2396.2,2398.45,2394.32,2396.08,468577
1787308140,2396.08,2400.75,2395.93,2399.42,168136
1787308200,2399.42,2401.47,2397.76,2398.02,134649
1787308260,2398.32,2400.73,2397.51,2398.15,143277
1787308320,2398.28,2398.45,2395.02,2395.02,104645
1787308380,2395.01,2396.06,2393.3,2394.44,260575
1787308440,2394.44,2394.65,2391.75,2392.31,116717
1787308500,2392.19,2394.48,2390.71,2394.33,563097
1787308560,2394.32,2398.26,2394.32,2397.32,140945
1787308620,2397.32,2398.01,2395.56,2396.76,90183
1787308680,2397.03,2398.66,2395.29,2396.37,47994
1787308740,2396.23,2396.96,2393.78,2395.52,88616
1787308800,2395.51,2398.55,2395.51,2397.12,63116
1787308860,2397.13,2397.4,2395.21,2396.89,64790
1787308920,2396.89,2398.42,2392.59,2392.6,86899
1787308980,2392.59,2397.77,2392.59,2396.64,82367
1787309040,2396.63,2397.98,2396.48,2396.99,29313
1787309100,2397.12,2399.49,2397.12,2399.2,72007
1787309160,2399.2,2404.32,2399.2,2403.6,127194
1787309220,2403.78,2404.92,2401.62,2401.62,147673
1787309280,2401.62,2402.56,2397.86,2397.89,135491
1787309340,2397.85,2399.54,2397.56,2398.89,80796
1787309400,2398.9,2399.05,2396.74,2396.9,73649
1787309460,2397.35,2397.74,2395.08,2395.56,85293
1787309520,2395.56,2396.93,2394.75,2396.57,85852
1787309580,2396.57,2398.02,2396.01,2397.11,73180
1787309640,2397.12,2397.79,2396.05,2397.11,61395
1787309700,2397.11,2398.05,2394.86,2395.35,55267
1787309760,2395.36,2397.56,2395.35,2395.99,62192
1787309820,2395.99,2397.6,2395.87,2397.59,47421
1787309880,2397.59,2398.74,2395.88,2396,43677
1787309940,2396.01,2396.01,2393,2394.83,88873
1787310000,2394.56,2396.16,2391.48,2392.56,121851
1787310060,2392.55,2394,2391.12,2393.51,109332
1787310120,2393.27,2393.27,2388.8,2388.93,225038
1787310180,2388.93,2393.27,2388.93,2389.9,183695
1787310240,2389.9,2396.38,2389.68,2396.13,179008
1787310300,2396.12,2398.56,2395.48,2396.07,160992
1787310360,2396.08,2396.84,2394.64,2395.51,102664
1787310420,2395.51,2395.77,2393.41,2393.77,53158
1787310480,2393.87,2394.49,2391.6,2391.86,58872
1787310540,2391.85,2392.42,2390.96,2391.62,95990
1787310600,2391.62,2392.63,2389.18,2391.51,84395
1787310660,2391.5,2391.59,2389.09,2389.15,91522
1787310720,2389.15,2389.15,2375.87,2382.96,1091856
1787310780,2382.97,2383.8,2377.58,2379.91,533923
1787310840,2379.9,2386.18,2379.39,2385.99,342949
1787310900,2385.99,2386.11,2381.48,2382.5,228971
1787310960,2382.74,2383.77,2376.85,2377,370318
1787311020,2377,2381.29,2377,2380.53,198035
1787311080,2380.41,2383.43,2377.67,2377.69,200049
1787311140,2377.68,2379.32,2371.58,2374.42,664092
1787311200,2374.52,2380.89,2373.19,2377.65,394574
1787311260,2377.64,2384.64,2376.32,2383.91,326051
1787311320,2383.91,2388.16,2383.21,2387.04,244571
1787311380,2387.05,2388.56,2384.75,2385.88,161360
1787311440,2386.08,2387.15,2380.4,2383.95,380878
1787311500,2383.95,2384.64,2380.47,2384.34,187159
1787311560,2384.35,2385.84,2384.21,2384.46,206097
1787311620,2384.47,2384.71,2381,2381.52,85835
1787311680,2381.52,2385,2380.61,2384.98,85213
1787311740,2385,2385.51,2384.24,2385.51,60482
1787311800,2385.6,2386.4,2382.54,2384.09,599024
1787311860,2384.1,2384.38,2379.16,2380.44,200434
1787311920,2380.27,2380.27,2365.49,2370.27,1480251
1787311980,2370.47,2374.48,2367.63,2369.42,711911
1787312040,2369.43,2370.18,2356,2360.25,1369477
1787312100,2360.36,2369.29,2359.58,2368.09,943918
1787312160,2367.92,2372.33,2366.1,2370.68,448072
1787312220,2370.67,2375.42,2370.67,2374.9,403317
1787312280,2374.9,2378.96,2374.64,2377.32,296259
1787312340,2377.07,2377.34,2374.12,2374.12,310745
1787312400,2374.11,2377.48,2373.32,2377.04,192871
1787312460,2376.96,2377.3,2374.48,2376.7,154798
1787312520,2376.71,2376.86,2371.03,2373.23,273218
1787312580,2373.23,2373.58,2371.01,2372.69,185876
1787312640,2372.47,2374.09,2370.97,2373.14,130713
1787312700,2373.01,2376.29,2372.87,2374.88,203982
1787312760,2374.88,2375.83,2369.7,2369.85,184947
1787312820,2369.84,2370.96,2360.76,2364.79,332693
1787312880,2364.78,2367.38,2361.65,2366.95,431259
1787312940,2366.99,2368.74,2364.87,2368.73,252527
1787313000,2368.74,2371.97,2365.84,2371.62,154928
1787313060,2371.63,2372.71,2368.36,2372.71,170063
1787313120,2372.71,2374.67,2371.89,2374.64,197954
1787313180,2374.64,2376.25,2373.64,2374.08,201196
1787313240,2374.08,2376.77,2374.08,2376.49,95409
1787313300,2376.49,2376.65,2372.04,2373.38,149834
1787313360,2373.38,2374.7,2372.37,2373.13,134728
1787313420,2373.12,2375.5,2373,2374.89,76733
1787313480,2374.89,2375.2,2369.48,2371.22,148638
1787313540,2371.21,2371.22,2368.14,2370.3,199529
1787313600,2370.3,2371.47,2366.73,2367.35,168253
1787313660,2367.35,2370.28,2367.12,2369.18,123675
1787313720,2369.18,2370.9,2364.77,2368.41,205566
1787313780,2368.42,2374.6,2368.09,2372.28,214046
1787313840,2372.52,2372.75,2366.83,2369.87,186391
1787313900,2369.98,2375.28,2369.98,2375.06,135683
1787313960,2375.06,2375.87,2373.62,2375.79,154282
1787314020,2375.65,2376.85,2375.16,2376.46,179030
1787314080,2376.45,2376.97,2372.74,2373.13,105849
1787314140,2373.56,2374.2,2371.77,2372.8,52866
1787314200,2372.56,2373.59,2371.06,2371.06,84807
1787314260,2371.07,2374.44,2370.72,2374.44,79754
1787314320,2374.43,2374.69,2371.78,2373.76,99890
1787314380,2373.77,2379.66,2373.77,2379.38,181357
1787314440,2379.38,2379.74,2378.13,2378.42,172141
1787314500,2378.43,2378.57,2375.35,2376.25,97198
1787314560,2376.24,2376.24,2374.2,2374.98,91983
1787314620,2374.97,2375.52,2374.02,2375.22,90258
1787314680,2375.22,2377,2374.57,2374.78,76634
1787314740,2374.74,2375.87,2373.15,2374.56,75543
1787314800,2374.56,2375.8,2374.47,2375.18,42730
1787314860,2375.17,2376.54,2372.51,2373.3,69609
1787314920,2373.31,2375.37,2373.31,2375,67463
1787314980,2375.15,2376.32,2369.6,2370.32,197629
1787315040,2370.31,2376.27,2370.31,2375.42,194558
1787315100,2375.42,2375.42,2372.31,2373.96,86542
1787315160,2374.07,2376.21,2373.72,2375.18,51604
1787315220,2375.06,2375.53,2374.1,2374.43,56620
1787315280,2374.42,2376.32,2374.3,2375.41,51881
1787315340,2375.41,2375.41,2373.3,2374.46,59667
1787315400,2374.45,2374.74,2372.56,2374.63,54389
1787315460,2374.62,2376.06,2372.78,2376.06,43598
1787315520,2376.06,2376.29,2372.21,2375.05,50864
1787315580,2375.29,2375.67,2373.29,2374.59,50820
1787315640,2374.58,2374.95,2372.48,2374.79,53792
1787315700,2374.79,2380.83,2374.79,2380.15,223260
1787315760,2380.14,2383.71,2378.95,2381.42,306159
1787315820,2381.56,2384.45,2381.47,2383.18,262397
1787315880,2383.18,2386.55,2383.02,2384.7,257849
1787315940,2384.85,2389.69,2383.78,2388.96,413461
1787316000,2388.95,2388.95,2387.02,2387.19,488825
1787316060,2387.18,2395,2387.04,2393.33,742145
1787316120,2393.33,2393.5,2389.07,2390.73,422118
1787316180,2390.73,2394.05,2390.25,2392.93,242581
1787316240,2392.94,2394.96,2392.38,2393.48,184102
1787316300,2393.48,2393.75,2392,2392.91,193914
1787316360,2392.59,2393.39,2391.31,2391.75,205140
1787316420,2391.75,2393,2391.09,2391.56,146052
1787316480,2391.85,2393.14,2388.37,2393.14,302109
1787316540,2393.13,2394.25,2391.57,2393.75,269317
1787316600,2393.75,2396.55,2393.16,2393.35,364849
1787316660,2393.35,2393.52,2389.87,2390.1,218679
1787316720,2390.1,2391.9,2389.56,2390.39,113741
1787316780,2390.26,2390.26,2388.24,2388.55,103132
1787316840,2388.37,2388.55,2383.78,2385.62,374484
1787316900,2385.61,2389.14,2385.29,2386.41,204748
1787316960,2386.18,2386.91,2384.37,2384.63,154010
1787317020,2384.63,2386.51,2384.37,2385.49,51703
1787317080,2385.48,2387.28,2385.48,2387.28,78669
1787317140,2387.28,2388.34,2386.7,2387.6,72572
1787317200,2387.61,2388.25,2383.68,2385.58,114615
1787317260,2385.58,2385.79,2383.7,2384,82939
1787317320,2384,2385.18,2383.63,2384.53,88426
1787317380,2384.54,2385.96,2382.8,2385.47,148071
1787317440,2385.36,2389.53,2384.96,2389.53,114514
1787317500,2389.27,2389.27,2387.85,2388.48,91022
1787317560,2388.47,2392.77,2388.35,2391.82,161298
1787317620,2391.82,2393.21,2390.98,2393.21,116698
1787317680,2393.21,2395.28,2389.56,2389.99,212974
1787317740,2390,2390.71,2389.03,2389.43,89799
1787317800,2389.42,2389.42,2386.06,2386.25,84508
1787317860,2386.57,2386.57,2383.09,2386.06,136210
1787317920,2386.11,2387.36,2384.76,2385.05,71784
1787317980,2385.05,2387.2,2383.32,2386.85,571881
1787318040,2387.18,2390,2386.82,2389.77,113885
1787318100,2389.78,2390.12,2387.4,2387.82,52074
1787318160,2387.83,2388.36,2386.33,2386.58,35850
1787318220,2386.58,2386.78,2382.51,2383.81,160296
1787318280,2383.8,2385.89,2381.36,2382.03,172919
1787318340,2382.04,2385.72,2381.76,2384.9,102941
1787318400,2384.9,2384.9,2381.74,2382.56,100638
1787318460,2382.56,2384.02,2381.99,2383.09,45057
1787318520,2383.08,2383.73,2380.9,2382.75,454659
1787318580,2382.74,2383.1,2380.34,2381.38,71123
1787318640,2381.38,2383.71,2381.38,2383.53,119230
1787318700,2383.53,2386.25,2381.77,2386.06,163727
1787318760,2386.09,2388.88,2385.34,2388.04,120118
1787318820,2388.2,2390.12,2386.79,2388.84,143462
1787318880,2388.84,2389.65,2383.63,2386.26,238548
1787318940,2386.25,2386.9,2385.24,2385.29,195124
1787319000,2385.28,2385.53,2375.02,2379.59,872931
1787319060,2379.74,2380.31,2369.54,2374.66,1092330
1787319120,2374.65,2376.47,2369.53,2375.55,1218550
1787319180,2375.55,2376.6,2372.08,2374.74,462042
1787319240,2374.74,2377.66,2373.55,2374.28,462325
1787319300,2374.34,2374.8,2367,2367,804676
1787319360,2367.01,2375.5,2366.8,2375.5,671083
1787319420,2375.54,2381.13,2375.25,2380.37,620762
1787319480,2380.34,2386.54,2379.55,2384.05,403211
1787319540,2384.05,2388,2381.21,2387.83,392825
1787319600,2387.61,2392.32,2387.45,2389.91,487616
1787319660,2389.91,2392.58,2389.29,2390.82,487659
1787319720,2390.76,2397.89,2390.67,2396.26,657739
1787319780,2396.26,2396.26,2390.64,2393.89,448928
1787319840,2393.88,2394.78,2392.43,2393.91,142608
1787319900,2393.91,2398.9,2392.43,2394.38,455044
1787319960,2394.83,2395.32,2390.01,2392.97,469444
1787320020,2392.97,2397.6,2391.36,2393.13,312198
1787320080,2393.21,2400.88,2391.41,2396.44,582272
1787320140,2396.44,2401.83,2396.4,2401.73,737488
1787320200,2401.73,2406.36,2399.42,2401.34,643982
1787320260,2401.62,2402.27,2399.23,2399.31,492966
1787320320,2399.3,2399.31,2391.84,2393.29,462023
1787320380,2393.28,2396.76,2391.55,2393.17,241644
1787320440,2392.9,2393.38,2385.45,2388.36,583959
1787320500,2388.37,2389.68,2385.03,2387.34,359634
1787320560,2387.34,2389.68,2386.13,2389.68,229882
1787320620,2389.68,2392.14,2386,2386.32,426595
1787320680,2386.16,2386.16,2381.01,2383.07,507646
1787320740,2383.31,2389.21,2383.07,2386.6,220352
1787320800,2386.59,2386.86,2383.3,2383.3,195680
1787320860,2383.54,2384.86,2381.88,2382.45,148809
1787320920,2382.3,2382.96,2375,2376.61,775173
1787320980,2376.61,2379.57,2373.18,2377.48,566342
1787321040,2377.48,2377.97,2373.97,2374.59,459211
1787321100,2374.59,2381.7,2373.44,2381.06,384762
1787321160,2380.93,2385.48,2380.91,2383.56,540095
1787321220,2383.55,2383.71,2379.31,2379.98,162999
1787321280,2379.99,2384.76,2379.58,2383.66,132858
1787321340,2383.49,2384,2379.6,2380.15,88088
1787321400,2380.35,2384.6,2380.17,2384.17,91259
1787321460,2384.16,2384.99,2382.64,2384.49,107740
1787321520,2384.24,2385.77,2380.2,2380.32,372496
1787321580,2380.33,2383.07,2379.01,2379.83,115279
1787321640,2379.84,2380.27,2374.5,2378.16,242859
1787321700,2378.29,2382.89,2378.03,2382.84,148590
1787321760,2382.62,2384.51,2379.16,2382.35,133159
1787321820,2382.48,2383,2376.65,2379.01,155902
1787321880,2378.99,2379.89,2375.87,2375.87,194372
1787321940,2375.84,2376.59,2370.13,2371.02,582897
1787322000,2371.19,2371.83,2368.55,2369.49,542092
1787322060,2369.49,2372.06,2368.06,2371.04,330466
1787322120,2371.04,2381.99,2370.38,2378.71,623146
1787322180,2378.71,2378.71,2374.7,2374.81,471903
1787322240,2374.8,2382.51,2374.08,2380.43,405153
1787322300,2380.42,2383,2379.3,2382.27,373115
1787322360,2382.28,2383.75,2378.58,2383.34,278367
1787322420,2383.06,2389.51,2382.98,2388.63,702113
1787322480,2388.7,2390.27,2386.92,2388.95,310933
1787322540,2388.95,2391.55,2388.57,2391.3,353937
1787322600,2391.29,2393.39,2389.51,2393.03,400060
1787322660,2392.82,2394.99,2390,2391.92,387075
1787322720,2391.85,2395.84,2388.6,2394.68,417408
1787322780,2394.69,2396.51,2392.1,2392.1,243424
1787322840,2392.11,2393.14,2391.02,2391.02,128997
1787322900,2391.03,2392.31,2388.05,2388.28,218188
1787322960,2388.41,2392.74,2387.64,2391.34,217124
1787323020,2391.34,2391.84,2387.15,2387.16,147692
1787323080,2387.16,2387.16,2380.79,2382.52,395136
1787323140,2382.67,2385.07,2376.39,2378.31,561099
1787323200,2378.31,2381.55,2377.26,2379.38,305379
1787323260,2379.53,2381.25,2378,2379.93,142790
1787323320,2379.91,2381.36,2379.25,2380.72,84466
1787323380,2380.73,2383.83,2380.44,2383.79,133797
1787323440,2383.78,2385.36,2382.11,2384.85,124090
1787323500,2384.84,2388.67,2384.62,2387.44,144198
1787323560,2387.45,2389.87,2386.6,2389.08,108007
1787323620,2389.29,2390.94,2388.6,2388.74,187995
1787323680,2388.74,2389.68,2386.81,2387.79,142747
1787323740,2387.79,2389.99,2387.53,2389.38,106340
1787323800,2389.21,2391.69,2389.2,2391.68,131956
1787323860,2391.67,2391.73,2389.68,2390.28,199112
1787323920,2390.55,2391.26,2388.35,2390.2,80916
1787323980,2390.21,2390.21,2387.79,2388.25,90847
1787324040,2388.24,2389.57,2386.63,2387.41,82160
1787324100,2387.4,2388.78,2386.65,2388.33,88622
1787324160,2388.19,2392.2,2388.1,2391.81,73494
1787324220,2391.81,2392.21,2389.31,2390.88,58790
1787324280,2390.62,2391.32,2390.06,2391.31,46308
1787324340,2391.31,2392.94,2391.3,2392.23,80137
1787324400,2392.23,2393,2390.19,2391.99,119825
1787324460,2392,2393.29,2390,2391.02,98387
1787324520,2391.02,2393,2389.83,2392.27,75464
1787324580,2392.26,2393,2391.5,2392.57,59538
1787324640,2392.58,2395.9,2392.58,2393.99,298243
1787324700,2393.99,2399.39,2392.22,2398.48,395021
1787324760,2398.66,2401.8,2398.06,2398.33,517673
1787324820,2398.34,2398.45,2393.9,2396.51,413550
1787324880,2396.51,2398.73,2396.5,2398.22,207399
1787324940,2398.22,2401.22,2396.94,2400.95,371976
1787325000,2400.95,2401.7,2398.23,2398.23,143176
1787325060,2398.39,2400.2,2396.72,2397.89,105172
1787325120,2397.89,2398.16,2395.2,2395.52,95624
1787325180,2395.52,2399.02,2395.52,2399.02,98242
1787325240,2398.79,2404.98,2397.79,2401.2,270219
1787325300,2401.2,2407.77,2400.36,2403.75,468205
1787325360,2403.82,2404.41,2400.28,2400.53,175103
1787325420,2400.6,2400.94,2397.02,2398.09,168152
1787325480,2398.09,2399.6,2395.2,2398.77,119165
1787325540,2398.76,2399.97,2397.78,2399.74,64405
1787325600,2399.98,2400.78,2398.21,2398.21,61319
1787325660,2398.21,2398.44,2395.51,2396.93,194984
1787325720,2396.73,2401.51,2396.11,2401.09,110411
1787325780,2401.08,2402.56,2399.77,2400.92,81959
1787325840,2400.68,2400.82,2398.19,2398.5,85063
1787325900,2398.5,2400.75,2398.06,2400.58,67717
1787325960,2400.58,2401.01,2398.07,2400.5,55661
1787326020,2400.5,2402.28,2398.42,2399.43,36468
1787326080,2399.53,2401.54,2399.5,2399.61,67378
1787326140,2399.61,2399.79,2396.32,2397.21,83266
1787326200,2397.06,2399.43,2396,2399.41,98527
1787326260,2399.41,2400.38,2398.62,2399.76,68158
1787326320,2399.76,2401,2399.2,2400.72,58280
1787326380,2400.71,2401.6,2397.32,2397.67,95585
1787326440,2397.66,2398.97,2394.22,2395.27,264144
1787326500,2395.28,2397.17,2392.64,2393.69,146278
1787326560,2393.75,2397.44,2393.75,2396.76,100330
1787326620,2396.75,2398.31,2393.8,2394.72,60764
1787326680,2394.72,2399.76,2394.71,2399.66,49194
1787326740,2399.65,2400.16,2397.63,2398.98,75961
1787326800,2398.85,2399.7,2398.59,2399.51,24893
1787326860,2399.31,2401.99,2399.22,2400.84,76627
1787326920,2400.72,2401.44,2399.86,2401.09,48622
1787326980,2401.08,2401.08,2398,2398.96,62406
1787327040,2398.96,2399.25,2397.66,2398.7,41685
1787327100,2398.71,2400,2398.66,2399.16,93351
1787327160,2399.15,2400.46,2399.15,2399.95,119134
1787327220,2399.81,2400.08,2396.51,2398.31,70387
1787327280,2398.17,2398.86,2397.23,2398.05,53974
1787327340,2397.95,2401.16,2397.66,2397.66,61712
1787327400,2397.66,2400.32,2396.28,2400.31,65820
1787327460,2400.19,2402.06,2397.77,2401.69,64577
1787327520,2401.69,2401.79,2399.07,2400.01,43853
1787327580,2400.02,2400.58,2396.35,2397.26,147026
1787327640,2397.23,2398.09,2394.81,2395.02,322536
1787327700,2395.03,2396.15,2392.43,2393.07,282082
1787327760,2393.06,2393.74,2392.54,2393.39,147408
1787327820,2393.22,2395,2392.86,2393.42,99693
1787327880,2393.42,2394,2392.61,2393.85,52364
1787327940,2393.84,2394,2391,2392.15,88418
1787328000,2392.15,2395.57,2392.15,2394.97,174208
1787328060,2394.97,2396,2392,2392.6,87725
1787328120,2392.74,2393.28,2389.18,2391.76,267460
1787328180,2391.97,2392.96,2388.14,2389.6,253999
1787328240,2389.59,2391.37,2388.24,2389.56,129998
1787328300,2389.57,2390.9,2388,2389.26,117391
1787328360,2389.26,2389.75,2386.78,2387.38,128770
1787328420,2387.38,2388.49,2383.39,2384.92,366944
1787328480,2384.93,2388.28,2383.33,2386.73,277403
1787328540,2386.74,2389.05,2385.56,2386.16,357690
1787328600,2386.06,2392,2385.55,2391.86,275998
1787328660,2391.85,2391.85,2387.73,2387.73,198532
1787328720,2387.89,2390.71,2387.83,2389.44,149717
1787328780,2389.07,2389.8,2382.98,2383.39,357253
1787328840,2383.39,2385.27,2382.82,2383.42,122927
1787328900,2383.42,2388.32,2382.47,2388,253772
1787328960,2388.01,2389.84,2386.93,2389.1,197631
1787329020,2389.33,2398,2389.03,2397.1,420907
1787329080,2397.43,2401.2,2394.03,2394.9,365567
1787329140,2394.91,2396.38,2393.66,2394.05,160326
1787329200,2394.04,2394.04,2392.15,2393.12,99798
1787329260,2393.13,2399.16,2392.86,2394.15,347180
1787329320,2394.2,2395.72,2393.7,2394.31,133177
1787329380,2394.31,2396.45,2394.24,2396.35,45320
1787329440,2396.35,2396.65,2394.97,2395.12,45237
1787329500,2395.11,2396.96,2394.14,2394.73,42206
1787329560,2394.72,2394.8,2393.3,2394.58,45636
1787329620,2394.73,2399,2394.73,2398.43,68740
1787329680,2398.44,2400.21,2398.44,2399.8,112795
1787329740,2399.89,2401.96,2398.19,2401.49,177578
1787329800,2401.49,2401.5,2398.75,2399.2,210343
1787329860,2399.44,2399.44,2397.25,2398.32,64272
1787329920,2398.33,2400.35,2397.95,2399.68,139345
1787329980,2399.67,2400.96,2397.51,2399.63,62342
1787330040,2399.85,2401.97,2399.56,2400.84,73478
1787330100,2400.84,2401.4,2398.69,2399.94,69738
1787330160,2400.04,2401.59,2398.71,2400.72,68362
1787330220,2401.04,2401.49,2399.02,2400.51,133013
1787330280,2400.51,2400.73,2398.25,2399.26,29412
1787330340,2399.66,2401.23,2399.23,2400.11,38263
1787330400,2400.11,2400.35,2398.05,2398.82,44271
1787330460,2398.83,2400.49,2398.8,2400.48,67123
1787330520,2400.49,2400.99,2398,2398.22,68980
1787330580,2398.21,2400,2398.01,2399.86,63296
1787330640,2399.85,2400.59,2399.43,2399.88,41723
1787330700,2399.87,2400.75,2399.44,2400.49,56435
1787330760,2400.49,2404.16,2400.11,2402.4,152744
1787330820,2402.4,2403.92,2401.66,2403.28,59816
1787330880,2403.41,2405.65,2403.1,2405.54,213318
1787330940,2405.55,2409.82,2404,2407.19,560128
1787331000,2407.19,2408.63,2406.44,2407.91,240347
1787331060,2407.91,2412,2406.36,2410.4,681123
1787331120,2410.27,2411.47,2407.6,2409.42,267529
1787331180,2409.43,2409.83,2406.09,2407.83,170697
1787331240,2407.83,2411.8,2407.21,2408.27,219633
1787331300,2408.27,2408.27,2405.3,2405.4,170087
1787331360,2405.5,2408.05,2405.5,2405.77,67089
1787331420,2405.75,2406.59,2404.33,2406.58,73669
1787331480,2406.58,2407.53,2405.96,2406.54,51418
1787331540,2406.54,2406.66,2404.28,2404.42,65029
1787331600,2404.42,2406.04,2402.8,2405.67,103755
1787331660,2405.68,2405.68,2403.51,2404.98,62787
1787331720,2404.86,2409.76,2404.86,2406.72,129501
1787331780,2406.56,2407.66,2405.77,2405.99,56999
1787331840,2405.99,2407.12,2404.7,2406.55,46076
1787331900,2406.54,2407.64,2405.79,2407.38,38995
1787331960,2407.38,2409.21,2407.01,2408.45,87649
1787332020,2408.22,2414.48,2408.22,2411.54,335784
1787332080,2411.79,2421.06,2411.51,2418.51,995289
1787332140,2418.52,2420.51,2413.27,2414.34,846932
1787332200,2414.35,2417.16,2414.34,2416.23,431642
1787332260,2416.23,2418,2414.61,2415.61,156608
1787332320,2415.39,2415.53,2410.66,2412.12,220505
1787332380,2412.12,2413.32,2410.82,2413.27,122677
1787332440,2413.28,2415,2413.09,2414.4,68735
1787332500,2414.4,2414.4,2411.5,2411.86,142729
1787332560,2411.87,2414.11,2407,2408.45,178996
1787332620,2408.54,2413.99,2407.46,2413.99,278504
1787332680,2413.99,2414.02,2410.88,2412.99,199376
1787332740,2412.74,2412.74,2408.37,2408.61,148300
1787332800,2408.62,2408.62,2404.82,2406.66,197770
1787332860,2406.65,2408.99,2406.65,2407.7,83811
1787332920,2407.7,2408.05,2404.3,2404.46,100935
1787332980,2404.45,2406.46,2403.84,2405.32,105425
1787333040,2405.32,2405.78,2402.15,2402.8,147099
1787333100,2402.96,2405.69,2401.08,2401.08,225499
1787333160,2401.03,2409,2400.75,2408.5,166880
1787333220,2408.27,2413.27,2407.7,2413.1,208505
1787333280,2413.1,2415.51,2410.7,2412.66,261923
1787333340,2412.69,2414.88,2411.81,2414.87,157141
1787333400,2414.87,2418.39,2413.56,2418.39,171097
1787333460,2418.25,2418.52,2412.94,2414.66,124150
1787333520,2414.76,2420.88,2414.72,2418.06,274686
1787333580,2417.92,2419.76,2416.25,2418.4,176802
1787333640,2418.65,2419.56,2417.52,2419.56,126391
1787333700,2419.56,2420.26,2417.65,2418.77,213530
1787333760,2418.77,2418.77,2415.2,2415.94,149955
1787333820,2415.93,2419.87,2415.3,2418.49,125827
1787333880,2418.5,2421.43,2417.63,2419.92,200932
1787333940,2419.92,2422.2,2419.44,2421.89,252879
1787334000,2421.89,2425,2421.16,2423.4,464697
1787334060,2423.4,2424.36,2420.5,2424.21,267283
1787334120,2423.95,2423.95,2418,2418.6,257545
1787334180,2418.36,2420.44,2416.64,2419.63,176631
1787334240,2419.39,2419.83,2417.17,2418.39,128098
1787334300,2418.49,2418.81,2415.2,2415.51,118634
1787334360,2415.52,2417.99,2415.22,2416.98,118448
1787334420,2416.98,2422.85,2416.98,2422.47,113425
1787334480,2422.7,2426.3,2422.07,2424.57,284006
1787334540,2424.57,2424.57,2421.84,2422.56,184276
1787334600,2422.57,2424.47,2422,2424.21,52812
1787334660,2424.22,2424.22,2421.82,2422.56,77484
1787334720,2422.24,2423.9,2421.8,2422.7,68785
1787334780,2422.7,2423.99,2421.03,2423.72,64081
1787334840,2423.72,2423.72,2420.6,2421.13,73155
1787334900,2420.99,2423.23,2420.77,2422.72,80574
1787334960,2422.63,2424.36,2422.49,2424.22,91347
1787335020,2424.22,2425.67,2423.5,2424.37,83727
1787335080,2424.36,2425.73,2422.19,2423.71,107452
1787335140,2423.72,2424.66,2421.29,2421.99,124978
1787335200,2422,2423.4,2421.48,2422.94,88269
1787335260,2423.1,2423.42,2421.35,2422.43,91414
1787335320,2422.44,2424.54,2421.31,2423.87,70505
1787335380,2423.57,2425.2,2423.47,2424.5,110764
1787335440,2424.5,2424.5,2423.04,2424.03,72238
1787335500,2424.03,2424.6,2422.06,2422.81,63624
1787335560,2422.81,2425.2,2422.28,2424.75,73584
1787335620,2424.75,2425.66,2422.96,2424.68,53273
1787335680,2424.68,2425.77,2420.67,2420.67,116945
1787335740,2420.57,2422.2,2419.09,2419.28,133832
1787335800,2419.28,2419.9,2418.88,2419,153390
1787335860,2419.01,2420.52,2415.37,2419.56,341721
1787335920,2419.57,2420.54,2418.05,2420.39,176982
1787335980,2420.39,2423.63,2420.38,2423.01,60119
1787336040,2423.01,2423.16,2420.44,2420.52,35224
1787336100,2420.53,2424.64,2420.29,2424.25,67735
1787336160,2423.98,2425.8,2422.63,2423.54,96933
1787336220,2423.55,2423.77,2421.12,2421.28,53026
1787336280,2421.28,2422.67,2421.12,2422.25,66742
1787336340,2422.25,2426,2422.25,2426,182250
1787336400,2426,2430.28,2425.02,2429.17,525459
1787336460,2429.17,2430.94,2427.03,2427.03,230567
1787336520,2427.02,2427.96,2425.28,2427.8,170265
1787336580,2427.81,2427.81,2425.94,2425.97,81262
1787336640,2425.97,2427.09,2425.03,2425.03,80351
1787336700,2425.02,2425.94,2424.05,2424.19,96420
1787336760,2424.19,2426.57,2422.06,2425.42,113956
1787336820,2425.43,2425.56,2422.97,2423.38,67061
1787336880,2423.39,2425.3,2422.77,2423.04,83851
1787336940,2423.01,2425.41,2422.44,2423.17,92566
1787337000,2423.17,2423.52,2420.72,2421.11,118826
1787337060,2421.09,2424.91,2421.09,2424.59,122744
1787337120,2424.59,2425.33,2422.6,2422.74,64677
1787337180,2422.6,2423.52,2420.84,2423.47,82355
1787337240,2423.48,2424.95,2423.48,2424.03,58123
1787337300,2423.89,2424.03,2420.57,2421.2,70458
1787337360,2420.71,2420.8,2416.27,2416.78,213582
1787337420,2416.53,2418.37,2416.25,2417.32,128791
1787337480,2417.53,2418.12,2415.49,2415.83,121755
1787337540,2415.97,2420.91,2415.75,2420.27,113301
1787337600,2420.66,2421.14,2418.68,2418.8,80783
1787337660,2418.79,2418.79,2415.8,2416.05,93694
1787337720,2416.05,2416.32,2411.49,2413.55,253201
1787337780,2413.35,2413.67,2408.18,2410.06,493286
1787337840,2410.05,2410.97,2405.11,2407.37,452568
1787337900,2407.38,2407.46,2395.79,2400.02,896081
1787337960,2400.46,2403.28,2398.72,2402.98,449348
1787338020,2402.98,2403.2,2399.87,2402.98,179593
1787338080,2403,2403,2399.41,2400.83,241918
1787338140,2400.68,2400.68,2394.25,2396.45,409497
1787338200,2396.46,2400.94,2396.46,2399.52,239945
1787338260,2399.58,2404.93,2399.55,2404.87,270536
1787338320,2404.61,2408.28,2403.54,2407.76,358591
1787338380,2407.6,2409.45,2403.62,2405.77,301895
1787338440,2405.76,2407.13,2404.97,2407.13,106616
1787338500,2407.12,2409.68,2405.82,2409.12,81021
1787338560,2409.11,2413.68,2409.06,2413.4,175997
1787338620,2413.41,2414.57,2412.81,2413.93,148025
1787338680,2413.97,2419.92,2413.36,2419.92,243654
1787338740,2419.92,2420.97,2418.45,2418.85,267411
1787338800,2418.86,2419.73,2414.54,2414.76,222573
1787338860,2414.76,2417.4,2414.46,2415.78,150651
1787338920,2415.79,2416.26,2414.36,2414.67,73273
1787338980,2414.67,2415.13,2407.27,2407.28,219975
1787339040,2407.29,2408.04,2405.85,2406.65,148200
1787339100,2406.64,2411.27,2406.64,2410,164812
1787339160,2410.13,2410.13,2406.77,2407.24,105281
1787339220,2407.25,2408.35,2405.86,2407.77,50984
1787339280,2407.56,2412.47,2407.45,2412.11,91992
1787339340,2412.23,2412.74,2411.47,2411.84,32689
1787339400,2411.64,2411.64,2409.43,2411.17,52882
1787339460,2411.17,2412.2,2410.7,2412.2,40941
1787339520,2412.19,2414.32,2412.1,2413.89,73482
1787339580,2413.76,2413.76,2412,2412.92,22737
1787339640,2413.1,2414.28,2413.02,2414.06,17844
1787339700,2414.05,2414.05,2410.66,2411.24,49401
1787339760,2411.24,2411.68,2408.06,2408.74,82012
1787339820,2408.74,2408.99,2406.39,2408.03,104825
1787339880,2408.14,2410.08,2408.14,2409.68,47686
1787339940,2409.64,2410.99,2408.88,2410.9,30548
1787340000,2410.7,2410.92,2408.34,2410.92,39002
1787340060,2410.93,2411.33,2408.31,2409.45,46448
1787340120,2409.45,2411.93,2409.45,2411.53,54954
1787340180,2411.52,2412.35,2411.12,2411.63,27727
1787340240,2411.51,2414.28,2411.51,2412.78,53304
1787340300,2412.71,2415.52,2412.71,2415.17,81944
1787340360,2415.18,2416.92,2415.18,2415.55,89563
1787340420,2415.54,2417.95,2415.38,2417.95,41652
1787340480,2418,2418.4,2416.27,2417.16,88321
1787340540,2416.89,2417.86,2416.54,2417.06,81680
1787340600,2417.05,2419.39,2416.32,2416.53,89255
1787340660,2416.52,2417.63,2414.45,2416.28,78416
1787340720,2416.42,2417.16,2415.04,2415.22,30104
1787340780,2415.18,2416.71,2415.04,2415.95,83311
1787340840,2415.95,2415.95,2413.7,2413.98,55610
1787340900,2413.82,2415.24,2413.8,2415.23,67975
1787340960,2415.23,2415.24,2412.37,2413.97,55879
1787341020,2413.96,2416.92,2413.8,2416.7,50443
1787341080,2416.7,2418.79,2416.43,2418.79,70129
1787341140,2418.65,2418.74,2416.49,2416.62,26096
1787341200,2416.61,2416.61,2412.94,2414.23,73533
1787341260,2414.23,2416.81,2414.22,2416.05,40252
1787341320,2416.44,2417.35,2414.83,2414.97,25422
1787341380,2414.96,2416.38,2414.24,2415.12,36860
1787341440,2415.49,2416.2,2413.77,2416.19,35828
1787341500,2415.99,2417.31,2415.24,2416.36,27412
1787341560,2416.36,2416.66,2413.03,2413.98,58468
1787341620,2413.99,2417.02,2413.2,2415.82,54423
1787341680,2415.96,2417.01,2414.56,2416.37,38228
1787341740,2416.37,2417.39,2415.74,2417.13,21033
1787341800,2417.12,2417.12,2413.78,2414.72,39600
1787341860,2414.72,2416,2413.2,2415.18,41920
1787341920,2415.17,2415.59,2414.35,2414.4,24460
1787341980,2414.57,2414.83,2412.34,2412.59,40063
1787342040,2412.81,2414.78,2412.28,2414.05,24493
1787342100,2414.04,2414.6,2412.51,2413.81,54110
1787342160,2413.8,2414.68,2412.41,2414.67,47227
1787342220,2414.68,2414.68,2412.86,2413.06,24667
1787342280,2413.05,2413.27,2411.61,2412.43,79043
1787342340,2412.43,2413.21,2411.37,2412.21,107908
1787342400,2412.31,2413.77,2407.87,2411.72,232062
1787342460,2411.76,2412,2407.28,2408.44,147940
1787342520,2408.65,2414.29,2408.65,2414.06,126593
1787342580,2414.22,2417.55,2414.03,2416.31,118185
1787342640,2416.3,2426,2413.47,2425.5,350607
1787342700,2425.5,2425.78,2419.5,2419.71,278715
1787342760,2419.71,2420.69,2418.53,2419.61,131561
1787342820,2419.61,2423.25,2418.8,2422.31,136880
1787342880,2422.31,2428.44,2420.66,2426.31,194098
1787342940,2426.38,2430,2424.38,2426.61,303813
1787343000,2426.61,2429.17,2423.5,2427.29,195846
1787343060,2427.28,2427.28,2424.36,2424.37,71572
1787343120,2424.36,2426.86,2424.16,2426.86,39565
1787343180,2426.86,2427.41,2424.82,2424.84,70672
1787343240,2424.94,2425.13,2423.61,2424.53,48018
1787343300,2424.55,2427.25,2424.29,2427.25,66654
1787343360,2427.35,2429.92,2426.62,2428.47,130316
1787343420,2428.46,2433.48,2428.46,2431.26,318655
1787343480,2431.26,2431.65,2426.25,2427.49,171112
1787343540,2427.49,2431.26,2427.49,2429.77,128657
1787343600,2429.92,2430.82,2429.03,2430.49,62455
1787343660,2430.24,2438.75,2430.24,2437.06,388682
1787343720,2437.05,2438.16,2432.33,2433.95,388834
1787343780,2433.96,2434.9,2430.5,2434.61,221667
1787343840,2434.65,2447,2434.33,2442.67,1322014
1787343900,2442.66,2443.47,2437.41,2439.35,516788
1787343960,2439.35,2439.61,2437.6,2437.6,168362
1787344020,2437.61,2446.67,2435.05,2445.76,320676
1787344080,2445.38,2445.51,2439.06,2440.3,272769
1787344140,2440.3,2444.3,2438.38,2444.19,256672
1787344200,2444.19,2444.2,2440.32,2441,221467
1787344260,2441,2442.99,2440.44,2441.93,128343
1787344320,2441.93,2441.93,2437.96,2439.91,141605
1787344380,2439.62,2440.79,2436.56,2436.76,132336
1787344440,2437.2,2437.99,2436.11,2437.56,80939
1787344500,2437.25,2437.46,2433.89,2434.62,119847
1787344560,2434.78,2440,2434.62,2439.99,90102
1787344620,2439.99,2441.58,2435.89,2436.01,177151
1787344680,2436.02,2436.02,2432.03,2432.28,122229
1787344740,2432.4,2434.65,2431.66,2432.81,103013
1787344800,2432.95,2437.57,2432.95,2437.11,84617
1787344860,2437.34,2438,2436.03,2436.8,64544
1787344920,2436.8,2437.75,2435.58,2436.99,49210
1787344980,2436.82,2437.77,2435.24,2436.93,78805
1787345040,2436.92,2438.54,2436.29,2436.29,70509
1787345100,2436.21,2436.58,2432.06,2433.51,74408
1787345160,2433.51,2434.06,2429.01,2430.99,188500
1787345220,2430.98,2431.6,2428.77,2430.78,155162
1787345280,2430.77,2432.4,2426,2432.39,105385
1787345340,2432.4,2433.6,2431.14,2433.34,84232
1787345400,2433.33,2437.92,2432.48,2437.72,109952
1787345460,2437.86,2443.95,2437.7,2442.33,175254
1787345520,2442.33,2442.33,2438.35,2439.98,86309
1787345580,2439.98,2441.1,2439.03,2440.23,76365
1787345640,2440.23,2440.4,2437.92,2438.11,44872
1787345700,2438.12,2440.46,2438.11,2439.05,74122
1787345760,2438.91,2439.52,2436.93,2438.3,32576
1787345820,2438.13,2438.99,2437.53,2438.97,21791
1787345880,2438.84,2440.45,2438.21,2439.81,39506
1787345940,2439.68,2440,2438.63,2439.76,21271
1787346000,2439.77,2440.52,2438.58,2438.98,45173
1787346060,2438.74,2440.69,2438.19,2440.36,70838
1787346120,2440.37,2440.37,2438.29,2438.66,35067
1787346180,2438.29,2439.72,2438.07,2438.99,30704
1787346240,2438.77,2440,2438.27,2439.31,25453
1787346300,2439.2,2439.45,2437.29,2438.39,61824
1787346360,2438.39,2439.1,2435.54,2435.75,42089
1787346420,2435.55,2436.57,2433.2,2435.55,53725
1787346480,2435.68,2436.34,2434.07,2434.93,48084
1787346540,2434.93,2436.25,2434.56,2435.67,25005
1787346600,2435.88,2440.76,2435.1,2440.75,73538
1787346660,2440.75,2456,2439.6,2447.95,1084852
1787346720,2447.95,2460.85,2446.19,2446.32,1664766
1787346780,2446.32,2454.55,2446.32,2451.72,641310
1787346840,2451.72,2453.72,2448.45,2448.71,213349
1787346900,2448.49,2449.36,2443.46,2449.06,473484
1787346960,2449.07,2452.15,2447.58,2450.57,175009
1787347020,2450.56,2454.96,2449.9,2452.11,180634
1787347080,2452.11,2456.06,2452.11,2455.24,199202
1787347140,2455.24,2456.64,2453.37,2455.65,135648
1787347200,2455.64,2456.59,2448,2453.3,287865
1787347260,2453.29,2454.74,2452.68,2453.36,135129
1787347320,2453.24,2457.18,2451.92,2457.02,102908
1787347380,2457.02,2475,2455.09,2465.74,1328828
1787347440,2465.74,2483.88,2465.36,2482.86,1552276
1787347500,2482.85,2482.85,2473.34,2475.57,912443
1787347560,2475.38,2478.81,2472.68,2474.47,473471
1787347620,2474.57,2486.84,2473.2,2480.41,530943
1787347680,2480.41,2480.41,2480.41,2480.41,0
1787347740,2480.41,2480.41,2480.41,2480.41,0
1787347800,2480.41,2480.41,2480.41,2480.41,0
1787347860,2480.41,2480.41,2480.41,2480.41,0
1787347920,2480.81,2483.99,2475.91,2481.81,240990
1787347980,2481.77,2498.2,2481.77,2492.77,896146
1787348040,2492.41,2496.18,2488.36,2491.66,453494
1787348100,2491.65,2494.59,2485.08,2486.3,276420
1787348160,2486.17,2486.64,2476.96,2479.57,447586
1787348220,2479.58,2483,2477.53,2479.52,233568
1787348280,2479.52,2482.05,2476.41,2477.3,174827
1787348340,2477.09,2479.71,2476.01,2477.51,181643
1787348400,2477.38,2482.79,2476.18,2479.94,156907
1787348460,2479.94,2483,2479.92,2481.05,95506
1787348520,2481.05,2482.7,2479.92,2482.37,71056
1787348580,2482.36,2486,2481.72,2483.02,128039
1787348640,2483.01,2485.62,2482.92,2484.71,148150
1787348700,2484.86,2495.99,2484.82,2493.52,271694
1787348760,2493.31,2493.62,2486.57,2487.11,256865
1787348820,2487.11,2487.42,2482.5,2483.08,144950
1787348880,2483.21,2488.57,2482.95,2485.71,134571
1787348940,2485.71,2491.9,2485.07,2490,147913
1787349000,2490.08,2490.08,2486.01,2489.77,75152
1787349060,2489.77,2490.48,2486.24,2490.47,77698
1787349120,2490.48,2511.83,2490.48,2510.33,1734061
1787349180,2510.1,2510.76,2502.06,2507.93,940526
1787349240,2507.93,2522.27,2506.28,2520.88,907732
1787349300,2520.89,2522.69,2509.54,2511.89,1032922
1787349360,2511.89,2514.38,2506.8,2508.97,504062
1787349420,2508.96,2516.28,2508.22,2513.45,415053
1787349480,2513.48,2518.64,2511.33,2511.55,244921
1787349540,2511.55,2516.34,2510.41,2513.24,261085
1787349600,2513.23,2518.88,2512.64,2515.29,310783
1787349660,2515.28,2515.28,2507.24,2508.44,344448
1787349720,2508.17,2521.97,2506.9,2520.76,418586
1787349780,2520.76,2536.32,2520.43,2531.31,1296449
1787349840,2531.31,2533.15,2524.13,2528.18,994569
1787349900,2528.06,2529.77,2524.09,2528.63,421321
1787349960,2528.63,2532.99,2525.6,2529.52,422181
1787350020,2529.65,2547,2529.65,2540.29,1260807
1787350080,2540.05,2541.46,2535.15,2536.48,851358
1787350140,2536.69,2548.64,2534.64,2542.93,672895
1787350200,2542.94,2544.61,2531.71,2534.92,610868
1787350260,2534.92,2541.77,2533.77,2540.02,432320
1787350320,2540.03,2546.44,2539.19,2544.06,326074
1787350380,2544.06,2545,2539.56,2543.19,362025
1787350440,2543.19,2545,2538.52,2542.21,238347
1787350500,2542.51,2542.51,2533.69,2538.83,398126
1787350560,2538.83,2540.05,2528.37,2539.04,732373
1787350620,2539.04,2544.46,2532.01,2541.94,583011
1787350680,2541.94,2543.72,2540.07,2542.23,209243
1787350740,2541.87,2542.57,2537.57,2542.25,196659
1787350800,2542.25,2542.25,2533.07,2535.45,180765
1787350860,2535.5,2536,2529.82,2535.65,226986
1787350920,2535.41,2538.17,2532.06,2537.54,242672
1787350980,2537.54,2538.24,2531.11,2531.63,182984
1787351040,2531.36,2535.54,2530.55,2531.11,135439
1787351100,2530.82,2532.99,2528.71,2532.34,144268
1787351160,2532.35,2535.99,2531.8,2535.96,411119
1787351220,2535.96,2535.96,2532.68,2534.28,166756
1787351280,2534.16,2534.31,2530.55,2533.09,129209
1787351340,2533.08,2533.53,2529.45,2533.52,118009
1787351400,2533.53,2535.59,2518.88,2520.08,582719
1787351460,2519.8,2520.45,2510.22,2516.32,959703
1787351520,2516.32,2520.31,2511.1,2519.87,582113
1787351580,2519.6,2524.99,2518.21,2523.89,438618
1787351640,2523.88,2525.94,2522.04,2522.68,234646
1787351700,2522.69,2525.35,2520.01,2523.74,247952
1787351760,2523.73,2531.17,2523.49,2529.69,277967
1787351820,2529.54,2533.12,2529.02,2531.39,207542
1787351880,2531.4,2534.46,2529.4,2530.41,278030
1787351940,2530.4,2533.02,2529.02,2529.72,205263
1787352000,2530,2531.86,2528.8,2530.75,116653
1787352060,2530.7,2533,2528.36,2529.8,146132
1787352120,2529.8,2533.83,2527.45,2531.37,125691
1787352180,2531.3,2533.4,2526.53,2526.81,141323
1787352240,2527.1,2530.96,2527.1,2528.86,127365
1787352300,2528.55,2528.86,2522.12,2522.95,198064
1787352360,2522.95,2526.48,2518.92,2525.05,320492
1787352420,2524.56,2526.46,2524.23,2525.04,116213
1787352480,2525.08,2525.08,2520.44,2521.74,113526
1787352540,2521.74,2521.74,2517.05,2518.66,128769
1787352600,2518.52,2519.55,2513.92,2517.48,225223
1787352660,2517.47,2525.53,2517.18,2523.63,372948
1787352720,2523.47,2528.16,2522.54,2525.24,211286
1787352780,2525.24,2529.56,2525.07,2525.63,127428
1787352840,2525.78,2526.88,2523.4,2524.19,56089
1787352900,2524.19,2525.76,2522.53,2525.75,73032
1787352960,2525.76,2527.45,2522.96,2526.65,72148
1787353020,2526.75,2527.53,2524.32,2525.07,55991
1787353080,2525.09,2525.95,2519.03,2520.26,105336
1787353140,2520.41,2522.63,2519.77,2521.62,82558
1787353200,2521.65,2523.01,2516.48,2516.48,146820
1787353260,2516.39,2521.92,2515.77,2519.79,151146
1787353320,2519.78,2520.96,2517.46,2520.45,96215
1787353380,2520.45,2525.35,2520.16,2523.35,131075
1787353440,2523.22,2525.5,2514.61,2517.78,260545
1787353500,2517.74,2518.73,2515.98,2517.45,177386
1787353560,2517.46,2518.73,2516.42,2518.56,74664
1787353620,2518.56,2521.85,2518.48,2520.57,90992
1787353680,2520.41,2520.98,2517.54,2519.6,94999
1787353740,2519.6,2522.75,2518.01,2519.69,183572
1787353800,2519.69,2523.76,2519.16,2522.48,107701
1787353860,2522.48,2526.49,2522.48,2524.85,150189
1787353920,2524.87,2525.11,2521.54,2522.4,90696
1787353980,2522.49,2523.07,2520.75,2520.85,79331
1787354040,2520.85,2524.55,2520.28,2523.38,63047
1787354100,2523.69,2527.6,2523.17,2527.11,144886
1787354160,2526.81,2534.35,2526.13,2530.25,360515
1787354220,2530.26,2536.3,2530.11,2535.77,442292
1787354280,2535.76,2538,2532.55,2534.63,246176
1787354340,2534.63,2535.44,2533,2534.72,139348
1787354400,2534.67,2542.3,2534.29,2535.65,614067
1787354460,2535.61,2539.36,2533.44,2538.18,413264
1787354520,2538.19,2546.88,2537.59,2542.84,379222
1787354580,2542.85,2543.24,2536.01,2536.92,289493
1787354640,2536.98,2537.12,2532.73,2536.19,439644
1787354700,2536.19,2537.33,2532.78,2533.83,151638
1787354760,2533.68,2536.32,2532.3,2532.82,126379
1787354820,2532.82,2532.82,2525.42,2526.28,253931
1787354880,2526.28,2527.34,2521.49,2526.18,263486
1787354940,2525.95,2527.92,2525.09,2525.16,168182
1787355000,2525.32,2528.71,2521.26,2522.92,212129
1787355060,2522.81,2528.22,2522.73,2525.97,98157
1787355120,2525.97,2531,2524.69,2527.91,171981
1787355180,2527.91,2528.58,2525.48,2525.89,59497
1787355240,2525.45,2525.45,2522.17,2524.8,107013
1787355300,2524.84,2524.95,2521.35,2522.74,69726
1787355360,2522.75,2522.91,2519.64,2520.33,131499
1787355420,2520.32,2521.48,2518.12,2518.9,132806
1787355480,2518.9,2519.99,2516.29,2516.66,104999
1787355540,2516.66,2520,2515.68,2516.47,220987
1787355600,2516.33,2519.77,2512.16,2516.43,242808
1787355660,2516.44,2518.2,2515.71,2516.21,188059
1787355720,2516.09,2516.09,2511.91,2514.69,159935
1787355780,2514.61,2524.16,2514.02,2522.22,213189
1787355840,2522.14,2524.86,2521.89,2523.19,133858
1787355900,2523.19,2524.95,2521.18,2521.87,116062
1787355960,2521.98,2523.25,2520.74,2521.01,62651
1787356020,2520.9,2520.9,2516.76,2517.63,102723
1787356080,2517.64,2520.46,2517.52,2520.14,64076
1787356140,2520.14,2522.29,2520,2520.5,49725
1787356200,2520.64,2520.64,2510.01,2510.75,325237
1787356260,2510.86,2514.88,2508,2514.43,378694
1787356320,2514.57,2515.83,2513.99,2515.21,137066
1787356380,2515.21,2515.93,2514,2515.09,62171
1787356440,2515.09,2515.44,2512.57,2514.13,120083
1787356500,2513.89,2513.89,2512,2512.49,61822
1787356560,2512.49,2513.64,2511.02,2512.5,88462
1787356620,2512.65,2516.89,2512.65,2514.6,83664
1787356680,2514.59,2516.05,2513.94,2515.66,89392
1787356740,2515.67,2516.05,2514.29,2515.51,28806
1787356800,2515.93,2516.65,2512.24,2513.64,85847
1787356860,2513.7,2520.7,2513.52,2520.7,139821
1787356920,2520.69,2522.75,2519.32,2519.57,162519
1787356980,2519.57,2520.27,2510.65,2510.82,119750
1787357040,2510.81,2512.39,2505.73,2511.95,364908
1787357100,2512.04,2512.04,2503.83,2504.8,391280
1787357160,2504.8,2505.22,2493.14,2495.24,726264
1787357220,2495.42,2498.75,2490.18,2494.25,498398
1787357280,2494.24,2498.78,2491.78,2498.78,252207
1787357340,2498.77,2498.88,2496.43,2497.58,150713
1787357400,2497.58,2505.47,2497.43,2504.93,249512
1787357460,2505.08,2506.35,2501.46,2502.71,191563
1787357520,2502.71,2503,2497.9,2497.9,160958
1787357580,2497.82,2499.18,2494.1,2496.06,118877
1787357640,2496.25,2502.86,2496.25,2500.93,124185
1787357700,2500.94,2504.58,2498.06,2504.5,115735
1787357760,2504.51,2506.61,2503.08,2506.48,127755
1787357820,2506.64,2507.75,2500.89,2502.01,130215
1787357880,2502,2503.17,2500.66,2501.7,79791
1787357940,2501.69,2504.95,2501.25,2504.29,60733
1787358000,2504.42,2506,2503.88,2505.53,84311
1787358060,2505.67,2507.99,2504.78,2506.11,53367
1787358120,2506.11,2508.02,2504.81,2507.96,48454
1787358180,2507.76,2510.99,2506.29,2508.66,101852
1787358240,2508.67,2510.53,2506,2509.94,71234
1787358300,2509.93,2510.89,2508.06,2509.27,82059
1787358360,2509.28,2510.58,2504.31,2504.74,90007
1787358420,2504.59,2510.93,2504.41,2509.4,138342
1787358480,2509.39,2511.47,2508.61,2511.11,96827
1787358540,2511.1,2511.41,2505.56,2505.9,89646
1787358600,2505.84,2509.77,2505.03,2509.28,66048
1787358660,2509.28,2512.66,2508.97,2512.32,107581
1787358720,2512.65,2512.78,2509.29,2510.02,64547
1787358780,2510.01,2511.5,2506.21,2511.35,78085
1787358840,2511.34,2515.63,2508.85,2509.53,166463
1787358900,2509.54,2512,2508.25,2511.55,114941
1787358960,2511.47,2512.4,2510.1,2511.16,52461
1787359020,2511.02,2511.54,2508.48,2509.06,54546
1787359080,2509,2511.36,2508.73,2510.8,29699
1787359140,2510.8,2512.33,2510.31,2510.31,42029
1787359200,2510.55,2511.32,2509.25,2509.88,29884
1787359260,2510.03,2510.62,2505.5,2505.75,119497
1787359320,2505.76,2507.77,2504.12,2504.72,99822
1787359380,2504.72,2507,2502.79,2505.27,99774
1787359440,2505.26,2510.18,2504.54,2508.26,88146
1787359500,2508.26,2508.75,2505.49,2505.54,47444
1787359560,2505.8,2509.67,2505.54,2509.64,45563
1787359620,2509.65,2511.21,2507.52,2509.17,75971
1787359680,2509.16,2509.73,2503.09,2505.08,115624
1787359740,2504.81,2515,2504.44,2513.64,201734
1787359800,2513.41,2521.87,2512.53,2515.37,431109
1787359860,2515.09,2515.94,2511.37,2511.47,93690
1787359920,2511.47,2514.22,2511.33,2512.43,44370
1787359980,2512.58,2513.67,2511.78,2513.48,53525
1787360040,2513.47,2515.11,2513.14,2514.11,47214
1787360100,2514.28,2519.8,2513.95,2519.01,151705
1787360160,2519.01,2522.01,2517.88,2517.88,196950
1787360220,2517.84,2520,2516.3,2519.91,106710
1787360280,2519.91,2520.06,2517.23,2519.89,104077
1787360340,2520,2521.54,2518.59,2521.24,126604
1787360400,2521.37,2521.79,2519.06,2519.84,146768
1787360460,2519.84,2520.51,2517.77,2520.43,103110
1787360520,2520.43,2520.43,2517.32,2518.52,69625
1787360580,2518.52,2523.49,2517.88,2521.95,159263
1787360640,2521.94,2526.85,2520.55,2526.47,345156
1787360700,2526.47,2527.88,2524.14,2526.37,404605
1787360760,2526.38,2526.75,2521.08,2521.11,214398
1787360820,2521.26,2523.33,2520.61,2521.69,139738
1787360880,2521.55,2522.32,2519.58,2520.49,112439
1787360940,2520,2520.25,2518.24,2519.9,82066
1787361000,2519.91,2523.56,2519.71,2522.63,112293
1787361060,2522.63,2523.69,2521.37,2522.18,56145
1787361120,2522.17,2522.17,2518.06,2518.52,70264
1787361180,2518.51,2520.63,2518.44,2520.35,77185
1787361240,2520.48,2520.48,2518.28,2519.1,27677
1787361300,2519.09,2523.77,2518.81,2522.84,69921
1787361360,2523.12,2524.61,2522.05,2523.02,101338
1787361420,2523.02,2523.03,2518.53,2518.94,80788
1787361480,2518.95,2518.95,2517.41,2518.46,139757
1787361540,2518.46,2519.91,2517,2517.77,390962
1787361600,2517.77,2519.66,2517,2517.88,71734
1787361660,2517.87,2518.44,2516.63,2518.15,45868
1787361720,2517.91,2518.52,2515,2517.57,98455
1787361780,2517.57,2517.57,2515,2515.16,101351
1787361840,2515.16,2518,2514.71,2517.19,51815
1787361900,2517.43,2520.07,2517.43,2519.38,151496
1787361960,2519.39,2519.54,2515.83,2518.94,41074
1787362020,2518.63,2518.88,2516.54,2518.06,34691
1787362080,2518.05,2518.26,2516.43,2517.1,32649
1787362140,2517.11,2517.25,2516.18,2517.03,29278
1787362200,2517.03,2518.22,2516.54,2518.22,11408
1787362260,2517.94,2519.3,2517.31,2518.86,40461
1787362320,2519.02,2523.74,2519.02,2523.58,169988
1787362380,2523.58,2526.74,2522.47,2524.71,157867
1787362440,2524.72,2526.83,2520.01,2520.96,181281
1787362500,2521.22,2521.22,2515.27,2517.18,340949
1787362560,2517.18,2519.76,2517.18,2518.58,53216
1787362620,2518.58,2520.51,2517.6,2517.61,97545
1787362680,2517.61,2519.06,2515.59,2515.59,66287
1787362740,2515.59,2516.2,2515,2515.2,83486
1787362800,2515.19,2516.1,2514.93,2516.1,34993
1787362860,2516.2,2516.87,2515.15,2515.57,46481
1787362920,2515.15,2517,2512.94,2516.28,70358
1787362980,2516.27,2516.71,2512.06,2512.07,90542
1787363040,2512.06,2513.51,2510.27,2513.05,80417
1787363100,2513.05,2517.4,2513.05,2515.68,62914
1787363160,2515.68,2516.8,2514.17,2516.19,156025
1787363220,2516.2,2517.53,2515.02,2515.03,37848
1787363280,2515.02,2515.89,2513.55,2514.32,32199
1787363340,2514.44,2515.72,2513.17,2513.74,55259
1787363400,2513.84,2515.11,2513,2515.01,31749
1787363460,2515.02,2515.49,2513.31,2513.44,26997
1787363520,2513.44,2514,2511.52,2513.18,307598
1787363580,2513.3,2516.98,2512.89,2516.98,62020
1787363640,2516.99,2518.69,2516.21,2518.62,83672
1787363700,2518.49,2520.82,2517.81,2519.65,133469
1787363760,2519.65,2520.27,2518.58,2520.12,57990
1787363820,2520.12,2521.36,2518.43,2519.43,51815
1787363880,2519.43,2521.85,2519.14,2520.85,102204
1787363940,2520.86,2523,2505.72,2505.73,707257
1787364000,2505.72,2511.48,2502.64,2509.43,586401
1787364060,2509.44,2510,2505.61,2508.24,216119
1787364120,2508.33,2508.75,2505.09,2507.7,144054
1787364180,2507.69,2510.39,2506.56,2510.24,141797
1787364240,2510.4,2510.98,2509.05,2509.31,83224
1787364300,2509.2,2511.3,2509.06,2511.3,48802
1787364360,2511.25,2511.73,2506.8,2507.61,102464
1787364420,2507.61,2510.4,2507.2,2508.77,55842
1787364480,2508.67,2509.25,2507.86,2508.99,67127
1787364540,2508.98,2509.66,2508.25,2509.52,25863
1787364600,2509.52,2509.99,2508.62,2508.86,36528
1787364660,2508.85,2509.99,2508.85,2509.27,30054
1787364720,2509.26,2509.66,2507.76,2508.21,48340
1787364780,2508.3,2509.6,2507.71,2509.14,36536
1787364840,2509.06,2509.88,2507.71,2508.41,22498
1787364900,2508.4,2510.69,2507.62,2510.39,55978
1787364960,2510.38,2511.99,2508.64,2511.99,44918
1787365020,2511.98,2514.9,2511.84,2514.73,141170
1787365080,2514.85,2515.77,2512.33,2512.66,112884
1787365140,2513.21,2513.35,2510,2510.61,59834
1787365200,2510.5,2511.63,2509.58,2511.41,45660
1787365260,2511.4,2513.37,2510.7,2511.98,27759
1787365320,2511.75,2513.97,2511.16,2513.52,24253
1787365380,2513.65,2513.68,2511.23,2512.14,32633
1787365440,2512.15,2513.57,2511.72,2513.33,35217
1787365500,2513.32,2516.11,2512.69,2515.79,45601
1787365560,2515.78,2517.26,2514.72,2514.99,79564
1787365620,2514.99,2516.82,2514.99,2516.59,47473
1787365680,2516.67,2519.4,2516.21,2518.97,106029
1787365740,2518.97,2522.23,2518.06,2518.07,165004
1787365800,2518.06,2519.92,2515.85,2519.03,255102
1787365860,2519.04,2520.59,2518.11,2520.2,98133
1787365920,2519.81,2521.3,2509,2509.41,191651
1787365980,2509.3,2512.49,2508.74,2510.01,186831
1787366040,2510.01,2510.68,2507.09,2508.56,125573
1787366100,2508.39,2508.39,2495,2501.55,1348364
1787366160,2501.55,2504.95,2499.28,2504.63,289551
1787366220,2504.62,2504.87,2502.34,2503.32,204921
1787366280,2503.08,2507.76,2501.78,2506.55,134590
1787366340,2506.55,2508.63,2506.55,2507.61,90701
1787366400,2507.6,2508.8,2505.78,2508.8,98058
1787366460,2508.8,2510.18,2508.1,2509.73,76742
1787366520,2509.74,2510.73,2508.24,2508.51,60922
1787366580,2508.6,2509.02,2506.18,2508.57,82531
1787366640,2508.57,2510.76,2506.51,2509.22,82099
1787366700,2509.39,2510.74,2507.46,2509.38,88017
1787366760,2509.37,2509.37,2506.51,2506.96,128762
1787366820,2506.96,2506.98,2503.71,2505.26,95519
1787366880,2505.01,2507.67,2503.6,2507.5,66911
1787366940,2507.36,2508.79,2507.12,2508.4,94444
1787367000,2508.41,2509.39,2506.25,2508.78,82196
1787367060,2508.78,2510.4,2507.5,2509.65,125419
1787367120,2509.65,2510.39,2508.07,2509.65,64621
1787367180,2509.65,2511.24,2509.05,2510.98,67381
1787367240,2511.13,2511.59,2509.74,2511.15,30016
1787367300,2511.15,2511.9,2510.5,2511.47,25164
1787367360,2511.47,2514.29,2510.67,2512.78,142436
1787367420,2512.78,2514.18,2511.94,2512.66,84222
1787367480,2512.65,2512.67,2509.33,2510.54,59679
1787367540,2510.54,2514.88,2510.54,2514.79,68540
1787367600,2514.79,2514.9,2511.45,2513.34,88890
1787367660,2513.5,2514.85,2513.03,2513.91,54779
1787367720,2513.91,2514.5,2512.77,2514.49,43121
1787367780,2514.49,2516.74,2514.2,2516.58,79771
1787367840,2516.58,2520.79,2515.91,2516.13,237719
1787367900,2516.3,2519,2516.12,2516.8,172572
1787367960,2516.95,2519.45,2516.67,2517.57,85891
1787368020,2517.58,2518.62,2516.34,2516.35,58337
1787368080,2516.34,2516.66,2514.52,2514.81,82703
1787368140,2514.81,2517.24,2514.43,2514.97,61152
1787368200,2514.96,2515.56,2512.29,2513.24,55229
1787368260,2513.24,2513.52,2511.58,2512.89,77076
1787368320,2512.74,2513.64,2511.51,2513.42,37696
1787368380,2513.41,2513.64,2511.5,2513.64,35131
1787368440,2513.63,2514.65,2511.09,2511.79,81981
1787368500,2511.79,2515,2511.42,2515,57584
1787368560,2515.02,2516.9,2514.57,2516.9,99736
1787368620,2516.94,2518.6,2515.62,2518.51,61389
1787368680,2518.52,2519.6,2517.31,2517.73,43048
1787368740,2517.96,2520,2517.87,2520,84253
1787368800,2520,2520.65,2517.84,2518.78,113476
1787368860,2518.92,2522,2518.83,2521.94,124770
1787368920,2521.94,2523.64,2521.51,2523.51,167790
1787368980,2523.51,2523.51,2520.41,2520.99,71825
1787369040,2521,2522.32,2519.26,2520.95,65412
1787369100,2520.96,2525.63,2520.96,2524.75,174679
1787369160,2524.76,2525.65,2523,2524.32,323839
1787369220,2524.31,2524.91,2517.32,2520.61,131349
1787369280,2520.69,2522.31,2519.16,2520.52,127787
1787369340,2520.51,2521.76,2518.6,2518.6,50156
1787369400,2518.58,2520.7,2518.58,2520.66,47421
1787369460,2520.56,2522.37,2519.77,2520.9,51686
1787369520,2521.01,2523.01,2520.37,2520.58,45682
1787369580,2520.91,2520.91,2517.55,2519.14,78738
1787369640,2519.06,2519.16,2516.2,2518.26,125215
1787369700,2518.26,2519.32,2517.59,2517.71,48855
1787369760,2517.88,2518.04,2515.5,2517.08,66092
1787369820,2517.07,2517.07,2514.6,2516.79,90242
1787369880,2516.79,2517.55,2515.66,2517.29,40272
1787369940,2517.29,2519.18,2516.78,2518.52,57311
1787370000,2518.51,2518.52,2515.77,2517.87,31451
1787370060,2517.98,2517.98,2512.48,2513.67,163925
1787370120,2513.67,2516.78,2513.51,2516.53,104281
1787370180,2516.52,2516.53,2513.17,2515.11,53479
1787370240,2514.95,2517.32,2514.73,2516.62,32035
1787370300,2516.62,2517.28,2514.57,2516.14,30034
1787370360,2515.93,2518.1,2515.92,2516.74,30422
1787370420,2516.75,2519.16,2516.43,2517.3,54236
1787370480,2517.08,2518.81,2517,2517.83,25543
1787370540,2517.83,2518.38,2517.2,2517.35,25178
1787370600,2517.42,2520.74,2516.85,2520.38,118987
1787370660,2520.39,2522,2520.38,2521.53,73201
1787370720,2521.53,2521.87,2519,2519.49,37957
1787370780,2519.48,2521,2519.01,2520.6,33101
1787370840,2520.6,2520.6,2518.8,2518.95,34403
1787370900,2518.95,2519.5,2517.6,2518.06,57942
1787370960,2517.92,2517.98,2515.17,2517.6,55700
1787371020,2517.6,2518.85,2517.01,2517.94,34964
1787371080,2517.93,2518.2,2515.78,2516.25,32436
1787371140,2516.26,2516.39,2513.5,2513.9,69981
1787371200,2514.16,2517.3,2514.15,2517.13,78175
1787371260,2517.14,2517.6,2514.01,2515.3,103526
1787371320,2515.29,2515.29,2510,2510.39,198023
1787371380,2510.38,2512.19,2509,2512,134075
1787371440,2512.12,2513.38,2510.16,2513.1,119244
1787371500,2513.1,2517.6,2513.09,2516.85,67149
1787371560,2516.84,2516.98,2513.51,2514.37,39566
1787371620,2514.37,2515.21,2513.52,2514.98,31001
1787371680,2514.98,2516.73,2514.07,2514.75,20252
1787371740,2514.75,2515.66,2513.86,2515.52,10603
1787371800,2515.41,2518.74,2515.41,2518.59,53136
1787371860,2518.59,2519.1,2516.7,2519.1,67369
1787371920,2519.09,2519.18,2517.71,2518.52,33799
1787371980,2518.2,2518.86,2517.47,2518.23,25616
1787372040,2518.23,2519.29,2517.87,2518.88,36829
1787372100,2518.89,2518.89,2513.27,2515,78220
1787372160,2514.89,2517.31,2509.68,2510.3,167788
1787372220,2510.29,2511.32,2509.24,2509.75,206546
1787372280,2509.74,2510.74,2508,2508.31,163354
1787372340,2508.3,2508.43,2505,2507.64,224853
1787372400,2507.68,2512.45,2507.65,2511.93,197703
1787372460,2511.92,2512.17,2509.6,2510.17,103825
1787372520,2510.18,2512.43,2509.04,2511.98,46986
1787372580,2512.13,2513.54,2511.18,2511.44,75125
1787372640,2511.43,2511.83,2510.06,2510.82,43882
1787372700,2510.82,2512.2,2510.02,2512.16,47023
1787372760,2512.26,2515.11,2512.18,2514.85,95158
1787372820,2514.85,2514.85,2513.05,2513.94,71476
1787372880,2513.86,2515.66,2513.86,2514.69,62849
1787372940,2514.68,2516.25,2514.42,2515.96,88369
1787373000,2515.96,2516.4,2513.02,2514.16,40457
1787373060,2514.16,2519,2513.28,2517.39,105660
1787373120,2517.35,2518.99,2516.88,2518.52,100519
1787373180,2518.51,2521.22,2518.11,2518.69,154132
1787373240,2518.98,2522.81,2518.3,2520.72,155406
1787373300,2520.73,2521.61,2517.61,2521.21,167899
1787373360,2521.2,2522.37,2520.41,2521.34,122293
1787373420,2521.34,2523.15,2520.18,2522.62,117024
1787373480,2522.65,2527.53,2521.81,2526.18,244534
1787373540,2526.32,2526.62,2520.47,2520.77,201621
1787373600,2520.78,2524.39,2520.78,2523.06,75985
1787373660,2523.21,2527.52,2522.57,2525.51,162738
1787373720,2525.52,2528.9,2525.02,2527.44,170299
1787373780,2527.45,2528,2525.51,2527.25,180657
1787373840,2527,2528.58,2525.22,2526.65,91974
1787373900,2526.65,2527.03,2518.43,2522.12,358627
1787373960,2522.11,2523.82,2521.02,2522.79,206617
1787374020,2522.8,2524,2522,2522.01,156934
1787374080,2522.17,2522.18,2518.74,2519.01,83133
1787374140,2519,2519.42,2516.63,2517.27,149131
1787374200,2517.26,2518.31,2516.45,2516.94,75289
1787374260,2516.84,2518.32,2515.32,2517.08,97728
1787374320,2517.08,2518.22,2516.06,2516.41,84125
1787374380,2516.41,2518.02,2515.18,2518.02,61143
1787374440,2518.02,2518.27,2517.42,2518.23,26335
1787374500,2517.96,2518.37,2516.3,2518.08,36071
1787374560,2518.07,2518.3,2516.26,2517.08,43273
1787374620,2517.08,2518.05,2515.01,2516.06,58143
1787374680,2516.05,2516.47,2513.09,2515.07,123675
1787374740,2515.07,2516.01,2513.39,2513.4,62239
1787374800,2513.39,2517,2513.08,2517,65696
1787374860,2517,2517.13,2513.45,2516.47,90871
1787374920,2516.47,2517.12,2515.01,2516.69,50011
1787374980,2516.7,2517.59,2515.55,2516.12,43533
1787375040,2516.12,2517.72,2515.19,2515.4,20513
1787375100,2515.4,2517,2513.01,2516.28,65131
1787375160,2516.28,2517.3,2515.94,2516.06,44203
1787375220,2516.05,2516.54,2507,2507.56,327695
1787375280,2507.26,2507.27,2493.17,2493.86,1247353
1787375340,2493.88,2496.08,2451.29,2451.96,3195662
1787375400,2451.97,2459.94,2385,2394.33,2821715
1787375460,2394.33,2432.99,2386.42,2431.97,2738980
1787375520,2432.24,2453.8,2432.06,2450.77,1169458
1787375580,2450.91,2451.22,2433.62,2445.73,1229761
1787375640,2445.73,2453.47,2443.2,2444.02,743114
1787375700,2444.02,2452.53,2442.42,2446.58,523176
1787375760,2446.57,2447.01,2408.76,2424.56,1479395
1787375820,2424.96,2443.89,2420.99,2438.91,998966
1787375880,2438.91,2444.08,2432.81,2435.99,834988
1787375940,2435.99,2440.96,2433.45,2435.79,275033
1787376000,2435.61,2442.19,2435.24,2441.16,421335
1787376060,2441.16,2444.34,2426.18,2427.42,505203
1787376120,2427.41,2430.99,2415.71,2423.04,687898
1787376180,2422.9,2430.94,2420.06,2430.7,480691
1787376240,2430.7,2437.2,2430.61,2431.73,313108
1787376300,2431.73,2439.43,2430.6,2438.31,291266
1787376360,2438.31,2445.67,2436.35,2443.75,370922
1787376420,2443.74,2445.95,2438.6,2438.6,256303
1787376480,2438.6,2441.77,2436.48,2438.71,184583
1787376540,2438.71,2440,2436.2,2437.49,166093
1787376600,2437.48,2437.49,2427.55,2428.34,262527
1787376660,2428.33,2432,2421.82,2431.11,401072
1787376720,2431.02,2440,2431.02,2439.05,331900
1787376780,2439.05,2439.63,2433.81,2436.99,226044
1787376840,2436.7,2442.85,2433.89,2442.13,231324
1787376900,2442.12,2447.32,2439.36,2445.9,283246
1787376960,2446.05,2448.45,2441.26,2441.47,399212
1787377020,2441.48,2441.48,2433.61,2433.62,289734
1787377080,2433.61,2436.19,2432.69,2434.15,180810
1787377140,2434.45,2436.42,2431.19,2431.31,168060
1787377200,2431.3,2435.99,2429.51,2430.83,242505
1787377260,2430.83,2433.78,2427.03,2428.1,235098
1787377320,2428.1,2429.64,2425.42,2427.73,389264
1787377380,2427.65,2428.34,2423.6,2426.17,222782
1787377440,2426.02,2432.88,2425.86,2432.64,309271
1787377500,2432.63,2433.21,2428.2,2429.99,150273
1787377560,2429.99,2435.34,2426.04,2434.89,272343
1787377620,2435.04,2441.2,2434.53,2437.62,432967
1787377680,2437.62,2440.66,2433.77,2440.54,205147
1787377740,2440.54,2441.48,2439.19,2439.6,147912
1787377800,2439.61,2442.3,2439.23,2440.14,124881
1787377860,2440.13,2443.9,2439.01,2442.68,107975
1787377920,2442.68,2444.59,2437.31,2438.74,169610
1787377980,2438.87,2439.13,2434.35,2437.25,233367
1787378040,2437.25,2437.25,2431,2435.29,120252
1787378100,2435.29,2437.76,2433.61,2437.18,132818
1787378160,2437.48,2437.99,2434.52,2434.79,54747
1787378220,2434.9,2439.74,2433.87,2439.15,102385
1787378280,2439.27,2442.73,2436.74,2441.28,117447
1787378340,2441.28,2441.87,2437.41,2438.9,91712
1787378400,2438.9,2442.72,2436.76,2441.87,131708
1787378460,2441.88,2442.29,2436.61,2437.39,91829
1787378520,2437.38,2438.64,2435.1,2435.1,226538
1787378580,2435.1,2438.11,2434.66,2436.2,163781
1787378640,2436.2,2438.05,2435.02,2436.03,45380
1787378700,2436.03,2436.17,2430.46,2431.74,209345
1787378760,2431.75,2432.68,2428.69,2429.86,249735
1787378820,2429.85,2432.06,2428.74,2431.02,123286
1787378880,2431.03,2436.67,2431.03,2432.85,118959
1787378940,2432.85,2435.53,2432.85,2434.03,94270
1787379000,2434.03,2435.2,2429.27,2429.82,173895
1787379060,2429.81,2433.5,2429.81,2432.67,116621
1787379120,2432.67,2432.67,2429.12,2429.13,92102
1787379180,2429.13,2430.35,2427.02,2428.62,245654
1787379240,2428.62,2429.58,2426.15,2427.57,143144
1787379300,2427.56,2431,2427.56,2429.93,94859
1787379360,2430.09,2432.99,2429.75,2431.37,106618
1787379420,2431.38,2432.99,2429.52,2429.56,48862
1787379480,2429.55,2429.55,2427.02,2427.72,133623
1787379540,2427.71,2429,2426,2427.72,72162
1787379600,2427.71,2430.87,2427.71,2430.56,138551
1787379660,2430.42,2431.24,2428.5,2429.44,63945
1787379720,2429.45,2431.89,2428.73,2431.32,45196
1787379780,2431.31,2434.45,2431.31,2433.2,66438
1787379840,2433.19,2436.3,2433.05,2435.77,133386
1787379900,2435.78,2436.3,2433.7,2434.29,92842
1787379960,2434.3,2434.6,2432.07,2432.82,60996
1787380020,2432.82,2432.82,2430,2430.47,73217
1787380080,2430.62,2431.15,2428.26,2428.88,49209
1787380140,2428.88,2429.94,2428.87,2428.95,62104
1787380200,2429.07,2429.19,2428,2428.75,111271
1787380260,2428.74,2428.74,2417.7,2420.74,355722
1787380320,2420.84,2423,2410.5,2417.86,647874
1787380380,2417.85,2420.73,2417.1,2419.2,518337
1787380440,2419.2,2420.54,2416.36,2416.85,210639
1787380500,2416.84,2419.91,2414.16,2419.14,215737
1787380560,2419.09,2423.99,2419.09,2423.99,189071
1787380620,2423.99,2431.85,2422.27,2431.55,298289
1787380680,2431.29,2436.36,2430.68,2434.08,302690
1787380740,2434.09,2435.42,2432.18,2433.2,259000
1787380800,2433.33,2439,2432.4,2438.38,345150
1787380860,2438.39,2438.9,2433.2,2433.24,225533
1787380920,2433.41,2433.81,2431.01,2432.87,155595
1787380980,2432.87,2433.68,2431.78,2432.28,79077
1787381040,2432.36,2432.77,2430.1,2430.1,62227
1787381100,2430.06,2435.34,2429.75,2435.15,104933
1787381160,2435.05,2435.2,2433.02,2433.5,73916
1787381220,2433.51,2433.98,2430.53,2433.97,52944
1787381280,2433.85,2434.81,2432.53,2432.75,67357
1787381340,2432.75,2434.62,2432.52,2434.2,68118
1787381400,2434.48,2438.6,2434.06,2436.9,141399
1787381460,2436.89,2438.09,2436.42,2436.62,107685
1787381520,2436.62,2436.77,2431.87,2434.86,105198
1787381580,2434.77,2435.87,2432.48,2435.7,58799
1787381640,2435.7,2435.71,2433.9,2434.34,24448
1787381700,2434.34,2435.42,2433.12,2434.38,31839
1787381760,2434.42,2435.3,2433.43,2434.87,20181
1787381820,2434.86,2436.23,2434.43,2435.34,35979
1787381880,2435.33,2437.24,2435,2436.31,55247
1787381940,2436.33,2438.3,2436.08,2436.47,54698
1787382000,2436.47,2436.9,2434.56,2436.51,41279
1787382060,2436.36,2438.46,2435.32,2438.44,39374
1787382120,2438.16,2443.87,2437.5,2440.97,234852
1787382180,2440.97,2445.27,2440.96,2444.11,282876
1787382240,2444.44,2446.8,2444.07,2444.49,234498
1787382300,2444.49,2445.58,2441.45,2442.92,123575
1787382360,2442.91,2445,2442.47,2444.33,87939
1787382420,2444.42,2446.37,2444.11,2446.02,102173
1787382480,2446.24,2446.36,2440.1,2440.72,114589
1787382540,2440.72,2440.73,2434.76,2435.71,212553
1787382600,2435.69,2437.87,2434.42,2435.76,128205
1787382660,2435.75,2435.75,2432.25,2433.9,136797
1787382720,2433.89,2435,2426.5,2428.58,340897
1787382780,2429.02,2429.02,2426.22,2428.06,202206
1787382840,2428.06,2433.8,2428.06,2432.86,153698
1787382900,2432.85,2434.38,2429.99,2430.06,58800
1787382960,2430.05,2432.07,2427,2427.02,97840
1787383020,2427.02,2427.43,2425.01,2426.52,157974
1787383080,2426.53,2429.17,2426.43,2428.15,114147
1787383140,2428.16,2429,2426.42,2429,58852
1787383200,2428.89,2434.29,2428.65,2434.29,102861
1787383260,2434.33,2437.88,2433.39,2434.81,150668
1787383320,2434.8,2436.99,2433.55,2434.65,101016
1787383380,2434.38,2437.11,2434.05,2436.48,40999
1787383440,2436.62,2438.35,2436.01,2437.64,60822
1787383500,2437.42,2439.87,2436.76,2437.01,65395
1787383560,2437.01,2438.32,2435.28,2436.81,46827
1787383620,2436.67,2438.99,2436.59,2437.93,47176
1787383680,2437.93,2438.06,2436.69,2437.12,27050
1787383740,2437.53,2440.64,2437.53,2440.63,82515
1787383800,2440.62,2440.66,2437.93,2438.03,80514
1787383860,2437.91,2439.87,2437,2439.72,60119
1787383920,2439.72,2440.65,2438.81,2439.4,70458
1787383980,2439.4,2440.8,2439,2439.37,68584
1787384040,2439.21,2439.48,2437.36,2438.74,62780
1787384100,2438.73,2438.88,2436.58,2437.2,60637
1787384160,2436.88,2438.28,2435.5,2437.92,67442
1787384220,2437.92,2439.35,2436.21,2438.55,40885
1787384280,2438.55,2438.55,2436.59,2437.45,20799
1787384340,2437.46,2437.46,2435.51,2436.71,28330
1787384400,2436.87,2437.16,2433.17,2433.8,99167
1787384460,2433.8,2434.21,2430.28,2433.98,79089
1787384520,2434.09,2435.99,2433.68,2435.84,83852
1787384580,2435.83,2436.06,2434.3,2436.01,50894
1787384640,2436.01,2436.7,2434.5,2435.42,28336
1787384700,2435.12,2437.23,2434.45,2435.31,29773
1787384760,2435.57,2435.57,2433.51,2434.42,36513
1787384820,2434.15,2434.28,2432.22,2433.73,88208
1787384880,2433.73,2434.84,2432.9,2434.07,32763
1787384940,2433.85,2434.81,2432.52,2433.75,31043
1787385000,2433.74,2436.23,2432.51,2434.07,95510
1787385060,2434.18,2435.42,2433.3,2433.58,107486
1787385120,2433.58,2434.43,2431.65,2434.15,54573
1787385180,2434.13,2434.96,2432.93,2434.27,39638
1787385240,2434.27,2437.4,2434.27,2435.94,46229
1787385300,2436.1,2437.08,2435.8,2436.49,28795
1787385360,2436.49,2436.63,2435.65,2435.66,19891
1787385420,2435.65,2435.66,2433.09,2433.4,18825
1787385480,2433.4,2433.8,2431.66,2432.17,52810
1787385540,2432.3,2433.06,2430.45,2432.31,88123
1787385600,2432.31,2433.87,2430.67,2433.68,68019
1787385660,2433.59,2434.72,2432.71,2432.87,60430
1787385720,2432.87,2436,2432.86,2435.99,31521
1787385780,2435.99,2435.99,2432.07,2432.25,33994
1787385840,2432.25,2434.11,2428.3,2428.32,132000
1787385900,2428.32,2432.25,2427.53,2429.17,113129
1787385960,2429.03,2432.42,2428.67,2431.7,82879
1787386020,2431.69,2431.69,2428.74,2430.13,50465
1787386080,2430.01,2432.55,2429.3,2432.12,46992
1787386140,2432.12,2434.08,2432.07,2432.71,47957
1787386200,2432.97,2439.59,2432.96,2437.17,146830
1787386260,2437.18,2439.8,2437.05,2438.35,245587
1787386320,2438.35,2439.68,2437.52,2437.71,121500
1787386380,2437.71,2439.51,2437.31,2437.72,65517
1787386440,2437.73,2439.7,2437.56,2438.52,65743
1787386500,2438.68,2438.94,2437.62,2438.52,83756
1787386560,2438.51,2438.52,2436.38,2436.82,140946
1787386620,2436.81,2437.04,2435.6,2435.84,45045
1787386680,2435.85,2436.1,2434.72,2435.17,67992
1787386740,2435.29,2435.29,2431.57,2432.4,114698
1787386800,2432.39,2435.2,2432.36,2432.77,109707
1787386860,2432.77,2434.99,2432.4,2434.99,42462
1787386920,2435,2435.66,2433.02,2433.45,21503
1787386980,2433.69,2434.68,2433.67,2433.98,16441
1787387040,2433.98,2433.98,2431.63,2432.06,44911
1787387100,2432.06,2432.99,2431.08,2431.21,36492
1787387160,2431.2,2431.34,2426.73,2426.96,150401
1787387220,2426.96,2427.73,2424.32,2425,277283
1787387280,2425,2427.01,2422.81,2427,289706
1787387340,2427.01,2427.98,2425.03,2425.06,164388
1787387400,2425.53,2425.99,2416.01,2422.97,437065
1787387460,2422.98,2425.25,2417.83,2418.31,297355
1787387520,2418.31,2421.29,2417.74,2419.01,161815
1787387580,2419,2419.23,2414.03,2415.55,297323
1787387640,2415.56,2419.01,2414.5,2418,207846
1787387700,2417.99,2420.98,2417.08,2418.57,248099
1787387760,2418.35,2420.19,2415.44,2415.44,210048
1787387820,2415.43,2418.3,2413.8,2418.09,150812
1787387880,2418.09,2418.77,2416.07,2418.62,114072
1787387940,2418.62,2420.3,2417.53,2419.49,89811
1787388000,2419.49,2420.5,2418.81,2419.75,61593
1787388060,2419.66,2419.93,2417.18,2417.55,126579
1787388120,2417.54,2418.12,2410.96,2415.05,289240
1787388180,2415.05,2422.64,2414,2422.46,252008
1787388240,2422.3,2424.81,2420.85,2423.72,262752
1787388300,2423.58,2424,2418.6,2418.74,111094
1787388360,2418.75,2419.24,2416.96,2418.73,104155
1787388420,2418.73,2419.75,2417.51,2418.6,51312
1787388480,2418.6,2420.35,2418.2,2420.3,65024
1787388540,2420.29,2422.7,2418.92,2422.56,99164
1787388600,2422.56,2423.96,2421.5,2423.96,83923
1787388660,2423.99,2424,2420.4,2423.13,97938
1787388720,2422.56,2422.7,2421,2421.63,219475
1787388780,2421.63,2422.04,2419.85,2421.67,132047
1787388840,2421.52,2421.89,2420.89,2420.9,74562
1787388900,2420.9,2421.53,2420.51,2421.37,22902
1787388960,2421.37,2423,2420.82,2422.68,37700
1787389020,2422.68,2424.29,2421.84,2424.29,107913
1787389080,2424.28,2425.86,2422.35,2423.21,81143
1787389140,2423.21,2425,2422.07,2424.87,174838
1787389200,2424.87,2425.6,2421.73,2422.43,52219
1787389260,2422.42,2422.69,2419.84,2420.39,90408
1787389320,2420.28,2420.71,2418,2418.82,56154
1787389380,2419.11,2419.11,2412.04,2412.66,235165
1787389440,2412.66,2416.32,2411.54,2415.83,211598
1787389500,2415.98,2417.7,2413.62,2417.68,147934
1787389560,2417.68,2419.5,2417.02,2417.84,102423
1787389620,2417.83,2418.99,2417.6,2417.86,56109
1787389680,2418.14,2420,2417.85,2419.88,66676
1787389740,2419.87,2423,2419.33,2422.64,187656
1787389800,2422.64,2424.46,2419.72,2420.51,109847
1787389860,2420.37,2424.96,2419.95,2423.46,176841
1787389920,2423.72,2425.28,2423.54,2425.27,77417
1787389980,2425.28,2425.87,2424.54,2425.87,85940
1787390040,2425.87,2427.09,2425.22,2426.6,78311
1787390100,2426.6,2427.09,2423.75,2425.02,106574
1787390160,2424.74,2425.28,2423.45,2424.73,45545
1787390220,2424.72,2426.86,2424.23,2426.76,62617
1787390280,2426.75,2428.38,2426.5,2426.71,80047
1787390340,2426.71,2426.74,2424.12,2424.67,90977
1787390400,2424.68,2425.27,2423.6,2424.21,54184
1787390460,2424.21,2427.87,2424,2427.86,37889
1787390520,2427.73,2428.38,2425.71,2426.09,70540
1787390580,2426.09,2426.61,2425.17,2425.92,52141
1787390640,2425.93,2426.07,2424.36,2424.46,35391
1787390700,2424.47,2425.43,2422.7,2425.31,37516
1787390760,2425.43,2425.7,2423,2423.41,40758
1787390820,2423.41,2423.94,2421.07,2421.07,49327
1787390880,2421.06,2424.04,2420.72,2424.03,41404
1787390940,2424.04,2425.97,2424.04,2424.18,29243
1787391000,2424.17,2424.82,2422.37,2423.93,88511
1787391060,2424.14,2424.65,2422.64,2424.11,51300
1787391120,2424.12,2424.79,2422.85,2423.61,96516
1787391180,2423.75,2425.59,2423.7,2424.15,21596
1787391240,2424.16,2424.16,2422.12,2422.56,36244
1787391300,2422.37,2423.44,2422.37,2422.64,23943
1787391360,2422.74,2424.44,2422.61,2423.14,27077
1787391420,2423.23,2423.55,2421.4,2421.4,38096
1787391480,2421.4,2422.07,2420.42,2420.74,55349
1787391540,2420.74,2421.16,2418.72,2420.04,77725
1787391600,2420.04,2421.96,2420.04,2421.9,43324
1787391660,2422,2422.49,2421.05,2421.72,24755
1787391720,2421.94,2422.36,2420.07,2422.36,24381
1787391780,2422.35,2423.5,2421.2,2422.9,71045
1787391840,2422.9,2423.27,2421.66,2421.99,23607
1787391900,2421.98,2422.44,2419.03,2419.75,44635
1787391960,2419.74,2419.95,2418.06,2418.33,36320
1787392020,2418.32,2418.32,2413.04,2415.3,181108
1787392080,2415.47,2420.52,2413.64,2417.74,181832
1787392140,2417.74,2417.85,2415.03,2416.79,180807
1787392200,2416.79,2420,2416.05,2419.04,137098
1787392260,2418.92,2419.26,2415,2415.5,72991
1787392320,2415.27,2417.26,2414.66,2415.99,77437
1787392380,2416,2421.22,2416,2418.39,69795
1787392440,2418.39,2418.54,2415.56,2416.2,73761
1787392500,2415.99,2419.86,2415.52,2419.07,82200
1787392560,2419.11,2419.99,2418.37,2419.96,115970
1787392620,2419.95,2421.89,2419.17,2419.62,82267
1787392680,2419.77,2421.31,2418.63,2420.47,63328
1787392740,2420.61,2422.09,2420.61,2421.13,32086
1787392800,2421.3,2422,2418.91,2419.21,53697
1787392860,2419.24,2419.67,2417,2418.29,49890
1787392920,2418.29,2418.29,2412.99,2413.48,142942
1787392980,2413.47,2416.79,2401.57,2407.68,1205910
1787393040,2407.78,2415.11,2404.55,2412.94,558415
1787393100,2412.94,2414.19,2409.5,2412.51,392152
1787393160,2412.51,2412.55,2408.81,2411.34,194558
1787393220,2411.34,2412.47,2409.37,2409.63,135881
1787393280,2409.64,2412.34,2407.88,2408.43,112164
1787393340,2408.43,2408.96,2404.71,2406.71,254330
1787393400,2406.61,2410.16,2405.11,2407.88,286974
1787393460,2407.87,2408.61,2405.15,2405.77,120482
1787393520,2405.77,2406.89,2402.35,2403.25,231442
1787393580,2403.24,2403.76,2401.04,2402.22,364819
1787393640,2402.22,2404.34,2397.32,2400.5,712420
1787393700,2400.96,2404.08,2400.17,2402.5,249391
1787393760,2402.31,2405.67,2401.78,2403.96,155166
1787393820,2403.96,2406,2403.46,2403.86,108129
1787393880,2403.91,2404.9,2395.56,2398.05,290294
1787393940,2398.06,2399.2,2394.26,2395.29,319843
1787394000,2395.28,2399.26,2394.7,2397.78,192081
1787394060,2397.79,2399.63,2396.24,2398.78,105454
1787394120,2398.77,2399.46,2391.13,2394.39,337734
1787394180,2394.28,2401.6,2388.56,2396.63,955609
1787394240,2396.7,2397.49,2392.75,2393.75,505308
1787394300,2393.75,2398.24,2391.64,2397.17,465346
1787394360,2397.17,2398.88,2394.71,2396.08,229800
1787394420,2396.09,2405.59,2395.78,2403.84,369468
1787394480,2403.84,2407.85,2401.88,2406.73,277113
1787394540,2406.72,2407.68,2405.04,2406.17,215147
1787394600,2406.17,2407.85,2404.32,2406.17,149042
1787394660,2406.18,2408.25,2405.87,2407.62,106759
1787394720,2407.72,2409.92,2406.4,2406.4,183159
1787394780,2406.41,2406.41,2402.12,2403.73,263475
1787394840,2403.74,2406.2,2403.59,2405.27,100794
1787394900,2405.26,2408.88,2405.24,2408.71,140072
1787394960,2408.41,2409.72,2407.35,2409.55,89256
1787395020,2409.56,2410.98,2408,2408.01,147681
1787395080,2408,2410.32,2407.6,2409.68,175705
1787395140,2409.69,2411.5,2408.4,2409.95,153343
1787395200,2409.95,2412.82,2409.3,2412.37,136651
1787395260,2412.36,2414.81,2412.09,2414.18,241991
1787395320,2414.18,2414.26,2411.35,2412.26,110778
1787395380,2412.03,2415,2412,2414,90484
1787395440,2414,2415.26,2412.62,2414.86,99973
1787395500,2414.86,2418.11,2413.48,2415.23,264160
1787395560,2415.08,2415.36,2411.28,2412.65,105576
1787395620,2412.65,2413.87,2411,2412.63,191567
1787395680,2412.85,2413.16,2409,2410.57,182795
1787395740,2410.58,2412.19,2410.09,2412.19,84264
1787395800,2412.05,2413.33,2411.76,2412.1,34507
1787395860,2412.1,2412.68,2410.37,2410.37,27690
1787395920,2410.37,2411.72,2410.14,2410.27,38798
1787395980,2410.29,2411.65,2410,2411.54,33573
1787396040,2411.55,2412,2410.6,2411.84,62488
1787396100,2411.99,2412.81,2408.36,2408.85,114838
1787396160,2408.98,2409.48,2407.11,2407.92,138412
1787396220,2408.06,2409.61,2407.2,2408.03,73843
1787396280,2408.04,2410.73,2408.04,2410.58,63171
1787396340,2410.58,2413.32,2410.28,2411.86,75104
1787396400,2411.87,2413.17,2410.08,2410.64,49786
1787396460,2410.49,2410.72,2408.2,2408.74,69868
1787396520,2408.86,2409.56,2406.61,2407,94232
1787396580,2407,2407.64,2404.28,2405.55,139959
1787396640,2405.27,2411.72,2404.42,2411.46,156793
1787396700,2411.15,2415.23,2411.15,2413.45,225869
1787396760,2413.45,2414.7,2412.07,2412.09,81264
1787396820,2412.08,2414.31,2411.72,2414.31,45592
1787396880,2414.3,2414.62,2409.86,2410.26,51054
1787396940,2410.26,2411.4,2407.35,2407.98,84708
1787397000,2407.98,2410.64,2407.64,2409.96,89779
1787397060,2409.96,2410.16,2407.8,2408.65,34704
1787397120,2408.65,2409.25,2408.16,2408.63,33047
1787397180,2408.63,2408.64,2407.61,2408.07,30607
1787397240,2408.07,2409.99,2407.28,2407.28,16173
1787397300,2407.28,2409.82,2406.19,2409.81,41372
1787397360,2409.81,2409.84,2408.2,2409.23,40824
1787397420,2409.37,2409.84,2407.43,2408.54,20252
1787397480,2408.55,2409.28,2407.13,2408.72,37486
1787397540,2408.72,2409.15,2407.03,2408.09,34817
1787397600,2408.1,2411.79,2408.1,2411.5,76497
1787397660,2411.5,2412.08,2410.19,2411.42,72391
1787397720,2411.37,2411.37,2409.12,2409.35,59479
1787397780,2409.34,2411.52,2409.34,2411.52,29192
1787397840,2411.52,2412.16,2409.63,2409.64,63205
1787397900,2409.64,2413.5,2409.62,2413.35,53867
1787397960,2413.36,2414.5,2412.99,2414,65599
1787398020,2414.01,2414.63,2413.36,2414.17,46891
1787398080,2414.17,2415.19,2411.03,2413.26,150283
1787398140,2413.26,2414,2412.58,2413.8,91419
1787398200,2413.8,2413.8,2412.95,2412.98,32917
1787398260,2412.97,2418,2412.22,2416.7,226496
1787398320,2416.7,2417.56,2415.09,2416.29,89141
1787398380,2416.29,2417.36,2415.05,2416.49,59679
1787398440,2416.48,2418.47,2415.98,2418.29,82605
1787398500,2418.29,2419.87,2417,2417.43,258283
1787398560,2417.68,2420.98,2417.67,2420.47,137647
1787398620,2420.71,2421.79,2418.76,2420.37,145465
1787398680,2420.23,2421.3,2419.2,2419.2,101670
1787398740,2419.2,2421.24,2418.72,2419.24,45036
1787398800,2419.25,2422.9,2419.25,2422.9,100130
1787398860,2422.9,2423.66,2421.18,2422.47,97119
1787398920,2422.17,2422.33,2420.79,2421.25,79094
1787398980,2421.24,2423.58,2421.09,2423.27,118888
1787399040,2423.26,2426.99,2422.71,2424.1,424255
1787399100,2424.27,2426.16,2422.48,2426,185822
1787399160,2425.99,2425.99,2422.5,2425.25,114536
1787399220,2425.25,2426.21,2423.11,2423.64,112286
1787399280,2423.63,2423.9,2420.91,2421.84,117198
1787399340,2421.85,2422.28,2421.37,2421.67,68459
1787399400,2421.52,2421.52,2419.93,2420.36,85213
1787399460,2420.36,2421.64,2420.33,2421.48,38356
1787399520,2421.47,2421.48,2420.11,2420.87,74346
1787399580,2420.86,2422.78,2420.28,2422.77,43985
1787399640,2422.78,2422.79,2421.9,2422.22,35405
1787399700,2422.07,2422.97,2421.94,2422.1,26079
1787399760,2422.1,2423.74,2422.1,2423.42,49639
1787399820,2423.12,2424.36,2421.48,2421.77,58171
1787399880,2421.76,2423.64,2421.76,2423.16,18404
1787399940,2423.3,2423.52,2422.8,2423.27,25592
1787400000,2423.39,2423.39,2419.72,2420.03,51068
1787400060,2420.03,2422.5,2418.23,2422.5,169178
1787400120,2422.5,2426.4,2422.23,2424.07,187424
1787400180,2424.06,2424.06,2421.46,2421.59,83929
1787400240,2421.59,2422.7,2420.73,2422.24,39236
1787400300,2422.24,2423.93,2422.24,2423.84,43821
1787400360,2423.83,2427.37,2423.55,2425.97,123756
1787400420,2425.97,2428.42,2424.73,2427.12,181273
1787400480,2427.11,2428.81,2426.07,2428.26,160225
1787400540,2428.26,2428.87,2426.18,2427.99,59639
1787400600,2427.98,2434.49,2427.72,2430.2,393473
1787400660,2430.2,2432.7,2427.81,2430.78,296206
1787400720,2430.78,2431.44,2429.52,2430.61,264755
1787400780,2430.6,2431.15,2429.27,2430.14,185528
1787400840,2430.14,2433.47,2430.13,2432.48,103466
1787400900,2432.34,2433,2430.8,2430.99,86928
1787400960,2431,2432.65,2430.77,2432.23,56127
1787401020,2432.45,2432.8,2430.06,2430.64,75200
1787401080,2430.64,2430.64,2428.63,2429.75,99540
1787401140,2429.76,2435.18,2429.62,2433.58,228237
1787401200,2433.58,2434.15,2431.34,2431.52,77813
1787401260,2431.52,2434.69,2431.51,2433.94,44747
1787401320,2433.94,2434.29,2432.27,2433.27,64611
1787401380,2433.26,2434.32,2433,2433.71,48385
1787401440,2433.85,2435.2,2433.51,2434.19,60240
1787401500,2434.2,2437.3,2433.71,2433.79,186869
1787401560,2433.72,2433.72,2430.72,2432.74,119603
1787401620,2432.61,2434.27,2431.33,2433.79,58406
1787401680,2433.79,2435.65,2432.87,2434.1,99723
1787401740,2434.11,2435.71,2433.48,2434.44,93731
1787401800,2434.45,2434.74,2430.9,2433.42,56660
1787401860,2433.43,2436.58,2431.62,2432.17,94312
1787401920,2431.92,2433.47,2430.46,2431.35,154900
1787401980,2431.78,2432.78,2430.32,2432.12,55175
1787402040,2432.11,2432.31,2429.16,2430,97614
1787402100,2430,2430.46,2428.09,2429.42,111360
1787402160,2429.43,2430.68,2429.43,2430.04,54828
1787402220,2430.04,2432.2,2429.61,2430.72,51180
1787402280,2430.71,2430.72,2427.81,2428.41,73205
1787402340,2428.41,2428.59,2426.42,2427.69,193995
1787402400,2427.69,2428.77,2427,2428.77,52339
1787402460,2428.77,2429.1,2427.69,2429.03,46507
1787402520,2429.02,2429.75,2428.18,2429.32,47290
1787402580,2429.33,2429.91,2428.81,2429.23,28731
1787402640,2429.33,2430.63,2429.23,2430.44,18399
1787402700,2430.44,2431.84,2429.69,2430.73,146231
1787402760,2430.45,2430.68,2428.57,2428.92,61181
1787402820,2428.92,2429.51,2428.06,2429.27,22096
1787402880,2429.27,2429.99,2428,2428.92,31672
1787402940,2428.92,2429.03,2428.14,2428.79,28921
1787403000,2428.79,2428.94,2427.03,2428.46,68819
1787403060,2428.47,2428.8,2426.35,2426.49,121499
1787403120,2426.5,2428.61,2426.5,2427.41,67072
1787403180,2427.24,2427.99,2426.52,2427.8,20858
1787403240,2427.8,2428.32,2426.91,2428.31,14907
1787403300,2428.31,2428.31,2426.84,2427,20828
1787403360,2427,2427.39,2426,2427.02,37274
1787403420,2427.01,2429.33,2426.35,2428.65,66346
1787403480,2428.65,2428.92,2427.55,2428.38,35774
1787403540,2428.38,2428.65,2426.92,2426.93,25538
1787403600,2426.92,2428.05,2426.78,2427.69,19060
1787403660,2427.69,2427.69,2425.02,2426.13,104712
1787403720,2425.88,2426.76,2423.61,2426.26,139261
1787403780,2426.26,2426.26,2423.29,2423.84,140081
1787403840,2423.68,2425.19,2423.42,2425.1,50759
1787403900,2425.1,2426.91,2424.36,2424.73,46606
1787403960,2424.74,2425.69,2424,2424.68,47754
1787404020,2424.84,2425.71,2424.69,2425.22,23985
1787404080,2425.22,2426.92,2425.22,2425.38,34877
1787404140,2425.38,2427.5,2425.28,2427.49,83026
1787404200,2427.5,2428,2427,2427.33,49613
1787404260,2427.32,2427.32,2425.08,2426.26,23181
1787404320,2426.27,2427.23,2426.13,2426.69,12037
1787404380,2426.69,2426.69,2425.23,2426.24,25449
1787404440,2426.09,2426.4,2425.3,2425.71,28898
1787404500,2426.29,2426.71,2425.4,2426.27,20617
1787404560,2426.69,2429,2426.69,2428.35,107261
1787404620,2428.35,2428.35,2423.58,2424.03,106117
1787404680,2424.02,2425.55,2423.34,2425.13,57199
1787404740,2425.14,2425.73,2424.01,2424.46,38462
1787404800,2424.46,2424.9,2421.27,2422.52,96802
1787404860,2422.51,2425.22,2422.14,2425.22,38609
1787404920,2425.21,2426.11,2423.27,2423.98,52142
1787404980,2423.95,2426.24,2423.95,2425.38,19981
1787405040,2425.53,2427.43,2425.42,2426.01,57815
1787405100,2425.88,2428.8,2425.88,2427.24,78423
1787405160,2427.24,2427.72,2426.56,2427.59,45076
1787405220,2427.59,2427.64,2425.03,2425.69,46176
1787405280,2425.68,2426.04,2425.27,2425.84,17134
1787405340,2425.84,2425.94,2425,2425.37,10535
1787405400,2425.62,2427.65,2425.1,2427.6,36698
1787405460,2427.61,2427.61,2425.68,2426.17,25833
1787405520,2426.03,2426.17,2425,2425.28,24773
1787405580,2425.29,2426.14,2422.8,2423.72,37433
1787405640,2423.72,2425.12,2423.39,2423.98,71636
1787405700,2423.98,2425.19,2423.7,2424.1,20743
1787405760,2424.23,2424.51,2422.72,2423.15,67930
1787405820,2423.14,2423.96,2422.43,2423.96,23201
1787405880,2423.96,2426.59,2423.96,2425.32,36644
1787405940,2425.46,2425.61,2422.59,2423.18,43710
1787406000,2423.32,2423.76,2422.92,2423.52,41621
1787406060,2423.51,2424.4,2422.8,2423.13,37299
1787406120,2423.14,2423.25,2422.38,2422.85,28330
1787406180,2422.86,2423.15,2421.77,2422.74,53218
1787406240,2422.74,2424.56,2421,2424.45,53924
1787406300,2424.45,2425,2423.34,2425,82998
1787406360,2425,2425.9,2424.95,2425.67,65951
1787406420,2425.68,2427.67,2425.6,2427.44,77603
1787406480,2427.29,2428.5,2425.87,2428.07,63129
1787406540,2428.07,2428.07,2424.81,2427.09,58162
1787406600,2427.1,2429.16,2426.95,2428.9,248024
1787406660,2428.89,2431.39,2427.09,2430.81,281295
1787406720,2430.92,2431.88,2429.6,2431.88,119482
1787406780,2431.88,2432.23,2429.55,2429.7,96088
1787406840,2429.69,2429.86,2428.06,2428.83,78645
1787406900,2428.83,2429.17,2427.62,2428.31,29950
1787406960,2428.3,2428.31,2426.8,2427.01,24590
1787407020,2427.01,2429.45,2427,2428.62,52480
1787407080,2428.63,2429.56,2428.63,2428.99,20699
1787407140,2428.82,2429.4,2428.45,2428.89,20120
1787407200,2428.9,2430.36,2428.85,2429.98,26390
1787407260,2429.97,2430.5,2428.42,2428.78,20207
1787407320,2428.91,2428.92,2426.6,2426.92,52018
1787407380,2426.92,2427.03,2426.06,2426.44,39463
1787407440,2426.44,2426.45,2424.18,2424.75,65825
1787407500,2424.8,2426.05,2423.27,2423.3,74044
1787407560,2423.31,2423.64,2421.24,2421.89,231176
1787407620,2421.6,2421.74,2413.5,2417.71,599711
1787407680,2417.56,2418.7,2413.3,2417.02,608644
1787407740,2416.86,2419.46,2416.51,2418.33,215518
1787407800,2418.33,2420.64,2416.07,2416.62,196345
1787407860,2416.46,2418,2416.41,2417.61,88085
1787407920,2417.62,2418.72,2416.87,2418.3,48603
1787407980,2418.31,2418.83,2417.58,2418.11,52927
1787408040,2418.11,2418.11,2416.21,2417.66,68795
1787408100,2417.66,2419.48,2417.66,2418.94,45868
1787408160,2418.93,2418.99,2417.08,2418.09,39158
1787408220,2418.1,2418.23,2413.44,2413.7,131191
1787408280,2413.7,2415.28,2412.72,2414.99,192365
1787408340,2414.99,2416.32,2414.98,2415.77,90272
1787408400,2415.77,2417.52,2413.85,2413.86,82501
1787408460,2413.85,2415.6,2413.7,2414.92,77534
1787408520,2414.92,2414.92,2413.47,2413.86,45202
1787408580,2413.85,2416.3,2413.66,2416.3,55665
1787408640,2416.3,2416.3,2413.8,2415.22,40437
1787408700,2415.51,2415.82,2415,2415.01,26466
1787408760,2415.01,2415.88,2415,2415.01,14047
1787408820,2415.15,2416.5,2414.05,2416.1,38586
1787408880,2416.1,2418.5,2416.08,2418.27,69111
1787408940,2418.51,2419.81,2418.04,2419.45,73222
1787409000,2419.45,2421.48,2418.72,2419.73,147046
1787409060,2419.8,2419.8,2416.98,2418.71,89098
1787409120,2418.71,2421.25,2417.73,2420.4,67877
1787409180,2420.41,2423.33,2420.41,2421.8,119050
1787409240,2421.81,2423.25,2421.81,2422.14,37192
1787409300,2422.14,2423.71,2419.92,2420.55,76036
1787409360,2420.7,2421.99,2420.28,2421.47,37006
1787409420,2421.47,2421.62,2420.1,2420.56,56262
1787409480,2420.57,2420.64,2417.92,2418.23,36778
1787409540,2418.49,2418.78,2413.2,2415,121964
1787409600,2415.02,2417.89,2414.3,2416.18,143168
1787409660,2416.18,2416.3,2415.03,2415.48,64372
1787409720,2415.48,2415.59,2412.84,2412.96,130353
1787409780,2412.84,2415.18,2412.16,2413.3,81957
1787409840,2413.56,2413.85,2411.23,2411.69,185624
1787409900,2412.02,2413.99,2412,2413.02,74000
1787409960,2413.02,2413.46,2411.55,2413.12,148681
1787410020,2413.09,2413.23,2411.52,2412.21,41980
1787410080,2412.32,2412.9,2410.15,2410.67,90782
1787410140,2410.67,2412,2409,2411.11,146121
1787410200,2411.28,2413.27,2410.43,2412.83,59930
1787410260,2412.84,2414.32,2412,2414.32,55033
1787410320,2414.31,2414.8,2412,2412.14,38866
1787410380,2412,2412.32,2409.45,2411,82458
1787410440,2411,2411.92,2408.24,2409.16,74348
1787410500,2409.15,2410.78,2408.22,2409.77,187656
1787410560,2409.77,2413.29,2409.62,2412.25,177828
1787410620,2412.11,2414.61,2412.11,2413.35,67366
1787410680,2413.25,2413.26,2410.8,2410.94,54416
1787410740,2410.95,2413.37,2410.94,2413.08,29505
1787410800,2413.08,2413.79,2410.52,2410.81,48860
1787410860,2410.81,2412.9,2409.19,2412.69,50838
1787410920,2412.7,2415.44,2412.3,2414.27,104073
1787410980,2414.27,2416.37,2413.87,2415.74,56307
1787411040,2416.04,2416.04,2411.69,2412.13,62214
1787411100,2412.13,2414.37,2411.76,2414.37,195159
1787411160,2414.38,2414.38,2411.91,2412.23,43422
1787411220,2412.23,2412.78,2409.69,2411.1,53178
1787411280,2411.09,2411.24,2406.92,2409.87,137135
1787411340,2409.86,2410.06,2406.68,2407.84,229444
1787411400,2407.84,2409.94,2406.55,2409.56,232687
1787411460,2409.55,2411.92,2409.11,2410.08,59460
1787411520,2409.96,2410.09,2408.12,2408.32,42407
1787411580,2408.32,2408.78,2406.49,2407.23,64280
1787411640,2407.14,2408.97,2405.4,2405.4,79450
1787411700,2405.39,2407.45,2405.15,2407.42,111680
1787411760,2407.42,2410.26,2407.42,2409.87,68255
1787411820,2409.76,2410.52,2407.32,2408.74,52989
1787411880,2408.75,2408.82,2406.7,2407.43,27755
1787411940,2407.44,2408.15,2407.15,2407.5,33290
1787412000,2407.49,2407.99,2407.14,2407.74,24026
1787412060,2407.74,2409.52,2407.14,2409.09,30161
1787412120,2409.1,2409.81,2405.01,2405.24,51154
1787412180,2405.24,2409.3,2404.55,2409.3,104337
1787412240,2409.29,2411.37,2408.74,2408.75,118222
1787412300,2408.75,2409.89,2408.06,2409.89,53225
1787412360,2409.88,2410.2,2407.83,2409.55,28825
1787412420,2409.55,2410.24,2408.55,2409.11,23528
1787412480,2408.87,2410.7,2408.86,2410.7,67165
1787412540,2410.69,2411,2409.61,2410.41,61670
1787412600,2410.41,2412.04,2409.65,2410.8,55550
1787412660,2410.65,2411.75,2410.37,2411.75,29203
1787412720,2411.81,2412.61,2410.43,2411.5,64456
1787412780,2411.62,2414.3,2411.11,2413.69,110126
1787412840,2413.68,2414.38,2412.19,2413.98,52918
1787412900,2413.98,2414.64,2413.03,2413.57,39001
1787412960,2413.58,2413.58,2410.06,2410.68,86312
1787413020,2410.68,2413,2410.68,2412.69,38762
1787413080,2412.69,2412.7,2410.06,2410.09,34245
1787413140,2410.09,2412.22,2410.06,2412.22,29013
1787413200,2412.14,2412.14,2409.31,2410.22,31014
1787413260,2410.21,2412.37,2410.21,2411.71,20550
1787413320,2411.9,2412.25,2411.21,2411.93,19602
1787413380,2411.94,2412.09,2410.01,2410.94,20392
1787413440,2410.94,2412.89,2410.93,2412.05,24464
1787413500,2411.9,2413.47,2411.9,2413.4,19370
1787413560,2413.39,2413.53,2412.97,2413.1,22991
1787413620,2413.09,2413.09,2411.28,2411.85,25164
1787413680,2411.85,2413.25,2411.63,2411.79,16747
1787413740,2411.79,2411.93,2410.2,2410.54,31278
1787413800,2410.54,2411.1,2410.2,2410.52,20774
1787413860,2410.53,2411.47,2408.68,2410.49,95120
1787413920,2410.48,2410.64,2409.54,2409.82,54259
1787413980,2409.82,2410.94,2408.6,2409.22,30039
1787414040,2408.96,2410,2408.96,2409.66,40429
1787414100,2409.82,2411.28,2409.81,2409.98,19851
1787414160,2409.97,2410.63,2408.6,2409.5,40177
1787414220,2409.51,2411,2409.51,2410.82,15219
1787414280,2410.82,2412.76,2410.07,2410.5,23654
1787414340,2410.24,2410.48,2409.86,2410.15,13495
1787414400,2410.16,2411.7,2410.05,2410.99,42587
1787414460,2410.99,2411.87,2409.2,2409.76,77970
1787414520,2409.76,2413.29,2409.76,2412.38,52525
1787414580,2412.37,2412.78,2410.06,2411.85,44112
1787414640,2411.85,2415.7,2411.64,2414.29,94117
1787414700,2414.15,2414.99,2412.9,2414.05,116586
1787414760,2414.04,2414.56,2413,2413.62,61157
1787414820,2413.62,2414.54,2413.25,2414.38,22319
1787414880,2414.38,2415.69,2413.13,2413.69,27970
1787414940,2413.68,2413.88,2412.33,2412.7,21471
1787415000,2412.71,2413.32,2411.72,2412.42,17352
1787415060,2412.42,2412.91,2411.53,2412.59,34933
1787415120,2412.59,2412.59,2410,2410.03,80155
1787415180,2410.04,2412.79,2408.24,2412.78,113841
1787415240,2412.79,2414.2,2412.79,2413.7,68889
1787415300,2413.86,2415.71,2413.57,2415.26,67961
1787415360,2415.25,2417.63,2415.02,2415.9,151267
1787415420,2415.76,2417.5,2415.64,2417.49,118863
1787415480,2417.5,2418.24,2416.42,2416.99,67609
1787415540,2416.98,2419.84,2416.8,2418.71,117923
1787415600,2418.71,2419.7,2418.3,2418.61,125208
1787415660,2418.6,2420.7,2418.3,2418.75,116729
1787415720,2418.75,2420.57,2418.73,2419.51,64627
1787415780,2419.52,2420.96,2419.16,2420.48,51319
1787415840,2420.48,2421.93,2420.01,2420.52,108430
1787415900,2420.52,2421.59,2419.56,2419.72,64383
1787415960,2419.73,2419.73,2419,2419.06,52892
1787416020,2419.14,2420.29,2418.94,2419.33,29900
1787416080,2419.34,2420.27,2419.06,2419.66,29425
1787416140,2419.67,2420.52,2419.58,2419.58,33575
1787416200,2419.59,2420.24,2418.96,2419.45,34555
1787416260,2419.44,2421.02,2419.44,2420.71,35333
1787416320,2420.85,2420.85,2419.58,2420.36,35291
1787416380,2420.23,2422,2419.24,2419.61,48362
1787416440,2419.61,2420,2418.28,2418.28,73687
1787416500,2418.29,2420,2418.28,2419.83,36120
1787416560,2419.97,2423.56,2419.97,2422.97,114641
1787416620,2422.96,2423.1,2421.1,2422.57,53617
1787416680,2422.56,2422.78,2421.36,2422.06,39451
1787416740,2422.06,2423,2421.78,2422.27,59787
1787416800,2422.28,2425.29,2422.14,2425.12,149310
1787416860,2425.27,2428.49,2424.6,2424.8,302931
1787416920,2424.8,2425.82,2423.26,2424.38,213211
1787416980,2424.39,2426.92,2424.31,2426.19,59400
1787417040,2426.2,2426.2,2424.97,2424.97,51100
1787417100,2424.97,2426.39,2424.8,2426.39,30732
1787417160,2426.4,2429,2426,2426.01,160153
1787417220,2426.24,2427.73,2426.01,2427.09,89830
1787417280,2427.09,2427.72,2426.67,2426.98,56341
1787417340,2426.97,2426.97,2424.44,2426.29,75387
1787417400,2426.07,2426.79,2423.5,2423.53,71398
1787417460,2423.54,2424.81,2423.46,2424.25,130081
1787417520,2424.01,2424.01,2423,2423.67,39413
1787417580,2423.67,2424,2421.96,2422,80365
1787417640,2422.01,2422.8,2421.87,2422.03,50445
1787417700,2422.04,2422.92,2421.9,2421.9,34896
1787417760,2422.06,2422.28,2421.68,2422.17,21066
1787417820,2422.32,2423.63,2422,2422.61,57248
1787417880,2422.61,2423.54,2422.35,2422.35,25122
1787417940,2422.36,2422.94,2421.56,2421.73,61339
1787418000,2421.73,2423.26,2421.73,2422.68,24892
1787418060,2422.83,2424.42,2422.42,2424.02,23468
1787418120,2423.81,2424.12,2421.93,2422.34,42575
1787418180,2422.34,2423.01,2421.09,2422.85,32130
1787418240,2422.84,2422.96,2421.65,2422.55,22597
1787418300,2422.69,2422.84,2420.9,2421.26,62978
1787418360,2421.27,2424.06,2421,2424.06,52451
1787418420,2424.06,2424.19,2422.8,2423.97,28148
1787418480,2424.2,2424.9,2422.28,2422.91,40374
1787418540,2422.91,2423.17,2422.25,2423.09,22461
1787418600,2423.1,2423.64,2422.54,2422.94,19326
1787418660,2422.93,2424.6,2422.9,2424.6,25245
1787418720,2424.6,2424.6,2423.01,2423.17,10651
1787418780,2423.46,2423.46,2422.48,2422.81,6671
1787418840,2422.81,2423.51,2422.8,2423.42,8902
1787418900,2423.52,2424.75,2423.27,2424.46,20105
1787418960,2424.46,2425.28,2423.49,2423.85,31062
1787419020,2424.01,2425.47,2424.01,2425.23,27195
1787419080,2425.23,2427.15,2425.01,2426.63,52271
1787419140,2426.64,2428,2426.64,2427.77,55444
1787419200,2427.77,2428,2425.73,2426.43,59725
1787419260,2426.54,2427.91,2426.46,2427.52,51392
1787419320,2427.52,2427.71,2424.37,2424.38,55185
1787419380,2424.39,2425.25,2424.16,2424.65,36427
1787419440,2424.65,2424.67,2423.33,2424.6,40313
1787419500,2424.59,2425.18,2424.03,2424.03,23792
1787419560,2424.04,2424.97,2424.04,2424.95,6689
1787419620,2424.71,2424.77,2423.7,2424,10181
1787419680,2424,2424.12,2418.22,2419.81,140727
1787419740,2419.8,2420.58,2416.15,2418.39,233928
1787419800,2418.39,2421.9,2418.39,2421.89,74245
1787419860,2421.57,2423.4,2421.57,2423.08,41903
1787419920,2423.18,2423.19,2421.61,2423.19,24866
1787419980,2423.18,2423.2,2421.91,2422.99,26052
1787420040,2422.99,2423.2,2422.17,2422.31,20883
1787420100,2422.32,2424.52,2422.32,2424.52,17857
1787420160,2424.53,2424.57,2423.14,2423.35,35569
1787420220,2423.25,2423.62,2422.15,2422.28,17720
1787420280,2422.29,2423.38,2422.09,2422.25,15301
1787420340,2422.24,2422.25,2420.42,2420.43,18294
1787420400,2420.4,2423.26,2420.18,2423.15,23113
1787420460,2423.16,2424,2423.15,2423.76,34415
1787420520,2423.76,2424.42,2420.41,2423.83,67724
1787420580,2424.14,2424.14,2422.57,2423.76,103443
1787420640,2423.77,2424.01,2423.1,2423.99,10568
1787420700,2424,2424.36,2423.3,2424.34,18536
1787420760,2424.34,2424.34,2422.85,2423.45,24461
1787420820,2423.45,2424.24,2423.03,2424.23,13864
1787420880,2423.99,2424.64,2423.99,2424.57,17245
1787420940,2424.41,2426.2,2424.4,2425.45,36059
1787421000,2425.45,2429.3,2425.31,2429.16,119509
1787421060,2429.16,2430.99,2429.1,2429.91,177645
1787421120,2429.92,2429.92,2427.76,2428.04,143472
1787421180,2428.04,2428.04,2426.28,2426.82,53410
1787421240,2426.45,2427.55,2426.06,2427.28,46090
1787421300,2427.29,2427.43,2425.88,2426.05,43021
1787421360,2426.43,2426.87,2425.29,2425.61,22836
1787421420,2425.61,2426.76,2425.5,2426.64,13838
1787421480,2426.63,2426.89,2425.25,2425.69,21643
1787421540,2425.7,2426.06,2424.97,2425.54,28915
1787421600,2425.55,2425.97,2424.85,2425.87,15836
1787421660,2425.88,2426.92,2425.51,2426.67,13553
1787421720,2426.67,2427.46,2426.11,2427.09,12441
1787421780,2426.96,2427.15,2426.07,2427.05,21012
1787421840,2427.04,2428.66,2426.42,2428.35,17822
1787421900,2428.35,2429.99,2428.35,2429.95,37466
1787421960,2429.96,2429.96,2428.66,2428.96,35962
1787422020,2428.96,2429.21,2427.52,2427.54,20924
1787422080,2427.6,2428,2426.37,2426.53,14392
1787422140,2426.75,2427.49,2425.42,2425.62,35057
1787422200,2425.62,2427.39,2425.06,2425.76,51036
1787422260,2425.76,2425.76,2424.52,2425.19,44288
1787422320,2425.2,2425.44,2424.6,2425.19,7907
1787422380,2425.19,2426.06,2424.07,2425.75,15539
1787422440,2425.75,2426.38,2425.75,2425.76,24654
1787422500,2425.75,2428,2425.67,2426.75,24804
1787422560,2426.76,2428.52,2426.64,2427.61,15842
1787422620,2427.76,2428.06,2425.74,2426.7,27073
1787422680,2426.69,2428.55,2426.39,2428,16998
1787422740,2428.17,2429,2427.59,2427.59,26961
1787422800,2427.59,2428.65,2427.31,2427.93,22240
1787422860,2427.86,2428.89,2427.76,2428.63,9806
1787422920,2428.64,2433.6,2428.64,2431.78,346259
1787422980,2431.78,2432,2431.15,2431.16,121578
1787423040,2431.16,2431.59,2430.06,2430.35,45618
1787423100,2430.34,2431.51,2430.25,2431.51,29822
1787423160,2431.51,2433.6,2431.17,2431.57,35120
1787423220,2431.58,2431.58,2430.79,2431.54,29619
1787423280,2431.54,2431.55,2430.06,2430.06,39171
1787423340,2430.05,2430.63,2429.17,2430.04,30167
1787423400,2430.03,2430.52,2429.25,2429.25,18752
1787423460,2429.25,2430,2429.02,2429.48,23238
1787423520,2429.49,2430.45,2429.29,2430.45,31867
1787423580,2430.45,2431,2429.42,2429.88,30089
1787423640,2429.88,2432.99,2429.88,2432.62,58316
1787423700,2432.45,2432.45,2430.06,2431.18,52615
1787423760,2431.17,2431.17,2428.7,2428.79,46964
1787423820,2428.93,2431.41,2428.2,2429.52,63900
1787423880,2429.67,2429.84,2428.18,2428.33,38751
1787423940,2428.32,2428.75,2427.83,2428.21,24075
1787424000,2428.22,2428.35,2426.59,2426.6,38994
1787424060,2426.59,2430,2426.59,2428.14,68751
1787424120,2428.14,2429.38,2428.14,2428.63,24184
1787424180,2428.88,2429.44,2428.33,2428.42,15340
1787424240,2428.43,2428.43,2425.22,2425.61,69422
1787424300,2425.5,2427.77,2424.36,2425.47,54229
1787424360,2425.61,2426.4,2424.27,2425.66,75879
1787424420,2425.8,2426.19,2423.71,2424.74,90433
1787424480,2424.9,2425.19,2423.28,2424.73,63659
1787424540,2424.74,2425.81,2424.74,2425.33,31292
1787424600,2425.33,2425.75,2423.72,2423.81,12685
1787424660,2423.81,2424.28,2422.72,2423.26,34315
1787424720,2423.25,2423.3,2422.28,2422.62,42002
1787424780,2422.62,2422.94,2420.53,2420.72,38021
1787424840,2420.86,2423.84,2420.86,2423.65,93363
1787424900,2423.49,2424,2423.35,2423.81,18242
1787424960,2423.81,2424.71,2423.65,2424.68,13181
1787425020,2424.69,2425.33,2424.69,2425.32,15207
1787425080,2425.33,2425.93,2425.04,2425.6,20806
1787425140,2425.6,2426.76,2424.96,2426.1,24565
1787425200,2426.26,2427.39,2424.79,2424.83,47915
1787425260,2424.83,2426.92,2424.82,2426.61,41968
1787425320,2426.61,2427.56,2426.42,2426.73,28408
1787425380,2426.72,2427.63,2426.62,2427.13,29646
1787425440,2427.12,2427.43,2425.66,2425.66,19288
1787425500,2425.53,2426.56,2425.02,2426.2,26443
1787425560,2426.35,2426.35,2425.25,2425.35,27214
1787425620,2425.07,2425.24,2423.83,2424.01,11759
1787425680,2424.15,2424.72,2423.05,2424.03,18024
1787425740,2424.03,2426.48,2423.85,2426.47,37037
1787425800,2426.48,2427.37,2425.55,2426.91,35265
1787425860,2426.91,2427.41,2426.29,2427.41,13636
1787425920,2427.41,2428.38,2426.97,2427.16,31978
1787425980,2427.17,2428.85,2427.17,2428.72,30294
1787426040,2428.72,2429.41,2428.2,2428.53,19910
1787426100,2428.52,2429.42,2428.22,2429.42,17943
1787426160,2429.41,2430.25,2427.34,2427.84,34574
1787426220,2427.84,2428.51,2427.67,2427.85,26459
1787426280,2427.85,2429.67,2427.47,2429.08,13550
1787426340,2428.79,2429.84,2426.52,2428.04,50606
1787426400,2428.04,2428.3,2426.79,2427.11,42575
1787426460,2427.26,2427.26,2426.26,2426.41,7141
1787426520,2426.42,2426.96,2426.16,2426.47,2305
1787426580,2426.48,2427.96,2426.47,2427.95,7696
1787426640,2427.96,2428.3,2427,2427.15,16656
1787426700,2427.14,2427.34,2426.65,2427.1,3741
1787426760,2427.1,2428.32,2425.61,2427.87,20266
1787426820,2427.86,2428.36,2427.15,2427.92,30596
1787426880,2427.91,2427.99,2427.2,2427.36,8575
1787426940,2427.36,2427.74,2426.84,2427.44,6509
1787427000,2427.31,2428.8,2427.31,2428.77,15856
1787427060,2428.78,2429.59,2428.43,2429.17,17465
1787427120,2429.03,2430.25,2429.03,2430.24,29438
1787427180,2430.17,2430.55,2429.45,2429.63,19564
1787427240,2429.42,2430.44,2429.26,2430.3,19557
1787427300,2430.3,2430.31,2429.26,2429.6,15059
1787427360,2429.37,2429.68,2429.22,2429.44,5305
1787427420,2429.43,2430.89,2429.43,2430.71,8601
1787427480,2430.71,2431.22,2430.48,2431.05,29830
1787427540,2430.97,2431.01,2430.01,2430.47,10801
1787427600,2430.48,2432,2430.48,2431.99,33683
1787427660,2431.99,2432,2431.12,2431.53,28401
1787427720,2431.53,2432,2430.79,2430.95,30761
1787427780,2431.09,2433.31,2430.47,2433.31,52054
1787427840,2433.3,2433.98,2432.59,2433.59,61900
1787427900,2433.59,2433.86,2432.44,2432.7,35554
1787427960,2432.7,2437.69,2432.7,2437.47,302284
1787428020,2437.47,2439,2436.38,2436.69,189484
1787428080,2436.69,2437,2435.71,2436.06,110957
1787428140,2436.05,2437.06,2435.62,2436.7,45778
1787428200,2436.7,2438.28,2436.1,2438.27,52327
1787428260,2438.28,2442.99,2437.95,2441.36,324390
1787428320,2441.37,2441.65,2440,2440.47,230298
1787428380,2440.47,2443.8,2439.87,2442.72,183576
1787428440,2442.72,2442.72,2441.22,2441.56,42695
1787428500,2441.56,2441.56,2440.76,2440.76,21434
1787428560,2440.76,2441.69,2440.4,2441.44,27305
1787428620,2441.59,2441.59,2439.91,2440.52,28431
1787428680,2440.51,2440.65,2439.52,2439.52,22553
1787428740,2439.52,2439.52,2437.38,2438,63957
1787428800,2438,2439.67,2438,2438.24,43049
1787428860,2438.24,2438.37,2437.04,2437.2,64524
1787428920,2437.19,2437.81,2435.53,2435.67,106270
1787428980,2435.68,2436.3,2435.34,2435.51,37960
1787429040,2435.52,2438.03,2435.51,2437.71,19367
1787429100,2437.7,2437.71,2436.35,2436.52,17898
1787429160,2436.52,2438.21,2436.51,2438.16,44926
1787429220,2438.17,2439.41,2438.16,2439.41,66968
1787429280,2439.41,2439.99,2439.03,2439.99,36497
1787429340,2439.99,2440.85,2439.89,2439.91,22119
1787429400,2439.9,2441,2439.54,2441,11787
1787429460,2441,2441.65,2440.65,2441.65,16915
1787429520,2441.65,2441.65,2440.06,2441.22,35054
1787429580,2441.36,2442.58,2441.09,2441.32,47507
1787429640,2441.32,2441.32,2439.86,2439.92,28324
1787429700,2439.91,2440.8,2439.8,2439.8,20184
1787429760,2439.8,2440.75,2439.32,2440.35,15131
1787429820,2440.35,2440.46,2438.51,2438.96,65093
1787429880,2438.96,2439.04,2438.06,2438.15,24242
1787429940,2438.15,2438.6,2437.92,2438.18,15919
1787430000,2438.18,2438.58,2437.69,2437.95,16867
1787430060,2437.96,2438.24,2436.05,2436.19,19838
1787430120,2436.2,2436.75,2436,2436.21,22389
1787430180,2436.33,2437.83,2436.01,2437.05,14788
1787430240,2437.04,2437.04,2436.34,2436.94,14971
1787430300,2436.89,2438.72,2436.88,2438.71,26234
1787430360,2438.71,2438.91,2438.32,2438.45,6601
1787430420,2438.46,2438.75,2437.39,2437.88,6118
1787430480,2437.77,2438,2436.81,2437.23,6104
1787430540,2437.23,2437.23,2436.36,2436.56,7287
1787430600,2436.56,2436.91,2436.56,2436.73,17991
1787430660,2436.73,2437,2435.68,2435.72,31148
1787430720,2435.72,2436.28,2435.49,2435.64,16088
1787430780,2435.64,2436.27,2434.5,2434.64,19633
1787430840,2434.64,2435.13,2433.72,2434.72,37422
1787430900,2434.72,2435.37,2434.13,2434.76,22449
1787430960,2434.76,2435.87,2434.1,2435.7,16406
1787431020,2435.7,2436.67,2435.7,2436.35,10254
1787431080,2436.35,2436.5,2434.27,2435.48,51253
1787431140,2435.48,2437.7,2435.48,2437.69,20414
1787431200,2437.69,2438.54,2435.43,2435.43,23477
1787431260,2435.41,2436.42,2435.12,2435.12,8184
1787431320,2435.02,2435.61,2434.3,2435.16,20131
1787431380,2435.15,2435.91,2435.15,2435.51,15637
1787431440,2435.51,2435.64,2435.14,2435.5,2630
1787431500,2435.5,2436.51,2435.5,2435.64,9907
1787431560,2435.89,2436.11,2434.89,2435.2,24266
1787431620,2435.21,2435.53,2434.04,2434.33,17700
1787431680,2434.45,2434.67,2434.19,2434.37,13829
1787431740,2434.37,2434.89,2434.11,2434.66,16625
1787431800,2434.67,2434.8,2434.21,2434.57,4607
1787431860,2434.57,2434.75,2434.1,2434.59,16750
1787431920,2434.59,2435.31,2434.14,2434.56,5707
1787431980,2434.55,2434.8,2434.11,2434.35,9084
1787432040,2434.35,2434.84,2434.28,2434.29,10019
1787432100,2434.15,2434.15,2433.25,2433.47,25784
1787432160,2433.46,2433.46,2428.07,2428.79,139694
1787432220,2428.8,2429.95,2428.2,2429.95,122354
1787432280,2429.95,2430.66,2429.45,2430.66,21383
1787432340,2430.66,2431.49,2430.46,2430.49,18520
1787432400,2430.48,2430.75,2428.37,2428.39,21265
1787432460,2428.39,2428.61,2426.3,2426.46,64738
1787432520,2426.46,2426.47,2421.2,2422.4,178874
1787432580,2422.39,2422.69,2420.32,2421.88,170263
1787432640,2421.87,2422.2,2415.27,2418.85,212221
1787432700,2419.07,2422.26,2418.42,2422.11,95772
1787432760,2422.12,2422.24,2418.78,2419.01,45859
1787432820,2419.02,2419.81,2417.84,2418.48,48205
1787432880,2418.64,2421.78,2418.39,2421.56,34436
1787432940,2421.56,2422.35,2421,2421.26,33927
1787433000,2421.27,2421.54,2420.87,2421.5,26066
1787433060,2421.5,2421.5,2413.23,2414.62,242436
1787433120,2414.61,2415.71,2413.5,2414.52,202315
1787433180,2414.53,2415.73,2414.5,2415.71,67350
1787433240,2415.43,2415.43,2411.19,2411.56,114821
1787433300,2411.68,2416.06,2411.67,2415.61,55118
1787433360,2415.75,2418.09,2414.06,2415.65,90622
1787433420,2415.64,2418.39,2415.04,2418.27,67232
1787433480,2418.26,2418.26,2416.3,2417.19,28556
1787433540,2417.18,2418.6,2416.52,2418.33,36227
1787433600,2418.33,2420.2,2418.33,2419.25,32911
1787433660,2419.39,2420.68,2415.6,2417.06,66074
1787433720,2416.87,2419.36,2416.5,2418.91,44648
1787433780,2418.92,2419.05,2418.16,2418.71,26566
1787433840,2418.71,2419.35,2417.46,2417.75,28067
1787433900,2417.49,2417.49,2416.49,2417.32,18325
1787433960,2417.32,2419.72,2417.32,2419,20727
1787434020,2419,2421.2,2419,2420.56,47877
1787434080,2420.56,2421.22,2420.12,2420.38,21392
1787434140,2420.92,2421.06,2420.25,2420.75,12417
1787434200,2420.76,2421.97,2420.42,2421.61,33981
1787434260,2421.61,2421.61,2414,2415.22,51935
1787434320,2415.23,2416.64,2414.06,2415.36,55685
1787434380,2415.35,2417.08,2414.07,2416.93,53332
1787434440,2416.92,2417.4,2416.19,2417.4,14144
1787434500,2417.4,2417.4,2415.05,2415.12,19001
1787434560,2415.11,2415.4,2412.72,2414.53,62968
1787434620,2414.54,2414.95,2413,2413.74,35412
1787434680,2413.57,2413.89,2409.2,2413,116357
1787434740,2413,2413.01,2411.14,2412.24,89328
1787434800,2411.94,2411.95,2407.5,2411.49,173931
1787434860,2411.49,2413.29,2410.63,2411,140024
1787434920,2411.01,2411.96,2409.3,2411.19,104431
1787434980,2411.2,2412.39,2411.19,2412.19,75057
1787435040,2412.15,2415.72,2411.98,2415.31,79427
1787435100,2415.32,2415.32,2412.37,2412.37,92919
1787435160,2412.37,2412.38,2409.72,2410.38,61070
1787435220,2410.11,2410.52,2409.15,2410.2,31710
1787435280,2410.36,2411.28,2409,2410.46,57462
1787435340,2410.47,2411.77,2410.08,2411.43,25516
1787435400,2411.43,2411.88,2410,2410.21,46213
1787435460,2410.2,2410.21,2407.64,2407.89,43753
1787435520,2407.88,2409.3,2406.57,2409.3,107479
1787435580,2409.44,2409.94,2408.07,2408.56,49954
1787435640,2408.55,2408.69,2406.61,2408.29,73608
1787435700,2408.3,2408.56,2406.33,2406.33,71863
1787435760,2406.33,2406.61,2401.69,2405.71,329502
1787435820,2405.7,2408.72,2405.7,2407.48,205402
1787435880,2407.63,2408.53,2407.48,2408.53,33584
1787435940,2408.53,2408.6,2406.13,2406.13,27317
1787436000,2406.14,2412.55,2405.87,2409.18,146628
1787436060,2409.18,2410.81,2408.91,2409.14,54616
1787436120,2409.14,2409.15,2403.28,2405.31,91407
1787436180,2405.06,2411.91,2404.5,2411.52,102089
1787436240,2411.53,2411.53,2407.68,2409.65,60283
1787436300,2409.64,2416.6,2409.38,2416.58,115954
1787436360,2416.59,2417.49,2414.12,2414.89,115284
1787436420,2414.8,2419.36,2414.56,2418.34,172193
1787436480,2418.67,2420.36,2417.31,2419.84,121233
1787436540,2419.72,2420.72,2418.06,2418.06,88154
1787436600,2418.06,2418.91,2416.1,2416.88,86550
1787436660,2416.89,2417.02,2415.3,2416.63,104428
1787436720,2416.64,2417.59,2416.24,2417.4,19578
1787436780,2417.4,2420.35,2417.22,2418.34,83770
1787436840,2418.35,2419.57,2418.3,2419,78397
1787436900,2418.84,2420.5,2417.78,2417.88,44457
1787436960,2417.88,2419.53,2417.88,2418.06,30671
1787437020,2418.06,2418.9,2416.94,2417.8,24931
1787437080,2417.73,2419.67,2417.38,2418.05,24226
1787437140,2418.05,2418.88,2416.6,2417.13,34594
1787437200,2417.13,2421.76,2417.13,2420.08,77346
1787437260,2420.08,2421,2419.2,2420.34,24831
1787437320,2420.34,2420.5,2418.3,2419.61,22504
1787437380,2419.61,2419.61,2418.08,2418.98,19613
1787437440,2418.85,2421.4,2418.85,2421.02,14532
1787437500,2421.16,2423.63,2420.95,2423.59,150458
1787437560,2423.46,2423.89,2422,2422.07,38103
1787437620,2422.07,2424.36,2422.07,2423.98,73529
1787437680,2423.79,2423.87,2422.34,2423.07,45862
1787437740,2423.08,2424.6,2421.51,2422.43,48975
1787437800,2422.43,2422.79,2421.08,2421.62,36089
1787437860,2421.63,2421.89,2420.01,2420.01,49328
1787437920,2420.01,2420.51,2412.16,2413.28,302625
1787437980,2413.28,2414.47,2407.28,2410.04,281258
1787438040,2410.03,2413.47,2409.61,2413.47,92204
1787438100,2413.47,2414.65,2412.94,2413.48,51976
1787438160,2413.48,2414.54,2411.72,2413.96,28896
1787438220,2414,2416,2414,2415.87,38187
1787438280,2415.87,2417.16,2415.6,2415.87,41149
1787438340,2415.73,2415.86,2412.4,2413.23,39332
1787438400,2413.22,2414.17,2412.8,2414,92065
1787438460,2413.99,2414.19,2413.12,2413.67,17249
1787438520,2413.37,2414.22,2412.5,2413.68,19939
1787438580,2413.9,2415.73,2413.9,2415.27,50932
1787438640,2415.28,2415.28,2413.41,2413.59,17200
1787438700,2413.79,2415.19,2413.44,2414.03,23007
1787438760,2414.04,2416,2413.28,2415.61,44202
1787438820,2415.61,2416.05,2414.35,2414.78,28124
1787438880,2414.77,2414.77,2413.57,2413.57,9152
1787438940,2413.58,2413.91,2412.79,2413.6,36858
1787439000,2413.59,2413.6,2412.69,2413.18,24701
1787439060,2413.18,2416.45,2412.56,2416.22,56389
1787439120,2416.21,2417.34,2414.85,2414.86,39239
1787439180,2414.86,2415.71,2413.81,2414.76,45281
1787439240,2414.77,2415.37,2414.37,2415.13,15339
1787439300,2415.02,2415.6,2412.45,2412.63,37509
1787439360,2412.62,2412.63,2411.87,2412.51,29255
1787439420,2412.51,2412.85,2411.68,2411.78,30303
1787439480,2411.79,2411.87,2410.66,2411.3,61024
1787439540,2411.29,2413.5,2411.29,2413.32,35952
1787439600,2413.32,2413.8,2411,2411.11,29002
1787439660,2411.11,2413.99,2409.65,2413.51,43844
1787439720,2413.5,2415.1,2413.2,2413.62,80457
1787439780,2413.62,2414.8,2412.7,2414.36,26501
1787439840,2414.36,2414.94,2413.61,2414.93,16998
1787439900,2414.94,2416.04,2413.96,2414.35,28667
1787439960,2414.35,2414.89,2413.86,2414.69,35000
1787440020,2414.69,2415.14,2414.15,2414.85,17763
1787440080,2414.84,2416.08,2414.59,2416.07,13029
1787440140,2415.94,2416.17,2414.7,2414.71,6723
1787440200,2414.7,2415.43,2413.55,2415.43,14591
1787440260,2415.44,2415.87,2414.04,2414.97,11071
1787440320,2414.97,2415.58,2414.25,2414.79,20243
1787440380,2414.79,2414.79,2412.74,2413.25,46067
1787440440,2413.25,2414.53,2412.58,2414.53,33456
1787440500,2414.53,2415.2,2413.8,2415.02,10502
1787440560,2415.02,2415.02,2413.27,2414.78,12270
1787440620,2414.77,2415.43,2414.52,2415.18,10481
1787440680,2415.18,2415.9,2414.52,2415.89,24153
1787440740,2415.9,2416.32,2415.47,2416.08,30805
1787440800,2416.07,2416.92,2415.82,2416.68,95745
1787440860,2416.69,2417.27,2416.31,2417.02,20588
1787440920,2417.02,2417.27,2415.98,2417.04,11406
1787440980,2417.04,2419.2,2417.03,2418.86,106043
1787441040,2418.87,2418.87,2417.08,2418.19,38292
1787441100,2418.2,2418.46,2417.14,2417.59,20834
1787441160,2417.59,2419.32,2417.58,2418.16,19692
1787441220,2418.16,2418.16,2417.08,2417.84,18047
1787441280,2417.84,2418.27,2416.18,2416.19,19110
1787441340,2416.19,2416.83,2416,2416.7,8618
1787441400,2416.7,2417.57,2416.7,2417.55,6992
1787441460,2417.32,2417.74,2416.99,2417.73,10418
1787441520,2417.71,2418.3,2416.39,2416.65,18046
1787441580,2416.65,2417.04,2415.5,2415.97,31196
1787441640,2415.96,2415.96,2414.22,2414.53,19408
1787441700,2414.54,2416.05,2414.36,2415.73,10681
1787441760,2415.73,2416.63,2414.57,2415.74,23212
1787441820,2416.15,2418.29,2416.15,2418.28,15179
1787441880,2418.28,2418.88,2417.19,2418.3,20110
1787441940,2418.31,2419.89,2417.4,2419.46,29346
1787442000,2419.46,2419.88,2418.95,2419.53,40702
1787442060,2419.53,2420.15,2419.13,2420.15,28718
1787442120,2420.18,2421.24,2420,2421.08,33421
1787442180,2421.09,2421.2,2420,2420.87,35292
1787442240,2420.87,2421,2420.1,2420.11,14151
1787442300,2420.1,2420.98,2419.68,2420.97,11808
1787442360,2420.97,2421.56,2420.79,2421.29,56763
1787442420,2421.4,2421.9,2421.02,2421.76,19453
1787442480,2421.76,2422.56,2421.33,2421.92,39504
1787442540,2421.93,2424.32,2421.92,2424.18,54405
1787442600,2424.18,2425.48,2422.61,2424.42,136727
1787442660,2424.41,2426,2424.01,2424.86,69689
1787442720,2424.86,2426,2423.87,2423.87,55621
1787442780,2423.87,2425.97,2423.74,2425.36,70452
1787442840,2425.31,2425.36,2424.61,2425.16,13685
1787442900,2425.15,2425.15,2423.79,2423.79,17939
1787442960,2423.8,2423.93,2422.81,2423.25,52687
1787443020,2423.25,2424.31,2423.25,2423.64,11805
1787443080,2423.64,2423.64,2422.98,2423.17,14667
1787443140,2423.17,2423.17,2421.36,2421.37,23244
1787443200,2421.37,2423.18,2421.36,2422.98,29868
1787443260,2422.99,2423.8,2422.44,2423.17,35656
1787443320,2423.17,2424.66,2422.68,2424.14,34176
1787443380,2424.08,2424.5,2422.55,2423.63,51776
1787443440,2423.41,2423.53,2422.07,2422.69,23252
1787443500,2422.65,2423.94,2421.76,2423.53,14304
1787443560,2423.54,2423.71,2421.99,2422.53,7532
1787443620,2422.79,2423.7,2422.79,2423.3,6819
1787443680,2423.3,2423.7,2422.99,2423.16,3555
1787443740,2423.15,2423.15,2421.54,2421.86,8543
1787443800,2421.85,2422.15,2420.82,2420.84,39449
1787443860,2420.85,2422,2420.05,2420.05,20838
1787443920,2420.27,2420.54,2419.35,2420.3,71361
1787443980,2420.3,2421,2418.64,2420.76,53067
1787444040,2420.88,2421.33,2419.78,2419.78,26349
1787444100,2419.78,2420.32,2418.73,2418.98,15521
1787444160,2418.98,2420.46,2418.54,2419.03,46864
1787444220,2419.03,2420.36,2418.98,2419.59,16622
1787444280,2419.59,2421.47,2419.04,2421.47,14974
1787444340,2421.47,2421.73,2419.46,2419.84,17433
1787444400,2419.68,2421.01,2419.24,2419.47,59938
1787444460,2419.47,2422.36,2419.25,2421.02,94675
1787444520,2421.01,2422.42,2420.52,2422.14,123531
1787444580,2422.14,2423.75,2422,2423.65,70515
1787444640,2423.64,2430.26,2423.05,2426.53,406078
1787444700,2426.27,2426.47,2423.98,2425.93,93920
1787444760,2425.94,2426.86,2425.14,2426.62,121202
1787444820,2426.62,2428.52,2426.22,2426.49,77569
1787444880,2426.5,2428.08,2424.89,2425.18,48378
1787444940,2425.18,2426.42,2424.93,2425.76,51868
1787445000,2425.76,2426.89,2425.32,2426.88,18666
1787445060,2426.89,2427.61,2425.29,2425.79,43175
1787445120,2425.79,2426.68,2425.5,2425.9,42443
1787445180,2426.04,2427.84,2425.8,2427.83,35030
1787445240,2427.84,2427.84,2426.64,2426.64,24209
1787445300,2426.52,2427.43,2426.29,2426.76,15289
1787445360,2426.76,2426.99,2425.02,2426.63,50534
1787445420,2426.52,2429,2425.81,2428.55,46484
1787445480,2428.55,2432.99,2426.62,2428.9,246356
1787445540,2428.91,2430.19,2427.59,2429.28,151238
1787445600,2429.16,2430.56,2426.93,2427.05,87459
1787445660,2427.05,2427.8,2425.55,2426.08,59102
1787445720,2426.08,2428,2426.08,2427.48,68492
1787445780,2427.48,2428.05,2426.78,2428.01,19672
1787445840,2428.06,2428.4,2426.16,2426.16,24872
1787445900,2426.4,2428.18,2425.69,2427.55,32108
1787445960,2427.55,2427.59,2425.34,2426.53,15315
1787446020,2426.52,2427.38,2425.93,2427.35,25641
1787446080,2427.35,2428.44,2426.78,2427.68,10851
1787446140,2427.68,2431.55,2427.53,2430.2,93226
1787446200,2430.21,2430.37,2429.19,2429.7,117078
1787446260,2429.57,2432.22,2429.49,2431.78,95484
1787446320,2431.72,2434.36,2431.71,2433.39,228146
1787446380,2433.39,2434.5,2432.52,2432.6,121787
1787446440,2432.75,2433.17,2432.05,2432.92,53351
1787446500,2433.03,2434.46,2432.09,2433.2,35222
1787446560,2433.2,2433.2,2431.48,2432.53,65244
1787446620,2432.53,2433.2,2431.93,2432.27,56036
1787446680,2432.27,2433.69,2432.1,2433.2,33194
1787446740,2433.21,2433.26,2429,2429.87,87747
1787446800,2429.86,2430.08,2427.28,2428.88,301835
1787446860,2428.89,2429.38,2427.48,2428.87,55771
1787446920,2429.18,2429.3,2427.7,2428.35,46446
1787446980,2428.34,2428.49,2425.11,2426.65,81472
1787447040,2426.65,2426.92,2423.25,2423.92,137723
1787447100,2424.1,2427.82,2424.09,2427.61,113584
1787447160,2427.62,2427.82,2425.56,2426.26,38411
1787447220,2426.55,2426.55,2425.15,2425.64,12626
1787447280,2425.64,2426.28,2423.26,2426.28,52765
1787447340,2426.15,2427.23,2425.71,2426.27,50407
1787447400,2426.26,2427.29,2426.16,2427.2,52744
1787447460,2427.2,2427.48,2425.72,2425.89,18651
1787447520,2425.89,2426.67,2425.1,2426.67,18754
1787447580,2426.68,2427.77,2426.68,2427.77,54538
1787447640,2427.8,2429.65,2427.5,2428.78,67824
1787447700,2428.79,2428.87,2427.01,2427.01,55877
1787447760,2427.01,2427.01,2425.28,2425.64,24470
1787447820,2425.64,2426.25,2425,2425.41,13448
1787447880,2425.41,2425.66,2424.42,2424.64,28114
1787447940,2424.64,2426.28,2424.62,2425.89,9448
1787448000,2426.03,2429.99,2425.74,2428.77,100980
1787448060,2428.78,2428.78,2427.87,2427.87,74850
1787448120,2427.87,2431.71,2427.8,2430.83,85896
1787448180,2430.83,2431.92,2430.01,2430.01,62616
1787448240,2430.23,2431.99,2430.23,2430.72,50323
1787448300,2430.73,2430.73,2428.63,2429.38,33040
1787448360,2429.39,2430.26,2429.38,2429.76,11399
1787448420,2429.76,2429.76,2428.31,2428.31,15626
1787448480,2428.31,2428.31,2427.64,2428.04,41501
1787448540,2428.05,2428.73,2427.94,2428.69,15465
1787448600,2428.7,2430.9,2428.65,2430.9,52331
1787448660,2430.9,2431.94,2429.5,2429.5,31519
1787448720,2429.5,2429.5,2426.59,2426.59,45741
1787448780,2426.59,2427.1,2419.43,2420.12,326852
1787448840,2420.12,2423.91,2420.04,2423.73,168207
1787448900,2423.73,2424,2422.41,2423.99,43535
1787448960,2423.99,2424.5,2423.15,2424.5,32077
1787449020,2424.49,2424.91,2423.52,2424.59,22096
1787449080,2424.83,2425.96,2424.48,2424.69,24179
1787449140,2424.74,2425.5,2424.74,2425.35,23297
1787449200,2425.35,2426.59,2424.65,2424.67,25213
1787449260,2424.67,2424.97,2423.49,2424.17,18533
1787449320,2424.16,2424.16,2421.3,2421.74,26273
1787449380,2421.86,2424.51,2421.85,2423.87,31606
1787449440,2423.88,2426.29,2423.42,2425.15,34412
1787449500,2425.15,2426.53,2424.36,2425.89,19751
1787449560,2425.89,2428.79,2425.68,2427.51,73504
1787449620,2427.51,2428.02,2425.67,2426.39,49392
1787449680,2426.38,2426.39,2424.66,2425.08,24376
1787449740,2425.08,2426.03,2424.92,2425.21,16811
1787449800,2425.21,2426.63,2424.01,2426.63,18479
1787449860,2426.52,2427.02,2425.97,2426.41,22142
1787449920,2426.42,2428.56,2426.41,2428.06,39671
1787449980,2427.84,2427.85,2426.09,2427.28,14032
1787450040,2427.28,2428.56,2426.41,2427.31,26987
1787450100,2427.52,2427.52,2425.29,2425.73,21777
1787450160,2425.72,2425.87,2419.73,2420.73,181548
1787450220,2420.72,2421.99,2419.26,2420.61,216220
1787450280,2420.46,2422.51,2419.02,2422.44,119900
1787450340,2422.45,2422.79,2421.22,2422.2,41197
1787450400,2422.19,2422.65,2421.09,2421.49,34299
1787450460,2421.5,2423,2421.5,2422.58,19393
1787450520,2422.59,2423.52,2421.13,2421.41,32578
1787450580,2421.42,2422.84,2421.02,2421.81,37654
1787450640,2421.31,2421.8,2419.36,2419.83,34748
1787450700,2419.83,2420.09,2418.81,2419.37,52513
1787450760,2419.36,2419.79,2416.99,2419.56,140247
1787450820,2419.56,2419.87,2418.6,2419.14,81401
1787450880,2419.14,2420,2418.68,2419.28,23914
1787450940,2419.28,2420.17,2417.57,2418.29,29605
1787451000,2418.3,2418.67,2416.92,2417.31,31754
1787451060,2417.22,2418,2416.6,2416.76,32969
1787451120,2416.75,2419.14,2416.61,2418.02,36357
1787451180,2418.02,2419.29,2418.02,2419.29,21983
1787451240,2419.28,2419.28,2412.61,2412.62,198088
1787451300,2412.62,2417.91,2412.56,2416.66,144540
1787451360,2416.65,2418.81,2416.65,2417.98,66860
1787451420,2417.75,2418.72,2417.74,2418.4,32152
1787451480,2418.39,2418.76,2417.66,2417.67,29423
1787451540,2417.66,2417.66,2415.56,2415.82,30530
1787451600,2415.81,2416.45,2415.08,2415.25,30354
1787451660,2415.24,2415.24,2413.28,2413.91,97902
1787451720,2414.09,2414.45,2411.11,2412.49,121424
1787451780,2412.48,2412.49,2406.51,2410.91,532543
1787451840,2410.9,2412.45,2409.92,2412.11,169297
1787451900,2412.28,2415,2412.28,2414.39,123845
1787451960,2414.4,2415.71,2414.39,2414.86,74947
1787452020,2414.86,2414.86,2413.26,2414.43,40380
1787452080,2414.43,2414.62,2413.72,2414.44,23855
1787452140,2414.44,2415.25,2414.04,2415.24,42783
1787452200,2415,2415.71,2414.23,2415.53,31532
1787452260,2415.25,2417.55,2415.25,2417.55,58029
1787452320,2417.56,2418.68,2417.56,2418.68,60872
1787452380,2418.72,2419.02,2418.1,2418.95,60218
1787452440,2418.96,2419.31,2418.59,2418.86,36894
1787452500,2418.85,2419.36,2417.65,2418.14,24840
1787452560,2418.14,2418.14,2416.68,2417.35,33772
1787452620,2417.34,2419.89,2416.66,2418.99,24561
1787452680,2418.99,2419.48,2418,2418.22,28134
1787452740,2418.22,2418.62,2417.93,2418.09,15227
1787452800,2418.21,2419.19,2418.21,2418.31,21470
1787452860,2418.31,2419.13,2418.04,2418.09,13345
1787452920,2418.09,2418.69,2416.66,2417.43,41850
1787452980,2417.4,2417.84,2417.03,2417.84,7470
1787453040,2417.84,2417.95,2417.4,2417.9,13879
1787453100,2417.9,2418.72,2416.96,2418.42,33516
1787453160,2418.42,2418.57,2417.66,2418.54,13255
1787453220,2418.4,2420.12,2417.73,2419.93,66478
1787453280,2420,2420.74,2419.7,2420.36,60030
1787453340,2420.37,2420.99,2419.71,2419.72,43081
1787453400,2419.72,2420.21,2417.27,2417.75,38662
1787453460,2417.75,2417.94,2417,2417.4,10703
1787453520,2417.4,2422.74,2416.52,2418.87,361487
1787453580,2418.86,2419.81,2416.01,2416.02,118761
1787453640,2416.01,2416.89,2415.27,2415.59,107192
1787453700,2415.59,2416.72,2415.08,2415.25,50051
1787453760,2415.25,2416.82,2415.25,2416.11,30666
1787453820,2416.1,2417,2416.1,2416.25,26571
1787453880,2416.25,2416.77,2415.79,2415.79,13524
1787453940,2415.79,2416.81,2415.5,2416.33,38033
1787454000,2416.21,2416.8,2415.86,2416.03,11684
1787454060,2416.03,2417.2,2415,2415.69,26775
1787454120,2415.69,2417.19,2415.6,2416.31,18131
1787454180,2416.32,2417.49,2415.22,2415.23,29311
1787454240,2415.23,2416.02,2414.5,2415.57,27617
1787454300,2415.45,2415.6,2414.51,2415.37,12441
1787454360,2415.36,2415.65,2414.5,2414.51,35623
1787454420,2414.51,2415.2,2414.39,2414.39,56527
1787454480,2414.39,2414.4,2412.65,2412.76,68905
1787454540,2412.76,2413.67,2412.27,2413.67,35170
1787454600,2413.66,2414,2412.41,2413.34,36996
1787454660,2413.23,2414.26,2412.73,2413.03,25413
1787454720,2413.03,2414.3,2412.9,2413.94,82618
1787454780,2413.94,2416.32,2413.94,2416.19,58000
1787454840,2416.19,2417.49,2415.61,2416.28,18946
1787454900,2416.28,2416.78,2414.85,2415.73,18053
1787454960,2415.74,2417.4,2415.44,2416.37,38253
1787455020,2416.31,2417.93,2416,2417.44,28820
1787455080,2417.45,2418.49,2417.13,2417.14,30738
1787455140,2417.6,2417.88,2415.84,2415.84,20535
1787455200,2415.85,2415.85,2413.87,2414.29,69200
1787455260,2414.48,2414.76,2413.28,2413.96,82695
1787455320,2413.96,2414.99,2412.31,2414.99,64460
1787455380,2414.99,2415.29,2411.64,2412.21,71307
1787455440,2412.2,2413.26,2411.21,2412.55,39233
1787455500,2412.55,2414.06,2412.55,2413.69,29994
1787455560,2413.45,2414.32,2413.45,2414.14,38294
1787455620,2414.14,2414.47,2413.35,2413.51,32025
1787455680,2413.5,2414.03,2413.34,2413.59,19204
1787455740,2413.59,2413.59,2412.28,2412.41,24407
1787455800,2412.41,2412.9,2410.11,2410.12,37989
1787455860,2410.13,2410.58,2408.52,2408.61,175050
1787455920,2408.61,2411.78,2408.52,2409.71,75727
1787455980,2409.71,2410.66,2407.79,2408.53,151127
1787456040,2408.53,2411,2408.52,2410.21,94528
1787456100,2410.21,2410.98,2409.12,2409.95,39284
1787456160,2409.99,2411.7,2409.83,2410.25,46939
1787456220,2410.25,2411.68,2410,2411.34,37996
1787456280,2411.34,2412.06,2410.53,2411.98,18504
1787456340,2412.09,2412.41,2409.22,2409.87,47698
1787456400,2409.87,2410.37,2408.48,2409.28,68212
1787456460,2409.29,2410.92,2409.28,2409.77,32730
1787456520,2409.77,2409.77,2408.28,2408.66,27305
1787456580,2408.52,2409.3,2408.22,2408.66,35366
1787456640,2408.67,2409.41,2407.69,2409.25,79333
1787456700,2409.24,2411.66,2408.98,2411.66,55734
1787456760,2411.66,2412.42,2410.93,2411.86,96728
1787456820,2411.74,2412.39,2410.7,2410.7,27690
1787456880,2410.71,2412.06,2410.01,2411.5,33833
1787456940,2411.51,2413.26,2411.43,2412.92,19358
1787457000,2412.93,2413.27,2411.62,2412.08,35804
1787457060,2412.07,2412.82,2411.52,2411.53,27241
1787457120,2411.52,2412.63,2411.52,2412.63,16348
1787457180,2412.62,2413.3,2411.99,2413.26,35177
1787457240,2413.26,2414,2413.04,2413.05,41910
1787457300,2413.05,2413.42,2412.31,2412.43,30851
1787457360,2412.3,2413.31,2411.51,2412.94,32145
1787457420,2412.94,2413.4,2412.13,2413.12,19576
1787457480,2413.12,2413.7,2412.51,2412.97,20053
1787457540,2412.98,2413.44,2412.72,2413.04,8897
1787457600,2413.04,2414.17,2412.82,2413.01,33585
1787457660,2413.01,2415.42,2412.52,2415.42,49647
1787457720,2415.41,2416.56,2413.02,2413.03,71334
1787457780,2413.02,2413.02,2411.44,2411.61,41773
1787457840,2411.6,2412.36,2408.28,2408.28,105842
1787457900,2408.28,2409.89,2408.21,2408.5,107282
1787457960,2408.34,2411.75,2408.09,2410.3,94447
1787458020,2410.31,2410.31,2407.8,2408.05,93597
1787458080,2408.05,2408.33,2401.68,2405.5,639893
1787458140,2405.51,2407,2403.47,2406.64,413457
1787458200,2406.65,2408.63,2405.85,2408.63,136311
1787458260,2408.63,2409.5,2407.21,2407.64,116739
1787458320,2407.63,2409.84,2407.5,2409.83,42624
1787458380,2409.69,2412,2408.6,2411.76,63479
1787458440,2411.63,2414.32,2411.63,2413.49,100154
1787458500,2413.45,2415.72,2412.29,2412.29,155452
1787458560,2412.29,2413.48,2410.7,2413.35,72779
1787458620,2413.11,2414.18,2411.46,2411.67,41293
1787458680,2411.47,2411.82,2408.81,2408.93,58560
1787458740,2409.02,2409.02,2405.22,2405.26,117004
1787458800,2405.25,2407.27,2404.55,2404.88,157038
1787458860,2404.88,2407.01,2403,2404.52,135570
1787458920,2404.64,2407.02,2404.64,2406.69,174233
1787458980,2406.69,2408.27,2406.13,2407.47,80632
1787459040,2407.47,2409.36,2407.2,2409.04,52305
1787459100,2409.04,2410.45,2408.84,2409.16,51823
1787459160,2409.17,2410.65,2409.17,2410.65,50021
1787459220,2410.66,2411.5,2409.83,2410,37445
1787459280,2410.01,2411.5,2409.12,2410.19,34062
1787459340,2410.18,2410.39,2409.53,2409.75,27237
1787459400,2409.75,2410.16,2408.12,2408.12,17491
1787459460,2408.12,2408.12,2406.71,2407.45,54892
1787459520,2407.46,2407.5,2405.7,2405.91,42837
1787459580,2405.91,2406.47,2404.66,2404.76,96054
1787459640,2404.79,2404.79,2403,2404.45,136301
1787459700,2404.45,2404.8,2401.59,2402.38,170435
1787459760,2402.38,2403.9,2401.02,2403.68,207371
1787459820,2403.68,2404.92,2402.1,2404.3,83010
1787459880,2404.3,2405.39,2403.99,2404.96,59808
1787459940,2404.97,2406.19,2404.21,2405.55,31935
1787460000,2405.4,2406.53,2405.25,2406.25,49562
1787460060,2406.25,2406.92,2403.33,2404.57,114955
1787460120,2404.61,2405.29,2402.58,2402.75,79192
1787460180,2402.74,2403.89,2402.59,2403.48,59217
1787460240,2403.48,2403.48,2401.4,2402.16,117117
1787460300,2402.15,2402.83,2391.58,2394.27,779908
1787460360,2393.93,2397.27,2390.5,2396.66,715188
1787460420,2396.46,2397.17,2389.86,2391.59,440796
1787460480,2391.59,2392.96,2371,2371.17,2364435
1787460540,2371.17,2378.09,2370.73,2375.34,1323639
1787460600,2375.33,2384.85,2374.67,2381.78,721396
1787460660,2381.77,2389.36,2381.77,2383.63,549605
1787460720,2383.58,2384.74,2382.34,2384.52,333845
1787460780,2384.52,2386.8,2384.24,2386.06,123379
1787460840,2386.19,2386.77,2384.6,2385.33,117711
1787460900,2385.11,2386.66,2383,2383.9,123885
1787460960,2383.9,2384.45,2383,2383.9,144413
1787461020,2383.89,2384.99,2382.25,2382.7,132481
1787461080,2382.38,2384.28,2381.12,2381.15,193303
1787461140,2381.15,2382,2376.99,2378,415574
1787461200,2377.87,2384.77,2375.91,2380.92,425335
1787461260,2380.92,2383.29,2379.25,2380.3,158120
1787461320,2380.3,2381.51,2374.1,2374.67,295827
1787461380,2374.66,2377.1,2373,2375.36,421236
1787461440,2375.36,2380.64,2374.03,2377.7,198800
1787461500,2377.7,2380.34,2377.36,2378.38,134207
1787461560,2378.38,2378.84,2375.74,2378.42,216322
1787461620,2378.42,2379.36,2375.35,2376.4,173869
1787461680,2376.4,2377.68,2365.29,2367,624524
1787461740,2367,2372.98,2362.27,2371.93,982456
1787461800,2371.66,2376.8,2370.78,2373.67,471512
1787461860,2373.67,2374.92,2371.02,2374.92,405717
1787461920,2374.92,2375.48,2372.99,2375.44,262738
1787461980,2375.44,2376.55,2373.58,2374.02,101987
1787462040,2374.02,2374.37,2364.71,2366.08,575290
1787462100,2365.44,2368.99,2365.16,2368.13,390003
1787462160,2368.14,2370.88,2361.02,2361.31,529189
1787462220,2361.61,2363.42,2355.01,2362.3,1696824
1787462280,2362.3,2373.68,2361.01,2371.59,995744
1787462340,2371.59,2379.38,2370.9,2379.14,647590
1787462400,2379.14,2380.69,2375.07,2377.19,656466
1787462460,2377.2,2381.27,2377.03,2378.38,507730
1787462520,2378.37,2380.79,2377.2,2380.46,293442
1787462580,2380.45,2382.64,2379.23,2382.61,282289
1787462640,2382.54,2384.52,2380.69,2383.59,263623
1787462700,2383.59,2386.31,2383.07,2383.45,399535
1787462760,2383.45,2383.65,2379.5,2381.07,462544
1787462820,2381.08,2383.98,2380.69,2382.67,200683
1787462880,2382.67,2384.68,2382.05,2382.06,129079
1787462940,2382.34,2382.79,2379.37,2379.49,127918
1787463000,2379.49,2383.86,2379.01,2379.95,84601
1787463060,2379.95,2381.37,2378.48,2380.01,90685
1787463120,2380.13,2382.74,2379.43,2381.21,95188
1787463180,2381.22,2382.5,2378.72,2382.3,63519
1787463240,2382.29,2382.5,2379.17,2380.23,84063
1787463300,2380.35,2382.55,2379.09,2381.66,65934
1787463360,2381.66,2381.66,2376.22,2377.25,283942
1787463420,2377.24,2378.77,2376.39,2376.58,90891
1787463480,2376.58,2377.66,2373.82,2375.01,442773
1787463540,2375,2375.57,2372.45,2375.17,167484
1787463600,2375.16,2377.59,2373.01,2375.09,227741
1787463660,2375.09,2378.72,2374.69,2377.24,155506
1787463720,2377.24,2378.79,2376.3,2376.41,79085
1787463780,2376.41,2376.72,2374.85,2375.47,91406
1787463840,2375.47,2376.41,2374,2376.21,39358
1787463900,2376.21,2377.39,2375.55,2375.88,55871
1787463960,2375.88,2378,2375.23,2376.22,59577
1787464020,2376.22,2376.28,2374.25,2374.86,61978
1787464080,2374.86,2375.64,2374.26,2374.86,59513
1787464140,2374.86,2376.68,2374.86,2375.79,69471
1787464200,2375.79,2378,2375.51,2375.88,54239
1787464260,2375.89,2376.67,2374.39,2374.39,75362
1787464320,2374.39,2375,2372.57,2374.61,82080
1787464380,2374.62,2376,2374.07,2375.66,64663
1787464440,2375.77,2376.2,2375.28,2376.16,20194
1787464500,2376.15,2376.64,2374.15,2375.42,39397
1787464560,2375.63,2375.95,2374.68,2374.92,33190
1787464620,2374.92,2375.79,2374.68,2375.14,32865
1787464680,2375.14,2375.3,2374.31,2375.02,23351
1787464740,2375.02,2375.07,2372.57,2372.59,56326
1787464800,2372.6,2374.61,2372.1,2373.09,83662
1787464860,2373.08,2373.13,2370.04,2371.69,151678
1787464920,2371.8,2374.14,2369.45,2373.98,194682
1787464980,2373.98,2375.52,2373,2373.01,143053
1787465040,2373.01,2375.88,2372.14,2374.76,57927
1787465100,2374.92,2376,2374.25,2374.69,31201
1787465160,2374.69,2374.69,2372.31,2373.48,44341
1787465220,2373.47,2374.99,2372.03,2372.1,40151
1787465280,2372.1,2372.7,2369.22,2371.38,108712
1787465340,2371.37,2371.84,2370.23,2370.72,97075
1787465400,2370.45,2371.66,2369.48,2371.66,261741
1787465460,2371.66,2373.27,2371.08,2371.08,67852
1787465520,2371.08,2374.12,2371.08,2373.66,52079
1787465580,2373.66,2377.86,2373,2375.89,156320
1787465640,2375.92,2380.42,2375.92,2379.25,389714
1787465700,2378.96,2384.2,2377.91,2382.26,245529
1787465760,2382.23,2386.04,2381.7,2382.82,351639
1787465820,2382.82,2385.2,2381.88,2384.01,284558
1787465880,2384.01,2384.53,2382.7,2384.19,163292
1787465940,2384.16,2388.92,2383.77,2387.83,266170
1787466000,2387.84,2390.68,2386.42,2389.15,300759
1787466060,2389.16,2389.25,2385.11,2386.87,123769
1787466120,2386.86,2392.66,2386.63,2388.36,391975
1787466180,2388.37,2390.87,2387.87,2389.08,256850
1787466240,2389.08,2389.59,2387.97,2388.59,92346
1787466300,2388.59,2388.6,2386.64,2387.2,201642
1787466360,2387.2,2388.35,2386.68,2386.82,65772
1787466420,2386.82,2387.05,2385.44,2386.04,68205
1787466480,2386.04,2389,2385.06,2387.68,113888
1787466540,2387.69,2390.42,2387.68,2389.29,154276
1787466600,2389.28,2392.21,2388.82,2389.95,199655
1787466660,2389.96,2392.38,2389.72,2392.01,114170
1787466720,2392.01,2395,2392,2393.29,475880
1787466780,2393.29,2396.5,2393.28,2393.88,254901
1787466840,2393.87,2393.96,2392.45,2392.65,105662
1787466900,2392.65,2393.39,2392.33,2392.39,50484
1787466960,2392.39,2392.83,2390.81,2391.43,111043
1787467020,2391.43,2391.71,2389.9,2389.94,87061
1787467080,2389.95,2389.95,2388.5,2388.74,103548
1787467140,2388.74,2389.09,2386.66,2388.63,107625
1787467200,2388.63,2391.38,2388.43,2391.35,93732
1787467260,2391.36,2392.98,2391.11,2391.79,76127
1787467320,2391.8,2393,2390.99,2392.36,68277
1787467380,2392.35,2392.36,2390.52,2390.73,52025
1787467440,2390.73,2392.5,2390.73,2391.24,47912
1787467500,2391.24,2391.74,2389.28,2389.65,65134
1787467560,2389.65,2392.33,2389.34,2392.22,33419
1787467620,2392.21,2392.22,2390.65,2391.6,29597
1787467680,2391.6,2391.84,2389.68,2390.24,28235
1787467740,2390.23,2390.23,2387.76,2389.45,45935
1787467800,2389.45,2389.68,2387.69,2389.48,117831
1787467860,2389.47,2389.77,2387.8,2388.16,58095
1787467920,2388.17,2389.55,2388.17,2388.44,40311
1787467980,2388.55,2389,2387.36,2387.78,50620
1787468040,2387.78,2387.79,2386.1,2387.18,153410
1787468100,2387.19,2387.99,2385.62,2385.62,74288
1787468160,2385.62,2386.22,2385.25,2385.6,70340
1787468220,2386,2387.43,2385.38,2387.1,62067
1787468280,2387.1,2387.1,2385.38,2386.09,39560
1787468340,2386.08,2389.13,2385.94,2388.88,48132
1787468400,2388.89,2388.89,2387.01,2387.24,53671
1787468460,2387.24,2388.82,2386.45,2388.68,28770
1787468520,2388.68,2389.75,2388.29,2388.93,125853
1787468580,2388.93,2388.93,2386.75,2387,65344
1787468640,2387.01,2389.22,2386.75,2389.22,53903
1787468700,2389.22,2391.34,2388.62,2390.76,122382
1787468760,2391.16,2393.14,2390.62,2392.83,97177
1787468820,2392.83,2393.81,2391.68,2392.57,80237
1787468880,2392.56,2392.56,2390.72,2390.96,98703
1787468940,2390.71,2392.29,2390.69,2391.48,36623
1787469000,2391.48,2392.55,2391.02,2391.53,41864
1787469060,2391.54,2392.38,2391.28,2392.26,15862
1787469120,2392.27,2393.96,2391.84,2393.71,43886
1787469180,2393.72,2395.8,2393.53,2394.18,177181
1787469240,2394.19,2394.31,2393.21,2393.48,51180
1787469300,2393.49,2395.36,2393.01,2394.97,53898
1787469360,2394.97,2396.14,2394.48,2395.25,87836
1787469420,2395.26,2395.53,2394.49,2395.4,74739
1787469480,2395.41,2396.13,2394.6,2394.72,34690
1787469540,2394.72,2395.94,2394.52,2395.09,45823
1787469600,2395.09,2395.4,2392.77,2393.1,49095
1787469660,2393.1,2393.4,2390.87,2391,160458
1787469720,2391.41,2392.8,2391.18,2392.42,49162
1787469780,2392.18,2393.31,2392.18,2393.11,31388
1787469840,2393.1,2393.31,2392.39,2392.39,19858
1787469900,2392.39,2394.73,2392.39,2394.34,41160
1787469960,2394.34,2394.35,2393.18,2393.52,21915
1787470020,2393.52,2394.15,2391.42,2392.28,408650
1787470080,2392.28,2392.38,2391.09,2392.31,99849
1787470140,2392.31,2392.61,2391.7,2391.71,66046
1787470200,2391.71,2391.9,2391.19,2391.71,29031
1787470260,2391.7,2391.7,2389.7,2390.33,66270
1787470320,2390.33,2391.38,2390.33,2391.33,24914
1787470380,2391.33,2391.71,2390.34,2390.56,24762
1787470440,2390.56,2390.56,2388.5,2388.5,111941
1787470500,2388.52,2389.23,2387.37,2389.23,235787
1787470560,2389.23,2389.65,2388.29,2389.61,52219
1787470620,2389.61,2389.61,2387.8,2388.09,29532
1787470680,2388.08,2388.75,2387.32,2387.89,43027
1787470740,2387.9,2389.87,2387.9,2389.84,36863
1787470800,2389.84,2390.19,2388.25,2388.62,36560
1787470860,2388.62,2388.97,2387.88,2388.85,22578
1787470920,2388.85,2389.43,2388.12,2389.01,21351
1787470980,2389,2389,2388.07,2388.45,17059
1787471040,2388.45,2389.89,2388.44,2388.6,23655
1787471100,2388.6,2390.54,2388,2388.34,52597
1787471160,2388.34,2388.79,2386.42,2388.02,63279
1787471220,2388.02,2388.8,2387.77,2388.24,40597
1787471280,2388.25,2388.46,2387.03,2387.99,37693
1787471340,2387.99,2389.68,2387.99,2389.67,39666
1787471400,2389.59,2389.71,2388.28,2388.4,17192
1787471460,2388.41,2390.67,2388.41,2389.68,39424
1787471520,2389.68,2391.63,2389.68,2391.36,147474
1787471580,2391.36,2392.34,2391.18,2391.6,49357
1787471640,2391.6,2391.92,2389.4,2389.4,21402
1787471700,2389.4,2389.62,2388.54,2388.82,71190
1787471760,2388.62,2388.73,2387,2387.87,108938
1787471820,2387.87,2387.87,2385.75,2386.19,100488
1787471880,2386.19,2387,2385.61,2386.39,91488
1787471940,2386.39,2387.9,2386.08,2387.86,62298
1787472000,2387.87,2388.72,2386.82,2388.56,59933
1787472060,2388.56,2388.85,2385.69,2386,66303
1787472120,2386,2388,2385.84,2387.66,43871
1787472180,2387.66,2388.71,2386.3,2387.52,53938
1787472240,2387.52,2389.27,2387.17,2389.27,32778
1787472300,2389.26,2390.93,2388.48,2390.8,75067
1787472360,2390.79,2393.29,2390.24,2392.18,234991
1787472420,2392.18,2393.89,2392.18,2393.74,84804
1787472480,2393.74,2396,2393.74,2394.41,179168
1787472540,2394.41,2408.54,2394.21,2407.21,1162794
1787472600,2407.21,2413.2,2405.8,2406.01,1242040
1787472660,2406.01,2407.92,2403.7,2407.71,528393
1787472720,2407.71,2413.46,2407.13,2407.3,408968
1787472780,2407.31,2407.89,2405.22,2407.32,319804
1787472840,2407.33,2407.47,2405.3,2406,178603
1787472900,2405.99,2406.34,2404.64,2406.02,157243
1787472960,2406.02,2407.49,2405.4,2407.15,85546
1787473020,2407.15,2410.39,2406.6,2409.55,171609
1787473080,2409.56,2409.63,2407.14,2408.04,113148
1787473140,2408.03,2408.05,2406.61,2406.99,69161
1787473200,2407,2407.58,2406.51,2406.62,42174
1787473260,2406.62,2407.56,2406,2406.49,43277
1787473320,2406.49,2406.66,2405.12,2405.12,58773
1787473380,2405.12,2406.35,2404.52,2406.15,84499
1787473440,2406.29,2406.29,2405.45,2406.09,46065
1787473500,2406.08,2406.22,2405.47,2406.13,31769
1787473560,2406.12,2407,2404.66,2405.22,65746
1787473620,2405.09,2406.26,2404.68,2406.26,82519
1787473680,2406.33,2406.34,2406,2406.09,36634
1787473740,2406.09,2406.34,2405.67,2406.1,41989
1787473800,2406.33,2407.6,2406,2407.38,42415
1787473860,2407.42,2407.83,2406.29,2407.82,52723
1787473920,2407.82,2410,2407,2409.38,115477
1787473980,2409.38,2412.69,2408.55,2412.2,213627
1787474040,2412.21,2419.39,2409.76,2414.02,640699
1787474100,2414,2415.19,2411.57,2413.75,428568
1787474160,2413.61,2414.48,2413.26,2413.95,121427
1787474220,2413.95,2417.15,2413.81,2416.92,183113
1787474280,2416.93,2422,2415,2418.9,881196
1787474340,2418.9,2418.99,2416.18,2417.47,292358
1787474400,2417.47,2420.73,2416.37,2420.72,189585
1787474460,2420.73,2427,2418.38,2420.12,714719
1787474520,2420.13,2423.16,2419,2419.99,497254
1787474580,2419.94,2421.58,2419.93,2420.41,121658
1787474640,2420.41,2421.87,2419.01,2419.18,88445
1787474700,2419.18,2420.96,2418.75,2420.67,133811
1787474760,2420.67,2420.96,2419.18,2419.19,89892
1787474820,2419.19,2419.19,2416.03,2416.41,177409
1787474880,2416.41,2417.85,2415.26,2415.93,129907
1787474940,2415.94,2416.35,2414.27,2414.43,160829
1787475000,2414.44,2415.02,2413.48,2413.78,162732
1787475060,2413.77,2415.94,2413.47,2415.88,96696
1787475120,2415.87,2417.16,2415.84,2416.3,150528
1787475180,2416.31,2416.35,2414.12,2414.87,82756
1787475240,2414.87,2415.44,2414.5,2415.13,43771
1787475300,2415.14,2415.14,2414.47,2415.09,33995
1787475360,2415.1,2415.58,2410.47,2412.01,308317
1787475420,2411.94,2411.95,2410.96,2411.21,127462
1787475480,2411.21,2411.31,2410.09,2410.91,114899
1787475540,2410.91,2412.2,2410.91,2412.01,61178
1787475600,2412.07,2412.14,2410,2410.32,112349
1787475660,2410.33,2413.83,2410.33,2413.61,111485
1787475720,2413.62,2414.84,2413.61,2414.16,75549
1787475780,2414.16,2415.16,2412.42,2412.85,68136
1787475840,2412.85,2415.63,2412.84,2414.24,103288
1787475900,2414.25,2415.46,2414.25,2414.97,35462
1787475960,2414.97,2414.97,2413.65,2413.92,38789
1787476020,2413.75,2414.68,2413.36,2413.37,31193
1787476080,2413.36,2413.37,2411.78,2412.07,40416
1787476140,2412.02,2413.57,2412.02,2412.38,20066
1787476200,2412.49,2413.19,2412.01,2412.36,25006
1787476260,2412.13,2413.06,2412.13,2412.14,29118
1787476320,2412.14,2412.14,2411.02,2411.3,43233
1787476380,2411.3,2412.34,2411.29,2412.33,17309
1787476440,2412.34,2413.19,2412.01,2412.15,24822
1787476500,2412.14,2413.05,2411.94,2412.91,25654
1787476560,2412.91,2413.1,2411.3,2411.58,37395
1787476620,2411.58,2411.58,2410.12,2411.28,61635
1787476680,2411.28,2411.43,2410.14,2410.78,31742
1787476740,2410.77,2412.45,2410.77,2411.37,41353
1787476800,2411.37,2411.69,2407,2408.62,200609
1787476860,2408.63,2409.12,2406.51,2408.72,190339
1787476920,2408.85,2410.85,2408.59,2410.35,71590
1787476980,2410.34,2410.54,2409.4,2409.51,37717
1787477040,2409.5,2409.51,2407.2,2407.74,55836
1787477100,2407.59,2408.64,2407.53,2408.28,43277
1787477160,2408.29,2410.17,2408.29,2409.92,33492
1787477220,2409.92,2411.81,2409.63,2410.11,71440
1787477280,2410.11,2411.01,2410,2410.03,33007
1787477340,2410.03,2410.61,2410.03,2410.11,24461
1787477400,2410.11,2410.35,2407.35,2408.17,28555
1787477460,2408.16,2408.3,2406.48,2407.18,59361
1787477520,2407.18,2407.83,2407.18,2407.83,36966
1787477580,2407.82,2408,2407.13,2407.97,15548
1787477640,2407.97,2408.15,2407.21,2407.6,14737
1787477700,2407.6,2407.66,2403.07,2406.28,208539
1787477760,2406.29,2408.55,2405.66,2408.29,99462
1787477820,2408.29,2408.88,2407.92,2408.2,33662
1787477880,2408.2,2408.2,2406.57,2407.55,38616
1787477940,2407.56,2408.99,2407.1,2408.99,35939
1787478000,2408.99,2409.68,2408.74,2409.67,32803
1787478060,2409.67,2412.09,2409.67,2410.88,97553
1787478120,2410.88,2411.19,2410.12,2411.18,84378
1787478180,2411.19,2412.12,2411.18,2411.35,50842
1787478240,2411.36,2411.7,2411.11,2411.39,36013
1787478300,2411.4,2412.65,2411.05,2411.77,37466
1787478360,2411.77,2411.77,2410,2410,23231
1787478420,2410.01,2412.62,2409.15,2412.62,66115
1787478480,2412.62,2414.66,2412.61,2414.66,183373
1787478540,2414.65,2414.77,2413.31,2413.68,83864
1787478600,2413.73,2414.5,2413.41,2414.46,59220
1787478660,2414.5,2414.93,2413.85,2414.21,51785
1787478720,2414.21,2414.8,2413.34,2414.27,57083
1787478780,2414.27,2415.33,2413.08,2413.1,70524
1787478840,2413.09,2413.68,2412.86,2413.34,45616
1787478900,2413.34,2413.8,2413,2413.3,10070
1787478960,2413.3,2413.36,2412.59,2412.59,18569
1787479020,2412.6,2413.08,2412.6,2412.83,15178
1787479080,2412.84,2413.27,2411.19,2411.72,56307
1787479140,2411.72,2412,2410.39,2410.39,91291
1787479200,2410.39,2412.56,2410,2412.52,71449
1787479260,2412.51,2412.76,2410.8,2410.81,55499
1787479320,2410.8,2412.85,2410.8,2412.85,17619
1787479380,2412.85,2413.89,2412.84,2413.38,43174
1787479440,2413.38,2413.86,2412.45,2413.3,31808
1787479500,2413.3,2415.38,2413.17,2415.37,78047
1787479560,2415.37,2417.1,2414.89,2415.65,138880
1787479620,2415.64,2416.3,2413.99,2414.51,115016
1787479680,2414.5,2415.17,2413.47,2413.47,99303
1787479740,2413.48,2413.73,2413.27,2413.67,31395
1787479800,2413.68,2414.41,2413.49,2413.5,21924
1787479860,2413.5,2413.5,2412.68,2412.95,35330
1787479920,2412.95,2414.17,2412.81,2413.08,14751
1787479980,2413.09,2413.35,2411.72,2412,29709
1787480040,2411.99,2413.56,2411.28,2413.56,40525
1787480100,2413.56,2414.76,2413.56,2414.28,68370
1787480160,2414.27,2414.96,2413.41,2414.87,36930
1787480220,2414.86,2414.86,2413.91,2414.44,67580
1787480280,2414.32,2414.95,2414.04,2414.12,8607
1787480340,2414.12,2414.96,2413.43,2414.14,21388
1787480400,2414.41,2415.94,2413.94,2415.64,34137
1787480460,2415.63,2419.09,2415.41,2418,198797
1787480520,2417.99,2419.93,2414.16,2416.8,150522
1787480580,2416.69,2416.98,2414.97,2415.69,132194
1787480640,2415.68,2415.94,2414.73,2415.48,54212
1787480700,2415.62,2417.4,2414.88,2414.98,61350
1787480760,2414.99,2416,2414.8,2414.81,39188
1787480820,2414.79,2415.51,2414.66,2414.83,20328
1787480880,2414.83,2414.83,2412.64,2412.89,83047
1787480940,2412.88,2413.47,2412.46,2413.04,47841
1787481000,2413.05,2414.07,2412.71,2412.72,19685
1787481060,2412.72,2413.79,2412,2413.48,76157
1787481120,2413.49,2415.12,2412.83,2414.44,39468
1787481180,2414.44,2416.38,2414.44,2415.93,40686
1787481240,2415.93,2417.1,2415.6,2416.5,32247
1787481300,2416.5,2416.86,2415.2,2415.21,35051
1787481360,2415.2,2417.24,2414.9,2416.33,50119
1787481420,2416.34,2416.59,2415.13,2415.95,36311
1787481480,2415.94,2417.3,2415.46,2416.69,54194
1787481540,2416.69,2416.69,2414.63,2415.19,24905
1787481600,2415.18,2415.7,2414.09,2415.57,22391
1787481660,2415.65,2416.35,2415.2,2415.54,30267
1787481720,2415.54,2416.08,2415.04,2415.82,26243
1787481780,2415.83,2416.23,2415.11,2415.85,15555
1787481840,2415.72,2416.32,2415.71,2415.94,18169
1787481900,2415.9,2416.6,2415.73,2416.08,22609
1787481960,2416.21,2416.81,2415.66,2415.96,10762
1787482020,2415.95,2416.21,2415.25,2415.47,14011
1787482080,2415.47,2416.09,2415.47,2415.81,14638
1787482140,2415.46,2415.77,2415.24,2415.6,16201
1787482200,2415.99,2416.2,2415.24,2416.2,21935
1787482260,2416.19,2417,2415.46,2415.73,23351
1787482320,2415.62,2416.14,2415,2415.52,17552
1787482380,2415.52,2415.78,2414.57,2414.85,14997
1787482440,2414.86,2415.4,2414.86,2415.27,16751
1787482500,2415.26,2415.5,2414.19,2414.19,12699
1787482560,2414.19,2414.2,2413.28,2413.66,38426
1787482620,2413.66,2413.98,2413.28,2413.84,36627
1787482680,2413.85,2414.39,2413.75,2413.88,15518
1787482740,2413.89,2414.51,2413.88,2414.31,11774
1787482800,2414.32,2416.27,2414.31,2415.57,25558
1787482860,2415.57,2417.1,2415.56,2416.42,38440
1787482920,2416.42,2417.1,2415.88,2415.94,15789
1787482980,2415.95,2415.95,2414.3,2414.74,28032
1787483040,2414.74,2414.74,2413.68,2414.04,36854
1787483100,2414.19,2416.02,2414.05,2415.87,30242
1787483160,2415.87,2417.02,2415.82,2415.82,27152
1787483220,2415.83,2417.89,2415.82,2417.08,43409
1787483280,2417.08,2418.49,2416.73,2416.74,63770
1787483340,2416.9,2416.9,2415.76,2416.76,8827
1787483400,2416.77,2416.93,2416.03,2416.51,22296
1787483460,2416.52,2417.52,2416.51,2417.4,21547
1787483520,2417.41,2417.83,2416.83,2417.83,21815
1787483580,2417.82,2419.26,2417.82,2419.2,51253
1787483640,2419.21,2419.89,2419.03,2419.18,45424
1787483700,2419.34,2419.54,2417.6,2417.91,26610
1787483760,2417.92,2418.99,2416.76,2418.99,24439
1787483820,2418.99,2418.99,2417.85,2418.37,47482
1787483880,2418.37,2420.19,2417.69,2420.02,86194
1787483940,2420.02,2422.98,2420.02,2422.51,166596
1787484000,2422.5,2425.98,2422.08,2424.17,303250
1787484060,2424.18,2433,2424.03,2429.08,1108312
1787484120,2429.07,2430.76,2428.13,2428.76,593592
1787484180,2428.76,2428.98,2426.01,2427.19,169708
1787484240,2427.19,2432.17,2427,2431.39,298618
1787484300,2431.26,2431.94,2429.23,2429.24,197080
1787484360,2429.23,2429.23,2427,2427.57,145110
1787484420,2427.71,2427.99,2426.01,2426.52,127446
1787484480,2426.51,2427.36,2426.01,2426.7,69909
1787484540,2426.7,2426.97,2426.14,2426.5,51681
1787484600,2426.51,2427.66,2425.24,2427.65,85513
1787484660,2427.66,2429,2427.24,2428.31,90799
1787484720,2428.19,2430,2427.12,2429.14,138375
1787484780,2429.13,2429.13,2427.85,2427.9,232436
1787484840,2427.9,2428.92,2427.26,2428.54,69298
1787484900,2428.54,2429.89,2428.53,2429.07,56126
1787484960,2429.08,2433.42,2428.83,2431.03,419246
1787485020,2431.03,2436.36,2430.01,2430.02,516476
1787485080,2430.1,2434.27,2429.71,2433.64,207895
1787485140,2433.64,2437.8,2433.03,2436.99,550606
1787485200,2436.99,2437.66,2435,2435.01,197508
1787485260,2435.28,2436.21,2433.64,2434.52,185720
1787485320,2434.3,2435.93,2433.79,2435.34,114694
1787485380,2435.34,2435.34,2433,2433.24,84114
1787485440,2433.23,2433.6,2432.2,2433.06,61810
1787485500,2433.06,2433.06,2431,2432.15,117901
1787485560,2432.14,2432.42,2429.52,2429.52,113984
1787485620,2429.51,2430.15,2429.04,2429.05,65417
1787485680,2429.04,2429.18,2427.59,2428.99,135650
1787485740,2428.99,2429,2426.79,2427.49,100001
1787485800,2427.85,2428,2427.09,2427.99,109072
1787485860,2427.73,2429.02,2427.72,2428.08,49241
1787485920,2428.08,2431.14,2427.98,2431.01,97843
1787485980,2431.01,2431.48,2429.56,2430.28,124658
1787486040,2430.48,2431.49,2429.65,2430.21,57083
1787486100,2430.21,2430.23,2429.36,2429.86,25245
1787486160,2429.86,2430.45,2428.88,2428.88,22023
1787486220,2428.89,2430.73,2428.4,2429.9,54917
1787486280,2429.7,2433.22,2429.59,2431.57,147817
1787486340,2431.79,2433.24,2430.83,2432.62,115082
1787486400,2432.62,2432.97,2431.12,2431.62,66676
1787486460,2431.63,2432,2429,2429,54976
1787486520,2429,2431.76,2428.6,2430.51,128533
1787486580,2430.49,2430.49,2426.5,2427.81,99972
1787486640,2427.8,2427.96,2426.14,2426.18,113359
1787486700,2426.18,2427.52,2426.16,2426.17,60619
1787486760,2426.16,2426.32,2420.76,2423.68,281503
1787486820,2423.67,2423.92,2420.82,2423.73,257431
1787486880,2423.58,2423.85,2421.81,2423.8,185791
1787486940,2423.8,2424.54,2423.48,2424.31,53154
1787487000,2424.31,2425.4,2421.12,2421.51,110306
1787487060,2421.5,2422.09,2418,2420.6,337402
1787487120,2420.79,2420.99,2418.41,2419.3,159575
1787487180,2419.3,2422.45,2419.17,2421.6,125201
1787487240,2421.22,2422.58,2421.21,2421.84,55612
1787487300,2421.84,2422.1,2420,2420.51,52707
1787487360,2420.52,2421.95,2420.52,2421.71,43774
1787487420,2421.58,2423.15,2421.35,2422.8,82462
1787487480,2422.81,2423.65,2421.72,2423.65,59551
1787487540,2423.65,2423.74,2422.69,2423.27,52867
1787487600,2423.28,2423.86,2422.81,2422.93,41578
1787487660,2422.93,2423.84,2422.92,2423.61,21212
1787487720,2423.87,2424.12,2422.47,2422.52,29469
1787487780,2422.53,2424.11,2422.52,2423.88,27418
1787487840,2423.88,2423.98,2422.2,2422.45,15930
1787487900,2422.69,2422.69,2421.35,2421.77,28297
1787487960,2421.77,2422.45,2420.11,2420.4,52563
1787488020,2420.41,2421.11,2419.69,2420.88,54470
1787488080,2421,2422.5,2420.86,2422.5,47210
1787488140,2422.5,2422.8,2421.76,2422.13,20002
1787488200,2422.28,2422.74,2421.86,2422.41,18929
1787488260,2422.4,2422.99,2422.4,2422.89,17246
1787488320,2422.9,2423.87,2422.65,2423.19,21390
1787488380,2423.19,2424.83,2422.66,2423.26,57806
1787488440,2423.27,2424.13,2422.72,2423.88,16552
1787488500,2423.65,2423.65,2422.65,2423.17,16144
1787488560,2423.17,2423.17,2422.2,2422.54,22996
1787488620,2422.53,2423.21,2422.34,2423.03,35938
1787488680,2423.21,2423.57,2422.34,2422.44,18490
1787488740,2422.43,2424.98,2422.43,2424.96,32535
1787488800,2424.97,2426.7,2424.97,2426.47,81009
1787488860,2426.47,2427.25,2426,2426.52,105511
1787488920,2426.53,2427.3,2425.69,2427.29,37014
1787488980,2427.3,2428.57,2427.16,2428.37,75937
1787489040,2428.38,2428.38,2427.39,2427.42,33485
1787489100,2427.41,2427.42,2425.68,2426.13,45155
1787489160,2426.13,2426.89,2425.16,2426.53,19036
1787489220,2426.52,2426.52,2425.28,2425.55,23615
1787489280,2425.55,2425.9,2424.53,2424.61,41521
1787489340,2424.6,2424.99,2424.1,2424.78,43003
1787489400,2424.77,2425.6,2424.77,2425.6,11036
1787489460,2425.6,2425.63,2424.94,2425.35,17898
1787489520,2425.35,2425.94,2425.08,2425.18,11353
1787489580,2425.09,2425.54,2424.13,2424.29,23244
1787489640,2424.29,2424.35,2423.22,2424.27,36271
1787489700,2424.27,2425.87,2424.27,2425.86,26836
1787489760,2425.73,2426.38,2425.72,2425.94,16337
1787489820,2425.95,2426.39,2425.44,2425.45,15727
1787489880,2425.44,2426.13,2425.1,2425.9,15383
1787489940,2425.9,2426.39,2425.84,2425.86,12805
1787490000,2425.85,2426.38,2425.85,2426.04,14063
1787490060,2426.04,2427.68,2426.03,2427.51,37321
1787490120,2427.52,2427.9,2427.37,2427.89,28322
1787490180,2427.9,2427.9,2427.18,2427.82,47243
1787490240,2427.82,2427.83,2426.83,2427.32,18721
1787490300,2427.46,2427.92,2426.88,2427.47,21871
1787490360,2427.47,2428.13,2427.08,2428,30825
1787490420,2428.01,2428.37,2427.26,2427.58,48762
1787490480,2427.71,2428.1,2427.45,2427.75,19627
1787490540,2427.74,2430.2,2427.74,2429.88,63970
1787490600,2429.88,2430.96,2429.7,2430.01,57492
1787490660,2430,2430.99,2429.91,2430.98,53013
1787490720,2430.98,2431.88,2430.58,2431.05,99849
1787490780,2431.05,2431.26,2430.6,2430.8,60283
1787490840,2430.79,2431.98,2430.68,2431.14,53211
1787490900,2431.14,2432.59,2430.65,2431.94,90892
1787490960,2431.93,2432.57,2431.5,2432.36,110468
1787491020,2432.22,2448,2432.21,2443.37,1201954
1787491080,2443.5,2478.57,2442.48,2465.61,3861120
1787491140,2465.6,2484.94,2465.32,2468.75,2420643
1787491200,2468.74,2469.99,2453.23,2459.13,1402395
1787491260,2459.13,2463.4,2452.54,2462.6,817276
1787491320,2462.03,2470,2458.56,2466.56,656724
1787491380,2466.55,2470.55,2461.91,2463.02,742053
1787491440,2463.02,2467.68,2460.62,2462.76,441497
1787491500,2462.77,2462.9,2458,2458.92,333319
1787491560,2458.93,2461.93,2458.92,2460.38,224397
1787491620,2460.38,2462.27,2459.76,2460.38,146345
1787491680,2460.11,2460.62,2458.5,2458.51,181735
1787491740,2458.51,2458.57,2450.63,2453.43,486128
1787491800,2453.76,2454.78,2449.57,2452,684747
1787491860,2452,2456.9,2448.78,2455.62,510380
1787491920,2455.61,2458.76,2455.06,2456.41,396067
1787491980,2456.42,2456.66,2454,2455.92,233422
1787492040,2455.92,2456.48,2453.2,2453.75,115390
1787492100,2453.75,2454.02,2448.54,2451.05,334512
1787492160,2451.05,2456.5,2451.05,2455.52,177486
1787492220,2455.51,2455.85,2453.41,2455.07,118274
1787492280,2455.07,2456,2453.23,2455.27,107513
1787492340,2455.27,2458,2454.96,2456.41,153003
1787492400,2456.4,2458.25,2454.62,2455.08,162993
1787492460,2455.07,2455.75,2453.91,2453.92,81126
1787492520,2453.91,2454.98,2453.08,2453.58,100925
1787492580,2453.72,2454.54,2452.54,2454.5,91252
1787492640,2454.49,2455.58,2453.14,2455.28,48168
1787492700,2455.28,2455.28,2450.75,2452.99,146214
1787492760,2452.98,2455.49,2451.52,2455.34,88856
1787492820,2455.34,2457.82,2454.5,2457.54,221911
1787492880,2457.54,2457.54,2455.08,2455.24,123740
1787492940,2455.24,2455.24,2451.82,2451.83,178769
1787493000,2451.83,2454.01,2451.82,2452.18,139363
1787493060,2452.18,2453.14,2451.05,2451.26,195654
1787493120,2451.27,2454.99,2451.27,2452.72,83709
1787493180,2452.72,2454.06,2451.74,2453.63,43616
1787493240,2453.64,2456.29,2453.36,2455.57,114863
1787493300,2455.35,2457.68,2454.49,2456.57,163890
1787493360,2456.57,2458.43,2455.93,2456.97,204777
1787493420,2456.97,2457.88,2456.15,2457.88,86657
1787493480,2457.88,2458.88,2457.24,2457.44,74782
1787493540,2457.43,2459.73,2457.17,2458.58,141702
1787493600,2458.58,2458.97,2457.69,2458.37,59900
1787493660,2458.36,2459.99,2457.13,2459.8,117144
1787493720,2459.8,2464.29,2459.16,2463.82,383596
1787493780,2463.82,2463.87,2460.36,2460.61,391549
1787493840,2460.6,2463,2459.22,2462.82,151780
1787493900,2462.82,2464.29,2461.41,2461.78,114329
1787493960,2461.66,2462.2,2454.3,2458.39,311418
1787494020,2458.49,2458.5,2452.11,2453.27,406014
1787494080,2453.27,2458.4,2452.62,2458.25,258463
1787494140,2458.25,2458.35,2456.64,2457.45,57376
1787494200,2457.58,2461.73,2457.39,2461.35,123412
1787494260,2461.34,2468.16,2461,2462.87,378576
1787494320,2462.77,2464.99,2462.13,2464.48,176683
1787494380,2464.58,2467.5,2464.37,2467.48,144246
1787494440,2467.47,2467.48,2461.75,2463.01,161065
1787494500,2463.02,2465.49,2462.45,2465.3,93735
1787494560,2465.3,2466,2464.37,2464.84,78217
1787494620,2464.84,2465.38,2463.37,2464.78,81717
1787494680,2464.89,2466.49,2462.2,2462.29,103276
1787494740,2462.3,2463.36,2460,2460.42,123698
1787494800,2460.42,2463.26,2460.41,2462.34,84710
1787494860,2462.34,2462.97,2459.54,2460.66,91664
1787494920,2460.8,2461.1,2458.22,2458.34,122868
1787494980,2458.34,2459,2456.1,2456.9,133712
1787495040,2456.89,2457.99,2454,2455.92,186679
1787495100,2455.91,2457.48,2454.66,2456.87,129583
1787495160,2456.87,2458.7,2456.73,2457.46,90019
1787495220,2457.46,2458.79,2456.71,2457.42,77651
1787495280,2457.42,2457.42,2455.5,2456.57,69579
1787495340,2456.57,2457.08,2454.71,2455.63,44418
1787495400,2455.62,2456.8,2454.4,2454.48,66561
1787495460,2454.7,2455.47,2454.33,2454.63,70275
1787495520,2454.62,2454.89,2451.6,2452.57,164430
1787495580,2452.79,2454.39,2452.64,2454.06,83676
1787495640,2454.05,2454.38,2452.45,2452.68,63226
1787495700,2452.68,2453.8,2452.68,2453.47,59309
1787495760,2453.57,2453.74,2451.56,2451.56,70982
1787495820,2451.57,2453.67,2451.02,2453.54,88166
1787495880,2453.53,2454.59,2452.52,2453.97,126248
1787495940,2453.97,2454.62,2451.92,2452.31,68848
1787496000,2452.31,2453.54,2452.07,2453.36,34021
1787496060,2453.37,2453.53,2451,2451.23,47866
1787496120,2451.24,2451.77,2388.26,2399.79,4340415
1787496180,2399.81,2419.58,2396.07,2419.58,1960059
1787496240,2419.58,2422.68,2413.94,2419.23,1336276
1787496300,2419.11,2431.65,2418.74,2423.48,1117932
1787496360,2423.49,2428.65,2422.28,2425.71,936295
1787496420,2425.7,2430.55,2425.34,2429.5,398176
1787496480,2429.14,2430.85,2427.82,2429.84,344635
1787496540,2429.83,2435.53,2429.47,2431.91,333179
1787496600,2431.92,2437.56,2431.68,2436.99,471729
1787496660,2436.75,2437.65,2430.04,2432.7,390693
1787496720,2432.55,2436.52,2432.41,2434.07,178152
1787496780,2433.62,2436.47,2432.4,2434.8,196382
1787496840,2434.8,2447.41,2433.95,2443.97,772808
1787496900,2443.97,2443.97,2434.32,2437.71,637136
1787496960,2437.71,2438.92,2436.2,2436.36,170950
1787497020,2436.36,2441.39,2433.7,2440.29,424403
1787497080,2440.28,2440.28,2436.73,2437.6,133112
1787497140,2437.5,2438.81,2436.45,2437.42,109960
1787497200,2437.43,2438.74,2424.68,2428.96,653790
1787497260,2428.86,2438.51,2426.73,2436.88,672028
1787497320,2436.75,2438,2431.2,2433.23,166012
1787497380,2433.34,2436.1,2431.43,2433.85,112235
1787497440,2433.86,2436.43,2432.95,2435.64,99165
1787497500,2435.64,2439.91,2434.92,2439.29,149010
1787497560,2439.08,2440,2436.68,2437.89,194206
1787497620,2437.89,2440,2437.1,2439.27,117301
1787497680,2439.27,2439.41,2436.2,2436.63,108994
1787497740,2436.63,2437.88,2435.12,2437.74,97485
1787497800,2437.73,2437.93,2436.41,2436.53,148749
1787497860,2436.52,2436.88,2433.6,2433.6,87600
1787497920,2433.61,2435.3,2433.54,2434,58191
1787497980,2433.99,2434.17,2432.09,2433.95,66453
1787498040,2433.94,2435.5,2431.42,2432.36,150654
1787498100,2432.35,2433.36,2429.98,2432.4,140516
1787498160,2432.4,2432.52,2428.5,2431.36,319437
1787498220,2431.36,2432.74,2430.4,2430.77,111592
1787498280,2430.76,2431.18,2428.52,2428.76,94964
1787498340,2428.77,2428.96,2420.41,2426.59,498782
1787498400,2426.58,2428.9,2423.55,2427.66,270927
1787498460,2427.72,2431.58,2427.54,2430.05,236002
1787498520,2430.06,2435.55,2428.37,2433.36,222673
1787498580,2433.37,2436.08,2431.77,2432.17,362897
1787498640,2432.3,2433.96,2431.8,2433.92,167794
1787498700,2433.93,2436.75,2433.92,2436.11,111841
1787498760,2435.99,2438.17,2434.7,2437.44,115051
1787498820,2437.44,2437.45,2436.01,2436.98,93331
1787498880,2436.98,2437.12,2434.9,2434.94,103612
1787498940,2434.82,2435.7,2434.57,2435.68,76517
1787499000,2435.7,2438.32,2435.7,2437.84,113928
1787499060,2437.85,2442.78,2437.85,2439.73,337431
1787499120,2439.73,2440.4,2435.4,2436.46,215284
1787499180,2436.68,2436.69,2433.58,2434.21,242787
1787499240,2434.21,2436.54,2433.8,2435.71,48307
1787499300,2435.71,2438.61,2435.71,2437.53,68473
1787499360,2437.54,2438.78,2437.01,2437.63,83260
1787499420,2437.63,2438.74,2437.25,2438.74,132517
1787499480,2438.73,2440.61,2437.88,2440.37,74408
1787499540,2440.36,2442.95,2439.28,2442.6,151883
1787499600,2442.6,2447.81,2441.64,2444.52,315476
1787499660,2444.52,2445.24,2442.75,2443.87,139068
1787499720,2443.86,2444.23,2442.51,2442.51,90071
1787499780,2442.51,2447.4,2442.51,2447.39,180159
1787499840,2447.16,2454.92,2444.83,2445.35,620939
1787499900,2445.36,2445.36,2442.45,2443.52,242206
1787499960,2443.53,2447.26,2443.52,2444.55,151523
1787500020,2444.54,2447.66,2444.54,2445.52,84496
1787500080,2445.26,2447.21,2444.4,2446.48,37971
1787500140,2446.48,2446.76,2443.87,2444.2,58566
1787500200,2444.19,2444.19,2442.74,2442.74,104014
1787500260,2442.74,2444.26,2442.71,2443.14,39065
1787500320,2443.14,2443.72,2442.33,2442.67,80302
1787500380,2442.77,2444.03,2441.28,2441.39,42610
1787500440,2441.38,2441.55,2439.86,2440.55,116429
1787500500,2440.41,2441.86,2440.22,2440.46,51126
1787500560,2440.46,2442.67,2440.39,2442.16,34795
1787500620,2442.17,2442.39,2436.67,2438.13,153502
1787500680,2438.1,2438.32,2434.79,2435.5,228570
1787500740,2435.61,2438.31,2435.37,2437.25,132638
1787500800,2437.53,2440.5,2437.53,2439.69,88942
1787500860,2439.92,2441.59,2439.6,2441.01,56907
1787500920,2441.01,2441.4,2439.71,2440.46,21859
1787500980,2440.33,2444.25,2440.22,2442.76,89987
1787501040,2442.75,2444,2442.73,2443.01,84440
1787501100,2443.01,2443.39,2441.51,2443,32841
1787501160,2443,2443.93,2442,2442.37,50834
1787501220,2442.37,2442.37,2440.71,2441.02,34424
1787501280,2441.02,2442.97,2441.01,2442.31,27443
1787501340,2442.32,2442.32,2440.57,2440.78,20414
1787501400,2440.63,2443.56,2440.11,2443.56,25624
1787501460,2443.55,2444.77,2443.3,2444.41,51515
1787501520,2444.42,2445.6,2441.5,2443.14,77217
1787501580,2443.14,2444.37,2441.32,2444.17,36993
1787501640,2444.18,2444.18,2443,2443.07,25537
1787501700,2443.05,2443.05,2441.03,2441.34,28783
1787501760,2441.46,2444.19,2441.45,2443.91,33017
1787501820,2443.91,2444.75,2442.8,2444.04,36097
1787501880,2444.05,2444.14,2442.16,2442.45,42401
1787501940,2442.62,2444.1,2441.01,2441.01,42952
1787502000,2441.02,2443.4,2439.92,2443.04,87355
1787502060,2443.16,2444.78,2442.19,2444.27,69933
1787502120,2444.17,2444.39,2443,2443,18007
1787502180,2443,2443.93,2443,2443.48,15591
1787502240,2443.49,2444,2442.52,2443.01,30648
1787502300,2443.13,2445.22,2442.01,2444.94,33516
1787502360,2444.66,2445.1,2443.5,2443.72,45922
1787502420,2443.72,2443.99,2442.86,2443.86,24382
1787502480,2443.87,2444.13,2443.54,2444.06,16145
1787502540,2444.06,2445.6,2443.8,2445.37,40126
1787502600,2445.37,2445.59,2443.94,2443.94,34503
1787502660,2443.95,2445.63,2443.54,2445.5,23884
1787502720,2445.5,2448.34,2445.3,2448.17,90315
1787502780,2448.01,2451.82,2447.36,2447.38,289916
1787502840,2447.37,2449.21,2447.37,2448.77,109512
1787502900,2448.78,2449.74,2448.68,2448.95,31546
1787502960,2448.95,2449.17,2447,2447.03,77929
1787503020,2447.04,2447.68,2445,2445.39,91728
1787503080,2445.39,2445.87,2445.01,2445.71,25710
1787503140,2445.71,2445.88,2445,2445.79,33647
1787503200,2445.78,2445.94,2445.35,2445.92,22735
1787503260,2445.92,2445.92,2445,2445.84,29088
1787503320,2445.85,2447,2445.67,2447,36629
1787503380,2447,2447.89,2446.32,2446.32,36002
1787503440,2446.33,2446.39,2445.29,2445.3,31279
1787503500,2445.3,2446.03,2444.07,2445.99,42057
1787503560,2445.99,2447.14,2445.24,2447.13,11698
1787503620,2447.13,2447.68,2445.96,2447.33,28796
1787503680,2447.33,2447.66,2446.2,2447.5,37303
1787503740,2447.5,2448.44,2447.21,2447.75,43489
1787503800,2447.74,2449.09,2447.63,2448.01,30769
1787503860,2448.02,2459.19,2448.01,2454.38,690634
1787503920,2454.39,2456.02,2451.28,2451.28,396673
1787503980,2451.28,2452.48,2451,2451.01,133300
1787504040,2451,2451.82,2450.88,2451.36,33902
1787504100,2451.36,2452.8,2451.21,2451.27,46893
1787504160,2451.79,2451.99,2451.13,2451.27,69697
1787504220,2451.27,2451.72,2450.82,2451.5,25532
1787504280,2451.51,2452.67,2451.13,2451.28,44358
1787504340,2451.29,2452.05,2449.08,2449.31,71945
1787504400,2449.43,2451.95,2449.17,2451.66,48285
1787504460,2451.65,2453.23,2447.2,2447.2,112355
1787504520,2447.2,2447.51,2443.24,2443.38,216693
1787504580,2443.32,2444.38,2430.98,2437.58,779319
1787504640,2437.76,2440.85,2436.28,2440.62,407654
1787504700,2440.81,2446.83,2439.77,2446.5,249815
1787504760,2446.49,2447.98,2445.16,2447.04,179078
1787504820,2447.15,2448.38,2444.01,2444.05,141730
1787504880,2444.05,2448.46,2444.05,2448.37,83124
1787504940,2448.34,2449.85,2448,2449.78,228702
1787505000,2449.67,2450,2447.13,2448.21,95430
1787505060,2448.34,2448.35,2447.15,2447.63,54710
1787505120,2447.51,2448.58,2447,2447.52,68394
1787505180,2447.67,2448.14,2447.53,2447.54,29533
1787505240,2447.54,2447.54,2445.72,2446.4,56018
1787505300,2446.41,2447.47,2437.2,2439.62,560746
1787505360,2439.75,2442.48,2439.52,2441.86,328410
1787505420,2441.86,2445.31,2440.6,2444.83,159399
1787505480,2444.83,2448.23,2442.3,2448.02,214539
1787505540,2448.19,2448.28,2446.47,2447.85,204645
1787505600,2447.84,2447.96,2446.16,2447.36,108580
1787505660,2447.58,2448.58,2446.35,2446.75,324357
1787505720,2446.74,2448.83,2446.74,2448.37,77134
1787505780,2448.38,2448.71,2446.61,2446.61,28255
1787505840,2446.61,2446.61,2442.76,2443.23,116969
1787505900,2443.36,2443.99,2441.52,2443,99560
1787505960,2443,2443.2,2440.26,2441.54,104394
1787506020,2441.45,2441.49,2439.64,2439.97,100749
1787506080,2439.96,2440.18,2437.43,2438.41,99119
1787506140,2438.41,2439.96,2438.29,2439.94,115579
1787506200,2439.94,2440.14,2438.94,2439.66,54800
1787506260,2439.66,2439.76,2432.72,2435.21,239884
1787506320,2435.21,2438.53,2432.61,2438.4,149847
1787506380,2438.4,2438.79,2437.09,2437.36,91579
1787506440,2437.36,2439.59,2437.36,2439.58,39539
1787506500,2439.58,2440.66,2439.58,2440.5,42957
1787506560,2440.5,2441.17,2440.5,2440.77,27763
1787506620,2440.58,2443.32,2440.58,2441.61,69083
1787506680,2441.6,2441.72,2440.59,2440.7,23772
1787506740,2440.71,2441.42,2438.67,2439.34,41579
1787506800,2439.18,2439.6,2437.53,2438.01,26469
1787506860,2438,2438.43,2436.11,2436.43,30021
1787506920,2436.43,2439.19,2436,2439.08,53816
1787506980,2439.08,2440.47,2438.68,2439.84,30530
1787507040,2439.74,2439.74,2436.82,2437.33,43172
1787507100,2437.21,2445.7,2437.21,2444.56,175832
1787507160,2444.56,2445.25,2442.64,2442.74,70452
1787507220,2442.87,2443.31,2438.21,2438.51,56392
1787507280,2438.66,2440.46,2438.45,2439.63,39870
1787507340,2439.64,2440.35,2439.32,2439.51,20119
1787507400,2439.35,2439.67,2438.75,2438.99,18323
1787507460,2439.26,2440.35,2439.26,2440.02,28977
1787507520,2440.24,2440.69,2439.28,2439.9,12741
1787507580,2440.01,2441.21,2439.32,2440.37,27827
1787507640,2440.1,2440.91,2438.37,2438.59,25449
1787507700,2438.59,2439.39,2438,2438.01,35546
1787507760,2438,2439.13,2437.5,2438.98,12854
1787507820,2438.98,2439.99,2438.63,2439.52,6426
1787507880,2439.52,2440.5,2439.41,2440.49,8038
1787507940,2440.49,2440.78,2439,2439,12517
1787508000,2439.01,2439.96,2438.3,2439.69,21443
1787508060,2439.73,2439.73,2437.44,2438.56,27380
1787508120,2438.73,2439.11,2437.6,2438.59,20523
1787508180,2438.59,2439.26,2437.88,2438.15,16347
1787508240,2438.14,2438.82,2437.78,2438.56,8639
1787508300,2438.27,2438.65,2437.2,2437.9,31977
1787508360,2437.89,2438.72,2435.35,2436.96,105499
1787508420,2436.96,2437.28,2433.25,2434.06,127321
1787508480,2434.05,2435.45,2433.46,2435.22,99401
1787508540,2435.35,2438.99,2435.16,2438.95,78459
1787508600,2438.95,2441.74,2438.4,2441.67,88184
1787508660,2441.48,2444.48,2441.42,2442.41,146640
1787508720,2442.4,2447.73,2442.25,2447.61,146885
1787508780,2447.61,2448.1,2444.67,2445.16,151671
1787508840,2445.15,2446.8,2443.69,2443.69,76314
1787508900,2443.56,2446.78,2443.01,2446.27,62227
1787508960,2446.14,2446.98,2444.69,2445.83,40950
1787509020,2445.83,2447.22,2445.48,2445.76,62644
1787509080,2445.76,2446.55,2444.14,2445.27,56851
1787509140,2445.28,2445.43,2442.75,2443.48,66221
1787509200,2443.48,2445.41,2442.74,2444.99,40726
1787509260,2444.74,2446.27,2444.28,2445.77,29186
1787509320,2445.77,2445.77,2443.65,2443.83,161993
1787509380,2443.83,2445.69,2442.64,2444.84,27117
1787509440,2444.72,2445.35,2444.51,2444.52,23953
1787509500,2444.51,2445.66,2444.04,2445.66,23033
1787509560,2445.66,2445.66,2445.52,2445.52,37561
1787509620,2445.52,2446,2445.25,2445.49,30083
1787509680,2445.59,2447.38,2445.24,2446.18,79879
1787509740,2446.18,2446.75,2445.26,2445.36,17601
1787509800,2445.35,2445.98,2445,2445.21,9809
1787509860,2445.21,2445.35,2443.55,2444.78,11598
1787509920,2444.78,2445,2443.55,2444.29,13120
1787509980,2444.29,2444.29,2443.16,2443.66,14299
1787510040,2443.2,2444.38,2442.76,2442.76,16489
1787510100,2442.77,2446.08,2442.77,2446.07,35388
1787510160,2445.92,2446.13,2444.62,2445.81,25193
1787510220,2445.94,2446.81,2445.92,2446.8,16668
1787510280,2446.8,2447.16,2446,2446.01,16451
1787510340,2446.01,2446.01,2444.28,2444.57,15094
1787510400,2444.58,2446.7,2444.39,2446.7,15738
1787510460,2446.69,2447.33,2446.15,2446.41,14616
1787510520,2446.41,2446.55,2445.49,2445.94,18647
1787510580,2445.94,2446.61,2445.84,2446.28,12113
1787510640,2446.29,2446.56,2446,2446.31,6200
1787510700,2446.32,2446.46,2444.01,2445.31,37405
1787510760,2445.2,2445.21,2443.98,2444.65,44363
1787510820,2444.65,2445.12,2443.46,2443.63,17291
1787510880,2443.45,2444.61,2443.45,2444.4,14588
1787510940,2444.4,2445,2444.4,2444.88,8034
1787511000,2444.89,2445.6,2443.77,2443.78,6553
1787511060,2443.77,2444.71,2443.57,2444.58,20991
1787511120,2444.58,2445.46,2444.19,2445.45,17391
1787511180,2445.45,2445.8,2444.46,2445.09,39113
1787511240,2445.09,2445.57,2444.93,2445.56,4997
1787511300,2445.57,2447.28,2445.17,2447.2,37103
1787511360,2447.34,2447.34,2445.39,2445.76,11132
1787511420,2445.76,2446.3,2445.55,2445.97,8122
1787511480,2445.98,2447.46,2445.98,2447.38,18225
1787511540,2447.38,2448.12,2447.06,2447.38,29432
1787511600,2447.38,2448.17,2446.61,2448.13,16796
1787511660,2448.05,2449.08,2445.72,2447.12,52251
1787511720,2447.12,2448.38,2445.31,2446.04,61579
1787511780,2446.14,2446.91,2445.99,2445.99,15978
1787511840,2445.99,2448.07,2445.93,2446.1,11375
1787511900,2446.11,2446.7,2445.39,2446.1,32945
1787511960,2446,2446.44,2445.55,2445.99,11016
1787512020,2445.95,2445.95,2445.19,2445.31,6817
1787512080,2445.32,2445.51,2445,2445.06,4442
1787512140,2445.06,2445.24,2443.86,2443.86,12007
1787512200,2443.87,2444.49,2443.67,2443.77,6553
1787512260,2443.68,2443.68,2440.01,2440.62,81129
1787512320,2440.62,2441.05,2440,2440.89,40072
1787512380,2440.9,2441.89,2439.91,2441.87,40906
1787512440,2441.88,2442.12,2441.53,2442.11,15870
1787512500,2442.12,2442.35,2439.73,2442.19,31573
1787512560,2442.36,2442.69,2441.72,2442.57,20175
1787512620,2442.57,2443.17,2442.16,2442.89,10961
1787512680,2442.88,2443.51,2442.61,2443.37,9601
1787512740,2443.46,2443.55,2443,2443.01,9059
1787512800,2443.01,2443.74,2443,2443.74,6060
1787512860,2443.74,2443.94,2443.39,2443.93,10933
1787512920,2443.93,2443.94,2442.13,2442.49,10851
1787512980,2442.34,2443.56,2442.34,2443.45,3988
1787513040,2443.44,2443.45,2442.34,2442.34,2891
1787513100,2442.34,2442.64,2441.7,2441.7,9456
1787513160,2441.71,2442.26,2441.71,2442.12,6727
1787513220,2442.13,2442.24,2440,2441.06,12324
1787513280,2441.05,2441.05,2440.47,2440.93,13093
1787513340,2440.92,2442.06,2440.78,2441.44,8499
1787513400,2441.53,2441.53,2440.4,2440.64,9819
1787513460,2440.64,2440.75,2439.22,2439.48,29430
1787513520,2439.56,2440.06,2438.79,2439.12,56225
1787513580,2439.12,2440.64,2436.01,2439.66,95283
1787513640,2439.66,2441.88,2439.37,2441.4,94761
1787513700,2441.4,2441.49,2440.39,2441.39,18102
1787513760,2441.39,2442.59,2440.91,2442.4,23588
1787513820,2442.4,2442.87,2442.28,2442.29,8767
1787513880,2442.28,2443.24,2441.76,2443.24,24553
1787513940,2443.24,2443.93,2442.34,2443.91,10543
1787514000,2443.91,2446,2443.78,2445.83,41894
1787514060,2445.83,2446.14,2443.94,2444.91,32724
1787514120,2444.92,2445.04,2443.16,2443.87,25513
1787514180,2444.16,2446.08,2444.16,2446.06,13102
1787514240,2445.94,2446.89,2445.73,2446.67,69355
1787514300,2446.58,2453.56,2446.39,2448.88,298063
1787514360,2448.88,2450.99,2448.88,2449.84,171806
1787514420,2449.84,2450.15,2448.81,2449.93,45754
1787514480,2449.94,2450.36,2449.28,2449.63,25684
1787514540,2449.86,2449.86,2448.37,2448.51,39799
1787514600,2448.5,2448.77,2447.76,2447.76,13145
1787514660,2447.76,2448.49,2447.64,2447.89,18003
1787514720,2448.04,2448.04,2446.31,2446.32,24488
1787514780,2446.32,2446.74,2445.97,2446.55,18393
1787514840,2446.55,2446.87,2446.21,2446.23,17304
1787514900,2446.22,2446.23,2445.34,2445.35,16017
1787514960,2445.35,2445.49,2444.65,2444.7,19603
1787515020,2444.84,2444.99,2444,2444.35,8945
1787515080,2444.35,2445.58,2444.16,2444.17,16223
1787515140,2444.16,2444.46,2443.64,2443.66,13767
1787515200,2443.66,2443.67,2442.01,2443.3,67595
1787515260,2443.3,2443.42,2440.28,2440.75,53383
1787515320,2440.88,2441.57,2436.82,2436.82,102241
1787515380,2436.8,2439.21,2435.01,2437.78,176078
1787515440,2437.64,2438.2,2435.04,2435.75,192291
1787515500,2435.87,2438.48,2435.87,2437.7,56425
1787515560,2437.71,2437.95,2435.3,2436.23,34436
1787515620,2436.22,2438.17,2436.22,2437.83,41000
1787515680,2437.83,2439.05,2437.83,2438.91,17871
1787515740,2438.9,2439.28,2438.9,2439.15,24995
1787515800,2439.14,2440.68,2439.01,2440.19,30200
1787515860,2440.18,2440.19,2439.32,2440.07,29952
1787515920,2440.08,2440.85,2439.28,2440.71,37239
1787515980,2440.7,2440.71,2439.54,2440.38,20737
1787516040,2440.43,2440.52,2439.88,2440.15,3333
1787516100,2440.15,2440.43,2439.23,2439.49,9519
1787516160,2439.49,2440.47,2439.48,2440.4,19752
1787516220,2440.41,2441.21,2440.41,2441.09,6393
1787516280,2441.09,2441.7,2439.97,2441.33,38767
1787516340,2441.33,2441.61,2440.58,2441.6,28870
1787516400,2441.61,2444.23,2441.61,2444.22,38768
1787516460,2444.23,2444.96,2443.54,2444.79,27421
1787516520,2444.78,2445.72,2444.52,2444.73,37902
1787516580,2444.73,2444.73,2444,2444.07,17283
1787516640,2444.06,2446.51,2444.02,2446.25,34230
1787516700,2446.26,2447.42,2444.91,2446.79,58559
1787516760,2446.8,2447.13,2446.4,2447.09,20478
1787516820,2447.1,2447.84,2445.59,2446.87,58003
1787516880,2447.18,2447.37,2446.76,2446.94,50854
1787516940,2446.94,2446.94,2444,2444.47,61247
1787517000,2444.63,2445.35,2444.63,2445,13893
1787517060,2445,2446.54,2445,2446.41,7758
1787517120,2446.41,2447.38,2446.15,2447.38,7638
1787517180,2447.38,2447.38,2446.01,2446.01,22301
1787517240,2446.02,2446.91,2445.72,2445.73,18336
1787517300,2446,2446.61,2445.99,2446.59,5026
1787517360,2446.59,2446.59,2445.16,2446.14,9034
1787517420,2446.15,2446.61,2445.35,2446.28,12781
1787517480,2446.27,2447.83,2446.27,2447.76,7716
1787517540,2447.77,2447.77,2446.7,2447.58,18518
1787517600,2447.58,2447.79,2446.83,2447.11,17607
1787517660,2447.11,2447.62,2446.5,2447.44,11602
1787517720,2447.44,2447.45,2446.99,2447.44,15778
1787517780,2447.43,2447.83,2447.29,2447.82,14040
1787517840,2447.83,2448.85,2447.54,2448.39,33155
1787517900,2448.54,2448.54,2445.64,2446.63,42793
1787517960,2446.61,2447.49,2445.79,2447.43,26166
1787518020,2447.35,2447.69,2446.8,2447.69,12401
1787518080,2447.69,2448,2447.04,2447.75,13034
1787518140,2447.75,2448,2446,2446.63,10956
1787518200,2446.63,2447.27,2446.28,2447.27,10984
1787518260,2447.27,2448.6,2446.8,2448.6,8332
1787518320,2448.71,2448.71,2447.11,2447.53,7297
1787518380,2447.67,2447.99,2446.88,2447.61,11280
1787518440,2447.99,2447.99,2446.86,2447.6,11593
1787518500,2447.6,2447.89,2447.34,2447.38,5439
1787518560,2447.54,2449.32,2447.53,2448.62,13286
1787518620,2448.63,2448.79,2447.88,2447.89,7940
1787518680,2447.88,2448.54,2447.8,2447.8,7635
1787518740,2447.8,2448.79,2447.8,2448.79,6203
1787518800,2448.79,2450.61,2448.79,2450.61,38061
1787518860,2450.61,2453.99,2449.47,2452.96,98301
1787518920,2452.96,2455.39,2452.6,2454.46,116460
1787518980,2454.47,2462.47,2453.89,2460.04,451560
1787519040,2460.18,2466,2458.91,2464.72,563228
1787519100,2464.73,2465,2461.42,2462.15,373535
1787519160,2462.15,2462.85,2460.02,2461.67,89554
1787519220,2461.58,2461.94,2458.84,2458.99,48422
1787519280,2458.98,2463.18,2458.38,2462.14,123908
1787519340,2462.15,2468.77,2462.03,2464.4,208112
1787519400,2464.41,2464.41,2460.46,2462.31,93197
1787519460,2462.3,2465.74,2461.81,2462.01,166596
1787519520,2462.01,2463.25,2461.51,2463.25,54050
1787519580,2463.24,2464.79,2462.27,2463.74,21519
1787519640,2463.74,2464.82,2461.75,2464.56,41974
1787519700,2464.57,2467.26,2464.57,2465.38,64418
1787519760,2465.39,2475.87,2465.29,2473.57,584301
1787519820,2473.43,2474.14,2469.95,2470.7,265626
1787519880,2470.7,2474.79,2469.88,2473.96,241736
1787519940,2473.97,2474.1,2470.94,2473.25,99526
1787520000,2473.14,2474.34,2471.36,2473.8,53133
1787520060,2473.69,2474.15,2470.41,2471.78,95174
1787520120,2471.52,2473.3,2468.7,2468.99,60391
1787520180,2468.98,2471.95,2467.07,2471.68,129547
1787520240,2471.67,2471.67,2468.58,2469.27,68203
1787520300,2469.13,2469.75,2467.01,2469.1,81875
1787520360,2469.11,2472.41,2469.11,2471.71,49535
1787520420,2471.42,2471.76,2468.2,2470.03,42205
1787520480,2470.03,2473.8,2470.03,2473.05,48050
1787520540,2473.06,2478.88,2472.54,2475.9,202621
1787520600,2475.8,2482.1,2475.8,2478,298921
1787520660,2478.01,2480.26,2475.65,2479.66,254614
1787520720,2479.66,2482.8,2478.96,2481.29,164624
1787520780,2481.3,2483.67,2480.78,2483,139974
1787520840,2483,2484.51,2477.37,2477.37,166309
1787520900,2477.36,2477.36,2463.12,2465.41,402404
1787520960,2465.64,2473.21,2465.48,2472.55,262289
1787521020,2472.55,2472.59,2467.67,2467.78,87379
1787521080,2467.78,2469,2465.02,2467.29,117604
1787521140,2467.56,2468.23,2458.32,2460.33,271510
1787521200,2460.7,2463.49,2458.79,2461.62,217200
1787521260,2461.62,2462.59,2459.07,2461.07,97124
1787521320,2461.06,2463.33,2460.49,2461.62,67666
1787521380,2461.48,2461.81,2459.35,2460.74,46053
1787521440,2460.75,2462.06,2460.02,2460.73,61264
1787521500,2460.59,2466.3,2460.59,2465.8,103096
1787521560,2465.8,2467.09,2465.17,2465.74,83541
1787521620,2465.87,2467.75,2463.97,2463.97,83583
1787521680,2463.98,2466.3,2463.98,2466.29,51040
1787521740,2466.3,2467.59,2465.39,2467.06,50742
1787521800,2466.9,2468.24,2465.55,2468.07,38317
1787521860,2468.08,2471.19,2467,2470.81,105147
1787521920,2470.89,2471.44,2470,2470.12,138432
1787521980,2470.27,2478.58,2470.08,2476.65,163107
1787522040,2476.64,2476.64,2472.23,2473.11,183307
1787522100,2473.1,2473.54,2469.04,2469.2,132670
1787522160,2469.2,2472,2468.89,2471.73,108283
1787522220,2471.74,2472.49,2468.7,2468.71,74218
1787522280,2468.7,2468.7,2465.1,2467.45,107954
1787522340,2467.45,2470,2467.2,2468.86,100045
1787522400,2468.87,2473.7,2466.75,2472.88,225061
1787522460,2472.89,2472.89,2456,2462.24,536836
1787522520,2462.1,2464.04,2457.24,2458.85,387276
1787522580,2459.29,2460.95,2455.1,2456.88,475768
1787522640,2456.88,2458.92,2453.81,2458.8,184868
1787522700,2458.92,2461.96,2455.1,2457.91,252848
1787522760,2457.91,2458.91,2456.15,2457.62,103145
1787522820,2457.79,2459.8,2456.67,2458.92,78846
1787522880,2458.91,2460.8,2458.44,2460.01,47792
1787522940,2460,2462.63,2459.01,2461.21,63025
1787523000,2461.2,2464.54,2460.3,2462.44,111656
1787523060,2462.27,2464.77,2461.16,2461.51,63162
1787523120,2461.51,2463.84,2461.42,2462.21,50638
1787523180,2462.21,2463.2,2460.54,2461.74,23892
1787523240,2461.87,2462.96,2459.16,2462.34,41855
1787523300,2462.19,2462.49,2459.66,2461.34,37137
1787523360,2461.13,2465.5,2460.85,2464.95,77888
1787523420,2464.96,2465.01,2457.15,2458.81,171013
1787523480,2458.81,2461.25,2458.65,2460.61,85774
1787523540,2460.83,2463.81,2460.34,2463.53,88170
1787523600,2463.53,2464.37,2462.14,2464.1,38935
1787523660,2464,2464.12,2462.04,2462.26,21984
1787523720,2462.05,2463.51,2460.83,2462.01,43367
1787523780,2461.99,2463.7,2461.33,2462.85,28342
1787523840,2462.8,2463.59,2461.26,2462.76,13662
1787523900,2463,2463.48,2461.82,2462.69,10536
1787523960,2462.68,2462.76,2460.48,2460.56,18589
1787524020,2460.71,2464.88,2460,2464.32,59461
1787524080,2464.22,2466,2461.86,2462.03,65796
1787524140,2462.03,2462.03,2459.11,2459.29,52344
1787524200,2459.1,2461.04,2458.4,2460.37,39072
1787524260,2460.37,2462.23,2459.88,2459.96,45831
1787524320,2459.95,2460.93,2459.22,2459.39,21394
1787524380,2459.39,2459.63,2457.04,2458.31,50347
1787524440,2458.31,2459.51,2456.5,2459.11,58893
1787524500,2459.11,2460.92,2458.22,2458.58,28371
1787524560,2458.7,2458.7,2456.36,2457.34,24292
1787524620,2457.34,2457.6,2455.41,2456.02,31975
1787524680,2456.01,2456.75,2455,2456.75,37891
1787524740,2456.76,2460.6,2456.76,2460.15,38697
1787524800,2460.15,2460.77,2458.08,2458.33,39684
1787524860,2458.1,2459.78,2455.41,2456.32,47742
1787524920,2456.31,2458.48,2456.31,2458.12,46876
1787524980,2458.38,2458.99,2457.49,2458.34,21908
1787525040,2458.34,2458.63,2457.29,2457.75,32450
1787525100,2457.74,2458.67,2455.01,2455.47,38914
1787525160,2455.67,2458.96,2455.59,2458.7,37248
1787525220,2458.56,2459.87,2458.36,2459.29,38201
1787525280,2459.55,2460.24,2457.92,2459.89,29905
1787525340,2459.89,2460.37,2458.93,2460.11,28908
1787525400,2459.98,2460.4,2457.57,2457.72,40008
1787525460,2457.72,2459.2,2456.71,2458.89,53862
1787525520,2458.88,2459.94,2456.69,2456.82,46801
1787525580,2456.82,2457.96,2456.28,2456.65,33770
1787525640,2456.64,2457.47,2455.26,2455.73,38988
1787525700,2455.8,2456.73,2455.06,2455.21,22079
1787525760,2455.21,2455.43,2453.07,2453.87,58587
1787525820,2453.87,2454.15,2451.64,2451.87,105394
1787525880,2451.87,2453.47,2450.49,2453.35,80192
1787525940,2453.35,2454.93,2452.77,2454.1,51104
1787526000,2453.99,2455.04,2452.39,2454.21,39724
1787526060,2454.21,2454.21,2451.28,2451.57,30506
1787526120,2451.57,2451.57,2448.12,2449.01,159646
1787526180,2448.97,2449.32,2445.17,2446.05,199726
1787526240,2446.01,2449.9,2445.29,2448.06,103930
1787526300,2447.95,2449.67,2447.31,2447.98,75908
1787526360,2447.98,2447.98,2440.6,2446,267995
1787526420,2445.99,2449.35,2445.99,2447.91,128226
1787526480,2447.91,2450.21,2447.91,2448.66,75480
1787526540,2448.92,2451.5,2448.92,2450.65,71364
1787526600,2450.66,2453.66,2448.2,2448.61,56933
1787526660,2448.49,2448.94,2445.22,2445.43,49979
1787526720,2445.43,2447.15,2445.01,2447.06,60354
1787526780,2447.11,2448.4,2446.11,2448.4,42949
1787526840,2448.4,2449.05,2446.79,2447.84,19006
1787526900,2447.84,2448.8,2446.76,2448.8,26314
1787526960,2448.8,2451.16,2448.8,2450.4,42468
1787527020,2450.16,2452.78,2449.58,2451.05,50141
1787527080,2451.05,2455.91,2450.79,2455.85,84560
1787527140,2455.66,2456.65,2452.73,2452.99,91413
1787527200,2452.99,2453.73,2451.52,2453.72,38051
1787527260,2453.73,2453.89,2450.77,2451.47,73097
1787527320,2451.47,2451.94,2450.48,2450.84,38635
1787527380,2450.89,2451,2448.47,2449.94,23953
1787527440,2449.94,2451.15,2448.87,2449.95,34644
1787527500,2449.96,2450.88,2447.64,2449.7,35757
1787527560,2449.7,2451.44,2448.39,2451.43,38773
1787527620,2451.13,2453.29,2451,2452.32,67643
1787527680,2452.31,2453.26,2451.86,2453.26,12241
1787527740,2453.25,2458.54,2452.84,2457.3,135147
1787527800,2457.29,2467.88,2456.91,2464.63,358057
1787527860,2464.81,2469.47,2463.05,2468.53,291841
1787527920,2468.52,2469.49,2462.79,2463.75,317749
1787527980,2464.01,2464.29,2461.03,2461.79,141108
1787528040,2461.79,2462.67,2458.79,2460.5,112867
1787528100,2460.5,2463.37,2459.44,2459.65,85663
1787528160,2459.65,2460.6,2458.04,2458.04,50817
1787528220,2458,2460.48,2457.04,2457.04,128097
1787528280,2457.05,2458.2,2455.19,2455.84,56169
1787528340,2455.83,2455.83,2453.23,2454.91,101252
1787528400,2454.91,2456.77,2453.36,2456.16,107616
1787528460,2456.16,2456.39,2454,2454.14,47391
1787528520,2454.45,2454.76,2451.37,2451.63,84426
1787528580,2451.63,2453.31,2450.8,2450.8,64434
1787528640,2450.8,2453.4,2447.3,2452.72,142246
1787528700,2452.71,2454.43,2452.57,2453.07,212897
1787528760,2453.07,2456.16,2453.06,2455.95,37949
1787528820,2455.82,2456.93,2455.1,2455.44,37398
1787528880,2455.44,2456.66,2455.32,2456.25,21140
1787528940,2456.26,2456.93,2455.17,2456.92,13644
1787529000,2456.93,2458.37,2456.38,2458.13,72485
1787529060,2458.13,2465,2458.13,2461.13,183379
1787529120,2461.13,2461.14,2459.07,2459.77,202410
1787529180,2459.77,2459.77,2458.3,2458.59,79392
1787529240,2458.59,2461.44,2458.35,2460.8,27395
1787529300,2460.81,2463.97,2460.38,2462.65,110648
1787529360,2462.65,2462.67,2460.98,2461.09,60436
1787529420,2461.1,2464.11,2460.52,2463.16,66276
1787529480,2463.16,2463.57,2462,2462,133817
1787529540,2461.76,2462.52,2460.81,2462.46,32660
1787529600,2462.35,2463,2461.06,2462.67,28089
1787529660,2462.68,2462.9,2460.59,2460.87,65538
1787529720,2460.96,2461.25,2459.28,2459.85,45084
1787529780,2459.84,2460.21,2458.33,2458.73,35616
1787529840,2458.73,2458.73,2455.6,2456.23,124968
1787529900,2456.34,2458.9,2455.92,2456.35,66098
1787529960,2456.1,2456.36,2452.76,2452.76,83526
1787530020,2452.76,2455.17,2451.56,2452.15,119775
1787530080,2452.15,2455.68,2451.93,2455.06,87621
1787530140,2455.05,2460,2454.77,2459.43,137236
1787530200,2459.43,2459.96,2456.42,2459.96,81465
1787530260,2459.95,2460.62,2456.16,2458.29,39190
1787530320,2458.29,2459.66,2457.71,2459.1,50899
1787530380,2459.09,2459.09,2457.76,2457.76,26624
1787530440,2457.75,2458,2456.09,2457.98,37763
1787530500,2457.82,2458.99,2456.21,2456.36,30506
1787530560,2456.37,2456.81,2454.68,2455.5,31177
1787530620,2455.51,2455.67,2452.12,2453.31,158159
1787530680,2453.31,2457.52,2451.76,2456.75,141821
1787530740,2456.66,2457.8,2454.13,2455.26,85500
1787530800,2455.24,2455.61,2452.1,2453.63,66695
1787530860,2453.4,2453.4,2449.36,2449.51,134262
1787530920,2449.5,2451.23,2449,2451.16,105859
1787530980,2451.16,2451.96,2449.86,2451.57,74680
1787531040,2451.57,2451.89,2449.75,2450.01,41247
1787531100,2450.01,2450.54,2446.67,2447.89,128439
1787531160,2447.9,2448.7,2445.41,2446.81,105931
1787531220,2446.8,2447.05,2442.66,2446.62,193633
1787531280,2446.62,2449.69,2446.49,2449.58,122804
1787531340,2449.57,2450.99,2448.84,2450.33,96519
1787531400,2450.33,2452.49,2448.73,2449.48,91711
1787531460,2449.6,2451.7,2449.48,2450.46,64726
1787531520,2450.46,2453.3,2450.46,2452.96,43285
1787531580,2452.96,2455,2452.71,2454.88,61213
1787531640,2454.97,2455.95,2453.86,2455.78,66231
1787531700,2455.78,2459.2,2453.55,2459.16,162739
1787531760,2459.08,2459.28,2453.5,2453.63,171574
1787531820,2453.68,2456,2453.41,2454.8,99732
1787531880,2454.81,2454.81,2452.84,2453.25,41630
1787531940,2453.26,2454.62,2450.52,2451.4,60942
1787532000,2451.39,2452.54,2449.77,2451.56,90524
1787532060,2451.56,2452.44,2450.4,2450.82,35439
1787532120,2450.82,2451.83,2450.04,2450.37,34848
1787532180,2450.37,2450.49,2447.8,2448.23,67149
1787532240,2448.22,2448.81,2443,2444.3,170477
1787532300,2444.29,2448.96,2441.04,2447.38,236008
1787532360,2447.52,2447.52,2441.73,2444.47,151491
1787532420,2444.46,2446.08,2443.62,2445.54,74119
1787532480,2445.54,2452.8,2444.64,2451.84,164617
1787532540,2451.73,2451.96,2447.98,2451.17,122178
1787532600,2451.29,2454.4,2450.52,2452.09,117175
1787532660,2452.09,2456.27,2451.96,2453.12,144476
1787532720,2453.26,2457,2453.26,2456.03,93892
1787532780,2456.03,2457.38,2455.8,2456.54,76077
1787532840,2456.54,2457.15,2455.23,2456.81,55525
1787532900,2456.88,2457.31,2455.16,2457.18,58011
1787532960,2457.19,2458.75,2456.16,2458.29,103909
1787533020,2458.3,2459.75,2458.01,2459.17,123532
1787533080,2459.17,2461.72,2459.12,2461.55,154046
1787533140,2461.61,2464.88,2460.91,2464.08,214076
1787533200,2464.09,2464.99,2459.61,2459.7,260759
1787533260,2459.99,2461.54,2459.28,2459.43,187133
1787533320,2459.5,2460.15,2457.12,2458.6,122735
1787533380,2458.46,2461.32,2457.09,2461.01,99696
1787533440,2461,2466,2460.77,2461.86,153705
1787533500,2461.95,2463.23,2457.91,2459.95,145179
1787533560,2459.95,2461.58,2458.38,2458.38,75113
1787533620,2458.38,2458.55,2457.1,2457.38,67422
1787533680,2457.38,2457.57,2455,2455.87,105599
1787533740,2455.91,2455.91,2452.26,2453.89,125933
1787533800,2453.88,2455.7,2453,2455.7,88547
1787533860,2455.8,2458.21,2454.1,2457.65,50198
1787533920,2457.65,2458.74,2455.43,2456.01,54873
1787533980,2456.01,2456.85,2455.36,2456.26,28643
1787534040,2456.26,2456.4,2452.67,2452.92,30825
1787534100,2452.92,2452.92,2448.33,2449.55,128346
1787534160,2449.68,2451.52,2448.41,2451.24,157589
1787534220,2451.32,2452.54,2448.8,2449.96,81858
1787534280,2449.96,2452.04,2448.99,2451.14,63014
1787534340,2451.14,2453.36,2450.37,2450.39,38228
1787534400,2450.39,2450.59,2447.28,2447.43,83914
1787534460,2447.42,2449.14,2443.39,2449.14,190752
1787534520,2449.14,2450.48,2447.86,2450.47,161083
1787534580,2450.48,2450.88,2447.16,2447.16,56906
1787534640,2447.17,2448.35,2441.19,2442.96,411649
1787534700,2442.8,2447.8,2442.53,2447.06,232612
1787534760,2447.07,2447.79,2444.9,2445.49,81942
1787534820,2445.48,2446.13,2443.54,2444.16,61152
1787534880,2444.16,2445.56,2443.18,2444.07,28699
1787534940,2444,2445.38,2443.31,2443.49,43275
1787535000,2443.58,2444.14,2441.61,2441.61,81538
1787535060,2441.61,2444.4,2441.61,2443.88,67133
1787535120,2443.87,2447.52,2443.55,2447.08,86499
1787535180,2447.08,2447.8,2445.27,2447.4,75829
1787535240,2447.28,2448.78,2446.93,2448.39,43517
1787535300,2448.39,2448.72,2443.6,2443.61,54995
1787535360,2443.61,2443.62,2436.83,2439.88,357974
1787535420,2439.87,2440.33,2435.5,2436.48,316336
1787535480,2436.47,2438.59,2433.65,2435.1,337491
1787535540,2435.28,2439.45,2435.28,2439.45,232266
1787535600,2439.44,2440.65,2439.44,2439.81,153025
1787535660,2439.81,2440.2,2437.31,2440,69893
1787535720,2439.83,2441.26,2439.36,2440.44,65092
1787535780,2440.31,2440.64,2438.26,2438.84,42979
1787535840,2438.83,2439.46,2437.07,2438.26,47202
1787535900,2438.05,2438.94,2433.95,2437.2,111656
1787535960,2437.2,2440.33,2437.2,2438.02,116100
1787536020,2438.02,2439.25,2434.06,2435.06,125933
1787536080,2435.07,2437.56,2434.69,2436.62,102027
1787536140,2436.77,2437.99,2433.88,2435.88,83967
1787536200,2436.1,2436.99,2434.57,2435.93,74822
1787536260,2435.92,2436.58,2432.74,2432.76,174937
1787536320,2433,2434.97,2432.88,2434.47,100636
1787536380,2434.46,2436.99,2431.73,2436.04,137001
1787536440,2436.05,2436.21,2433.9,2435.77,56585
1787536500,2435.77,2436.12,2431.57,2433.05,85644
1787536560,2433.08,2433.27,2428.38,2432.12,302572
1787536620,2432.13,2432.13,2427,2429.3,300299
1787536680,2429,2430.99,2425.97,2430.2,280084
1787536740,2430.19,2430.64,2427.5,2428.35,138681
1787536800,2428.35,2430.86,2425.4,2426.71,156967
1787536860,2426.83,2428.36,2425.43,2425.68,105469
1787536920,2425.68,2427.36,2423.07,2427.36,274015
1787536980,2427.36,2427.71,2423.59,2425.52,256188
1787537040,2425.53,2434.22,2425.53,2433.68,230783
1787537100,2433.69,2436.76,2432.69,2435.45,224282
1787537160,2435.48,2436.55,2431.07,2431.33,179467
1787537220,2431.33,2433.78,2431.01,2433,113495
1787537280,2432.89,2434,2432,2433.91,63039
1787537340,2434,2435.25,2433.54,2434.68,96400
1787537400,2434.57,2435,2433,2435,41314
1787537460,2435.14,2437.52,2434.19,2437.34,90121
1787537520,2437.34,2439.2,2436.83,2438.86,127477
1787537580,2438.99,2443.19,2438.56,2443.19,236858
1787537640,2443.19,2444.93,2441.3,2442.71,259893
1787537700,2442.59,2445.96,2442.59,2444.89,244500
1787537760,2444.9,2447.28,2444.63,2446.34,153851
1787537820,2446.34,2446.97,2444.8,2444.94,103819
1787537880,2444.79,2446.33,2443.81,2445.99,90855
1787537940,2446.16,2448.54,2445.53,2448.53,129479
1787538000,2448.53,2448.88,2446.94,2446.95,94255
1787538060,2446.94,2448.57,2445.85,2447.79,53477
1787538120,2447.78,2448.44,2446.07,2446.25,46943
1787538180,2446.25,2446.25,2443.81,2445.95,160929
1787538240,2446.2,2446.6,2444.64,2446.24,48656
1787538300,2446.24,2447.63,2446.24,2446.8,23830
1787538360,2446.92,2447.92,2446.61,2447.06,26556
1787538420,2447.06,2447.06,2444.32,2446.47,55245
1787538480,2446.47,2446.78,2444.14,2445.1,50378
1787538540,2445.1,2446.23,2444.07,2446.23,48508
1787538600,2446.23,2446.9,2445.44,2446.67,26985
1787538660,2446.77,2447.95,2445.85,2445.94,32022
1787538720,2445.94,2448.49,2445.49,2448.11,40854
1787538780,2448.11,2450.49,2446.91,2448.11,98276
1787538840,2447.77,2449.37,2447.2,2447.82,89111
1787538900,2447.94,2449.07,2446.62,2446.72,102865
1787538960,2446.72,2448.38,2446.72,2447.65,52001
1787539020,2447.64,2448.63,2445.68,2446.01,52597
1787539080,2446.01,2446.15,2443.96,2445.37,95215
1787539140,2445.37,2445.49,2443.64,2445.3,55650
1787539200,2445.3,2447.17,2443.39,2447.17,41813
1787539260,2447.17,2447.17,2445.27,2445.96,43066
1787539320,2446.04,2446.07,2445.14,2445.19,14317
1787539380,2445.19,2445.44,2443.27,2443.42,36389
1787539440,2443.55,2445,2443.53,2444.46,47342
1787539500,2444.46,2444.47,2442.02,2442.32,39520
1787539560,2442.33,2442.56,2439.09,2439.47,115906
1787539620,2439.6,2441,2437.05,2437.48,158665
1787539680,2437.48,2439.37,2433.99,2439.37,190324
1787539740,2439.37,2440.5,2437.31,2440.49,133953
1787539800,2440.49,2440.95,2438.32,2438.32,60062
1787539860,2438.32,2440.38,2437.71,2437.72,54667
1787539920,2437.86,2438.86,2435.79,2437.11,44919
1787539980,2437.1,2439.15,2436.65,2439.02,50236
1787540040,2439.02,2439.88,2437.47,2438.75,27361
1787540100,2438.83,2443.75,2438.74,2443.69,55915
1787540160,2443.69,2443.81,2442.54,2442.63,49860
1787540220,2442.63,2442.63,2438.96,2440.37,40162
1787540280,2440.37,2441.65,2439.9,2440.34,32236
1787540340,2440.68,2442.83,2440.57,2442.47,28413
1787540400,2442.48,2444,2441.52,2443.64,59220
1787540460,2443.62,2444.13,2438.89,2438.98,62700
1787540520,2438.99,2439.49,2437.5,2438.25,76680
1787540580,2438.25,2439.16,2437.59,2438.74,80981
1787540640,2438.61,2438.66,2437.67,2438.24,59972
1787540700,2438.35,2438.36,2437.04,2437.05,15202
1787540760,2437.04,2437.05,2436,2436.47,87579
1787540820,2436.34,2437.14,2435.11,2436.82,75642
1787540880,2436.84,2436.84,2434.72,2434.87,59285
1787540940,2435,2436.48,2434.72,2436.48,30856
1787541000,2436.47,2438.31,2436.28,2436.43,53454
1787541060,2436.44,2436.97,2434.04,2434.92,26741
1787541120,2434.92,2437.08,2434.29,2437.08,28534
1787541180,2437.08,2437.47,2434.82,2435.45,27454
1787541240,2435.44,2436.2,2434.57,2435.11,36486
1787541300,2434.98,2435.93,2434.14,2434.17,36468
1787541360,2434.16,2435.81,2432.45,2432.46,71113
1787541420,2432.86,2435.77,2432.76,2435.37,47834
1787541480,2435.25,2435.78,2434.57,2434.81,26257
1787541540,2434.81,2435.49,2433.45,2434.66,38327
1787541600,2434.66,2435.85,2434.31,2435.38,56959
1787541660,2435.38,2435.38,2434,2435.01,50287
1787541720,2435.01,2435.87,2434.82,2435.27,22585
1787541780,2435.27,2439.99,2435.27,2438.93,64516
1787541840,2438.93,2440.35,2438,2439.64,86732
1787541900,2439.63,2442.74,2438.32,2439.91,83094
1787541960,2439.69,2439.69,2438.26,2438.57,65295
1787542020,2438.43,2438.43,2436.3,2436.6,64587
1787542080,2436.95,2437.4,2436.04,2437.12,21401
1787542140,2437.13,2437.13,2433,2433,26911
1787542200,2433,2434.07,2425.01,2429.06,271389
1787542260,2429.06,2430.42,2426.8,2429.13,301939
1787542320,2429.14,2432.72,2426.43,2432.21,151772
1787542380,2432.21,2432.99,2431.76,2432.05,75635
1787542440,2432.04,2433.69,2431.49,2433.57,42192
1787542500,2433.58,2433.88,2432.59,2433.16,28391
1787542560,2433.16,2433.16,2429.33,2429.79,70416
1787542620,2429.8,2434.45,2429.68,2434.43,73804
1787542680,2434.43,2437.5,2433.89,2436.56,85924
1787542740,2436.43,2437.22,2434.9,2435.68,57994
1787542800,2435.69,2435.69,2433.32,2434.4,52123
1787542860,2434.41,2435.6,2433.96,2434.61,21385
1787542920,2434.62,2436.6,2434.61,2436.44,22393
1787542980,2436.12,2436.43,2435.19,2435.61,14426
1787543040,2435.61,2436.77,2434.05,2434.32,12983
1787543100,2434.16,2438.62,2433.88,2437.71,69475
1787543160,2437.71,2438.33,2436.42,2436.88,40094
1787543220,2436.88,2436.89,2435.73,2436.7,24258
1787543280,2436.57,2437.69,2436.16,2437.07,16639
1787543340,2436.82,2437.14,2436.09,2436.79,34125
1787543400,2436.8,2440.2,2436.8,2438.68,72861
1787543460,2438.68,2438.94,2436.02,2436.62,50247
1787543520,2436.63,2436.63,2434.84,2434.84,37892
1787543580,2434.83,2435.03,2432.51,2432.51,34452
1787543640,2432.69,2433.38,2431.73,2432.25,25748
1787543700,2432.26,2432.74,2431.62,2432.22,28269
1787543760,2432.21,2432.22,2430.32,2430.88,35180
1787543820,2430.88,2431,2427.01,2427.02,60345
1787543880,2427.48,2429.28,2426.8,2428.36,111041
1787543940,2428.36,2429.85,2428.36,2429.82,47260
1787544000,2429.82,2434.35,2429.67,2433.73,78024
1787544060,2433.74,2434.18,2432.58,2433.79,48298
1787544120,2433.62,2435.48,2433.36,2435.33,49970
1787544180,2435.33,2436.22,2434.29,2436.03,33560
1787544240,2435.89,2436.8,2435.27,2436.57,20995
1787544300,2436.56,2438,2436,2436.98,27859
1787544360,2437.22,2438,2435.86,2435.87,30984
1787544420,2436.13,2437.18,2435.9,2436.62,58383
1787544480,2436.48,2436.55,2435.7,2436.51,61370
1787544540,2436.51,2437.71,2434.5,2434.51,32382
1787544600,2434.5,2436.54,2434.5,2435.62,25288
1787544660,2435.76,2435.76,2434.16,2434.6,24751
1787544720,2434.59,2436.99,2434.25,2435.77,32114
1787544780,2435.78,2437.41,2435.64,2436.4,31053
1787544840,2436.14,2437.89,2436.14,2437.74,28781
1787544900,2437.74,2440.27,2437.74,2440.19,82384
1787544960,2440.18,2441.65,2439.34,2441.17,79660
1787545020,2441.35,2442.02,2440.61,2442.02,68811
1787545080,2442.01,2444.75,2442,2443.31,140669
1787545140,2443.23,2443.98,2441.04,2441.43,62564
1787545200,2441.28,2442.99,2441.04,2442.98,36703
1787545260,2442.99,2443.99,2442.96,2443.73,16327
1787545320,2443.73,2443.99,2442.75,2442.75,47138
1787545380,2442.75,2442.75,2441.45,2441.91,21022
1787545440,2441.91,2442.2,2440.51,2440.99,65953
1787545500,2440.88,2442.41,2440.63,2442.13,37918
1787545560,2442.12,2442.83,2441.36,2441.37,41978
1787545620,2441.37,2442.4,2441.37,2441.86,11565
1787545680,2441.86,2445,2441.86,2444.9,78597
1787545740,2444.9,2444.92,2443.69,2444.72,73213
1787545800,2444.72,2445.48,2444.27,2444.44,54155
1787545860,2444.44,2444.73,2443.1,2443.83,43224
1787545920,2443.7,2443.82,2440.83,2442.56,33571
1787545980,2442.92,2443.44,2441.54,2441.54,38597
1787546040,2441.78,2442.53,2441.6,2442.03,26499
1787546100,2442.03,2442.46,2440.55,2440.78,20131
1787546160,2440.79,2442.14,2440.62,2442.11,24416
1787546220,2442.11,2442.12,2440.23,2440.53,24772
1787546280,2440.54,2442.36,2439.65,2441.65,91381
1787546340,2441.65,2441.65,2439.76,2440.53,47649
1787546400,2440.65,2441.34,2436.81,2436.81,69351
1787546460,2436.8,2440.79,2436.62,2440.78,55333
1787546520,2440.54,2441.42,2439.9,2440.98,24251
1787546580,2440.98,2441.26,2439.93,2440.06,9759
1787546640,2440.03,2441.79,2440.03,2441.79,12969
1787546700,2441.79,2442.58,2440,2441.85,26510
1787546760,2441.85,2441.85,2437.51,2439.21,49362
1787546820,2439.1,2440.38,2439.1,2439.93,22900
1787546880,2440.06,2440.07,2438.01,2438.01,8686
1787546940,2438.4,2438.4,2436.46,2437,32276
1787547000,2437.01,2437.52,2435.42,2435.43,33170
1787547060,2435.43,2435.43,2431.73,2431.74,70828
1787547120,2431.73,2433.23,2427.21,2427.31,267289
1787547180,2427.3,2434.15,2427.3,2432.98,273470
1787547240,2432.83,2434.67,2431.52,2434.26,118025
1787547300,2434.54,2434.93,2432.19,2433.14,50890
1787547360,2433.14,2433.98,2431,2431.37,85731
1787547420,2431.36,2433.8,2431.36,2433.67,43029
1787547480,2433.65,2436.23,2433.65,2436.09,35504
1787547540,2436.1,2437.15,2435.89,2436.77,103619
1787547600,2436.77,2436.77,2433.73,2434.43,112125
1787547660,2434.19,2434.19,2432.54,2433.83,67212
1787547720,2433.95,2437.66,2433.84,2437.26,86141
1787547780,2437.26,2437.63,2435.4,2436.77,40884
1787547840,2436.66,2437.27,2435.71,2436.45,17466
1787547900,2436.45,2437.51,2436.01,2436.52,13807
1787547960,2436.52,2437.46,2436,2436.49,50014
1787548020,2436.5,2437.37,2433.58,2437.37,45336
1787548080,2437.36,2441.12,2437.27,2440.61,166254
1787548140,2440.51,2443.74,2440.43,2442.18,288238
1787548200,2441.94,2445.52,2441.39,2444.52,198245
1787548260,2444.53,2449.8,2444.4,2449.8,307239
1787548320,2449.81,2452.31,2448.32,2448.48,472579
1787548380,2448.49,2451.81,2448.02,2450.55,231565
1787548440,2450.55,2457.9,2450.54,2456.54,395072
1787548500,2456.54,2459.51,2451.4,2452.22,422505
1787548560,2452.22,2456.42,2452.08,2454.5,234973
1787548620,2454.5,2454.51,2450.66,2450.66,151232
1787548680,2450.67,2456.21,2450.07,2454.86,113675
1787548740,2454.65,2454.94,2451.31,2451.83,158636
1787548800,2451.71,2454.63,2450.98,2452.33,104128
1787548860,2452.33,2452.61,2450.28,2451.15,71774
1787548920,2451.15,2451.18,2446.59,2450.01,181900
1787548980,2450.01,2451.53,2449.01,2450.49,106092
1787549040,2450.48,2450.96,2448.92,2448.95,72861
1787549100,2448.93,2450.48,2447.61,2449.78,51308
1787549160,2449.69,2452.3,2449.25,2451.71,38462
1787549220,2451.71,2453.2,2450.88,2452.85,59430
1787549280,2452.86,2452.89,2451.4,2452.2,37656
1787549340,2452.2,2452.2,2449.13,2449.37,47562
1787549400,2449.36,2449.56,2446.04,2446.81,122987
1787549460,2446.82,2446.94,2440.11,2442.34,509150
1787549520,2442.2,2443.84,2442.07,2442.85,179862
1787549580,2442.97,2443.57,2440.87,2443.49,71452
1787549640,2443.37,2443.77,2441.59,2441.76,51682
1787549700,2441.75,2442.19,2440.09,2440.1,69702
1787549760,2440.09,2440.98,2436.77,2440.34,174257
1787549820,2440.35,2445.44,2438.86,2444.54,148336
1787549880,2444.42,2446.66,2443.75,2446.09,128376
1787549940,2446.09,2447.26,2444.78,2444.78,82541
1787550000,2444.77,2449.98,2443.86,2449.22,75815
1787550060,2448.82,2451.62,2448.6,2451.03,117690
1787550120,2451.02,2451.63,2449.38,2450.22,266897
1787550180,2450.21,2451.69,2449.2,2449.82,86128
1787550240,2449.78,2450.28,2446.79,2447.17,123993
1787550300,2447.18,2448.99,2446.98,2448.51,47353
1787550360,2448.52,2448.52,2446.44,2446.83,30121
1787550420,2446.84,2448.51,2446.77,2448.19,41895
1787550480,2448.06,2448.41,2447.55,2447.75,21582
1787550540,2447.88,2447.88,2446.02,2446.11,28929
1787550600,2446.15,2446.64,2444.31,2444.86,229178
1787550660,2444.85,2445.09,2443.44,2443.88,81551
1787550720,2443.88,2446.5,2443.66,2445.98,47907
1787550780,2445.97,2447.06,2444.68,2445.4,91797
1787550840,2445.53,2448.55,2445.27,2448.39,56687
1787550900,2448.39,2448.72,2446.4,2446.4,19870
1787550960,2446.53,2447.71,2445.95,2446.63,22099
1787551020,2446.63,2447.64,2446.36,2446.81,22188
1787551080,2446.81,2448.59,2446.55,2448.47,14409
1787551140,2448.48,2448.84,2447.32,2447.92,24317
1787551200,2447.92,2450.86,2447,2449.27,93354
1787551260,2449.26,2449.26,2445.74,2446.57,94648
1787551320,2446.57,2447.64,2445.71,2446.49,26797
1787551380,2446.48,2446.62,2444.55,2444.73,30677
1787551440,2444.86,2444.94,2443.04,2444.21,53259
1787551500,2444.2,2445.99,2443.5,2445.75,28134
1787551560,2445.63,2445.75,2443.34,2444.08,18896
1787551620,2444.09,2446.43,2443.8,2445.51,22198
1787551680,2445.5,2447.35,2444.73,2446.77,46364
1787551740,2446.77,2451.3,2446.77,2449.18,83938
1787551800,2449.19,2449.47,2446.81,2447.6,27378
1787551860,2447.79,2452.74,2447.44,2452.73,109144
1787551920,2452.73,2456.64,2452.73,2454.14,387169
1787551980,2454.14,2455.98,2453.11,2455.71,150640
1787552040,2455.78,2456.53,2454.57,2455.24,115060
1787552100,2455.24,2457.49,2454.38,2454.48,118728
1787552160,2454.48,2455.3,2452.66,2454.46,151205
1787552220,2454.59,2455.55,2453.21,2453.45,54714
1787552280,2453.55,2454.54,2452.87,2452.88,48697
1787552340,2452.87,2453.46,2452.09,2452.32,37977
1787552400,2452.31,2453.35,2451.11,2453.24,25448
1787552460,2453.24,2453.46,2451.9,2452.95,22116
1787552520,2452.95,2453.03,2450.65,2451.75,41461
1787552580,2451.61,2453.97,2451.02,2453.17,68537
1787552640,2453.03,2455,2452.48,2454.92,75908
1787552700,2454.81,2455.44,2453.41,2453.67,44919
1787552760,2453.67,2454.42,2453.29,2453.76,40829
1787552820,2454.04,2454.98,2452.41,2453.02,28059
1787552880,2452.81,2453.75,2452.22,2453.29,52621
1787552940,2453.3,2455.53,2452.7,2452.74,37967
1787553000,2452.6,2454.29,2452.15,2452.59,28712
1787553060,2452.45,2454.07,2450.63,2450.84,55358
1787553120,2450.83,2450.83,2447.74,2448.93,245358
1787553180,2448.93,2449.12,2447.79,2448.57,66934
1787553240,2448.57,2449.49,2448.12,2448.12,21245
1787553300,2448.12,2448.84,2446.6,2447.08,56627
1787553360,2447.17,2448.27,2446.68,2447.54,48877
1787553420,2447.65,2449.48,2447.32,2449.48,32169
1787553480,2449.37,2449.69,2446.21,2446.88,22942
1787553540,2446.88,2447.28,2445.07,2445.35,52506
1787553600,2445.35,2445.99,2444.22,2444.66,60050
1787553660,2444.67,2447.76,2444.41,2445.19,46547
1787553720,2445.19,2446.16,2444.29,2445.06,52333
1787553780,2444.63,2446.08,2444.22,2444.64,51474
1787553840,2444.63,2446.64,2444.21,2446.64,30578
1787553900,2446.18,2447.24,2445.53,2447.09,30030
1787553960,2447.1,2448.64,2446.12,2448.64,24336
1787554020,2448.62,2452.24,2448.32,2452.11,270287
1787554080,2452.26,2457.33,2451.08,2456.07,167087
1787554140,2456.08,2463.49,2455.79,2459.52,467319
1787554200,2459.52,2461,2458.44,2458.65,377536
1787554260,2458.65,2459.67,2457,2457.35,110192
1787554320,2457.36,2457.83,2456.31,2457.42,127858
1787554380,2457.43,2457.84,2455.8,2456.12,61862
1787554440,2455.84,2456.25,2455,2455.9,106920
1787554500,2455.91,2455.91,2453.6,2454.37,73941
1787554560,2454.5,2456,2454.49,2455.81,68767
1787554620,2455.82,2456.55,2454.93,2456.05,54255
1787554680,2456.04,2456.18,2455.19,2455.62,14348
1787554740,2455.71,2456.07,2455,2455.32,19593
1787554800,2455.05,2457.14,2453.77,2456.8,43888
1787554860,2457,2457.42,2455.48,2457.12,31874
1787554920,2457.12,2457.25,2455.64,2455.67,37233
1787554980,2455.91,2457.29,2455.34,2457.04,16184
1787555040,2457.05,2459.44,2457.03,2458.08,43838
1787555100,2458.2,2458.68,2456.96,2457.59,38913
1787555160,2457.6,2459.5,2457.6,2458.31,60684
1787555220,2458.31,2459.49,2458.2,2458.57,77628
1787555280,2458.57,2459.23,2457.24,2457.5,61956
1787555340,2457.6,2461.27,2457,2460.9,177199
1787555400,2460.9,2465.58,2460.77,2464.41,262401
1787555460,2464.42,2471.5,2464.14,2470.5,561594
1787555520,2470.5,2473.4,2468.96,2470.37,513566
1787555580,2470.37,2471.24,2469.28,2469.33,256406
1787555640,2469.34,2469.66,2468.29,2468.83,147682
1787555700,2468.84,2468.98,2465.49,2465.49,242183
1787555760,2465.5,2465.92,2463.37,2463.37,119450
1787555820,2463.37,2465.61,2463.07,2463.18,69606
1787555880,2463.18,2464.06,2461.25,2462.14,125126
1787555940,2462.15,2464.99,2462.15,2463.2,81609
1787556000,2463.21,2463.21,2460.16,2460.27,111156
1787556060,2460.26,2461.65,2459.02,2460.67,61597
1787556120,2460.66,2461.04,2459.33,2460.03,46535
1787556180,2459.91,2463.86,2459.58,2463.77,73728
1787556240,2463.77,2464.48,2461.79,2462.2,101654
1787556300,2462.19,2463.84,2461.86,2462.78,35656
1787556360,2462.97,2463.29,2460.5,2460.92,74842
1787556420,2460.67,2460.93,2459.8,2460.01,78657
1787556480,2460.02,2461.02,2458.63,2459.24,89502
1787556540,2459.25,2461.55,2459.13,2460.75,88344
1787556600,2460.69,2460.69,2457.16,2457.95,107036
1787556660,2458.05,2459.24,2454.73,2459.14,128996
1787556720,2459.32,2459.36,2457.11,2457.25,71111
1787556780,2457.24,2458.27,2457.12,2458.14,57945
1787556840,2458.14,2458.2,2456.11,2456.81,26855
1787556900,2456.82,2456.82,2455.15,2455.74,68370
1787556960,2455.73,2456.76,2454.5,2455.32,79584
1787557020,2455.2,2456.3,2453.05,2453.87,86098
1787557080,2453.88,2454.82,2453.52,2453.54,114289
1787557140,2453.54,2454.72,2452.84,2454.38,55856
1787557200,2454.39,2454.72,2452.63,2452.96,54267
1787557260,2453.07,2453.08,2451,2453.04,141067
1787557320,2452.62,2453.34,2452.03,2452.86,120963
1787557380,2452.86,2453.75,2451.68,2452.59,108239
1787557440,2452.59,2452.59,2451.84,2451.85,83465
1787557500,2451.84,2453.16,2451.5,2453.01,58520
1787557560,2453.02,2455.03,2452.71,2455.03,156548
1787557620,2455.03,2457.89,2455.02,2457.56,137775
1787557680,2457.57,2458.59,2457.13,2457.96,138422
1787557740,2457.97,2457.97,2456.18,2457.08,56533
1787557800,2457.07,2458.32,2456.53,2457,44890
1787557860,2456.88,2457,2455.56,2456.67,72216
1787557920,2456.68,2457.47,2454.04,2455.03,56553
1787557980,2455.02,2455.29,2452.7,2454.27,80996
1787558040,2454.36,2456.54,2453.63,2456.07,68556
1787558100,2456.08,2456.19,2453.96,2453.96,55721
1787558160,2453.97,2454.33,2453.67,2453.99,30959
1787558220,2453.99,2454.68,2453.46,2453.79,23486
1787558280,2453.8,2454.98,2452.05,2452.47,69475
1787558340,2452.47,2453.97,2452.18,2453.97,72375
1787558400,2453.97,2455.64,2453.7,2454.77,38883
1787558460,2454.77,2454.77,2451.36,2451.36,50396
1787558520,2451.36,2451.39,2448.37,2451,189117
1787558580,2451,2452.39,2450,2451.75,132648
1787558640,2451.38,2451.47,2448.46,2448.79,255381
1787558700,2448.8,2452,2448.8,2451.22,68959
1787558760,2451.22,2455.6,2451.22,2455.28,89636
1787558820,2455.16,2458.23,2453.93,2454,207496
1787558880,2454,2454.88,2453.72,2454.34,49215
1787558940,2454.34,2454.67,2452.95,2452.96,32528
1787559000,2452.96,2453.28,2449.6,2449.6,67587
1787559060,2449.61,2450.95,2449.61,2450.07,51517
1787559120,2449.96,2449.96,2446.99,2448.95,152184
1787559180,2448.95,2449.62,2448.22,2448.53,118703
1787559240,2448.35,2449.57,2447.64,2448.5,32208
1787559300,2448.37,2448.56,2445.58,2445.84,115267
1787559360,2445.92,2446.54,2441.12,2442.58,400971
1787559420,2442.44,2444.11,2441.1,2441.83,247417
1787559480,2441.78,2446.08,2440.86,2445.92,119124
1787559540,2445.93,2447.7,2444.84,2445.1,71957
1787559600,2445.1,2445.4,2443.45,2443.94,67026
1787559660,2443.93,2445.82,2443.78,2444.77,48125
1787559720,2444.68,2445.69,2442.71,2442.8,55157
1787559780,2442.8,2443.19,2440.36,2441.53,93634
1787559840,2441.52,2442.41,2438.57,2438.79,232651
1787559900,2438.84,2440,2437.43,2438.47,158598
1787559960,2438.47,2440.15,2436.03,2437.47,266453
1787560020,2437.47,2440.08,2436.98,2438.56,248281
1787560080,2438.56,2438.72,2435.15,2437.13,215719
1787560140,2437.12,2439.97,2436.99,2438.68,154948
1787560200,2438.55,2440.96,2438.07,2440.78,111567
1787560260,2440.78,2441.86,2439.34,2441.56,162929
1787560320,2441.56,2443.98,2441.56,2443.28,185936
1787560380,2443.28,2443.37,2441.42,2443.1,89888
1787560440,2443.09,2443.58,2442,2442.65,36145
1787560500,2442.64,2442.9,2442.18,2442.41,32179
1787560560,2442.54,2444.19,2442.29,2444.19,148767
1787560620,2444.07,2444.15,2442.74,2443.86,34299
1787560680,2443.86,2445.44,2442.94,2445.44,38599
1787560740,2445.43,2452.38,2445.17,2450.13,276789
1787560800,2450.14,2450.3,2448.7,2449.38,143406
1787560860,2449.37,2449.52,2448.13,2448.97,136860
1787560920,2448.89,2449.33,2448.13,2448.99,57433
1787560980,2448.98,2450.37,2448.6,2448.92,50063
1787561040,2448.92,2451.99,2448.92,2451.98,53476
1787561100,2451.98,2451.99,2450.04,2450.86,33379
1787561160,2450.86,2450.86,2450.06,2450.3,36191
1787561220,2450.29,2450.56,2448.6,2449.41,94724
1787561280,2449.41,2452.13,2449.41,2451.68,54558
1787561340,2451.68,2455.76,2451.03,2455.13,261368
1787561400,2455,2455.54,2453.12,2453.49,148171
1787561460,2453.5,2454,2453.16,2453.44,51008
1787561520,2453.44,2454.38,2452.7,2454.14,49702
1787561580,2454.15,2454.15,2452.5,2453.53,26955
1787561640,2453.53,2454.5,2453.17,2453.85,42173
1787561700,2453.72,2454,2452.55,2453.86,63048
1787561760,2453.87,2454.25,2453.65,2453.65,57155
1787561820,2453.6,2453.61,2452.03,2452.62,45950
1787561880,2452.62,2452.96,2451.94,2452.96,95332
1787561940,2452.95,2453.61,2452.95,2453.23,20549
1787562000,2453.23,2453.61,2452.19,2453.6,77251
1787562060,2453.6,2455.81,2453.6,2454.97,71455
1787562120,2454.97,2456.29,2454.69,2455.43,68029
1787562180,2455.43,2458.18,2455.03,2456.87,80495
1787562240,2456.62,2459.45,2456.62,2457.66,95534
1787562300,2457.56,2458.5,2457,2457.54,68453
1787562360,2457.54,2458.26,2456.52,2457.02,43582
1787562420,2457.01,2461,2457.01,2460.7,127451
1787562480,2460.71,2461.78,2460.27,2460.78,180951
1787562540,2460.78,2461.78,2460.19,2460.19,85456
1787562600,2460.14,2460.71,2458.7,2460.71,73366
1787562660,2460.45,2460.61,2458.83,2459.19,126699
1787562720,2459.04,2460,2458.82,2459.37,70816
1787562780,2459.38,2460.79,2459.27,2460.32,44754
1787562840,2460.32,2461.4,2460.2,2460.33,90418
1787562900,2460.34,2461.4,2459.91,2460.68,64674
1787562960,2460.69,2461.7,2458.78,2459.15,122072
1787563020,2459.16,2459.73,2457.86,2458.05,118635
1787563080,2458.3,2458.9,2457.41,2458.15,69183
1787563140,2458.15,2459.48,2457.66,2459.47,49939
1787563200,2459.47,2460.3,2457.95,2460.3,67214
1787563260,2460.3,2460.3,2457.42,2457.6,50296
1787563320,2457.6,2458.51,2457.28,2457.73,48417
1787563380,2457.72,2457.97,2456.59,2457.63,91163
1787563440,2457.63,2457.63,2454.66,2455.13,94356
1787563500,2455.13,2455.14,2452.37,2453.49,164402
1787563560,2453.48,2457.8,2453.48,2456.82,53328
1787563620,2456.94,2458.7,2456.52,2458.09,172081
1787563680,2457.91,2458.07,2457.5,2457.51,31157
1787563740,2457.5,2459.64,2457.12,2458.63,68475
1787563800,2458.71,2459.02,2457.75,2459.02,92149
1787563860,2459.23,2461.54,2459.23,2461.17,51816
1787563920,2461.17,2463.65,2460.66,2462.51,139714
1787563980,2462.5,2462.5,2459.35,2460.1,70661
1787564040,2460.1,2462,2459.86,2461.99,98338
1787564100,2462,2462.3,2460.37,2460.37,51797
1787564160,2460.36,2460.43,2459.01,2459.45,50276
1787564220,2459.46,2460.78,2459.46,2460.6,23610
1787564280,2460.59,2462.23,2459.91,2461.9,138366
1787564340,2461.9,2462,2460.64,2461.56,45404
1787564400,2461.44,2462.13,2460.64,2460.88,46317
1787564460,2461.01,2461.54,2460,2460,42360
1787564520,2460,2461.2,2460,2460.42,42361
1787564580,2460.42,2462.17,2460.42,2461.94,52765
1787564640,2461.94,2461.94,2459.57,2461.1,40879
1787564700,2461.11,2462.26,2459.94,2460.17,49147
1787564760,2460.17,2461.3,2460.17,2460.23,18325
1787564820,2460.24,2462.83,2460.12,2462.72,51990
1787564880,2462.73,2463.18,2460.79,2461.06,37175
1787564940,2461.05,2461.45,2460.61,2460.86,21699
1787565000,2460.85,2460.98,2459.82,2460.18,51908
1787565060,2460.18,2460.62,2460,2460.44,35497
1787565120,2460.45,2462.41,2460.09,2462.4,54097
1787565180,2462.41,2464.24,2461.71,2463.26,164979
1787565240,2463.25,2463.97,2462.77,2463.05,73875
1787565300,2463,2463,2461.9,2462.43,68786
1787565360,2462.43,2462.44,2461,2461.37,34017
1787565420,2461.38,2461.38,2460.11,2460.82,16807
1787565480,2460.54,2461.12,2459.94,2460.36,63654
1787565540,2460.22,2461.78,2459.93,2461.55,24681
1787565600,2461.55,2461.91,2460.68,2461.79,19989
1787565660,2461.79,2463.64,2461.43,2462.69,42501
1787565720,2462.7,2465.29,2462.46,2464.5,83441
1787565780,2464.46,2481.5,2464.46,2475.34,1402456
1787565840,2475.26,2478.56,2474.01,2474.03,828179
1787565900,2474.03,2474.51,2470.8,2470.92,328795
1787565960,2470.91,2470.91,2468.71,2469.28,254348
1787566020,2469.29,2475,2469.28,2474.69,274285
1787566080,2474.69,2478.56,2472.7,2473.19,248022
1787566140,2472.92,2475,2472.17,2472.17,182902
1787566200,2472.18,2473.74,2472,2473.22,58986
1787566260,2473.21,2477.38,2472.66,2474.01,107270
1787566320,2474,2475,2472.63,2474.56,91642
1787566380,2474.56,2475,2473.19,2474.87,88091
1787566440,2474.87,2489.47,2474.31,2481.87,1201273
1787566500,2481.87,2483.05,2475.39,2478.38,849889
1787566560,2478.37,2478.55,2475.13,2475.41,198339
1787566620,2475.41,2476.57,2474.64,2476.25,121176
1787566680,2476.25,2478.2,2474.86,2477.03,215051
1787566740,2477.03,2478.47,2475.71,2478.21,99344
1787566800,2478.22,2478.67,2474.37,2475.13,119749
1787566860,2475.01,2475.02,2472.33,2472.33,182387
1787566920,2472.44,2473.55,2471.51,2471.76,92308
1787566980,2471.77,2473.89,2471.66,2473.67,98929
1787567040,2473.67,2474.38,2473.2,2473.68,61155
1787567100,2473.67,2474.55,2472.1,2474.55,54207
1787567160,2474.75,2476.69,2474.17,2476.55,122952
1787567220,2476.55,2477.14,2473.65,2473.89,89761
1787567280,2474,2475.84,2474,2475.63,49542
1787567340,2475.63,2475.63,2469.46,2471.03,184424
1787567400,2471.03,2474.34,2470.32,2474.34,118764
1787567460,2474.33,2476.48,2474,2474.7,87799
1787567520,2474.7,2475.3,2473.01,2474.05,84512
1787567580,2474.04,2476,2473.93,2474.06,105486
1787567640,2474.06,2476.66,2473.93,2476.11,77741
1787567700,2476.1,2476.78,2474.79,2474.79,82660
1787567760,2474.97,2476,2473.23,2473.62,96608
1787567820,2473.61,2473.79,2472.6,2472.96,156609
1787567880,2472.96,2473.15,2470.16,2470.22,95276
1787567940,2470.22,2470.34,2466.8,2467.05,266833
1787568000,2467.27,2468.64,2465.71,2466.89,199733
1787568060,2466.6,2466.81,2462.4,2465.17,271082
1787568120,2465.17,2466.49,2464.5,2466.26,191000
1787568180,2466.25,2466.84,2465.24,2466.61,134719
1787568240,2466.61,2466.61,2465.17,2465.17,77848
1787568300,2465.15,2468.4,2465.15,2468.16,80290
1787568360,2468.17,2469.43,2466.59,2467.69,95180
1787568420,2467.69,2468.61,2467.57,2468,26828
1787568480,2468,2468.95,2466.31,2467.26,68172
1787568540,2467.27,2467.41,2466.69,2467.22,115060
1787568600,2467.22,2468.25,2464.67,2464.98,50013
1787568660,2464.98,2465.11,2461.59,2462.44,175644
1787568720,2462.44,2462.74,2460.24,2462,116186
1787568780,2461.95,2464.51,2461.58,2462.68,99002
1787568840,2462.68,2463.7,2462.68,2463.42,54792
1787568900,2463.43,2463.66,2461.76,2461.76,24575
1787568960,2461.76,2462.34,2461,2461.74,73417
1787569020,2461.73,2463.36,2460.86,2463.36,57792
1787569080,2463.47,2463.88,2462.38,2463.61,35316
1787569140,2463.61,2464.91,2463.46,2464.13,34404
1787569200,2464.01,2464.75,2461.29,2461.29,64281
1787569260,2461.29,2461.93,2453.56,2456.48,564734
1787569320,2456.18,2457.79,2453.01,2457.71,348881
1787569380,2457.76,2460.11,2455,2458.1,163662
1787569440,2457.91,2462.26,2457.16,2462.05,165325
1787569500,2461.77,2462.89,2460.48,2461.61,186211
1787569560,2461.6,2464.2,2461.1,2463.66,181820
1787569620,2463.26,2465.85,2462.4,2464.29,197385
1787569680,2464.29,2468.47,2464.07,2464.91,227359
1787569740,2464.91,2467.59,2464.48,2466.94,163436
1787569800,2466.94,2469,2466.54,2467.21,89696
1787569860,2467.35,2468,2465.88,2467.98,63874
1787569920,2467.98,2467.98,2465.5,2466.58,43696
1787569980,2466.96,2468.81,2466.58,2468.78,42049
1787570040,2468.71,2469.96,2467.74,2467.75,155295
1787570100,2467.75,2467.75,2466.3,2466.63,139511
1787570160,2466.64,2466.84,2464.32,2466.84,68628
1787570220,2466.84,2467.39,2464.97,2466.56,39112
1787570280,2466.16,2467.81,2465.72,2467.45,29574
1787570340,2467.79,2468.68,2467.44,2468.3,57278
1787570400,2468.31,2468.83,2467,2467.48,35208
1787570460,2467.4,2468.76,2467.02,2468.25,21441
1787570520,2468.18,2468.76,2468.03,2468.4,27910
1787570580,2468.4,2468.4,2466,2466.7,49081
1787570640,2466.59,2470.56,2466.59,2469.03,106569
1787570700,2469.04,2472.19,2469.01,2469.41,84173
1787570760,2469.42,2470.69,2468.82,2470.35,71294
1787570820,2470.31,2471.64,2468.64,2469.51,56197
1787570880,2469.51,2471.84,2469.04,2471.44,72009
1787570940,2471.44,2472,2470.81,2471.1,50168
1787571000,2471.09,2472,2470.02,2471.49,47108
1787571060,2471.5,2476.38,2471.49,2475.84,297193
1787571120,2475.84,2480.9,2475.84,2479.06,436702
1787571180,2479.06,2479.17,2476.72,2478.44,277307
1787571240,2478.54,2483.45,2478.44,2483.07,330100
1787571300,2483.08,2489.47,2482.48,2482.98,573170
1787571360,2483.38,2493.87,2482.81,2491.25,776626
1787571420,2491.29,2495.09,2490.95,2493.72,769345
1787571480,2493.72,2496.84,2491.68,2492.72,591091
1787571540,2492.68,2493.59,2489.36,2491.79,352561
1787571600,2491.78,2501.41,2489.32,2497.17,804923
1787571660,2497.17,2503.91,2495.88,2501.9,798000
1787571720,2501.91,2505.77,2499.26,2500.41,607226
1787571780,2500.42,2505.99,2498.66,2502.99,480394
1787571840,2502.99,2505.64,2502.99,2505.23,339048
1787571900,2505.23,2507.94,2497.78,2498.74,588103
1787571960,2498.74,2499.53,2492.01,2494.11,573002
1787572020,2494.11,2495,2488.05,2490.53,531735
1787572080,2490.54,2492.97,2487.8,2488.38,393964
1787572140,2488.39,2490.41,2487.2,2490.4,247475
1787572200,2490.4,2493.24,2488.33,2489.3,232055
1787572260,2489.29,2492.3,2487.28,2490.84,220750
1787572320,2490.91,2491.94,2489.47,2491.94,173523
1787572380,2491.94,2492.88,2489.25,2490.23,164660
1787572440,2490.23,2490.27,2488.33,2490.03,57118
1787572500,2490.02,2491.47,2489.93,2490.23,91230
1787572560,2490.23,2490.36,2486.69,2487.74,162289
1787572620,2487.72,2490.82,2487,2490.38,121104
1787572680,2490.39,2492.43,2490.39,2491.65,174059
1787572740,2491.65,2494.11,2491.5,2493.14,145838
1787572800,2493.14,2493.3,2487.92,2488.28,135050
1787572860,2488.29,2489.14,2485.41,2486.31,198036
1787572920,2486.39,2487.71,2483.9,2486.28,190714
1787572980,2486.06,2487.74,2484.13,2485.02,109954
1787573040,2485.02,2486.78,2484.39,2484.77,114463
1787573100,2484.78,2485.68,2482.74,2484.29,124558
1787573160,2484.29,2486.5,2483.17,2485.88,91602
1787573220,2485.88,2485.88,2483.27,2484.12,124967
1787573280,2484.12,2485.42,2483.88,2485.22,54435
1787573340,2485.29,2487.71,2485.11,2487.24,86651
1787573400,2487.24,2488.44,2485.55,2487.66,63065
1787573460,2487.66,2487.7,2486,2487.53,52388
1787573520,2487.32,2487.49,2485.11,2485.32,43746
1787573580,2485.32,2485.44,2481.42,2481.92,135691
1787573640,2481.92,2484.29,2481.66,2483.34,92062
1787573700,2483.33,2485.49,2482.56,2484.56,103734
1787573760,2484.44,2484.83,2473.19,2479.6,714878
1787573820,2479.61,2480.82,2477.19,2479.11,452469
1787573880,2479.11,2482,2479.1,2481.82,154146
1787573940,2481.83,2486.14,2481.83,2485.98,188256
1787574000,2485.98,2488.65,2484.63,2486.2,259708
1787574060,2486.28,2488.84,2485.63,2488.57,119902
1787574120,2488.72,2490.38,2488.57,2488.83,136295
1787574180,2488.83,2490.93,2488.01,2490.92,96990
1787574240,2490.93,2491.69,2490.23,2490.85,108598
1787574300,2490.85,2492.57,2489.83,2492,102014
1787574360,2492,2493.57,2491.11,2492.18,89142
1787574420,2492.43,2493.69,2491.98,2493.56,91210
1787574480,2493.56,2493.57,2491.33,2491.99,65750
1787574540,2491.99,2493.32,2490.02,2492.34,93059
1787574600,2492.33,2495.49,2490.79,2494.8,163148
1787574660,2494.8,2498.46,2494.31,2496.72,308022
1787574720,2496.72,2500.94,2494.34,2494.69,536914
1787574780,2494.68,2495.25,2486.03,2491.27,488118
1787574840,2490.94,2493.12,2489.35,2492.31,193991
1787574900,2492.3,2496.69,2491.92,2495.3,180846
1787574960,2495.4,2495.41,2491.5,2493.22,97181
1787575020,2493.28,2493.96,2491.56,2493.59,73079
1787575080,2493.58,2495.84,2492.73,2495.5,76374
1787575140,2495.49,2499.37,2495.29,2497.29,179256
1787575200,2497.28,2498,2495.07,2496.37,118314
1787575260,2496.37,2500.98,2495.33,2498.9,207209
1787575320,2498.93,2505.47,2497.8,2499.58,433067
1787575380,2499.58,2500.23,2497.67,2498.83,185826
1787575440,2498.83,2499.65,2497.88,2498.44,141033
1787575500,2498.44,2500.53,2497.2,2498.03,113477
1787575560,2498.03,2501.99,2497.23,2501.25,156164
1787575620,2501.26,2504.37,2499.57,2501.44,240286
1787575680,2501.45,2506.6,2500.29,2504.57,248014
1787575740,2504.57,2506,2502.93,2505.34,246552
1787575800,2505.35,2506.8,2504,2506.37,240861
1787575860,2506.37,2517.98,2505.87,2511.68,1241324
1787575920,2511.58,2513.89,2505.03,2505.1,805283
1787575980,2505.14,2510,2501.47,2508.75,521611
1787576040,2508.75,2512.73,2507.68,2512.44,311857
1787576100,2512.44,2514.28,2510.77,2512.27,273352
1787576160,2512.26,2514.86,2511.31,2514.69,239822
1787576220,2514.69,2516.61,2512.18,2512.5,237287
1787576280,2512.5,2514.27,2508.72,2509.6,159564
1787576340,2509.6,2511.85,2508.78,2511.34,135168
1787576400,2511.34,2512.64,2507.56,2507.76,209329
1787576460,2507.75,2508.8,2503.61,2507.07,269699
1787576520,2507.06,2509.38,2503.44,2503.87,225503
1787576580,2503.77,2505.45,2503.18,2504.56,147227
1787576640,2504.56,2504.98,2500.28,2501.76,244674
1787576700,2502.05,2508.23,2502.05,2504.96,158588
1787576760,2505.07,2507.67,2504.6,2506.83,112931
1787576820,2506.69,2508,2505,2507.72,150486
1787576880,2507.73,2508.47,2506.4,2508.46,84274
1787576940,2508.46,2510.37,2507.59,2509.98,167043
1787577000,2509.99,2514.48,2509.47,2512.85,244521
1787577060,2512.94,2518.87,2510.6,2515.22,426651
1787577120,2515.45,2515.76,2508.45,2511.27,348326
1787577180,2511.27,2516.58,2510.75,2514.59,205306
1787577240,2514.77,2515.99,2513.23,2514,146168
1787577300,2514,2514.33,2505,2505,338511
1787577360,2505,2509.13,2503,2505.64,299080
1787577420,2505.63,2508.68,2504.5,2505.81,206964
1787577480,2506.05,2510.31,2504.5,2510.02,104850
1787577540,2510.01,2511.85,2509.37,2509.57,128704
1787577600,2509.57,2513.32,2509.12,2513.31,92681
1787577660,2513.32,2515.65,2512.06,2513.47,157088
1787577720,2513.33,2513.33,2510.04,2510.81,85539
1787577780,2510.8,2511.42,2508.19,2508.54,79669
1787577840,2508.51,2509.51,2506.41,2508.48,106666
1787577900,2508.48,2508.75,2505.89,2507.57,101394
1787577960,2507.57,2508.51,2505,2506.89,107607
1787578020,2506.7,2507.31,2504.01,2507.31,152741
1787578080,2507.31,2507.56,2504.64,2504.8,109634
1787578140,2504.74,2506.22,2503.32,2506,127520
1787578200,2506.01,2506.22,2497.73,2502.99,457916
1787578260,2503,2504.79,2498.61,2502.74,358872
1787578320,2502.53,2503,2492,2494.08,751505
1787578380,2494.09,2495.94,2485.01,2494.59,1157823
1787578440,2494.59,2499.95,2492.66,2497.72,804429
1787578500,2497.71,2501.32,2495.76,2500.02,407266
1787578560,2500.02,2501,2495,2500.8,316907
1787578620,2500.68,2500.79,2497.09,2499.23,185013
1787578680,2499.24,2500.35,2490.74,2493.51,390223
1787578740,2493.27,2495.21,2490.37,2493.06,247667
1787578800,2493.35,2493.39,2486.4,2489.52,320898
1787578860,2489.52,2493.35,2483.1,2493.34,545144
1787578920,2493.34,2493.96,2483.26,2485.39,344936
1787578980,2485.38,2489.35,2481.86,2485.59,561209
1787579040,2485.59,2487.86,2482.97,2486,571367
1787579100,2485.59,2485.59,2478.16,2478.16,624750
1787579160,2478.1,2489.31,2474.98,2489.31,761529
1787579220,2489.3,2492.57,2486.78,2489.53,675338
1787579280,2489.09,2492.45,2488.67,2491.38,205035
1787579340,2491.32,2493.98,2490.13,2491.32,263493
1787579400,2491.32,2494,2489.06,2492.17,175739
1787579460,2492,2493.33,2489.3,2489.42,127063
1787579520,2489.41,2491.34,2486.42,2486.42,150518
1787579580,2486.43,2486.43,2477.53,2483.03,592702
1787579640,2483.03,2489.36,2481.16,2487.28,382474
1787579700,2487.29,2491.19,2487.03,2490.8,265812
1787579760,2490.81,2493.58,2489.65,2492.25,245790
1787579820,2492.24,2494.2,2490.25,2493.69,225775
1787579880,2493.68,2494.36,2491.7,2494.35,161928
1787579940,2494.35,2494.36,2492,2492.35,109785
1787580000,2492.5,2495.57,2492,2495.12,270983
1787580060,2495.13,2500.67,2495.12,2497.23,633951
1787580120,2497.16,2498.9,2494.4,2495.51,377106
1787580180,2495.52,2497.41,2493.15,2493.25,178967
1787580240,2493.25,2494.83,2490.02,2493.85,238892
1787580300,2494.04,2498,2492.3,2497.96,160399
1787580360,2497.97,2498.8,2494.68,2496.58,126550
1787580420,2496.72,2499.19,2496.48,2498.85,185076
1787580480,2498.86,2500.37,2498.05,2499.32,161363
1787580540,2499.32,2503.59,2498.27,2502.38,547114
1787580600,2502.41,2506.56,2501.77,2506.35,344221
1787580660,2506.35,2509.35,2504.91,2505.01,543965
1787580720,2505.12,2508.19,2502.68,2504.96,265724
1787580780,2504.88,2508.99,2501.78,2508.75,251719
1787580840,2508.75,2511.47,2507.67,2509.65,386902
1787580900,2509.66,2512.12,2508.37,2511.61,231287
1787580960,2511.47,2512.46,2509.42,2510.44,225275
1787581020,2510.44,2513.46,2510,2511.66,204553
1787581080,2511.67,2512.45,2507.79,2508.12,220872
1787581140,2508.11,2508.69,2503.19,2506.66,311372
1787581200,2506.57,2511,2505.89,2510.88,200329
1787581260,2510.8,2513.21,2509.04,2512.13,155763
1787581320,2512.23,2514.99,2511.45,2514.99,342037
1787581380,2514.99,2527,2505.9,2512.47,1635351
1787581440,2512.47,2513.07,2500.95,2502.77,1171092
1787581500,2502.78,2508.78,2502.51,2505.24,459257
1787581560,2505.23,2512.81,2503.5,2510.57,249475
1787581620,2510.57,2513.8,2506.91,2507.36,304926
1787581680,2507.36,2516.67,2507.04,2514.74,177134
1787581740,2514.73,2515.99,2513.11,2515.47,227597
1787581800,2515.47,2521.04,2513.61,2520.19,390398
1787581860,2520.2,2521.4,2518.01,2521.4,303902
1787581920,2521.39,2524,2518.74,2520.79,394147
1787581980,2520.8,2527.95,2520.11,2523,541483
1787582040,2523.01,2523.9,2517.49,2521.7,464204
1787582100,2521.63,2525.75,2520.27,2524.34,369269
1787582160,2524.21,2530.88,2523.18,2525.1,535550
1787582220,2525.1,2528.6,2523.88,2527.46,392204
1787582280,2527.45,2530,2525.02,2526.36,286224
1787582340,2526.36,2528.47,2522.47,2523.92,312905
1787582400,2524.15,2525.7,2521,2525.03,241674
1787582460,2525.14,2529.2,2524.97,2527.28,194468
1787582520,2527.27,2528.3,2521.51,2523.99,177026
1787582580,2523.93,2523.93,2515.41,2516.33,396300
1787582640,2516.33,2523,2515.87,2520.86,296285
1787582700,2520.85,2523.19,2516.2,2520.34,189450
1787582760,2520.34,2522.52,2517.5,2520.83,124694
1787582820,2520.82,2521.47,2516.35,2517.18,216436
1787582880,2517.27,2517.96,2514.3,2516.01,223605
1787582940,2515.95,2517.84,2514.17,2515.41,273244
1787583000,2515.41,2516,2507.49,2511.44,601022
1787583060,2511.37,2512.11,2508.07,2511.66,394001
1787583120,2511.66,2512.33,2508.08,2509.05,169158
1787583180,2509.05,2513,2507.67,2512.9,159646
1787583240,2512.9,2512.9,2507.91,2508.85,127206
1787583300,2508.84,2510.96,2508,2510.22,125424
1787583360,2510.3,2513.61,2510.3,2513.61,106807
1787583420,2513.61,2516.39,2512.36,2514,180570
1787583480,2513.99,2515.4,2513.04,2514.66,92182
1787583540,2514.66,2515,2512.65,2514.75,65508
1787583600,2514.57,2516.19,2511.38,2512.43,129682
1787583660,2512.42,2512.94,2509.09,2509.51,134823
1787583720,2509.74,2514.47,2509.52,2514.47,94174
1787583780,2514.47,2518.4,2514.11,2515.65,158169
1787583840,2515.65,2516.48,2512.73,2512.83,113293
1787583900,2512.84,2513.79,2509.49,2512.15,280178
1787583960,2512.03,2517.59,2511.8,2517.58,126116
1787584020,2517.59,2519.99,2517.01,2517.42,178031
1787584080,2517.42,2518.68,2513.32,2514.35,215764
1787584140,2514.37,2516.51,2514.23,2514.81,89219
1787584200,2514.81,2515.27,2512.73,2514.79,80131
1787584260,2514.78,2516.75,2512.67,2516.3,92010
1787584320,2516.43,2518.8,2515.62,2518.25,70130
1787584380,2518.15,2520.49,2517.66,2518.62,122355
1787584440,2518.87,2519.5,2513.9,2514.32,104298
1787584500,2514.32,2516.99,2513.36,2515.41,73674
1787584560,2515.4,2516.4,2513.47,2514.24,103498
1787584620,2514.25,2518.74,2513.53,2516.68,131006
1787584680,2516.68,2519.59,2515.64,2519.3,88024
1787584740,2519.17,2519.33,2517.7,2517.99,71421
1787584800,2517.87,2519.59,2517.07,2518.09,60703
1787584860,2518.1,2519.99,2515.4,2519.65,124550
1787584920,2519.66,2525.17,2519.49,2523.9,353633
1787584980,2523.77,2529.65,2523.43,2525.14,565518
1787585040,2525.37,2532,2522.46,2530.5,564542
1787585100,2530.52,2531.09,2522.53,2522.79,437787
1787585160,2522.78,2527.35,2520.2,2527.09,286529
1787585220,2527.01,2531.39,2525.91,2528.82,323335
1787585280,2528.83,2529.29,2522.44,2523.04,385317
1787585340,2523.05,2526.48,2518.83,2523.85,373630
1787585400,2523.44,2524.19,2518.1,2520.55,289087
1787585460,2520.55,2523.3,2519.49,2521.31,314623
1787585520,2521.3,2522.12,2519,2521.18,191678
1787585580,2521.1,2523.32,2520.65,2521.32,101275
1787585640,2521.33,2521.75,2512.48,2513.54,357157
1787585700,2513.54,2518.06,2513,2515.29,327962
1787585760,2515.29,2518.66,2515.29,2515.9,99524
1787585820,2516.13,2516.16,2511,2512.11,251526
1787585880,2511.81,2511.81,2503.85,2506.29,454050
1787585940,2506.3,2507.19,2504.17,2506.9,485974
1787586000,2506.9,2508.41,2505.27,2508.35,290071
1787586060,2508.35,2508.8,2503.07,2503.85,239151
1787586120,2503.85,2505.39,2502.65,2505.13,337268
1787586180,2505.13,2507.49,2487,2494.8,1258617
1787586240,2494.8,2496.05,2488.89,2493.41,1071887
1787586300,2493.28,2498.11,2487.57,2497.28,1012733
1787586360,2497.28,2500.43,2496,2500.23,465335
1787586420,2500.15,2501.45,2498.52,2499,222521
1787586480,2499.01,2499.01,2493.97,2494.44,240815
1787586540,2494.44,2495.48,2491.04,2494.59,217669
1787586600,2494.59,2496.31,2491.26,2492.23,279445
1787586660,2492.23,2493.2,2488.96,2491.12,489816
1787586720,2491.12,2491.25,2483,2486.98,440175
1787586780,2486.94,2488.96,2482.63,2488.24,427726
1787586840,2488.47,2491.51,2484.47,2485.23,392892
1787586900,2485.23,2485.31,2479.67,2484.87,509930
1787586960,2484.87,2486.52,2481.8,2483.13,443222
1787587020,2483.12,2484.53,2478,2480.47,342971
1787587080,2479.6,2483.6,2478.61,2482.1,332843
1787587140,2482.11,2486.84,2482.11,2486.69,365980
1787587200,2486.68,2490.93,2486.44,2486.85,439580
1787587260,2486.86,2490.93,2485.25,2487.45,293888
1787587320,2487.19,2491.43,2486.04,2490.38,244866
1787587380,2490.38,2492.9,2488.44,2491.09,226488
1787587440,2491.43,2493.24,2490.3,2492.28,143482
1787587500,2492.28,2497.14,2491.55,2495.65,348815
1787587560,2495.66,2499,2495.01,2498.05,383854
1787587620,2498.05,2505.87,2495.35,2501.85,514994
1787587680,2501.84,2502.71,2499.21,2500.91,363324
1787587740,2500.91,2502.31,2498.78,2498.92,148084
1787587800,2499,2499.85,2496.34,2498.87,157028
1787587860,2498.48,2500.61,2497.35,2498.26,100806
1787587920,2498.26,2499,2497.2,2497.21,57933
1787587980,2497.08,2497.68,2495.17,2495.17,93265
1787588040,2495.18,2497.62,2494.1,2497.48,285839
1787588100,2497.49,2501.4,2496.66,2499.87,184708
1787588160,2499.77,2502.26,2497.64,2501.65,181654
1787588220,2501.51,2501.65,2499.08,2500.89,118949
1787588280,2500.9,2504.86,2500.01,2503.74,167597
1787588340,2503.74,2504.18,2501.59,2503.02,149806
1787588400,2502.99,2502.99,2498,2498.01,117881
1787588460,2498,2501.28,2497.82,2501.27,64590
1787588520,2500.99,2503.14,2499,2499.01,185334
1787588580,2499.18,2502.71,2497.96,2502.71,125948
1787588640,2502.49,2503.66,2501.69,2502.18,100471
1787588700,2502.18,2502.77,2499.05,2500.45,90534
1787588760,2500.6,2501.29,2498.12,2500.02,98721
1787588820,2500.02,2501.62,2499.36,2500.59,94046
1787588880,2500.59,2502.08,2500.46,2501.33,54077
1787588940,2501.33,2501.72,2497.8,2498,173442
1787589000,2498.07,2499.81,2497.95,2499.28,63538
1787589060,2499.25,2499.49,2495.63,2496.14,122487
1787589120,2496.13,2497.75,2495.2,2495.33,72862
1787589180,2495.33,2497.87,2493.47,2494.53,94621
1787589240,2494.53,2496.24,2493.41,2494.97,238788
1787589300,2495.34,2499,2495.34,2498.63,60617
1787589360,2498.63,2498.67,2497.3,2497.58,155852
1787589420,2497.57,2497.68,2493.36,2494.15,120874
1787589480,2494.04,2496.91,2494.04,2495.45,112087
1787589540,2495.45,2496.74,2493.83,2493.84,119220
1787589600,2493.83,2493.83,2487.89,2492.84,322077
1787589660,2492.96,2493.35,2488.56,2491.36,122312
1787589720,2491.36,2493.17,2489.6,2489.95,121859
1787589780,2489.95,2491.57,2488.36,2490.51,96313
1787589840,2490.5,2491.17,2488,2488.25,87354
1787589900,2488.25,2488.33,2485.65,2486.63,121321
1787589960,2486.63,2489.3,2484.45,2488.37,233238
1787590020,2488.37,2490.33,2487.04,2490.06,106688
1787590080,2490.06,2490.4,2488.34,2488.34,73704
1787590140,2488.19,2488.6,2484.73,2486.92,90885
1787590200,2486.91,2488.78,2485.38,2485.39,132959
1787590260,2485.39,2485.96,2481.92,2482.01,280573
1787590320,2482,2483.61,2480.83,2483.35,185977
1787590380,2483.36,2484.96,2483.21,2483.81,75574
1787590440,2483.81,2483.87,2467.83,2473.94,923817
1787590500,2473.81,2475.96,2468.4,2474.61,892615
1787590560,2474.61,2477.56,2474.56,2476.92,361549
1787590620,2476.92,2479.79,2476.91,2477.91,347336
1787590680,2477.91,2478.99,2476,2476.51,178233
1787590740,2476.51,2477.8,2475.78,2476.96,124776
1787590800,2476.96,2477.62,2468.01,2468.8,448518
1787590860,2468.8,2470.1,2465.44,2469.41,420812
1787590920,2469.37,2470.5,2462.18,2464.35,636128
1787590980,2464.34,2470.99,2463.53,2470.99,359312
1787591040,2470.99,2471.59,2468.28,2469.63,224141
1787591100,2469.62,2472.88,2469.12,2472.88,172636
1787591160,2472.88,2477.44,2472.05,2476.81,275737
1787591220,2476.8,2480.96,2474.75,2480.51,467907
1787591280,2480.51,2481.93,2478.13,2479.13,236770
1787591340,2479.26,2483.11,2479.26,2481.99,246171
1787591400,2482,2482,2478.6,2478.72,192357
1787591460,2478.66,2481.57,2478,2481.36,173177
1787591520,2481.36,2481.75,2479.44,2479.44,62980
1787591580,2479.45,2480.79,2477.25,2477.25,76838
1787591640,2477.24,2478.2,2475.05,2475.29,157423
1787591700,2475.3,2475.94,2466.66,2467.22,322401
1787591760,2467.21,2473.09,2463.09,2473.09,408612
1787591820,2473.11,2477.23,2472.24,2477.12,512248
1787591880,2477.11,2478.94,2473.8,2474.59,259876
1787591940,2474.35,2478.58,2474.29,2474.63,214444
1787592000,2474.63,2474.63,2466.7,2468.08,368131
1787592060,2468.07,2468.52,2458.92,2460.51,603197
1787592120,2460.55,2464.54,2457,2457.96,691441
1787592180,2457.96,2459.88,2454,2458.43,756950
1787592240,2458.44,2461.75,2452.77,2458.01,645544
1787592300,2458.14,2460.89,2453.46,2456.4,345281
1787592360,2456.41,2462.82,2456.4,2462.51,298030
1787592420,2462.7,2464.62,2461.56,2463.46,166185
1787592480,2463.59,2464.08,2460.03,2460.4,188686
1787592540,2460.39,2461.04,2455.61,2457.21,207304
1787592600,2457.22,2461.22,2456.07,2456.76,208857
1787592660,2456.75,2461.44,2455.51,2460,181149
1787592720,2460,2461.3,2457.61,2457.77,159477
1787592780,2457.76,2458.99,2455.64,2457.74,162918
1787592840,2457.98,2459.42,2457.36,2458.78,150039
1787592900,2458.69,2460.43,2457.61,2460.14,57096
1787592960,2460.26,2467.01,2460.11,2465.42,220545
1787593020,2465.42,2466.58,2462.8,2465.05,251233
1787593080,2465.06,2465.95,2461.97,2464.22,135114
1787593140,2464.22,2467.06,2463.47,2465.76,93818
1787593200,2465.77,2468.4,2465.53,2466.25,127640
1787593260,2466.11,2466.63,2464.96,2466.62,101975
1787593320,2466.62,2467.76,2464,2464,109987
1787593380,2464.01,2465.08,2463,2463.01,84554
1787593440,2463.01,2463.84,2459.34,2459.76,149163
1787593500,2459.74,2462.63,2457.09,2462.58,182400
1787593560,2462.58,2464.34,2460.64,2460.99,146737
1787593620,2460.98,2464.72,2460.68,2464.49,59780
1787593680,2464.48,2465.62,2463,2464.75,65625
1787593740,2464.74,2465.06,2463.72,2464.53,46992
1787593800,2464.53,2467.2,2464.14,2465.99,87320
1787593860,2466,2466.1,2463.47,2464.88,95577
1787593920,2464.88,2466.64,2463.8,2465.31,104785
1787593980,2465.3,2466.48,2464.3,2465.1,66675
1787594040,2465.05,2466,2463.5,2463.96,32388
1787594100,2463.97,2464.68,2460.28,2462.97,72276
1787594160,2462.97,2463.47,2460.67,2463.17,60433
1787594220,2463.18,2466.64,2462.89,2465.15,112234
1787594280,2465.15,2467.47,2464.92,2467.13,101103
1787594340,2467.42,2469.45,2466.51,2467.79,145915
1787594400,2467.85,2472.14,2467.84,2470.16,284390
1787594460,2470.23,2472.34,2467.66,2472.14,116217
1787594520,2472.13,2474.02,2471.89,2472.98,165561
1787594580,2472.98,2473.39,2470.93,2471.95,78391
1787594640,2472.15,2474.46,2470.67,2473.96,77676
1787594700,2473.84,2475.38,2472.55,2474.26,151380
1787594760,2474.27,2479.78,2473.97,2474.98,293486
1787594820,2475.01,2476.33,2474.06,2474.49,190420
1787594880,2474.48,2475.14,2472.23,2473.1,107702
1787594940,2473.1,2475.72,2472.23,2475.05,55971
1787595000,2475.09,2477.32,2474.98,2476.22,59668
1787595060,2476.22,2477.86,2475.97,2476.8,45867
1787595120,2476.8,2478.29,2476.33,2477.65,64089
1787595180,2477.66,2480.76,2477.66,2480.47,147749
1787595240,2480.47,2483,2478.84,2481.09,199269
1787595300,2481.02,2481.35,2478.46,2479.41,115504
1787595360,2479.41,2480.57,2477.14,2478.41,95853
1787595420,2478.42,2480.56,2477.59,2479.11,59445
1787595480,2479.42,2481.89,2479.42,2479.93,52935
1787595540,2480.04,2480.04,2477.37,2478.98,82957
1787595600,2479.08,2479.55,2476.46,2478.19,57054
1787595660,2478.19,2479.18,2478.01,2478.71,36317
1787595720,2478.71,2479.37,2477.62,2477.82,35591
1787595780,2477.74,2477.94,2476.47,2477.62,91804
1787595840,2477.82,2478.42,2475.28,2475.39,84828
1787595900,2475.39,2479.4,2473.2,2478.55,152078
1787595960,2478.49,2480.65,2478.49,2479.92,91613
1787596020,2479.92,2481,2478.43,2478.43,42833
1787596080,2478.25,2479.51,2478.01,2478.88,26333
1787596140,2479.01,2479.11,2476.87,2478.4,20794
1787596200,2478.41,2481.12,2478.04,2480.75,53726
1787596260,2480.76,2480.76,2478.01,2478.28,85501
1787596320,2478.37,2480.22,2477.33,2480.22,39128
1787596380,2480.39,2480.66,2478.53,2478.55,42749
1787596440,2478.55,2478.97,2474.23,2474.63,106747
1787596500,2474.72,2476.11,2473.78,2473.96,92895
1787596560,2473.95,2476.14,2473.35,2474.07,94865
1787596620,2474.02,2474.57,2470.73,2470.73,117058
1787596680,2470.73,2470.99,2466.48,2466.83,228501
1787596740,2466.82,2470.32,2465.46,2470.29,190889
1787596800,2470.3,2473.11,2469.84,2473.1,88043
1787596860,2473.1,2475.27,2472.39,2474.73,60359
1787596920,2474.75,2475.48,2472.78,2473.24,54698
1787596980,2473.03,2474.42,2472.02,2472.35,48802
1787597040,2472.36,2475.5,2472.13,2475.49,36702
1787597100,2475.5,2477.97,2474.62,2475.71,200845
1787597160,2475.72,2477.3,2475.13,2475.76,87292
1787597220,2475.76,2475.85,2473.86,2475.08,59973
1787597280,2475.18,2479.14,2474.91,2479.14,66675
1787597340,2479.14,2479.39,2477.22,2478.6,32754
1787597400,2478.6,2479.32,2477.6,2477.87,46812
1787597460,2477.66,2477.75,2475.06,2475.6,25675
1787597520,2475.68,2475.79,2473,2473,108326
1787597580,2473,2473.93,2471.83,2471.83,88784
1787597640,2471.83,2475.3,2471.51,2474.96,64131
1787597700,2474.88,2475.96,2473.81,2474.07,50165
1787597760,2474.06,2474.98,2472.62,2473.05,19481
1787597820,2473.05,2474.52,2471.75,2474.52,36759
1787597880,2474.4,2475.5,2474.04,2474.29,27185
1787597940,2474.28,2475.02,2472.17,2473,104857
1787598000,2473,2476.13,2473,2475.97,50233
1787598060,2475.97,2476.6,2473.5,2473.99,85533
1787598120,2473.99,2475.69,2471.33,2472.08,88258
1787598180,2472.08,2472.94,2470.92,2472.11,73227
1787598240,2472.16,2472.82,2469.67,2469.75,46409
1787598300,2469.74,2470.63,2466.12,2467.33,159546
1787598360,2467.32,2468.03,2463,2464.09,280405
1787598420,2464.08,2465.82,2463.26,2465.14,209627
1787598480,2465.13,2467.92,2464,2467.92,105447
1787598540,2467.92,2470.52,2465.38,2465.38,158995
1787598600,2465.37,2467.91,2464.5,2467.56,78836
1787598660,2467.66,2469.94,2467.66,2469.93,63863
1787598720,2469.93,2473,2469.93,2472.94,93762
1787598780,2472.95,2473.85,2471.57,2472.73,52939
1787598840,2472.74,2473.13,2471.78,2472.81,46303
1787598900,2472.82,2474.19,2472.29,2473.02,35248
1787598960,2473.03,2473.03,2467.66,2469.33,109389
1787599020,2469.18,2469.87,2467.76,2468.58,80784
1787599080,2468.58,2469.42,2465,2467.7,112700
1787599140,2467.69,2468.8,2462.38,2462.99,176095
1787599200,2462.86,2464,2461.42,2463.37,124314
1787599260,2463.56,2464.88,2462.01,2463.94,63431
1787599320,2463.8,2464.07,2461.77,2462.6,37734
1787599380,2462.59,2464.91,2462.44,2463.74,33943
1787599440,2463.75,2466.59,2460.83,2465.06,114083
1787599500,2465.06,2468.27,2465.06,2468.22,100938
1787599560,2468.22,2469.56,2467.56,2468.02,58763
1787599620,2467.98,2469.55,2467.76,2469.44,43365
1787599680,2469.46,2469.82,2468.4,2468.75,35810
1787599740,2468.96,2469.83,2468.51,2469.32,38936
1787599800,2469.33,2469.7,2467.62,2468.69,18470
1787599860,2468.7,2469.08,2467.16,2468.39,28499
1787599920,2468.28,2470.43,2467.71,2469.92,47805
1787599980,2469.92,2470.31,2467.91,2468.93,32698
1787600040,2468.77,2469.68,2468.53,2469.01,20423
1787600100,2469.01,2469.74,2467.73,2469.46,21735
1787600160,2469.46,2471.73,2469.24,2471.15,45887
1787600220,2471.25,2472.24,2470.47,2471.29,74134
1787600280,2471.3,2472.88,2471.3,2472.42,190336
1787600340,2472.42,2473.34,2470.67,2470.97,33024
1787600400,2470.96,2471.56,2469.36,2469.54,26442
1787600460,2469.54,2470.41,2467.28,2468.34,23057
1787600520,2468.33,2468.68,2466.41,2466.55,58195
1787600580,2466.55,2469.5,2466.55,2469.07,46393
1787600640,2468.86,2470.68,2468.74,2470.65,36111
1787600700,2470.65,2471.31,2468.31,2468.69,35050
1787600760,2468.8,2468.8,2466.33,2467.32,44764
1787600820,2467.31,2468.29,2467,2467.46,15350
1787600880,2467.45,2470.1,2466.78,2470.1,19099
1787600940,2470.09,2470.77,2468.82,2469.09,24537
1787601000,2469.1,2469.97,2467.21,2467.6,49571
1787601060,2467.61,2468.14,2465.69,2466.93,69903
1787601120,2466.93,2466.93,2463.27,2464.55,66672
1787601180,2464.55,2466.22,2463.75,2465.88,37097
1787601240,2465.72,2468.94,2465.38,2468.78,30281
1787601300,2468.77,2470.16,2467.38,2467.96,43849
1787601360,2467.97,2470.05,2467.93,2469.78,30185
1787601420,2469.78,2470.16,2469.04,2469.79,29004
1787601480,2469.79,2470.29,2469.03,2469.88,21387
1787601540,2469.88,2470.77,2468.53,2470.45,56179
1787601600,2470.23,2472.88,2468.6,2468.91,151716
1787601660,2468.92,2469.59,2466.67,2466.86,72859
1787601720,2467.08,2467.27,2464.48,2464.74,61859
1787601780,2464.74,2466.82,2464.74,2465.73,44877
1787601840,2465.5,2465.5,2464.07,2464.53,25242
1787601900,2464.67,2466.7,2464.67,2466.5,44881
1787601960,2466.5,2469.71,2466.5,2468.89,44204
1787602020,2468.89,2471.69,2468.59,2471.69,160178
1787602080,2471.69,2472.56,2470.55,2471.42,92683
1787602140,2471.3,2473.76,2471.02,2473.76,42402
1787602200,2473.76,2474.52,2473.16,2473.45,55290
1787602260,2473.44,2473.44,2472,2472.16,61128
1787602320,2472.16,2472.3,2468.91,2469.12,162508
1787602380,2469.12,2470.77,2469.12,2470.7,38445
1787602440,2470.7,2471.71,2470.26,2470.99,59591
1787602500,2470.92,2470.93,2467.41,2468.07,23915
1787602560,2468.06,2469.92,2467.67,2469.78,29473
1787602620,2469.78,2469.92,2468.47,2468.5,34426
1787602680,2468.51,2469.12,2467.85,2468.34,30110
1787602740,2468.34,2470,2468.13,2469.88,65243
1787602800,2469.88,2470.96,2469.44,2469.5,17045
1787602860,2469.5,2470.29,2468.07,2468.95,19460
1787602920,2468.94,2470.22,2467.5,2470.08,24847
1787602980,2470.08,2471.35,2469.16,2471.22,17993
1787603040,2471.21,2471.21,2468.26,2469.24,22543
1787603100,2469.24,2469.71,2468.27,2468.4,7636
1787603160,2468.39,2468.6,2465.56,2466.87,42494
1787603220,2466.87,2467.49,2464.88,2466.96,79732
1787603280,2466.84,2467.74,2466.1,2467.62,26284
1787603340,2467.62,2467.74,2466.2,2467.31,25625
1787603400,2467.49,2467.8,2465.96,2466.39,34266
1787603460,2466.39,2467.32,2464.78,2465.88,59468
1787603520,2465.87,2467.69,2465.87,2467.68,26217
1787603580,2467.68,2469.84,2467.08,2469.46,31840
1787603640,2469.47,2470,2468.84,2469.65,22083
1787603700,2469.66,2473.4,2469.46,2472.06,63931
1787603760,2471.92,2474.02,2471.72,2471.72,181938
1787603820,2471.73,2474.74,2471.73,2474.25,105996
1787603880,2474.24,2478.28,2474.24,2477.65,203242
1787603940,2477.66,2477.98,2474.59,2474.88,155915
1787604000,2474.88,2475.18,2473.35,2473.6,31793
1787604060,2473.59,2474.78,2473.09,2473.45,36815
1787604120,2473.67,2474.63,2473.05,2474.27,27199
1787604180,2474.28,2474.28,2473.1,2473.38,31900
1787604240,2473.39,2473.39,2472.73,2472.84,16501
1787604300,2472.84,2473.93,2471.79,2472.95,26669
1787604360,2472.67,2473.08,2471.97,2471.97,8592
1787604420,2471.98,2473.04,2471.87,2472.35,7550
1787604480,2472.36,2472.6,2471.54,2472.57,18730
1787604540,2472.33,2472.57,2470.78,2471.29,17561
1787604600,2471.28,2471.85,2470.41,2471.44,24738
1787604660,2471.25,2471.64,2470.87,2471.15,19669
1787604720,2471.15,2471.66,2470.1,2470.19,12463
1787604780,2470.18,2471.16,2470.09,2470.1,40499
1787604840,2470.09,2471.62,2470.09,2471.43,10714
1787604900,2471.43,2472.42,2471.43,2471.93,20451
1787604960,2471.93,2472.46,2471.92,2472.45,6212
1787605020,2472.45,2472.96,2472.13,2472.81,19271
1787605080,2472.81,2473.42,2472.34,2473.42,14745
1787605140,2473.43,2474.24,2472.62,2474.24,33282
1787605200,2474.2,2476.66,2474.01,2476.31,31340
1787605260,2476.31,2478.35,2476.31,2478.06,67636
1787605320,2478.07,2478.8,2477.88,2478.49,91057
1787605380,2478.49,2480.74,2478.48,2479.54,84905
1787605440,2479.55,2480.28,2478.56,2480.15,125309
1787605500,2480.16,2480.74,2479.05,2480.13,86213
1787605560,2480.14,2480.55,2478.93,2479.31,32791
1787605620,2479.31,2479.31,2477.36,2478.33,60203
1787605680,2478.33,2479.62,2478.1,2478.99,17002
1787605740,2479,2479.88,2478.32,2478.65,18024
1787605800,2478.66,2480.28,2478,2480.28,14295
1787605860,2480.28,2482.12,2480.28,2482,61649
1787605920,2482.01,2482.36,2481.14,2481.14,34555
1787605980,2481.15,2482.18,2480.76,2481.37,42891
1787606040,2481.37,2482.8,2481.36,2482.61,96687
1787606100,2482.61,2483.47,2481.09,2481.09,123420
1787606160,2481.09,2481.09,2478.73,2478.73,92793
1787606220,2478.74,2479.72,2478.28,2478.28,23078
1787606280,2478.38,2479.92,2477.81,2479.88,24724
1787606340,2479.88,2480.54,2477.5,2477.9,112234
1787606400,2477.9,2478.44,2477.49,2478.44,62657
1787606460,2478.43,2479.44,2478.43,2479.43,17151
1787606520,2479.39,2481.7,2478.91,2481.12,69933
1787606580,2481.13,2481.15,2480.01,2481.01,19886
1787606640,2481.01,2481.01,2479.3,2479.31,51008
1787606700,2479.31,2480.69,2479.21,2479.26,14154
1787606760,2479.27,2480.32,2477.63,2479.77,56792
1787606820,2479.77,2479.85,2478.87,2479.32,23787
1787606880,2479.32,2479.72,2478.97,2479.68,8063
1787606940,2479.68,2480.63,2479.57,2480.38,5489
1787607000,2480.38,2481,2479.79,2480.19,18520
1787607060,2480.26,2481.44,2479.52,2479.66,59644
1787607120,2479.65,2480,2479.35,2479.92,19253
1787607180,2479.93,2479.93,2479.53,2479.79,14717
1787607240,2479.79,2479.92,2479.46,2479.75,11170
1787607300,2479.75,2479.91,2478.52,2478.71,19057
1787607360,2478.7,2480.44,2478.7,2479.75,16239
1787607420,2479.76,2479.94,2478.7,2479.29,10138
1787607480,2479.35,2479.35,2478.26,2478.98,40251
1787607540,2478.99,2480.11,2478.98,2479.99,8560
1787607600,2480,2480.78,2479.86,2480.4,24091
1787607660,2480.4,2481.97,2480.26,2481.83,314537
1787607720,2481.83,2482.78,2481.69,2481.85,42357
1787607780,2481.85,2482.67,2481.19,2481.31,117693
1787607840,2481.6,2482.99,2481.33,2481.86,20576
1787607900,2481.87,2487.02,2481.86,2482.61,167798
1787607960,2482.62,2483.04,2482.55,2482.64,84292
1787608020,2482.65,2483.23,2482.58,2483.23,31490
1787608080,2483.27,2484.44,2483.24,2483.91,25645
1787608140,2483.91,2484.96,2483.9,2484.09,33913
1787608200,2484.1,2484.1,2482.71,2482.71,29568
1787608260,2482.7,2485.73,2482.35,2485,478063
1787608320,2485.01,2485.43,2483.01,2483.66,142780
1787608380,2483.65,2484.14,2480.84,2480.98,145447
1787608440,2480.98,2481.98,2480.28,2481.98,55624
1787608500,2481.97,2482.34,2481.97,2482.34,9786
1787608560,2482.34,2482.34,2481.83,2481.99,11569
1787608620,2481.99,2482.68,2481.98,2482.18,8753
1787608680,2482.19,2482.8,2482.04,2482.04,14411
1787608740,2482.05,2483.11,2481.36,2482.79,65113
1787608800,2482.79,2483.14,2479.2,2479.21,61717
1787608860,2479.21,2480.98,2479.2,2480.92,53888
1787608920,2480.99,2484.54,2480.85,2480.85,59855
1787608980,2480.86,2483.27,2479.75,2479.75,36229
1787609040,2479.75,2481.13,2479,2481.13,28227
1787609100,2481.12,2482.91,2480.49,2481.38,29877
1787609160,2481.43,2483.39,2481.42,2482.76,18427
1787609220,2482.76,2483.01,2480.35,2480.74,15589
1787609280,2480.73,2481.82,2480.26,2481.82,25711
1787609340,2481.82,2481.82,2480.13,2480.35,20530
1787609400,2480.35,2481.35,2479.59,2480.03,10663
1787609460,2480.02,2480.62,2479.6,2480.06,16923
1787609520,2480.06,2480.06,2479,2479,9504
1787609580,2479,2479.41,2477.94,2479.41,42272
1787609640,2479.53,2480.32,2479.4,2480.2,15097
1787609700,2480.19,2481.44,2479.26,2480.37,28909
1787609760,2480.28,2480.61,2479.37,2480.48,20028
1787609820,2480.33,2480.98,2479.66,2479.9,7319
1787609880,2479.9,2480.11,2478.37,2479.13,7211
1787609940,2479.14,2479.32,2476.52,2476.78,76911
1787610000,2476.77,2478.67,2476.44,2477.01,58792
1787610060,2477.02,2479.14,2477.02,2478.69,137536
1787610120,2478.68,2479.65,2478,2479.22,123059
1787610180,2479.23,2479.51,2478.51,2478.62,20270
1787610240,2478.61,2479.75,2478.14,2478.63,17918
1787610300,2478.64,2478.64,2477.64,2477.92,8213
1787610360,2477.92,2477.93,2475.15,2475.58,72733
1787610420,2475.58,2476.34,2474.6,2476.24,84459
1787610480,2476.34,2476.77,2475.27,2476.65,250727
1787610540,2476.54,2477.96,2476.29,2477.03,126866
1787610600,2477.02,2480.09,2477.02,2479.7,65997
1787610660,2479.71,2479.71,2476.8,2477.27,90952
1787610720,2477.27,2479.14,2477.27,2478.74,25269
1787610780,2478.66,2480.75,2478.36,2480.43,34735
1787610840,2480.43,2482.99,2480.1,2481.47,49001
1787610900,2481.35,2481.79,2480.37,2480.55,36420
1787610960,2480.56,2480.86,2479.31,2480.63,32019
1787611020,2480.64,2483.86,2480.37,2482.42,36172
1787611080,2482.41,2483.33,2481.86,2482.88,17385
1787611140,2482.89,2483.26,2481.17,2481.18,16057
1787611200,2481.17,2481.17,2479.2,2479.96,18452
1787611260,2479.95,2480.04,2478.62,2478.69,25558
1787611320,2478.6,2479.31,2476.47,2476.93,36495
1787611380,2477,2478.19,2475.5,2477.75,112468
1787611440,2477.57,2478.3,2475.88,2476.11,78380
1787611500,2476.1,2478.82,2476.1,2477.87,152005
1787611560,2477.77,2478.05,2477.32,2477.88,50844
1787611620,2477.89,2478.64,2477.63,2478.37,10655
1787611680,2478.37,2479.4,2477.23,2477.92,31136
1787611740,2477.91,2478.53,2476.8,2478.52,38489
1787611800,2478.52,2479.45,2477.75,2477.97,33556
1787611860,2477.97,2478.98,2477.81,2478.3,53155
1787611920,2478.3,2478.31,2476.11,2477.91,29113
1787611980,2477.9,2479.2,2477.58,2477.58,20234
1787612040,2477.58,2477.59,2476.88,2476.97,19753
1787612100,2476.97,2476.98,2474.39,2474.78,63472
1787612160,2474.77,2475.74,2473.51,2475.23,71976
1787612220,2475.24,2475.71,2473.81,2474.43,50894
1787612280,2474.43,2474.54,2472.41,2473.67,64255
1787612340,2473.67,2473.68,2471.3,2473.49,121807
1787612400,2473.48,2474.68,2472.44,2472.45,200586
1787612460,2472.45,2473.1,2471.87,2471.88,52100
1787612520,2471.87,2472.76,2470.73,2471.22,72391
1787612580,2471.22,2475.75,2469.16,2475.04,188359
1787612640,2475.03,2475.18,2472.57,2473.78,125997
1787612700,2473.67,2474.88,2472.95,2473.66,35652
1787612760,2473.67,2474.86,2473.67,2474.5,119504
1787612820,2474.5,2474.82,2474.35,2474.81,5303
1787612880,2474.82,2476.9,2474.7,2476.77,21739
1787612940,2476.78,2478,2476.43,2476.69,23498
1787613000,2476.68,2477.65,2475.61,2475.61,19105
1787613060,2475.61,2477.76,2475.61,2477.76,14121
1787613120,2477.77,2478.5,2477.63,2478.22,23023
1787613180,2478.22,2478.22,2476,2476.22,13667
1787613240,2476.21,2476.73,2475.9,2476.57,20008
1787613300,2476.47,2477.61,2476.15,2477.57,13120
1787613360,2477.58,2477.84,2477,2477.01,14870
1787613420,2477.01,2477.6,2475.74,2476.93,25433
1787613480,2476.92,2478.41,2476.77,2477.37,94167
1787613540,2477.37,2477.9,2476.67,2477.79,30481
1787613600,2477.79,2479.42,2477.71,2479.41,53763
1787613660,2479.42,2480,2478.89,2479.27,39355
1787613720,2479.28,2480,2478.94,2479.89,130405
1787613780,2479.9,2480.47,2479.47,2480.46,38331
1787613840,2480.47,2482.89,2480.28,2481.56,75790
1787613900,2481.57,2483.8,2481.56,2482.06,191006
1787613960,2482.06,2483.74,2481.36,2483.6,32833
1787614020,2483.65,2484.1,2482.09,2482.1,27537
1787614080,2482.09,2482.39,2481.69,2481.69,11012
1787614140,2481.7,2482.76,2481.69,2481.78,16572
1787614200,2481.71,2482.94,2480.81,2482.56,43724
1787614260,2482.55,2483.1,2481.46,2481.91,24947
1787614320,2481.92,2486.9,2481.69,2484.52,72766
1787614380,2484.52,2484.52,2482.55,2483.15,30362
1787614440,2483.14,2483.14,2481.51,2482.36,13153
1787614500,2482.36,2483.03,2481.5,2482.02,19110
1787614560,2482.02,2483,2482.02,2482.82,9284
1787614620,2482.83,2484.24,2482.61,2484.11,26005
1787614680,2484.12,2485.7,2483.97,2484.42,37773
1787614740,2484.42,2486.06,2484.42,2485.5,32967
1787614800,2485.51,2486.41,2485,2486.08,21470
1787614860,2486.08,2486.29,2484.35,2484.65,28253
1787614920,2484.65,2484.79,2483.8,2484.47,53227
1787614980,2484.41,2485.43,2483.75,2484.88,15468
1787615040,2484.87,2484.87,2483.76,2483.99,17737
1787615100,2484,2485.37,2483.12,2483.31,27010
1787615160,2483.31,2483.76,2482,2482.01,50476
1787615220,2482.09,2482.77,2481.12,2481.9,64717
1787615280,2481.89,2481.9,2477.47,2477.68,137347
1787615340,2477.67,2479.74,2477.51,2477.81,127835
1787615400,2477.81,2478.01,2476.68,2477.54,227085
1787615460,2477.53,2477.53,2476.48,2476.68,31605
1787615520,2476.67,2478.25,2475.58,2477.69,135133
1787615580,2477.68,2477.69,2476.01,2476.41,26886
1787615640,2476.21,2478.74,2475.77,2478.31,41337
1787615700,2478.3,2479.15,2476.61,2479.15,42157
1787615760,2479.04,2479.73,2478.35,2479.33,22686
1787615820,2479.34,2480.27,2479.07,2479.17,118032
1787615880,2479.03,2481.69,2478.95,2480.54,95056
1787615940,2480.54,2482,2480.47,2480.72,232881
1787616000,2480.73,2482.45,2479.44,2480.17,166788
1787616060,2480.44,2482,2479.03,2479.57,186790
1787616120,2479.56,2480.64,2479.26,2479.44,21627
1787616180,2479.44,2480.58,2478.5,2479.46,38757
1787616240,2479.47,2480.32,2478.13,2478.29,99471
1787616300,2478.47,2478.47,2476.36,2477.17,60251
1787616360,2477.21,2477.73,2476.01,2476.89,61029
1787616420,2476.89,2482.4,2476.89,2478.3,270633
1787616480,2478.22,2483.28,2478.11,2478.5,196994
1787616540,2478.4,2480.08,2476.54,2477.59,92608
1787616600,2477.49,2480.24,2476.32,2479.34,38802
1787616660,2479.35,2481.33,2479.18,2479.67,90559
1787616720,2479.76,2481.98,2479.49,2481.38,148090
1787616780,2481.31,2482.38,2477.89,2478.35,71679
1787616840,2478.34,2479.74,2477.74,2478.11,47375
1787616900,2478.04,2478.04,2474.43,2475.14,85876
1787616960,2475.14,2475.59,2473.34,2474.51,87341
1787617020,2474.28,2474.28,2472.42,2473.02,225580
1787617080,2473.02,2474.87,2471.01,2473.27,576495
1787617140,2473.27,2476.1,2473.02,2475.23,126307
1787617200,2475.23,2475.67,2474.14,2475.67,46027
1787617260,2475.59,2476.5,2474.43,2476.5,37540
1787617320,2476.55,2477.65,2476.19,2477.02,34334
1787617380,2477.03,2479.41,2477.03,2479.29,28345
1787617440,2479.29,2479.62,2477.46,2477.94,70375
1787617500,2477.81,2480.96,2477.48,2480.95,73248
1787617560,2480.96,2481.47,2477.77,2478.28,108158
1787617620,2478.38,2479.19,2477.14,2478.37,62056
1787617680,2478.22,2478.26,2476.06,2478.26,23205
1787617740,2478.26,2478.99,2477.02,2477.82,13907
1787617800,2477.81,2478.97,2476.85,2478.97,31639
1787617860,2478.97,2479.75,2477.46,2477.59,39878
1787617920,2477.38,2477.64,2475.31,2476.1,49569
1787617980,2476.1,2478.72,2475.39,2478.62,51424
1787618040,2478.54,2479.41,2477.01,2478.63,24410
1787618100,2478.63,2482.22,2478.25,2481.86,97471
1787618160,2481.87,2482.78,2480.78,2481.31,53788
1787618220,2481.32,2482.24,2478.95,2482.11,48358
1787618280,2482.01,2485.1,2481.78,2484.87,162674
1787618340,2484.87,2485.38,2480.96,2482.71,128117
1787618400,2482.84,2485.33,2480.5,2480.72,126417
1787618460,2480.99,2482.96,2479.74,2482.9,101294
1787618520,2482.89,2485.2,2481.98,2485.19,46869
1787618580,2485.2,2492.97,2485.02,2489.71,519314
1787618640,2489.7,2491.69,2489.28,2491.58,305981
1787618700,2491.69,2497.93,2489.37,2497.08,487075
1787618760,2497.09,2502.54,2496.25,2498.5,617490
1787618820,2498.5,2503.95,2498.08,2498.99,1287791
1787618880,2498.97,2499.03,2493,2494.81,307320
1787618940,2494.8,2496.37,2491.8,2492.39,406594
1787619000,2492.38,2494.4,2487.64,2494.4,437636
1787619060,2494.41,2494.93,2491.49,2494.92,112362
1787619120,2494.57,2496.85,2494.02,2494.88,113654
1787619180,2494.89,2495.22,2489.52,2494.22,296438
1787619240,2494.41,2498.62,2493.38,2498.49,442209
1787619300,2498.49,2499.3,2494.61,2495.4,185973
1787619360,2495.41,2497.15,2492.29,2493.53,384999
1787619420,2493.54,2495.9,2493.3,2495.79,60085
1787619480,2495.78,2495.92,2492.49,2493.3,273331
1787619540,2493.3,2494,2491.02,2491.66,70175
1787619600,2491.93,2493.79,2490.95,2493.59,78472
1787619660,2493.46,2495.99,2493.06,2494.92,88247
1787619720,2495.04,2496.52,2493.54,2496.05,80937
1787619780,2496.06,2498.47,2494.92,2498.16,124543
1787619840,2498.16,2498.16,2495.22,2495.76,331034
1787619900,2495.76,2495.76,2492.33,2493.05,102629
1787619960,2493.29,2495.28,2493.21,2494.31,61281
1787620020,2494.31,2495.22,2490.05,2490.71,111709
1787620080,2490.7,2490.96,2488.09,2490,110156
1787620140,2489.99,2491.93,2489.59,2490.95,76188
1787620200,2490.95,2491.09,2485.96,2488.77,115865
1787620260,2488.89,2489.19,2486.16,2488.72,95227
1787620320,2488.72,2489.27,2486.3,2488.17,97714
1787620380,2488.18,2490.34,2487.77,2488.77,89210
1787620440,2488.76,2489.16,2486.12,2487.29,82150
1787620500,2487.29,2487.34,2482.52,2483.59,179852
1787620560,2483.59,2487.76,2483.18,2487.59,111752
1787620620,2487.3,2493.97,2487.16,2491.99,254022
1787620680,2491.98,2492.79,2489.77,2490.31,107320
1787620740,2490.31,2493.72,2490,2492.6,71357
1787620800,2492.78,2494.39,2492.21,2493.26,67935
1787620860,2493.26,2494.59,2491.86,2493.59,79488
1787620920,2493.74,2494.53,2491.84,2492.01,62420
1787620980,2492.01,2494.49,2491.09,2491.41,34986
1787621040,2491.41,2496.99,2490.84,2492.2,218003
1787621100,2492.35,2494.81,2491.33,2494.68,135972
1787621160,2494.57,2497.43,2493.57,2495.72,165245
1787621220,2495.72,2503.01,2495.22,2501.98,410007
1787621280,2501.98,2501.98,2497.72,2498.05,281890
1787621340,2498.05,2498.3,2496.3,2496.77,100483
1787621400,2496.77,2498.8,2496.21,2498.62,56438
1787621460,2498.65,2499.51,2497.46,2498.18,48406
1787621520,2498.17,2498.17,2495.46,2495.73,57506
1787621580,2495.73,2496.12,2493.65,2494.9,63557
1787621640,2494.92,2496.56,2494.92,2495.29,29489
1787621700,2495.28,2495.29,2493.66,2493.84,40813
1787621760,2493.84,2494.55,2493,2494.55,45089
1787621820,2494.55,2496.45,2493.19,2496.45,56207
1787621880,2496.38,2499.46,2496.38,2497.85,67253
1787621940,2497.74,2498.19,2496.54,2497.79,28383
1787622000,2497.83,2500.65,2497.33,2497.33,90768
1787622060,2497.34,2499.9,2496.98,2497.29,56080
1787622120,2497.3,2497.95,2494.28,2494.36,50407
1787622180,2494.35,2495.49,2493.97,2494.15,55546
1787622240,2494.15,2494.22,2492.29,2492.58,83534
1787622300,2492.58,2494.98,2492.58,2494.56,60067
1787622360,2494.55,2495.52,2493.53,2493.66,32578
1787622420,2493.66,2494.27,2492.2,2493.5,22494
1787622480,2493.49,2494.66,2492.33,2494.51,26874
1787622540,2494.51,2495.18,2493.01,2493.97,25722
1787622600,2493.96,2494.08,2491.59,2492.27,92125
1787622660,2492.27,2492.74,2489.85,2490.19,75925
1787622720,2490.18,2490.48,2488.33,2488.34,83014
1787622780,2488.33,2489.76,2487.6,2489.39,106067
1787622840,2489.4,2491.28,2487.66,2491.04,66015
1787622900,2491.04,2492.26,2490.6,2491.7,51402
1787622960,2491.69,2492.26,2490.46,2491.24,30650
1787623020,2491.24,2492.93,2490.8,2492.32,30256
1787623080,2492.32,2494.26,2492.32,2494.25,35776
1787623140,2494.31,2495.21,2493.66,2494.69,67455
1787623200,2494.68,2495.3,2493.22,2494.22,42265
1787623260,2494.11,2494.46,2492.64,2492.9,27890
1787623320,2493,2496.55,2492,2496.1,78201
1787623380,2496.11,2497.24,2494,2494.17,83883
1787623440,2494.16,2495.96,2493.41,2494.71,53281
1787623500,2494.72,2496.13,2493.34,2493.37,39067
1787623560,2493.5,2493.62,2491.78,2491.78,44963
1787623620,2491.79,2493.65,2491.13,2491.76,28616
1787623680,2491.75,2493.88,2491.35,2492.06,45604
1787623740,2492.05,2492.89,2490.67,2492.89,62755
1787623800,2492.89,2495.65,2492.65,2495.5,31857
1787623860,2495.62,2496.24,2493.36,2494.02,36594
1787623920,2493.78,2493.79,2492.18,2492.44,16024
1787623980,2492.44,2492.9,2490.68,2491.96,35812
1787624040,2491.95,2493,2491.35,2492.75,39828
1787624100,2492.87,2493.82,2491.85,2492.38,14638
1787624160,2492.38,2494.27,2491.97,2493.83,21985
1787624220,2493.83,2511.15,2493.83,2510.56,784676
1787624280,2510.56,2517.64,2507.23,2515.73,1223617
1787624340,2515.73,2518,2509.18,2517.72,703771
1787624400,2517.95,2519.54,2511.04,2516.4,534485
1787624460,2516.49,2520.32,2512.08,2512.68,486715
1787624520,2512.67,2515.38,2508.2,2511.05,326540
1787624580,2511.06,2512.36,2509.22,2509.98,236640
1787624640,2509.98,2514.49,2508.19,2514.24,190550
1787624700,2514.25,2518,2512.2,2514.27,178613
1787624760,2514.4,2517.13,2514.39,2515.94,140487
1787624820,2515.94,2519.16,2515.93,2519.15,132912
1787624880,2519.15,2531,2518.79,2528.47,989437
1787624940,2528.47,2529.99,2525.04,2528.39,743575
1787625000,2528.1,2530.95,2524.6,2526.01,671331
1787625060,2526.02,2526.9,2521,2526,341400
1787625120,2526,2526.86,2520.11,2520.82,390203
1787625180,2520.83,2520.96,2517.52,2517.73,251900
1787625240,2517.97,2519.15,2516.08,2517.67,151979
1787625300,2517.67,2518.85,2515.97,2516.55,104093
1787625360,2516.8,2516.81,2514.16,2515.12,123579
1787625420,2514.77,2515.71,2513.12,2514.97,114828
1787625480,2514.99,2518.8,2514.63,2516.92,163152
1787625540,2517.27,2518.95,2515.53,2517.73,122062
1787625600,2517.84,2520.96,2517.07,2519.26,120126
1787625660,2519.4,2527,2518.14,2526.72,393879
1787625720,2526.85,2529.74,2525.88,2525.88,510495
1787625780,2525.88,2526.5,2520.03,2522.09,392438
1787625840,2522.08,2522.22,2515.36,2515.88,610964
1787625900,2515.88,2516.96,2514,2515.46,196341
1787625960,2515.46,2516.39,2512.83,2515.41,214929
1787626020,2515.41,2517.92,2515.41,2517.27,122240
1787626080,2517.21,2517.97,2512.8,2512.93,99449
1787626140,2512.8,2513.86,2506.36,2508.09,374936
1787626200,2508.09,2508.12,2500.39,2504.52,666874
1787626260,2504.39,2504.84,2501.92,2503.9,271442
1787626320,2503.9,2507,2502.88,2505.89,149516
1787626380,2505.9,2510.18,2505.89,2508.87,162946
1787626440,2508.91,2509.25,2506.2,2506.5,246282
1787626500,2506.36,2509.44,2505.34,2509.09,93386
1787626560,2509.08,2509.08,2507.7,2507.71,56171
1787626620,2507.7,2509.65,2506.59,2506.59,52130
1787626680,2506.6,2507.93,2505.62,2507.32,63594
1787626740,2507.32,2508.76,2506.22,2506.65,49961
1787626800,2506.66,2509.93,2506.66,2509.63,78897
1787626860,2509.63,2509.63,2504.22,2505.42,179831
1787626920,2505.41,2506.54,2504.2,2505.98,191811
1787626980,2506.26,2509.37,2506.02,2509.36,75731
1787627040,2509.37,2509.7,2507.97,2508.08,47122
1787627100,2508.58,2511.87,2508.14,2510.08,167618
1787627160,2510.09,2512.8,2509.83,2512.72,122268
1787627220,2512.73,2513.36,2512.24,2512.24,189459
1787627280,2512.24,2513.5,2510.69,2511.07,90943
1787627340,2510.86,2512.52,2510.13,2510.62,91361
1787627400,2510.62,2512.8,2510.11,2511.18,33267
1787627460,2511.18,2511.6,2508.48,2509.92,62991
1787627520,2509.78,2512,2509.39,2510.61,57151
1787627580,2510.46,2512,2509.29,2511.47,50136
1787627640,2511.48,2511.86,2508.93,2510,46116
1787627700,2510.12,2510.21,2508.8,2508.88,34592
1787627760,2509,2510.78,2508.24,2508.94,41377
1787627820,2508.94,2509.34,2506,2506.11,71507
1787627880,2506.01,2509.66,2505.61,2508.54,63221
1787627940,2508.49,2509.82,2507.74,2509.28,46194
1787628000,2509.27,2510.78,2506.33,2506.33,50282
1787628060,2506.33,2508.68,2504.01,2508.5,66609
1787628120,2508.36,2509.48,2507.18,2509.16,50227
1787628180,2509.05,2510.34,2508.19,2509.74,30072
1787628240,2509.93,2510.15,2505.01,2506.09,65309
1787628300,2506.09,2506.55,2505.2,2506.12,97117
1787628360,2506.12,2506.14,2503.22,2505.96,52529
1787628420,2506.11,2507.59,2505.4,2506.94,42751
1787628480,2506.93,2506.94,2504.28,2504.91,77911
1787628540,2504.9,2504.91,2504.17,2504.66,46409
1787628600,2504.65,2504.77,2502.6,2504.47,148259
1787628660,2504.62,2505.49,2503.86,2505.23,81765
1787628720,2504.88,2508.5,2504.88,2507.02,73851
1787628780,2507.04,2508.2,2505.22,2505.9,65327
1787628840,2506.14,2506.98,2505.17,2505.17,25092
1787628900,2505.04,2506.27,2503.16,2503.17,50770
1787628960,2503.16,2504.59,2502.83,2504.43,62626
1787629020,2504.43,2505.53,2503.01,2504.29,36242
1787629080,2504.29,2506.95,2503.54,2504.61,276572
1787629140,2504.62,2507.04,2504.62,2506.02,78720
1787629200,2506.01,2506.27,2501.51,2504.22,153726
1787629260,2504.36,2505.23,2503.81,2504.58,56871
1787629320,2504.72,2504.98,2502.1,2503.41,65093
1787629380,2503.4,2503.41,2501.07,2501.52,158905
1787629440,2501.51,2502.15,2495.25,2497.67,390894
1787629500,2497.66,2498.79,2494.12,2498.78,343770
1787629560,2498.78,2500,2495.7,2499.99,184582
1787629620,2499.99,2500.49,2498.64,2498.85,114723
1787629680,2498.85,2499.48,2494.63,2494.68,119154
1787629740,2494.68,2496.06,2487.18,2492.95,536908
1787629800,2492.94,2495,2492.94,2494.89,279301
1787629860,2494.88,2496.15,2493.21,2496.14,135634
1787629920,2495.99,2497.95,2495.15,2496.68,263908
1787629980,2496.69,2497.89,2495.5,2497.74,79584
1787630040,2497.73,2498.4,2496.13,2497.03,106007
1787630100,2497.03,2497.2,2495.16,2496.24,71473
1787630160,2496.24,2497.34,2494.38,2494.43,125752
1787630220,2494.44,2495.99,2492.54,2495.51,122528
1787630280,2495.5,2497.04,2495.08,2496.73,129682
1787630340,2496.73,2498.77,2496.48,2497.83,128853
1787630400,2497.71,2499.76,2497.3,2499.24,44297
1787630460,2499.24,2499.57,2497.11,2498.26,67672
1787630520,2498.27,2502.39,2497.31,2502.21,99466
1787630580,2502.39,2503.01,2498.62,2499.18,140667
1787630640,2499.3,2499.48,2495.99,2496.46,159664
1787630700,2496.47,2497.35,2495.39,2496.82,59458
1787630760,2496.83,2497.66,2493.33,2493.53,66668
1787630820,2493.53,2495.31,2491.32,2495.11,168045
1787630880,2495.1,2495.97,2493.12,2495.52,76803
1787630940,2495.52,2498,2494.43,2497.99,44192
1787631000,2498,2498.11,2495.51,2496.29,55744
1787631060,2496.29,2498.86,2495.87,2498.72,58107
1787631120,2498.72,2499.76,2497.51,2499.38,60898
1787631180,2499.38,2499.78,2497.08,2497.7,65636
1787631240,2497.71,2499.01,2497.34,2498.85,39117
1787631300,2498.85,2499.34,2496.03,2496.34,40201
1787631360,2496.48,2497.33,2495.32,2495.33,43138
1787631420,2495.32,2497.01,2491,2493.08,348642
1787631480,2493.08,2493.88,2491.83,2493.05,206984
1787631540,2493.04,2494.85,2491.35,2492.65,96165
1787631600,2492.64,2495.58,2492,2494.99,88026
1787631660,2494.85,2495.96,2492.53,2493.27,42674
1787631720,2493.27,2496.95,2492.86,2496.19,65686
1787631780,2496.36,2496.96,2495.57,2495.62,53142
1787631840,2495.52,2496.76,2494.49,2496.76,35800
1787631900,2496.75,2497,2495.48,2496.14,29499
1787631960,2496.01,2496.01,2494.08,2494.09,61588
1787632020,2494.08,2494.08,2492.36,2492.89,51855
1787632080,2492.9,2494.14,2492.9,2493.85,21851
1787632140,2494.01,2494.78,2493.16,2493.34,27957
1787632200,2493.34,2493.65,2491.01,2491.25,51618
1787632260,2491.26,2491.87,2487.63,2488.3,146599
1787632320,2488.3,2495,2488.3,2494.93,85158
1787632380,2494.93,2495.95,2494.02,2494.49,70477
1787632440,2494,2494.51,2491.92,2492.87,43238
1787632500,2492.99,2494.86,2492.46,2494.86,39013
1787632560,2494.85,2495.31,2494.17,2494.17,34448
1787632620,2494.15,2494.87,2493.79,2494.79,34629
1787632680,2494.79,2495.8,2493.71,2495.33,47191
1787632740,2495.33,2496.23,2490.45,2490.98,128958
1787632800,2490.99,2492.82,2489.6,2492.58,219813
1787632860,2492.57,2493.09,2489,2490.38,92276
1787632920,2490.37,2490.6,2488.89,2489.24,57471
1787632980,2489.24,2490,2488.88,2489.67,37507
1787633040,2489.67,2490.96,2489.05,2490.45,25325
1787633100,2490.46,2492,2489.17,2492,76715
1787633160,2491.69,2493.56,2490.86,2493.27,113827
1787633220,2493.26,2493.52,2492.48,2492.89,62417
1787633280,2492.88,2493,2491.08,2492.77,28643
1787633340,2492.78,2493.54,2492.66,2493.2,47365
1787633400,2493.19,2494.35,2492.82,2493.11,37138
1787633460,2493.25,2494.44,2493.19,2494.17,19925
1787633520,2493.87,2494.17,2492.82,2493.49,24730
1787633580,2493.49,2494.37,2492.01,2492.01,40785
1787633640,2492.01,2492.4,2491.08,2491.22,20635
1787633700,2491.21,2492.14,2491.01,2491.02,29323
1787633760,2491.01,2491.43,2489.99,2489.99,52421
1787633820,2489.99,2491.33,2489.06,2490.48,121323
1787633880,2490.49,2491.82,2490.47,2491.44,62993
1787633940,2491.44,2494,2491.19,2493.64,45618
1787634000,2493.63,2494.74,2492.49,2492.64,32751
1787634060,2492.64,2498,2492.64,2497.12,152673
1787634120,2497.12,2498.57,2496.6,2496.72,127343
1787634180,2496.72,2498.29,2496.47,2497.07,71198
1787634240,2497.07,2498.3,2496.82,2498.17,99618
1787634300,2498.17,2499,2497.86,2498.97,32259
1787634360,2498.97,2500.66,2498.96,2500.04,95282
1787634420,2500.04,2500.57,2499.99,2500.1,60760
1787634480,2500.04,2500.52,2499.43,2500.52,73015
1787634540,2500.52,2500.74,2499.43,2499.84,86035
1787634600,2499.84,2500.43,2499,2499,91917
1787634660,2499,2500.05,2499,2499.11,61653
1787634720,2499.12,2500,2499.02,2499.53,55795
1787634780,2499.53,2500.39,2499,2499.33,84553
1787634840,2499.32,2500,2499.16,2499.5,33676
1787634900,2499.5,2500.19,2499.03,2499.61,66743
1787634960,2499.48,2501.98,2499.47,2500.26,61660
1787635020,2500.26,2501.82,2500.26,2500.27,40399
1787635080,2500.28,2502.77,2500.27,2502.59,66710
1787635140,2502.59,2504.7,2501.82,2502.65,132467
1787635200,2502.51,2503.56,2502.01,2502.62,91395
1787635260,2502.62,2503.22,2501.78,2503.22,62946
1787635320,2503.23,2503.69,2502.93,2503.48,60314
1787635380,2503.56,2503.56,2502.32,2502.33,19152
1787635440,2502.34,2503.84,2502.34,2503.71,35967
1787635500,2503.71,2507.36,2503.66,2506.28,203683
1787635560,2506.54,2506.86,2505.35,2506.47,107630
1787635620,2506.46,2507.7,2505.88,2505.88,102154
1787635680,2505.88,2507.05,2505.63,2506.18,77816
1787635740,2506.3,2510.28,2505.94,2507.57,180624
1787635800,2507.57,2508.61,2505.6,2506.24,186533
1787635860,2506.25,2507.79,2505.89,2507.7,94352
1787635920,2507.69,2510.17,2506.52,2508.4,84268
1787635980,2508.4,2508.61,2506.52,2508.57,66502
1787636040,2508.57,2509.95,2508.01,2509.57,100762
1787636100,2509.58,2509.8,2507.62,2509.67,68800
1787636160,2509.77,2510.4,2508.07,2508.49,100928
1787636220,2508.34,2509.58,2507.83,2509.3,65601
1787636280,2509.31,2509.64,2508.61,2508.75,70427
1787636340,2508.75,2509.08,2508.01,2508.48,36036
1787636400,2508.74,2509.8,2507.69,2509.26,48743
1787636460,2509.26,2509.94,2508.35,2508.48,57079
1787636520,2508.48,2508.96,2507.99,2507.99,35298
1787636580,2508.25,2508.29,2507,2507.1,50970
1787636640,2507.1,2507.23,2505.01,2505.34,139640
1787636700,2505.34,2506.64,2504.8,2506.47,117717
1787636760,2506.48,2506.85,2505.69,2506.31,32687
1787636820,2506.15,2506.15,2503.45,2505.36,87789
1787636880,2505.24,2507,2505.1,2507,53853
1787636940,2507.24,2507.67,2506.52,2507.44,33269
1787637000,2507.43,2508.53,2506.12,2506.26,37110
1787637060,2506.07,2507.43,2505.84,2506.56,39105
1787637120,2506.56,2508.3,2506.48,2507.26,46799
1787637180,2507.26,2509.57,2507.05,2507.69,80370
1787637240,2507.7,2508.29,2505.88,2506.06,64974
1787637300,2506,2509.05,2506,2508.41,45897
1787637360,2508.42,2508.82,2507.7,2508.2,21335
1787637420,2508.2,2508.96,2507.57,2508.3,31486
1787637480,2508.3,2508.69,2507.73,2508.54,68974
1787637540,2508.56,2508.86,2507.4,2507.41,27424
1787637600,2507.41,2508.11,2506.78,2507.82,56671
1787637660,2507.71,2508.2,2506.37,2506.78,47939
1787637720,2506.79,2508.14,2506.79,2507.49,37089
1787637780,2507.49,2508.94,2507.2,2508.72,60221
1787637840,2508.63,2508.63,2507.11,2507.42,35525
1787637900,2507.33,2507.33,2505.66,2506.23,53057
1787637960,2506.23,2508.77,2506.22,2508.26,28746
1787638020,2508.26,2508.79,2507.31,2507.75,26044
1787638080,2507.74,2508.74,2506.39,2506.61,28554
1787638140,2506.62,2507.83,2506.47,2507.51,20021
1787638200,2507.51,2507.6,2505.81,2506.98,45033
1787638260,2506.92,2507.05,2505.77,2506.47,16594
1787638320,2506.47,2506.7,2504.5,2506.69,270317
1787638380,2506.7,2506.7,2506.05,2506.24,31498
1787638440,2506.24,2508.94,2506.12,2508.6,42586
1787638500,2508.6,2509,2507.32,2508.49,49449
1787638560,2508.37,2509.14,2507.96,2508.63,39559
1787638620,2508.53,2511.24,2508.22,2511.24,115429
1787638680,2511.24,2512.48,2509.51,2509.9,132457
1787638740,2509.9,2510.74,2509,2509.54,57113
1787638800,2509.54,2509.8,2508.45,2508.64,37607
1787638860,2508.63,2509.52,2508,2509.26,16412
1787638920,2509.25,2510.15,2507.4,2510.15,53995
1787638980,2510.14,2514.07,2509.3,2512.99,148767
1787639040,2513,2513.4,2510.01,2511.76,121695
1787639100,2512.08,2512.08,2510,2510.51,96763
1787639160,2510.5,2512.35,2510.27,2512.02,66099
1787639220,2512.22,2512.56,2510.34,2510.68,35285
1787639280,2510.67,2510.95,2509.23,2510.09,36641
1787639340,2510.09,2510.1,2508.8,2508.87,61868
1787639400,2508.86,2508.86,2506.24,2507.06,91127
1787639460,2507.05,2508.57,2505.5,2506.33,145280
1787639520,2506.33,2506.33,2499.63,2500.42,410007
1787639580,2500.42,2502.33,2500.42,2501.07,256245
1787639640,2501.17,2504.19,2500.61,2503.4,120046
1787639700,2503.28,2503.42,2500.44,2500.8,102474
1787639760,2500.8,2500.9,2498.35,2499.58,143273
1787639820,2499.57,2499.58,2497.63,2498.42,123299
1787639880,2498.41,2499.99,2498.41,2499.88,78854
1787639940,2499.88,2502.31,2499.88,2502.06,66206
1787640000,2502.06,2502.27,2500.01,2500.79,58646
1787640060,2500.97,2502.27,2500.59,2502.27,61924
1787640120,2502.27,2502.64,2502,2502.51,23741
1787640180,2502.51,2502.89,2501.25,2501.78,21239
1787640240,2501.77,2502.85,2501.53,2502.85,27725
1787640300,2502.85,2502.89,2501.5,2501.85,51948
1787640360,2501.85,2502.91,2501.5,2502.91,26950
1787640420,2502.9,2503.52,2501.17,2502.01,56944
1787640480,2502.01,2502.23,2500.18,2500.69,36551
1787640540,2500.7,2501.33,2498.52,2499.12,117962
1787640600,2499.12,2499.13,2497.61,2498.79,114790
1787640660,2498.78,2499.62,2498.32,2498.72,29516
1787640720,2498.71,2499.46,2497.5,2498.84,74659
1787640780,2498.84,2499.99,2498.68,2498.99,80010
1787640840,2498.9,2498.95,2497.71,2498.34,44844
1787640900,2498.34,2498.35,2495.05,2497.23,133824
1787640960,2497.23,2497.37,2495.46,2496.61,128080
1787641020,2496.69,2496.91,2495.67,2496.65,73063
1787641080,2496.7,2498.21,2496.22,2498.21,61796
1787641140,2498.21,2499.86,2498.21,2499.86,73439
1787641200,2499.96,2501.76,2498.79,2501.64,119691
1787641260,2501.64,2503.51,2501.47,2503.07,112655
1787641320,2503.19,2503.6,2502.37,2503.59,54610
1787641380,2503.6,2504.69,2502.94,2504.62,80892
1787641440,2504.63,2510.15,2504.57,2509.35,356810
1787641500,2509.29,2511.94,2509.18,2511.62,249045
1787641560,2511.62,2511.93,2507.75,2508.37,134708
1787641620,2508.38,2508.38,2506.51,2506.72,98115
1787641680,2506.71,2507,2505.61,2506.38,51719
1787641740,2506.39,2507.56,2506.02,2506.66,55237
1787641800,2506.67,2506.89,2506.01,2506.39,20835
1787641860,2506.4,2506.58,2505.6,2505.6,18870
1787641920,2505.61,2507.1,2505.61,2506.59,19969
1787641980,2506.6,2507.32,2506.36,2506.4,22514
1787642040,2506.53,2506.75,2505.47,2505.7,24130
1787642100,2505.69,2505.99,2505.14,2505.27,14182
1787642160,2505.27,2505.45,2504.03,2504.85,27008
1787642220,2505.1,2506.83,2504.29,2504.29,56207
1787642280,2504.37,2504.38,2502.15,2502.35,66134
1787642340,2502.35,2503.01,2501.33,2503.01,212815
1787642400,2503.01,2503.29,2502.28,2503.27,98274
1787642460,2503.28,2504.28,2502.83,2504.27,43951
1787642520,2504.27,2505.81,2504.27,2504.96,33086
1787642580,2504.96,2505.08,2503.87,2504.08,44889
1787642640,2504.07,2504.18,2502.75,2503.14,51117
1787642700,2503.14,2503.47,2502.33,2503.32,39259
1787642760,2503.32,2504.49,2502.73,2502.88,38389
1787642820,2502.88,2505.1,2502.88,2503.78,27011
1787642880,2503.85,2504.4,2503.59,2504.4,12047
1787642940,2504.44,2505,2503.6,2503.6,9826
1787643000,2503.6,2503.61,2501.87,2501.87,27859
1787643060,2501.87,2503.14,2501.87,2503.01,24908
1787643120,2503.01,2503.28,2501.5,2501.51,27870
1787643180,2501.5,2501.51,2500.43,2500.45,48768
1787643240,2500.45,2501.8,2500.45,2501.18,97993
1787643300,2501.18,2501.65,2500.89,2501.26,41166
1787643360,2501.26,2501.64,2500.61,2500.95,14443
1787643420,2500.94,2501.33,2500.1,2500.23,24623
1787643480,2500.22,2500.23,2497.7,2498.24,109650
1787643540,2498.37,2498.65,2494.7,2496.52,232043
1787643600,2496.51,2498.28,2496.51,2497.96,127854
1787643660,2497.95,2498.8,2497.44,2498.52,30863
1787643720,2498.46,2499.07,2498.17,2498.87,50228
1787643780,2498.86,2498.87,2497.59,2497.59,31627
1787643840,2497.52,2498.49,2497.49,2498.38,34613
1787643900,2498.3,2498.72,2496.8,2496.8,52975
1787643960,2496.8,2497.9,2496.64,2497.58,24607
1787644020,2497.59,2497.9,2496.66,2496.73,29111
1787644080,2496.72,2497.18,2488.8,2488.8,307781
1787644140,2488.84,2489.28,2475,2480.54,1958907
1787644200,2480.54,2482.99,2476.99,2479.15,1046475
1787644260,2479.23,2479.72,2463,2473.64,1282528
1787644320,2473.64,2478.81,2472.29,2478,1939053
1787644380,2478,2482.55,2476.08,2482,1629199
1787644440,2482.01,2484.04,2481.55,2482.92,1074877
1787644500,2482.92,2482.92,2478.75,2480.48,370674
1787644560,2480.36,2484.27,2479.52,2483.87,260896
1787644620,2484.02,2484.71,2481.82,2481.82,212995
1787644680,2481.83,2483.15,2479.05,2479.2,199816
1787644740,2479.21,2480.37,2478,2478,147929
1787644800,2478.01,2481.9,2477.4,2478.67,228265
1787644860,2478.66,2479.62,2473.7,2475.87,636081
1787644920,2475.88,2478,2475.11,2477.89,161919
1787644980,2477.89,2480.72,2477.89,2480.72,105977
1787645040,2480.72,2481.52,2479.39,2481.36,118629
1787645100,2481.23,2481.52,2478.91,2481,107839
1787645160,2481,2481.92,2479.49,2481.32,100693
1787645220,2481.32,2481.33,2479.93,2480.3,58356
1787645280,2480.3,2481.8,2479.01,2481.06,69862
1787645340,2481.05,2481.97,2480.79,2480.92,50793
1787645400,2480.92,2482,2480.66,2481.36,41025
1787645460,2481.37,2483.01,2481.36,2482.3,222805
1787645520,2482.29,2486.22,2482.29,2484.9,110724
1787645580,2484.9,2485.66,2483.92,2484.38,113126
1787645640,2484.37,2484.8,2484.17,2484.59,52146
1787645700,2484.6,2486.99,2484.17,2486.41,109553
1787645760,2486.42,2488.36,2486.41,2487.78,106799
1787645820,2487.75,2490,2487.58,2488.2,144673
1787645880,2488.33,2488.79,2486.4,2486.4,144506
1787645940,2486.4,2486.9,2485.46,2486.36,89035
1787646000,2486.22,2489.1,2486.04,2488.9,68715
1787646060,2488.81,2489.1,2487.74,2488.53,34791
1787646120,2488.53,2490.44,2488.53,2490.12,263655
1787646180,2490.13,2495.25,2487.93,2494.62,329621
1787646240,2494.62,2494.62,2490.85,2493.6,260280
1787646300,2493.27,2497.37,2492.66,2494.86,362324
1787646360,2494.87,2495.57,2493.17,2493.65,254120
1787646420,2493.66,2495.29,2493.18,2493.8,132413
1787646480,2493.79,2494.59,2493.37,2493.62,48203
1787646540,2493.62,2493.62,2492.5,2492.65,70035
1787646600,2492.79,2495,2492.79,2494.21,78264
1787646660,2494.22,2494.41,2492.7,2493.72,67602
1787646720,2493.73,2493.73,2491.92,2491.92,91164
1787646780,2491.92,2491.92,2489.18,2489.43,174692
1787646840,2489.42,2492.1,2489.29,2491.55,168108
1787646900,2491.55,2491.92,2491,2491.28,81090
1787646960,2491.28,2492.57,2490.48,2491.98,78383
1787647020,2491.97,2492.1,2490.47,2491.32,49408
1787647080,2491.33,2491.33,2487,2488.16,155172
1787647140,2488.16,2488.85,2485.01,2485.5,184661
1787647200,2485.51,2487.14,2484.74,2486.03,163696
1787647260,2486.03,2486.83,2484.39,2486.61,104894
1787647320,2486.61,2486.93,2486.01,2486.26,79339
1787647380,2486.25,2488.71,2486.25,2488.7,57779
1787647440,2488.7,2490,2488.54,2489.27,69511
1787647500,2489.27,2490,2485.17,2485.31,127571
1787647560,2485.31,2486.94,2485.18,2485.42,106389
1787647620,2485.41,2485.63,2484.13,2484.37,58306
1787647680,2484.36,2484.93,2483.66,2483.99,79018
1787647740,2483.98,2484.29,2482.87,2482.87,57731
1787647800,2482.88,2484,2482.88,2483.98,58482
1787647860,2483.98,2483.98,2482.26,2482.39,57318
1787647920,2482.39,2482.62,2480.68,2481.74,112699
1787647980,2481.74,2481.74,2479.76,2480.41,151880
1787648040,2480.41,2481.48,2480.04,2481.47,137976
1787648100,2481.48,2482.51,2480.88,2480.89,91666
1787648160,2480.9,2481.99,2480.02,2481.79,56264
1787648220,2481.79,2483.62,2481.79,2483.19,65832
1787648280,2483.2,2484.39,2483.18,2484.39,115381
1787648340,2484.39,2484.77,2483.54,2484.09,48532
1787648400,2484.1,2484.41,2482.1,2483.54,51054
1787648460,2483.54,2483.54,2481.63,2481.87,55470
1787648520,2481.86,2482.14,2480.48,2480.49,75602
1787648580,2480.48,2481.17,2478.41,2481.08,137472
1787648640,2480.79,2480.86,2479,2480.53,93098
1787648700,2480.63,2480.68,2478.87,2480.66,97695
1787648760,2480.66,2483.44,2480.04,2482.15,75665
1787648820,2482.16,2484,2481.94,2483.99,66185
1787648880,2484,2484,2482.79,2483.31,42189
1787648940,2483.31,2484.86,2482.59,2484.71,72691
1787649000,2484.51,2485.15,2484.26,2485.01,69952
1787649060,2485.01,2485.01,2483.02,2483.5,51434
1787649120,2483.5,2485.8,2482.68,2485.79,59620
1787649180,2485.79,2488.13,2485.36,2487.77,151795
1787649240,2487.64,2488.66,2486.53,2486.54,126112
1787649300,2486.53,2487.58,2485.44,2485.98,86990
1787649360,2485.99,2487.24,2484.35,2487.13,45753
1787649420,2487.13,2488.67,2486.88,2487.55,69775
1787649480,2487.55,2488.46,2486.68,2486.93,70184
1787649540,2486.93,2487.72,2486.39,2486.59,63827
1787649600,2486.6,2487.96,2486.17,2487.95,40867
1787649660,2487.95,2487.99,2486.42,2486.85,42372
1787649720,2486.86,2488.48,2486.76,2488.18,35096
1787649780,2488.19,2488.5,2487.64,2488.19,24619
1787649840,2488.2,2491.57,2488.19,2489.18,116619
1787649900,2489.18,2489.18,2487.43,2487.88,70404
1787649960,2487.78,2487.78,2484.93,2485.49,78844
1787650020,2485.48,2485.92,2482.96,2485.34,83229
1787650080,2485.33,2485.69,2484.3,2485.18,51110
1787650140,2485.18,2486.49,2484.48,2486.09,35977
1787650200,2486.1,2487.12,2486.1,2486.31,12998
1787650260,2486.3,2487.67,2486.19,2487.51,16793
1787650320,2487.59,2488.7,2486.93,2487.44,225459
1787650380,2487.43,2487.99,2486.58,2487.68,44838
1787650440,2487.68,2490.36,2487.6,2488.67,123736
1787650500,2488.68,2488.89,2487.24,2487.59,53152
1787650560,2487.6,2488.03,2486.57,2486.72,30331
1787650620,2486.72,2487.82,2486.4,2487.55,19265
1787650680,2487.55,2488.18,2486.09,2487.24,24769
1787650740,2486.95,2487.61,2486.25,2486.58,16691
1787650800,2486.57,2488.09,2486.57,2487.92,11694
1787650860,2487.92,2488.96,2487.39,2488.15,27563
1787650920,2488.16,2488.18,2487.58,2487.59,15584
1787650980,2487.58,2487.58,2485.68,2485.79,27312
1787651040,2485.79,2486.5,2485,2485,38932
1787651100,2485,2486.14,2483.35,2483.37,40981
1787651160,2483.6,2484.58,2481.84,2481.88,70895
1787651220,2481.87,2483.74,2481.87,2482.34,62436
1787651280,2482.35,2482.91,2481.31,2481.88,91535
1787651340,2481.87,2482.5,2480.27,2481.04,114915
1787651400,2481.04,2481.15,2476.84,2477.59,236446
1787651460,2477.58,2477.97,2470.14,2472.78,576627
1787651520,2472.78,2472.78,2466.95,2471.64,768684
1787651580,2471.63,2472.28,2461.75,2465.12,762860
1787651640,2465.11,2473.13,2465.11,2469.91,743696
1787651700,2469.92,2473.31,2467.53,2471.27,335324
1787651760,2471.26,2474.52,2471.26,2472.41,314956
1787651820,2472.23,2472.72,2468.53,2470.23,203409
1787651880,2470.24,2472.74,2469.24,2472.69,145804
1787651940,2472.69,2474,2472.36,2473.75,119729
1787652000,2473.76,2474.34,2472.07,2472.68,102694
1787652060,2472.47,2472.48,2469.15,2469.87,160440
1787652120,2469.87,2470.69,2468.59,2470.14,143006
1787652180,2470.14,2474.93,2469.53,2474.9,164088
1787652240,2474.89,2475.33,2474.19,2475.06,113299
1787652300,2475.28,2476.62,2474.32,2476.61,105217
1787652360,2476.62,2477.98,2475.74,2475.74,216711
1787652420,2475.75,2476.6,2473,2476.19,116354
1787652480,2476.19,2477.49,2474.65,2474.99,88412
1787652540,2474.99,2475.84,2474.19,2475.41,71173
1787652600,2475.41,2478.71,2475.41,2478.71,92577
1787652660,2478.7,2479,2477.19,2478.4,161861
1787652720,2478.4,2478.4,2477.23,2477.4,96914
1787652780,2477.4,2477.56,2476.31,2476.7,34403
1787652840,2476.87,2477.28,2474.79,2477.28,68498
1787652900,2477.37,2477.84,2475.59,2475.99,102644
1787652960,2476.12,2478.81,2476.12,2478.16,69353
1787653020,2478.17,2478.29,2476.01,2476.56,68009
1787653080,2476.57,2478.3,2476,2477.82,39438
1787653140,2477.83,2478.88,2477.63,2478.02,53051
1787653200,2478.03,2478.63,2477.27,2477.41,69025
1787653260,2477.55,2477.64,2475.66,2475.66,52184
1787653320,2475.64,2475.81,2474.46,2474.93,111944
1787653380,2474.93,2478,2474.5,2477.49,55337
1787653440,2477.48,2477.61,2475.96,2476.56,33686
1787653500,2476.57,2476.86,2475.66,2475.67,16433
1787653560,2475.66,2476.22,2475,2475.46,24194
1787653620,2475.47,2475.95,2474.77,2475.37,19168
1787653680,2475.36,2475.36,2473.62,2474.74,56271
1787653740,2474.74,2475.04,2474.21,2475.03,29501
1787653800,2475.03,2475.35,2473.22,2475.3,69554
1787653860,2475.31,2477.39,2475.31,2477.24,62399
1787653920,2477.24,2477.52,2476.14,2476.72,34584
1787653980,2476.62,2476.74,2475.49,2476.74,18166
1787654040,2476.74,2477.54,2476.07,2476.9,17198
1787654100,2476.9,2477.21,2475.97,2476.98,23700
1787654160,2476.79,2477.66,2475.27,2475.69,32561
1787654220,2475.58,2477.31,2475.58,2476.93,34081
1787654280,2476.92,2477.24,2476.79,2477.23,10691
1787654340,2477.24,2477.24,2476.36,2476.92,25722
1787654400,2476.92,2477.97,2476.32,2476.33,56251
1787654460,2476.32,2477.94,2476,2477.71,50052
1787654520,2477.72,2477.76,2477.16,2477.49,27929
1787654580,2477.49,2477.98,2475.88,2475.88,21168
1787654640,2475.88,2477.04,2475.88,2476.8,23347
1787654700,2476.81,2480.37,2476.8,2480.36,93134
1787654760,2480.36,2482.62,2480.36,2482.1,147138
1787654820,2482.1,2485.22,2481.86,2482.41,184740
1787654880,2482.41,2483.06,2479.29,2480.45,152228
1787654940,2480.45,2481.48,2479.78,2481.23,55936
1787655000,2481.11,2481.31,2480,2481.15,32943
1787655060,2481.16,2483.12,2480.67,2482.28,71678
1787655120,2482.29,2484.6,2482.28,2484.09,92791
1787655180,2484.09,2484.35,2482.13,2482.33,76431
1787655240,2482.43,2483.52,2482.43,2482.68,34867
1787655300,2482.68,2483.72,2482.67,2482.97,18608
1787655360,2482.97,2483.22,2482.19,2482.78,37114
1787655420,2482.78,2482.91,2481.6,2481.62,50070
1787655480,2481.62,2481.99,2480.7,2480.77,23514
1787655540,2480.77,2481.1,2480.53,2480.62,43316
1787655600,2480.62,2481.16,2479.76,2479.86,59851
1787655660,2479.97,2481.13,2479.97,2480.86,23012
1787655720,2480.99,2480.99,2478.58,2478.58,44171
1787655780,2478.58,2479.47,2478.21,2478.83,42429
1787655840,2478.74,2479.32,2478.62,2478.95,22424
1787655900,2478.96,2479.14,2478.08,2479.07,44801
1787655960,2479.13,2482.88,2479.13,2482.68,79740
1787656020,2482.67,2482.88,2481.55,2482.07,31392
1787656080,2482.07,2482.99,2481.84,2482.05,29362
1787656140,2482.05,2482.14,2477.49,2478.74,89846
1787656200,2478.83,2479.14,2475.46,2475.61,134824
1787656260,2475.6,2475.6,2473.96,2474.99,109573
1787656320,2474.99,2477.28,2474.81,2476.93,59276
1787656380,2476.92,2477.65,2474.39,2474.89,167573
1787656440,2474.89,2475.95,2473.91,2474.34,78180
1787656500,2474.39,2475.42,2473.66,2475,101442
1787656560,2475.09,2475.99,2473.92,2474.59,80423
1787656620,2474.66,2475.89,2473.6,2475.49,46540
1787656680,2475.48,2476.8,2475.05,2476.6,54318
1787656740,2476.6,2477.29,2474.36,2474.75,44125
1787656800,2474.75,2477,2474.75,2476.71,30426
1787656860,2476.7,2477.9,2475.71,2476.93,37138
1787656920,2476.92,2478.28,2475.25,2475.36,64694
1787656980,2475.35,2478.36,2475.35,2478.1,57647
1787657040,2478.1,2478.1,2477.16,2477.38,38239
1787657100,2477.39,2477.52,2476.65,2476.76,28881
1787657160,2476.77,2477.12,2474,2476.35,42670
1787657220,2476.34,2477.08,2474.14,2474.27,33564
1787657280,2474.27,2476.9,2474.27,2476.53,30985
1787657340,2476.54,2477.38,2475.97,2477.36,24350
1787657400,2477.37,2479.8,2477.12,2479.8,45529
1787657460,2479.8,2480.72,2478.96,2479.2,80484
1787657520,2479.19,2479.88,2478.79,2478.97,45958
1787657580,2478.98,2479.35,2477.72,2479.02,26958
1787657640,2479.02,2480.78,2478.9,2480.2,32408
1787657700,2480.2,2481.8,2479.91,2481.26,98150
1787657760,2481.26,2483.1,2480.76,2483.09,61703
1787657820,2483.1,2483.68,2482.32,2483.61,79019
1787657880,2483.62,2485.31,2482.32,2482.8,149873
1787657940,2482.79,2482.8,2481.44,2481.75,62137
1787658000,2481.75,2481.75,2480.5,2481.62,42634
1787658060,2481.62,2481.62,2479.72,2480.14,23566
1787658120,2480.14,2480.77,2479.34,2479.66,28934
1787658180,2479.65,2480.56,2479.16,2479.55,33000
1787658240,2479.55,2479.55,2478,2478.01,27507
1787658300,2478,2478.74,2476.02,2477.33,68982
1787658360,2477.33,2479.95,2477.09,2479.16,77022
1787658420,2479.15,2479.25,2478.28,2478.86,35557
1787658480,2478.79,2479.6,2478.48,2479.53,25571
1787658540,2479.53,2480,2478.09,2478.56,42448
1787658600,2478.69,2481.87,2478.69,2481.61,56241
1787658660,2481.61,2482.6,2480.08,2481.23,78705
1787658720,2481.22,2481.22,2478.84,2478.85,57713
1787658780,2478.84,2479.36,2478.49,2478.87,30426
1787658840,2479.08,2479.27,2478,2478,25656
1787658900,2478,2478.47,2476.5,2478.23,35070
1787658960,2478.23,2478.78,2477.79,2478.78,31342
1787659020,2478.93,2479.27,2477.42,2478.23,39934
1787659080,2478.22,2478.56,2478.01,2478.11,31162
1787659140,2478.11,2478.32,2476.38,2477.24,24418
1787659200,2477.02,2479.75,2476.89,2478.54,50156
1787659260,2478.54,2479.77,2478.54,2479.31,28217
1787659320,2479.31,2480.56,2476.37,2476.88,40335
1787659380,2476.87,2479.33,2472.44,2479.12,202319
1787659440,2479.3,2479.64,2475.47,2477.16,125049
1787659500,2476.93,2477.12,2473.92,2474,81631
1787659560,2474,2474,2466.46,2468.39,444084
1787659620,2468.39,2470.6,2466.13,2468.55,444452
1787659680,2468.55,2471.17,2466.12,2471.16,303096
1787659740,2471.16,2473.8,2470.69,2472.61,262388
1787659800,2472.84,2473.43,2471.5,2472.67,91096
1787659860,2472.66,2477.56,2472.2,2477.09,140652
1787659920,2477.2,2477.2,2473.93,2475.23,100590
1787659980,2475.24,2475.84,2473.72,2474.28,66538
1787660040,2474.27,2477.17,2474.18,2476.99,56799
1787660100,2477,2477,2474.05,2474.46,57549
1787660160,2474.35,2475.19,2473.72,2474.19,42138
1787660220,2474.19,2475.13,2472.67,2472.76,44136
1787660280,2472.67,2472.74,2469.27,2470.56,115253
1787660340,2470.56,2473.08,2470.32,2471.01,93770
1787660400,2471.01,2471.84,2470.3,2470.63,63379
1787660460,2470.64,2471.67,2469.38,2470.43,42591
1787660520,2470.44,2470.54,2461.22,2463.15,516141
1787660580,2463.24,2467.45,2462.3,2467.05,361863
1787660640,2467.11,2469.34,2466.7,2469.05,188283
1787660700,2468.88,2470.54,2466.32,2466.47,108901
1787660760,2466.46,2466.61,2456.59,2459.45,1121691
1787660820,2459.28,2463.69,2458.67,2463.44,512683
1787660880,2463.45,2465.5,2462.66,2465.5,293108
1787660940,2465.5,2467.13,2465.38,2467.12,121011
1787661000,2467.12,2467.13,2463.25,2465.91,232394
1787661060,2466,2467.83,2464.8,2466.64,136667
1787661120,2466.63,2468.72,2466.23,2468.66,78010
1787661180,2468.65,2470.49,2467.92,2469.53,304694
1787661240,2469.52,2469.52,2467.49,2468.64,85858
1787661300,2468.64,2470,2468.1,2468.98,64919
1787661360,2468.99,2470.5,2468.3,2469.38,81998
1787661420,2469.26,2469.89,2466.56,2467.3,94218
1787661480,2467.3,2468.4,2466.35,2468.16,64201
1787661540,2468.15,2468.15,2465.22,2465.61,63319
1787661600,2465.61,2466.27,2459.14,2462.91,237247
1787661660,2462.91,2467.2,2461.55,2466.74,174461
1787661720,2466.74,2468.7,2466.74,2468.65,114098
1787661780,2468.62,2469.63,2467.33,2468.42,79689
1787661840,2468.33,2468.88,2467.82,2468.66,40082
1787661900,2468.66,2470.18,2467.5,2469.52,91077
1787661960,2469.52,2469.82,2467.06,2469.16,57188
1787662020,2469.16,2472.17,2468.84,2471.31,141629
1787662080,2471.3,2473.39,2471.3,2473.37,160347
1787662140,2473.38,2474,2472.14,2472.25,110647
1787662200,2472.15,2475.18,2472.04,2474.46,148272
1787662260,2474.41,2475.96,2473.55,2475.14,100607
1787662320,2475.13,2475.53,2474.29,2475.3,83611
1787662380,2475.31,2475.56,2473.02,2473.46,105310
1787662440,2473.55,2474.45,2473.08,2474.08,52637
1787662500,2473.97,2474.97,2473.68,2474.43,42442
1787662560,2474.43,2474.43,2472.11,2473.19,81510
1787662620,2473.19,2473.69,2472.06,2472.85,78034
1787662680,2472.85,2473,2471.92,2472,50622
1787662740,2472.01,2473.64,2472.01,2472.27,38967
1787662800,2472.28,2472.82,2471.09,2471.91,73924
1787662860,2471.72,2473.99,2471.42,2472.47,63330
1787662920,2472.27,2472.51,2470.19,2472.27,53030
1787662980,2472.36,2474.86,2472.15,2474.33,65044
1787663040,2474.32,2474.7,2473.73,2474.41,38705
1787663100,2474.4,2474.51,2473.4,2473.63,28725
1787663160,2473.63,2474.48,2472.46,2474.47,44828
1787663220,2474.47,2475.22,2472,2472.01,46675
1787663280,2472,2472,2467.93,2468.95,141088
1787663340,2468.95,2472.3,2468.52,2470.07,70363
1787663400,2470.2,2472.08,2469.33,2470.97,74872
1787663460,2471.04,2471.78,2465.92,2466.82,194097
1787663520,2466.82,2467.34,2464.24,2464.3,153791
1787663580,2464.3,2469,2464.3,2468.99,83127
1787663640,2469,2470,2465.9,2466.7,64748
1787663700,2466.69,2466.89,2464.01,2464.02,97330
1787663760,2464.02,2465.15,2462.43,2463.22,140867
1787663820,2463.22,2464.78,2461.86,2462.16,145048
1787663880,2462.15,2462.49,2459.05,2459.88,364709
1787663940,2459.87,2463.42,2459.87,2462.7,121406
1787664000,2462.69,2464.75,2461.32,2463.21,242950
1787664060,2463.22,2465.51,2461.6,2461.81,205591
1787664120,2461.8,2462.62,2456.42,2460.46,314360
1787664180,2460.27,2460.99,2455.11,2460.5,538244
1787664240,2460.49,2461.61,2457.88,2458.68,187237
1787664300,2458.68,2460.92,2457.17,2459.04,116063
1787664360,2459.04,2459.75,2456.12,2458.34,137922
1787664420,2458.34,2459.2,2453.44,2453.96,354219
1787664480,2454.18,2457.6,2453.41,2456.81,423238
1787664540,2456.81,2458.47,2456.17,2456.48,230874
1787664600,2456.48,2464.24,2454.5,2457.79,385415
1787664660,2457.79,2462.78,2457.18,2461.7,242760
1787664720,2461.8,2464.9,2459.25,2464.32,210603
1787664780,2464.32,2468.74,2463.5,2465.78,411282
1787664840,2465.78,2469.97,2465.23,2469.88,208849
1787664900,2469.89,2473.49,2467.67,2473.08,419904
1787664960,2472.98,2475.85,2469.44,2470.26,528340
1787665020,2470.25,2475.02,2469.39,2473.91,447911
1787665080,2473.92,2474.75,2471.95,2472.01,261017
1787665140,2471.96,2472.78,2470,2470.34,165012
1787665200,2470.35,2471.94,2468.11,2468.11,182208
1787665260,2468.11,2471.19,2466.96,2471.19,162116
1787665320,2471.2,2474.44,2468.4,2469.33,162640
1787665380,2469.14,2469.2,2463.94,2464.2,207129
1787665440,2464.3,2466.28,2461.3,2463.27,274983
1787665500,2463.26,2464.18,2458.8,2459.38,384621
1787665560,2459.37,2463.85,2455.76,2463.37,417120
1787665620,2463.36,2464.89,2459.17,2460.69,195104
1787665680,2461.04,2464.53,2457.38,2459.25,236021
1787665740,2459,2460.48,2453.75,2456.9,406039
1787665800,2456.89,2457.35,2450.99,2451.29,670768
1787665860,2451.3,2451.3,2436.5,2446.13,2095937
1787665920,2446.13,2450,2444.31,2445.74,1004013
1787665980,2445.74,2446.88,2440.97,2444.71,650390
1787666040,2444.75,2447.78,2444.75,2447.73,343275
1787666100,2447.72,2451.74,2444.81,2451.03,343036
1787666160,2451.04,2455.44,2450.19,2454.79,343582
1787666220,2454.79,2456.28,2453.26,2453.45,232098
1787666280,2453.46,2457.5,2453.33,2457.13,199089
1787666340,2457.09,2460.55,2456.72,2459.53,354220
1787666400,2459.54,2460.88,2457.51,2458.91,263792
1787666460,2458.79,2459.99,2457.3,2459.2,211487
1787666520,2459.09,2462.56,2452.84,2453.56,394200
1787666580,2453.55,2458.93,2453.55,2457.73,270133
1787666640,2457.72,2462.5,2457.47,2462.5,230067
1787666700,2462.5,2465.88,2461.9,2463.1,353298
1787666760,2463.11,2463.51,2460.35,2460.79,262374
1787666820,2460.8,2465.62,2460.5,2464.72,156078
1787666880,2464.72,2466,2462.45,2463.75,131645
1787666940,2463.87,2466,2463.2,2465.73,143944
1787667000,2465.74,2470.08,2465.5,2468.21,358577
1787667060,2468.22,2471.8,2467.36,2467.52,423372
1787667120,2467.53,2468,2465.38,2466.89,244623
1787667180,2466.89,2467.64,2465.42,2466.34,199579
1787667240,2466.34,2467.64,2465.06,2465.84,95042
1787667300,2466,2468.91,2463.2,2468.33,177618
1787667360,2468.33,2470.4,2466.2,2469.13,226029
1787667420,2469.13,2469.13,2465,2467.45,171809
1787667480,2467.33,2468.13,2465.03,2465.72,157960
1787667540,2465.72,2468.37,2464.12,2464.4,84106
1787667600,2464.15,2467.1,2463.2,2466.78,135909
1787667660,2466.79,2467.92,2465.29,2467.78,66309
1787667720,2467.78,2470.57,2465.76,2468.41,252415
1787667780,2468.42,2470.78,2467.84,2470.11,177835
1787667840,2470.1,2472.06,2469,2471.93,127784
1787667900,2471.94,2476,2470.9,2471.65,369697
1787667960,2471.96,2475,2470.17,2474.5,300182
1787668020,2474.5,2476.33,2473.01,2473.31,287057
1787668080,2473.54,2474.83,2472.42,2474.46,194229
1787668140,2474.58,2479.3,2474.26,2474.38,333880
1787668200,2474.38,2474.97,2469.38,2472.9,418859
1787668260,2473.04,2474.62,2471.59,2474.62,291816
1787668320,2474.61,2479.34,2474.42,2478.41,276080
1787668380,2478.32,2483,2477.33,2480.92,553835
1787668440,2480.92,2481.35,2475.02,2476.95,389189
1787668500,2476.94,2477.85,2475.23,2475.23,290332
1787668560,2475.24,2478.39,2475.24,2478.27,169389
1787668620,2478.27,2479.27,2476.91,2477.22,140829
1787668680,2477.22,2477.94,2473.65,2473.85,123915
1787668740,2473.86,2474.5,2471.62,2472.59,215537
1787668800,2472.68,2474.4,2471.62,2472.5,117107
1787668860,2472.5,2473.89,2471.41,2471.62,79285
1787668920,2471.62,2473.6,2470.33,2470.55,140422
1787668980,2470.54,2472.72,2470.08,2472.48,106238
1787669040,2472.48,2473.95,2472.21,2472.97,100164
1787669100,2472.85,2475.5,2472.61,2474.77,71823
1787669160,2474.76,2475.99,2473.72,2474.88,70451
1787669220,2474.88,2477.5,2473.93,2477.2,99578
1787669280,2477.19,2477.6,2475.4,2475.45,89768
1787669340,2475.4,2475.95,2474.44,2474.44,40483
1787669400,2474.44,2475.83,2474.02,2475.54,46601
1787669460,2475.64,2477.46,2474.1,2477.46,58664
1787669520,2477.45,2478.3,2476.73,2477.05,64209
1787669580,2477.17,2477.17,2475.09,2475.76,59794
1787669640,2475.76,2476.39,2474.62,2474.78,47219
1787669700,2474.78,2476.69,2474.5,2476.4,57581
1787669760,2476.41,2477.57,2476.35,2476.89,57037
1787669820,2477.04,2477.71,2475.33,2475.84,57648
1787669880,2475.84,2476.21,2473.41,2475.26,91799
1787669940,2475.27,2476.21,2473.63,2475.73,64554
1787670000,2475.73,2475.95,2472.06,2473.01,96722
1787670060,2473.02,2475.58,2473.02,2473.26,61932
1787670120,2473.26,2473.9,2471.87,2473.81,92639
1787670180,2473.82,2476.9,2472.75,2473.38,76222
1787670240,2473.37,2474.69,2472.62,2473.97,67077
1787670300,2473.97,2475.2,2472.1,2472.59,66645
1787670360,2472.59,2475.06,2472.36,2474.95,88813
1787670420,2475.02,2476.21,2472.61,2472.61,98388
1787670480,2472.61,2474.96,2471.34,2472.14,130235
1787670540,2472.14,2473.08,2470.86,2471.48,129549
1787670600,2471.47,2472.85,2468.66,2469.76,178687
1787670660,2469.83,2472,2469.06,2470.25,104647
1787670720,2470.24,2470.24,2467.48,2468.05,154682
1787670780,2468.05,2468.77,2466,2466.54,138948
1787670840,2466.54,2468.75,2466.01,2466.36,209375
1787670900,2466.36,2469.52,2464.33,2469.52,336772
1787670960,2469.53,2472.89,2469.53,2472.25,224465
1787671020,2472.26,2472.38,2469.15,2469.75,106997
1787671080,2469.74,2473.25,2469.74,2472.49,63105
1787671140,2472.5,2475.15,2472.06,2473.77,93133
1787671200,2473.65,2476.3,2473.27,2476.08,81632
1787671260,2476.29,2476.29,2472.96,2474.99,125417
1787671320,2474.99,2475.69,2474.33,2474.49,86616
1787671380,2474.49,2474.88,2471.7,2471.98,60591
1787671440,2471.99,2472.47,2470.08,2470.16,67449
1787671500,2470.16,2470.44,2467.64,2468.25,102065
1787671560,2468.25,2469.72,2467.2,2468.4,91667
1787671620,2468.53,2470.22,2468,2470.22,65058
1787671680,2470.01,2472.18,2469.11,2472.18,53247
1787671740,2472.19,2473.58,2472,2473.21,61532
1787671800,2473.2,2473.91,2473,2473.87,48473
1787671860,2473.87,2473.87,2471.44,2471.44,63574
1787671920,2471.44,2472.23,2469,2470.72,77595
1787671980,2470.53,2474.37,2470.22,2474.06,77326
1787672040,2474.25,2474.25,2470.7,2472.21,91725
1787672100,2472.35,2476.39,2472.13,2475.6,138810
1787672160,2475.61,2478.89,2473.61,2476.59,162806
1787672220,2476.59,2478.26,2475.64,2475.64,109993
1787672280,2475.63,2477.4,2475.51,2477.18,62210
1787672340,2477.19,2477.77,2473.85,2474.7,92660
1787672400,2474.69,2474.69,2472.56,2472.96,83591
1787672460,2473.08,2473.82,2471.35,2473.34,53809
1787672520,2473.34,2474.64,2472.76,2473.66,71788
1787672580,2473.71,2475.34,2472.66,2474.54,37890
1787672640,2474.55,2476,2474.04,2476,85471
1787672700,2476,2477.22,2475.85,2477.22,94922
1787672760,2477.23,2477.23,2475.96,2476,67967
1787672820,2476,2476.64,2473.81,2473.81,85003
1787672880,2473.92,2474.22,2471.12,2471.12,87485
1787672940,2471.12,2472.71,2471.12,2472.33,69076
1787673000,2472.34,2473.3,2470.73,2473.19,60286
1787673060,2473.18,2473.68,2472.56,2473.51,35811
1787673120,2473.5,2475.51,2473.27,2474.05,49010
1787673180,2474.41,2476.5,2474.37,2475.85,68784
1787673240,2475.85,2477.5,2475.71,2476.35,71372
1787673300,2476.35,2478,2476.35,2477.99,102703
1787673360,2477.99,2480.16,2477.99,2479.23,139774
1787673420,2479.23,2480.27,2478.58,2480.27,107259
1787673480,2480.27,2481.44,2479.71,2480.48,149838
1787673540,2480.49,2482.5,2480.49,2481.18,160312
1787673600,2481.19,2481.76,2478.3,2479.87,166689
1787673660,2480.02,2482.2,2478.99,2481.42,163440
1787673720,2481.43,2481.56,2479.12,2479.74,75455
1787673780,2479.73,2484.58,2479.48,2483.34,226971
1787673840,2483.35,2483.59,2480.04,2480.05,149963
1787673900,2480.12,2480.5,2478.75,2478.76,90404
1787673960,2478.75,2479.34,2477.2,2478.39,88723
1787674020,2478.6,2479.44,2477.86,2478.6,59960
1787674080,2478.6,2478.6,2476.35,2476.69,116556
1787674140,2476.68,2476.68,2474.8,2474.98,70175
1787674200,2474.98,2476.11,2474.4,2475.83,77521
1787674260,2475.84,2476.24,2473.91,2474.12,56770
1787674320,2474.12,2474.29,2471.31,2471.43,190836
1787674380,2471.43,2473.56,2471.42,2472.37,111925
1787674440,2472.36,2473.1,2470.97,2472.42,121901
1787674500,2472.34,2474.01,2471.32,2473.95,89715
1787674560,2473.96,2474.12,2472.6,2473.37,45252
1787674620,2473.37,2474.41,2472.6,2472.83,46499
1787674680,2472.95,2475.98,2472.84,2475.79,51942
1787674740,2475.8,2475.8,2474.08,2475,37991
1787674800,2475,2475.41,2472.87,2473.59,35445
1787674860,2473.6,2474.01,2471.37,2471.89,32717
1787674920,2471.89,2472.85,2471.2,2471.31,51166
1787674980,2471.52,2471.95,2468.4,2468.4,136556
1787675040,2468.4,2469.73,2466.3,2469.4,266037
1787675100,2469.4,2469.4,2467.25,2468.37,177401
1787675160,2468.5,2468.84,2467.29,2468.74,101900
1787675220,2468.74,2469.79,2468.35,2469.47,97561
1787675280,2469.56,2470.48,2469,2469.97,55132
1787675340,2469.98,2471.6,2469.73,2470.74,73677
1787675400,2470.74,2472.34,2470.36,2471.75,53756
1787675460,2471.76,2474.47,2471.76,2473.63,85046
1787675520,2473.64,2477.07,2473.64,2474.92,112388
1787675580,2475.01,2475.92,2473.22,2473.95,71169
1787675640,2473.95,2475.72,2473.68,2473.87,65375
1787675700,2473.87,2474.72,2472,2472.54,39809
1787675760,2472.55,2474.03,2471.82,2474.03,23012
1787675820,2474.03,2474.03,2472.45,2473.39,34962
1787675880,2473.4,2474.85,2473.21,2474.38,25578
1787675940,2474.29,2474.97,2473.64,2473.95,74168
1787676000,2474.05,2474.29,2473.14,2473.53,23136
1787676060,2473.52,2476.35,2473.52,2475.17,47469
1787676120,2475.58,2476.33,2474.92,2476.31,34183
1787676180,2476.32,2477.39,2475.67,2476.1,55253
1787676240,2476.11,2476.27,2474.16,2474.16,36331
1787676300,2474.16,2477.28,2474.08,2476.92,51612
1787676360,2476.93,2478.46,2476.77,2476.9,93195
1787676420,2476.9,2477.33,2473.69,2474.23,38716
1787676480,2474.23,2476.61,2474.23,2475.9,70488
1787676540,2475.91,2477.11,2475.36,2475.37,17430
1787676600,2475.74,2475.74,2473.85,2474.42,37593
1787676660,2474.59,2474.64,2473.05,2473.42,25670
1787676720,2473.41,2473.95,2472.28,2472.66,31333
1787676780,2472.66,2473.14,2471.43,2471.44,62943
1787676840,2471.43,2471.75,2470.55,2470.8,48917
1787676900,2470.79,2471.18,2469.56,2470.07,63315
1787676960,2470.06,2470.27,2468.88,2469.39,62510
1787677020,2469.39,2470.88,2467.68,2470.13,151458
1787677080,2470.13,2470.33,2468.51,2469.83,78617
1787677140,2469.82,2470.2,2468.51,2469.64,72358
1787677200,2469.5,2469.51,2467.1,2467.43,162239
1787677260,2467.44,2470.4,2467.43,2468.91,92880
1787677320,2468.92,2470.04,2462.84,2466.03,367722
1787677380,2466.03,2467.56,2465.59,2465.76,302820
1787677440,2465.75,2466.2,2464.73,2464.91,87223
1787677500,2464.9,2467.96,2464.21,2466.33,122693
1787677560,2466.32,2466.6,2463.69,2464.93,83046
1787677620,2464.81,2465.46,2463.31,2463.6,87720
1787677680,2463.59,2463.71,2457.1,2458.74,449125
1787677740,2458.68,2460.83,2457.09,2459.56,359795
1787677800,2459.56,2461.39,2454.5,2455.68,525201
1787677860,2455.69,2456.8,2455.13,2456.1,320934
1787677920,2455.94,2459.59,2455.94,2458.81,160942
1787677980,2458.81,2460.26,2458.32,2460.03,120570
1787678040,2459.9,2462,2459.89,2461.81,123792
1787678100,2461.82,2463.28,2460.86,2460.97,128812
1787678160,2460.97,2463.56,2460.97,2462.88,92886
1787678220,2462.88,2464.9,2462.62,2464.48,75868
1787678280,2464.49,2464.72,2462.94,2464,91878
1787678340,2463.92,2464.41,2463.23,2463.91,49992
1787678400,2463.9,2465.05,2463.32,2464.91,42638
1787678460,2464.92,2465.47,2463.25,2464.2,58309
1787678520,2464.21,2464.33,2460.48,2460.48,63450
1787678580,2460.46,2460.46,2457.5,2458.27,130518
1787678640,2458.27,2458.93,2457.25,2458.61,136910
1787678700,2458.6,2459,2457.48,2457.48,82187
1787678760,2457.6,2458.28,2456.12,2456.37,115996
1787678820,2456.38,2457.88,2456.38,2457.65,77971
1787678880,2457.66,2458.63,2456.55,2457.28,64495
1787678940,2457.28,2459.59,2456.24,2457.36,83597
1787679000,2457.35,2460.72,2457.35,2460.64,99543
1787679060,2460.64,2462.83,2459.77,2462.59,78802
1787679120,2462.47,2463.97,2461.97,2463.97,77460
1787679180,2463.97,2466.3,2463.14,2466.17,94936
1787679240,2466.18,2467.58,2463.84,2464.35,96940
1787679300,2464.47,2464.48,2462,2462.51,47689
1787679360,2462.51,2464.02,2462.51,2462.78,41331
1787679420,2462.79,2464.67,2462.78,2463.99,31484
1787679480,2463.99,2465.34,2463.01,2464.86,34167
1787679540,2464.87,2464.87,2462.62,2463.29,23490
1787679600,2463.15,2465.99,2462.88,2465.78,46926
1787679660,2465.79,2467.68,2465.38,2466.3,87264
1787679720,2466.31,2467.61,2466.09,2467.35,79007
1787679780,2467.35,2467.96,2466.65,2466.96,52267
1787679840,2466.97,2467.13,2465.83,2466.69,46706
1787679900,2466.7,2467.49,2466.25,2467.19,95779
1787679960,2467.2,2468,2465.86,2466.48,128604
1787680020,2466.48,2468.11,2466.22,2467.7,87895
1787680080,2467.7,2468.65,2467.31,2468.53,55715
1787680140,2468.53,2468.79,2467.58,2467.79,47663
1787680200,2467.84,2467.84,2466.36,2467.08,21633
1787680260,2467.08,2467.89,2466.35,2466.76,28043
1787680320,2466.76,2468,2466.75,2467.65,22746
1787680380,2467.65,2468.06,2466.43,2467.14,13525
1787680440,2467.13,2468.69,2467.13,2467.31,19032
1787680500,2467.32,2469.37,2466.96,2469.28,51033
1787680560,2469.28,2469.78,2467.43,2467.43,46784
1787680620,2467.31,2468.68,2467.18,2468.5,38746
1787680680,2468.5,2469.33,2467.3,2469.33,15187
1787680740,2469.26,2469.96,2468.84,2469.81,24748
1787680800,2469.81,2470.41,2469.35,2470.36,67683
1787680860,2470.37,2471.88,2469.7,2469.83,94128
1787680920,2469.83,2471.35,2468.66,2470.91,93445
1787680980,2470.91,2473.42,2470.43,2472.27,122133
1787681040,2472.27,2472.37,2469.54,2469.54,83660
1787681100,2469.55,2470.92,2469.38,2470.91,49540
1787681160,2470.92,2471.8,2470.44,2471.19,56242
1787681220,2470.88,2471.98,2470.08,2470.08,53794
1787681280,2470.09,2470.6,2469.6,2470.31,26442
1787681340,2470.31,2471.99,2470.18,2471.5,25257
1787681400,2471.51,2471.73,2470.09,2470.82,28237
1787681460,2470.72,2471.46,2470.45,2471.46,12552
1787681520,2471.57,2473,2471.52,2472.41,51216
1787681580,2472.4,2473.49,2471.5,2472.72,51977
1787681640,2472.73,2472.97,2471.81,2472.11,62452
1787681700,2472.2,2473,2472.2,2472.7,12392
1787681760,2472.71,2473.39,2472.01,2472.01,25205
1787681820,2472.01,2472.01,2471,2471.63,27154
1787681880,2471.63,2472.73,2470.96,2470.97,38999
1787681940,2470.97,2471.18,2470.24,2470.92,24431
1787682000,2470.88,2470.9,2469.81,2470.19,43499
1787682060,2470.18,2471.71,2470,2470.39,29752
1787682120,2470.59,2471.71,2470.48,2471.36,13367
1787682180,2471.54,2473.47,2471.54,2472.76,28133
1787682240,2472.96,2473.32,2471.39,2471.84,26253
1787682300,2471.83,2471.86,2471.1,2471.18,23493
1787682360,2471.17,2471.51,2470.48,2470.91,12338
1787682420,2471.03,2471.74,2470.54,2471.08,40758
1787682480,2471.2,2471.64,2470.59,2471.19,31124
1787682540,2471.19,2471.83,2471.19,2471.38,5805
1787682600,2471.39,2471.39,2469.27,2469.28,36795
1787682660,2469.27,2469.27,2467.92,2468.17,53226
1787682720,2468.17,2468.74,2467.24,2468.11,55928
1787682780,2468.1,2468.47,2466.47,2467.84,38712
1787682840,2467.73,2468.12,2466.42,2466.56,112913
1787682900,2466.56,2468.12,2466.43,2467.49,43115
1787682960,2467.48,2467.48,2466.05,2466.19,96745
1787683020,2466.18,2466.29,2465,2465.7,60296
1787683080,2465.69,2466.96,2465.69,2466.68,54594
1787683140,2466.61,2468.22,2466.31,2467.85,42219
1787683200,2467.7,2468.01,2466.94,2467.19,18149
1787683260,2467.18,2467.78,2466,2466.15,30949
1787683320,2466.14,2466.44,2465.44,2465.83,14715
1787683380,2465.82,2466.56,2465.41,2466.32,12352
1787683440,2466.32,2467.08,2466.32,2466.84,14384
1787683500,2466.84,2467.61,2466.54,2466.86,10952
1787683560,2466.86,2467.9,2466.69,2467.42,19730
1787683620,2467.42,2468.16,2467.31,2467.88,15242
1787683680,2467.89,2468.89,2467.42,2467.81,24749
1787683740,2467.96,2467.96,2466.59,2467.45,44388
1787683800,2467.47,2467.68,2466.57,2466.57,39079
1787683860,2466.79,2467.52,2466.78,2467,12905
1787683920,2467,2467,2466.04,2466.1,12127
1787683980,2466.1,2466.37,2463.06,2463.71,72547
1787684040,2463.7,2464.05,2462.59,2463.64,90735
1787684100,2463.64,2464.56,2463.36,2464.2,40447
1787684160,2464.31,2465.34,2464.02,2465.15,20511
1787684220,2465.16,2465.39,2464.37,2464.93,7947
1787684280,2464.92,2466.3,2464.92,2465.65,22346
1787684340,2465.65,2466.7,2465.65,2465.9,42257
1787684400,2465.87,2466.99,2465.87,2466.74,27011
1787684460,2466.64,2467.34,2466.38,2467.11,26540
1787684520,2467.11,2468.11,2467.1,2467.84,27433
1787684580,2467.85,2467.91,2465.25,2465.25,19955
1787684640,2465.26,2465.53,2461.51,2461.58,60893
1787684700,2461.57,2464.68,2461.43,2464.6,106508
1787684760,2464.61,2464.82,2462.32,2462.53,39101
1787684820,2462.53,2463.16,2462.06,2463.16,46581
1787684880,2463.35,2463.8,2463.17,2463.79,14827
1787684940,2463.96,2465.78,2463.96,2465.76,22012
1787685000,2465.77,2466.3,2465.41,2466.3,18249
1787685060,2466.29,2466.99,2465.33,2465.69,26501
1787685120,2465.69,2465.84,2464.2,2464.6,33424
1787685180,2464.59,2466.64,2464.59,2466.64,18767
1787685240,2466.64,2467.2,2466.49,2466.58,25368
1787685300,2466.58,2467.19,2465.91,2467.19,22483
1787685360,2467.19,2467.38,2465.78,2465.95,17526
1787685420,2466.12,2467.14,2466.12,2466.95,20051
1787685480,2466.95,2468.26,2466.59,2467.69,35389
1787685540,2467.7,2468.6,2467.69,2468.51,38279
1787685600,2468.52,2468.6,2465.64,2465.78,39860
1787685660,2465.79,2467.11,2465.79,2466.77,24929
1787685720,2466.77,2466.77,2465.64,2466.56,23799
1787685780,2466.56,2466.88,2465.96,2466.57,8373
1787685840,2466.57,2467.79,2466.56,2467.78,25328
1787685900,2467.79,2467.79,2464.55,2465.44,37115
1787685960,2465.44,2465.56,2463.09,2463.18,28936
1787686020,2463.08,2463.37,2461.23,2461.38,48098
1787686080,2461.37,2462.67,2461.1,2461.8,37472
1787686140,2461.8,2462.5,2461.1,2461.1,25174
1787686200,2461.09,2461.5,2458.16,2458.46,103606
1787686260,2458.54,2459.04,2458.16,2458.88,93762
1787686320,2458.77,2458.77,2457.11,2457.85,56235
1787686380,2457.84,2458.34,2455.74,2457.4,180235
1787686440,2457.39,2459.21,2456.86,2459.2,112942
1787686500,2459.2,2461,2458.72,2459.44,89269
1787686560,2459.28,2459.99,2459.28,2459.99,73225
1787686620,2459.98,2460.47,2458.82,2459.42,46669
1787686680,2459.36,2460.49,2459.36,2459.99,24781
1787686740,2459.88,2460.13,2458.32,2458.32,15516
1787686800,2458.32,2458.57,2456.44,2456.44,30677
1787686860,2456.44,2457.85,2456,2457.37,46077
1787686920,2457.36,2457.37,2454.5,2455.93,76061
1787686980,2455.93,2457.07,2454.98,2455.49,52405
1787687040,2455.48,2455.8,2454.16,2455.06,81791
1787687100,2455.05,2457.16,2455.05,2456.37,60039
1787687160,2456.45,2456.88,2455.43,2455.56,51090
1787687220,2455.41,2457.06,2455.41,2456.82,26617
1787687280,2456.91,2457.99,2456,2457.25,36398
1787687340,2457.13,2458.54,2456.79,2456.97,59272
1787687400,2456.96,2457.79,2456.38,2457.79,55890
1787687460,2457.69,2460.3,2457.69,2460.03,159468
1787687520,2460.03,2461.3,2459.93,2460.15,59811
1787687580,2460.16,2460.99,2460,2460.89,50668
1787687640,2461.07,2461.76,2460.05,2460.22,32497
1787687700,2460.22,2460.37,2458.69,2459.43,36529
1787687760,2459.44,2460.84,2459.44,2460.84,36243
1787687820,2460.84,2461.62,2460.29,2460.71,14194
1787687880,2460.72,2461.65,2460.71,2461.36,18035
1787687940,2461.35,2462.71,2460.93,2462.07,67858
1787688000,2462.11,2463.06,2461.06,2461.17,85523
1787688060,2461.17,2461.65,2458.91,2459.52,66260
1787688120,2459.72,2460.59,2458.18,2458.2,46858
1787688180,2458.12,2459.43,2456.81,2456.81,96879
1787688240,2456.81,2456.81,2447.66,2454.6,739247
1787688300,2454.32,2456,2451.67,2455.6,581245
1787688360,2455.59,2457.84,2454.45,2455.63,156790
1787688420,2455.78,2457.89,2455.78,2456.67,104103
1787688480,2456.66,2457.63,2456.66,2457.16,26085
1787688540,2457.16,2457.23,2455.93,2456.92,34824
1787688600,2456.68,2457.55,2455.79,2456.38,29334
1787688660,2455.92,2455.92,2454.5,2455.04,40267
1787688720,2455.03,2456,2454.93,2454.93,17429
1787688780,2454.93,2456.74,2454.51,2456.65,44736
1787688840,2456.66,2457.21,2455.95,2456.87,32281
1787688900,2456.96,2457.69,2455.69,2457.69,30235
1787688960,2457.69,2458.64,2455.53,2455.53,28254
1787689020,2455.53,2458.04,2455.52,2458,34474
1787689080,2458,2459.38,2458,2458.72,32098
1787689140,2458.57,2460.5,2458.32,2460.13,39846
1787689200,2460.13,2460.31,2458.73,2458.88,31429
1787689260,2458.87,2458.87,2457.02,2458.22,25857
1787689320,2458.21,2458.93,2457.55,2458.55,15007
1787689380,2458.47,2459.69,2458.19,2459.55,14098
1787689440,2459.56,2460.2,2459.25,2459.41,12128
1787689500,2459.4,2459.84,2457.48,2457.97,24991
1787689560,2457.97,2458.4,2456.19,2456.73,37207
1787689620,2456.73,2457.24,2455.44,2456.37,23790
1787689680,2456.37,2457.02,2455.46,2455.96,12305
1787689740,2455.95,2456.46,2455.02,2455.2,19147
1787689800,2455.19,2455.84,2453.36,2453.61,44031
1787689860,2453.61,2454.02,2451.18,2452.71,75478
1787689920,2452.7,2453.61,2450.68,2452.56,60956
1787689980,2452.32,2454.58,2452.22,2454.26,84876
1787690040,2454.26,2454.26,2452.21,2452.65,38024
1787690100,2452.63,2454.86,2452.63,2454.64,24311
1787690160,2454.64,2454.64,2451.69,2453.08,14770
1787690220,2453.08,2454,2451.84,2451.85,17258
1787690280,2451.84,2451.84,2449.13,2449.35,96951
1787690340,2449.34,2450.11,2444,2446.32,508951
1787690400,2446.32,2447.22,2445,2446.01,261389
1787690460,2446.16,2447.59,2446.15,2447.17,105216
1787690520,2447.03,2447.73,2444.23,2444.4,118588
1787690580,2444.59,2446.61,2444.44,2446.43,60089
1787690640,2446.44,2447.57,2441.57,2445.24,231438
1787690700,2445.24,2446.87,2444.85,2446.52,134839
1787690760,2446.52,2447.28,2435.58,2437.89,540197
1787690820,2437.88,2438.66,2435.42,2436.05,428303
1787690880,2436.05,2436.73,2433.2,2434.33,525950
1787690940,2434.32,2434.95,2432.47,2434.6,394120
1787691000,2434.6,2441.83,2433.73,2440.52,504633
1787691060,2440.53,2440.93,2437.91,2439.13,161663
1787691120,2439.12,2440.53,2438.12,2439.72,102121
1787691180,2439.95,2440.24,2438,2438.57,81238
1787691240,2438.57,2440.5,2438,2438.02,110323
1787691300,2438.01,2438.89,2435.36,2438.47,72469
1787691360,2438.48,2440.75,2436.5,2436.5,113533
1787691420,2436.58,2437.31,2435.32,2436.82,141317
1787691480,2437.14,2437.42,2434.31,2435.51,76713
1787691540,2435.51,2436.09,2435.01,2435.29,55313
1787691600,2435.29,2438.03,2434.43,2437.12,63613
1787691660,2437.05,2437.29,2434.07,2434.21,84540
1787691720,2434.37,2435.1,2433.47,2435.09,61656
1787691780,2435.1,2440.19,2434.53,2434.53,130267
1787691840,2434.54,2436.34,2434.05,2436.08,121658
1787691900,2436,2439,2436,2438.45,63595
1787691960,2438.35,2438.75,2436.01,2436.42,81252
1787692020,2436.41,2437,2423.89,2429.9,1049373
1787692080,2429.94,2430.68,2413.68,2419.89,1566343
1787692140,2419.9,2422.65,2416.96,2417.14,778434
1787692200,2417.14,2423.16,2414.67,2422.92,608868
1787692260,2422.92,2427.82,2421.18,2425.17,284398
1787692320,2425.17,2425.27,2422.55,2424.79,170103
1787692380,2424.79,2428.42,2424.79,2428.42,230107
1787692440,2428.42,2429.44,2426.9,2429.12,196386
1787692500,2429.13,2429.42,2424.32,2425.55,140758
1787692560,2425.54,2431.34,2425.54,2430.58,239662
1787692620,2430.58,2431.35,2429,2431.18,109742
1787692680,2431.18,2433.65,2430.7,2431.32,103067
1787692740,2431.21,2433.54,2431.1,2432.87,88727
1787692800,2432.87,2432.87,2422.77,2424.64,381219
1787692860,2424.64,2428.9,2423.62,2428.74,195394
1787692920,2428.74,2428.75,2425.22,2426.4,126659
1787692980,2426.12,2426.68,2425.2,2425.29,88969
1787693040,2425.22,2428.25,2425,2427.62,43619
1787693100,2427.61,2428.42,2425.23,2428.41,77590
1787693160,2428.4,2431,2428.17,2428.94,120729
1787693220,2428.94,2430.26,2428.29,2429.27,106250
1787693280,2429.16,2431.03,2429.16,2430.7,56716
1787693340,2430.71,2433.28,2430.7,2433.04,104169
1787693400,2433.03,2433.68,2432.02,2433.6,47827
1787693460,2433.61,2434.24,2431.78,2431.78,72972
1787693520,2431.56,2433.64,2431.14,2432.2,48182
1787693580,2432.2,2433.73,2431.52,2433.61,50586
1787693640,2433.61,2436.8,2433.04,2435.25,119160
1787693700,2435.25,2438.64,2435.25,2437.85,204486
1787693760,2437.85,2440.61,2437.84,2440.21,162970
1787693820,2440.21,2440.48,2438.85,2439.85,135342
1787693880,2439.85,2440.62,2439.09,2440.62,199407
1787693940,2440.63,2441.57,2440.62,2441.13,143148
1787694000,2441.14,2441.27,2439.8,2440.71,95256
1787694060,2440.71,2440.72,2439.08,2440.52,56084
1787694120,2440.51,2441.04,2439.5,2440.92,30514
1787694180,2440.92,2441.62,2439.14,2440.5,58603
1787694240,2440.5,2440.92,2439.2,2439.82,55781
1787694300,2439.81,2441.66,2439.35,2440.38,55847
1787694360,2440.38,2441.52,2440.01,2440.95,71091
1787694420,2441.09,2441.09,2439.6,2440.45,60897
1787694480,2440.68,2441.64,2440.31,2441.52,32396
1787694540,2441.52,2441.74,2441.38,2441.61,23441
1787694600,2441.62,2441.62,2439.44,2440.38,54379
1787694660,2440.38,2441.06,2439.42,2440.4,132367
1787694720,2440.4,2440.91,2437.89,2440.81,181613
1787694780,2440.82,2440.82,2438.39,2439.36,151371
1787694840,2439.36,2440.91,2438.73,2440.16,38687
1787694900,2440.1,2441.8,2438.07,2440.6,78758
1787694960,2440.61,2441.52,2438.69,2441.52,146847
1787695020,2441.52,2442,2441.05,2441.8,93313
1787695080,2441.8,2443.27,2439.5,2440.19,117823
1787695140,2440.2,2442,2440.18,2440.81,43398
1787695200,2440.81,2446.09,2440.81,2444.56,120408
1787695260,2444.56,2444.8,2441.13,2444.65,143600
1787695320,2444.76,2445.74,2442.35,2445.23,90213
1787695380,2445.23,2446.62,2445.22,2446.29,66547
1787695440,2446.3,2447.72,2445.88,2447.44,97285
1787695500,2447.44,2448.14,2446.3,2446.51,57880
1787695560,2446.59,2447.99,2446.58,2447.88,58120
1787695620,2447.87,2448.89,2447.35,2448.79,53096
1787695680,2448.79,2450.82,2447.48,2448.1,144049
1787695740,2447.93,2448.19,2446.94,2446.98,87575
1787695800,2446.97,2448.52,2446.85,2447.39,27150
1787695860,2447.39,2449.74,2446.88,2449.67,34643
1787695920,2449.67,2450.4,2448.5,2450.24,116893
1787695980,2450.24,2450.86,2449.38,2450.16,38316
1787696040,2450.16,2450.78,2448.28,2450.48,61971
1787696100,2450.6,2451.31,2449.94,2450.32,70578
1787696160,2450.33,2451.87,2449.92,2450.97,72789
1787696220,2450.98,2450.98,2448.71,2449.23,82227
1787696280,2449.22,2449.22,2447.85,2448.89,53205
1787696340,2448.88,2449.81,2448.12,2449.56,26513
1787696400,2449.56,2450,2446.56,2446.94,66210
1787696460,2446.93,2447.4,2445.83,2446.55,60027
1787696520,2446.62,2446.63,2445.12,2445.8,44509
1787696580,2445.8,2446.98,2445.8,2446.98,23512
1787696640,2446.98,2447.76,2446.95,2447.02,30792
1787696700,2447.02,2447.29,2445.18,2445.19,22906
1787696760,2445.11,2445.11,2443.29,2443.45,65111
1787696820,2443.54,2443.84,2440.7,2441.04,72053
1787696880,2441.04,2444.89,2440.8,2444.06,78215
1787696940,2444.05,2445.43,2443.95,2445.23,95059
1787697000,2445.26,2445.49,2442.83,2444.35,44031
1787697060,2444.35,2445.35,2443.88,2444.78,54342
1787697120,2444.94,2446.29,2444.94,2446.19,43138
1787697180,2446.29,2448,2446.22,2448,63097
1787697240,2448,2448.5,2447.88,2448,45674
1787697300,2448,2448.78,2447.91,2448.78,43288
1787697360,2448.78,2449.69,2446.74,2447.4,64566
1787697420,2447.4,2448.61,2447.06,2448.6,26638
1787697480,2448.61,2449.49,2447.44,2447.51,44368
1787697540,2447.6,2448.86,2447.1,2447.33,35746
1787697600,2447.32,2447.75,2446.56,2447.75,29852
1787697660,2447.76,2448.32,2447.32,2447.86,11457
1787697720,2447.86,2448.86,2447.54,2448.47,15794
1787697780,2448.48,2448.83,2448.02,2448.15,18026
1787697840,2448.14,2449.4,2448.14,2448.85,21644
1787697900,2448.84,2450.96,2448.34,2450.71,65711
1787697960,2450.71,2450.88,2449.81,2450.17,36985
1787698020,2450.17,2452.31,2450.17,2451.88,47148
1787698080,2451.88,2452.21,2450.61,2450.64,30293
1787698140,2450.64,2451.78,2449.35,2451.66,34892
1787698200,2451.66,2452.33,2451.53,2452.33,29611
1787698260,2452.33,2452.63,2452.04,2452.63,38575
1787698320,2452.63,2452.98,2452.03,2452.79,24706
1787698380,2452.79,2453.31,2452.79,2452.97,28872
1787698440,2452.98,2453.32,2452.47,2452.64,23732
1787698500,2452.78,2453.4,2452.35,2453.3,20524
1787698560,2453.41,2454.62,2452.73,2453.1,49573
1787698620,2453.02,2454,2452.59,2452.98,22836
1787698680,2453.06,2453.11,2452.21,2452.54,16383
1787698740,2452.55,2452.8,2452.29,2452.53,15050
1787698800,2452.54,2453.1,2450.97,2452.53,204132
1787698860,2452.54,2454.19,2452.54,2453.89,65505
1787698920,2453.88,2454.3,2453.42,2453.42,29096
1787698980,2453.43,2454.15,2453.03,2453.3,32905
1787699040,2453.3,2454.22,2452.28,2454.21,11022
1787699100,2454.21,2454.51,2454.02,2454.29,21912
1787699160,2454.29,2455.4,2452.63,2453.27,54780
1787699220,2453.27,2453.54,2451.74,2452.08,119244
1787699280,2452.09,2452.96,2451.68,2452.71,64566
1787699340,2452.71,2452.72,2451.5,2451.94,56765
1787699400,2451.94,2451.94,2450.45,2451.07,30583
1787699460,2451.07,2452.58,2450.32,2452.3,27078
1787699520,2452.3,2452.52,2451.19,2451.81,25636
1787699580,2451.91,2453.83,2451.91,2453.7,51325
1787699640,2453.71,2453.71,2451.86,2453.62,27226
1787699700,2453.62,2454.48,2452.86,2453.07,29033
1787699760,2452.96,2454.86,2452.65,2454.86,30605
1787699820,2454.86,2455.03,2453.14,2453.86,24596
1787699880,2453.95,2454.31,2451.21,2451.77,32728
1787699940,2451.77,2451.77,2449.64,2450.95,67705
1787700000,2450.95,2450.95,2449.01,2450.02,68341
1787700060,2450.27,2450.78,2448.71,2448.88,33831
1787700120,2448.88,2450.71,2448.58,2449.66,44960
1787700180,2449.67,2450.11,2448.92,2449.05,33029
1787700240,2449.15,2449.51,2447.75,2448.08,48250
1787700300,2448.08,2448.73,2447.06,2448.73,39274
1787700360,2448.73,2449.31,2448.02,2448.82,79091
1787700420,2448.82,2449.13,2448.04,2448.95,64506
1787700480,2449.03,2450.84,2449.03,2450.84,26455
1787700540,2450.84,2451.5,2450.18,2451.13,24259
1787700600,2451.13,2451.25,2447.47,2447.47,75049
1787700660,2447.47,2449,2447.42,2449,67856
1787700720,2449.08,2449.98,2448.74,2449.73,17575
1787700780,2449.72,2450.35,2449.72,2450.14,15743
1787700840,2450.14,2450.76,2449.43,2449.76,48164
1787700900,2449.75,2450.14,2447.8,2448.05,32479
1787700960,2448.02,2449.55,2447.81,2448.7,25516
1787701020,2448.7,2448.77,2447.39,2447.39,21247
1787701080,2447.39,2447.55,2446.5,2446.5,36100
1787701140,2446.5,2446.91,2446.5,2446.66,13100
1787701200,2446.65,2446.97,2445.8,2445.89,40404
1787701260,2445.88,2446.22,2445,2445,50123
1787701320,2445,2445.25,2442.29,2443.46,71699
1787701380,2443.45,2443.56,2441.61,2443.03,92278
1787701440,2443.02,2443.45,2442.17,2443.16,220359
1787701500,2443.16,2443.17,2440.14,2441.07,127836
1787701560,2441.07,2442.35,2440.13,2442.35,74600
1787701620,2442.36,2443.17,2441.27,2441.74,162320
1787701680,2441.73,2442.28,2439.16,2439.71,90356
1787701740,2439.72,2440.12,2438.32,2439.34,107802
1787701800,2439.34,2440.13,2438,2438.26,56124
1787701860,2438.01,2438.6,2436.8,2437.11,110715
1787701920,2437.1,2437.48,2435.79,2436.04,92236
1787701980,2436.04,2439.84,2435.48,2439.84,136527
1787702040,2439.83,2439.83,2436.94,2438.25,97188
1787702100,2438.25,2438.49,2437.12,2437.5,60018
1787702160,2437.49,2440.68,2437.43,2440.44,90272
1787702220,2440.45,2442.99,2440.45,2442.89,104713
1787702280,2442.89,2443.35,2441,2441.01,141006
1787702340,2441,2441.91,2440.82,2441.67,47026
1787702400,2441.67,2442.76,2439.06,2439.78,49359
1787702460,2439.78,2440.15,2438.66,2438.77,53815
1787702520,2438.73,2442.42,2438.72,2439.93,41205
1787702580,2439.93,2441.28,2438.41,2440.92,73670
1787702640,2440.8,2444.16,2440.17,2443.18,123975
1787702700,2443.3,2443.41,2437.82,2438.16,97772
1787702760,2438.15,2439.82,2437.54,2438.01,79985
1787702820,2438,2438.08,2436.16,2436.95,102353
1787702880,2436.94,2437.16,2435.24,2435.76,100839
1787702940,2435.75,2436.95,2434.28,2436.92,254269
1787703000,2436.92,2436.93,2435.3,2436.34,104864
1787703060,2436.46,2440.35,2436.46,2440.17,96882
1787703120,2440.17,2440.17,2437.29,2437.56,53110
1787703180,2437.71,2438.57,2435.54,2437.04,37765
1787703240,2437.03,2437.18,2435.06,2435.94,62401
1787703300,2435.93,2440.29,2435.27,2440.28,57708
1787703360,2440.29,2440.29,2437.39,2437.82,36083
1787703420,2437.82,2439.45,2437.82,2438.65,51609
1787703480,2438.64,2441.82,2438.5,2441.21,64630
1787703540,2441.1,2441.93,2439.84,2440.47,79764
1787703600,2440.56,2441.5,2439.86,2440.93,28135
1787703660,2440.92,2441.21,2438.67,2439.91,39388
1787703720,2439.9,2439.9,2437.43,2438.7,41059
1787703780,2438.91,2441.64,2438.91,2441.64,53333
1787703840,2441.64,2442.49,2441.24,2442.25,50131
1787703900,2442.26,2442.26,2439.91,2441,46630
1787703960,2440.99,2442.49,2440.19,2441.76,34358
1787704020,2441.75,2441.82,2441.01,2441.36,21309
1787704080,2441.37,2442.97,2440,2441.29,37886
1787704140,2441.3,2442.87,2441.07,2442.74,27410
1787704200,2442.75,2444.83,2442.51,2444.82,61413
1787704260,2444.83,2445.29,2443.49,2444.27,61162
1787704320,2444.27,2444.37,2442.22,2443.36,49914
1787704380,2443.36,2445.28,2442.91,2445.28,42033
1787704440,2445.28,2445.29,2442.46,2442.62,51583
1787704500,2442.62,2443.02,2440.83,2441.45,31283
1787704560,2441.45,2443.2,2441.17,2442.87,23450
1787704620,2442.88,2443.32,2438.01,2438.01,64217
1787704680,2438.01,2439.65,2436.48,2437.55,138878
1787704740,2437.54,2439.71,2436.58,2436.58,81942
1787704800,2436.83,2438.2,2435.65,2438.2,73730
1787704860,2438.4,2439.48,2437.52,2438.81,63363
1787704920,2438.82,2440.96,2438.02,2440.96,55783
1787704980,2440.67,2442.5,2438.14,2438.69,47919
1787705040,2438.69,2439.51,2438.39,2439.33,53282
1787705100,2439.32,2441.8,2438.65,2439.68,36026
1787705160,2439.57,2439.94,2438.39,2439.46,42709
1787705220,2439.45,2440,2437.8,2439.39,28749
1787705280,2439.64,2443.94,2439.44,2443.19,94872
1787705340,2443.19,2444.5,2443.08,2443.56,76224
1787705400,2443.57,2446.32,2443.36,2446.19,136707
1787705460,2446.2,2448.33,2445.2,2446.69,120750
1787705520,2446.7,2448.32,2445.52,2448.29,82030
1787705580,2448.3,2448.9,2447.2,2447.67,195236
1787705640,2447.53,2449.14,2446.39,2448.64,110028
1787705700,2448.65,2448.71,2446.6,2447.54,80386
1787705760,2447.44,2447.76,2446.68,2447.63,44235
1787705820,2447.64,2447.74,2446.68,2446.86,32342
1787705880,2446.93,2447.79,2446.6,2446.82,38274
1787705940,2446.82,2446.82,2445,2445.07,54331
1787706000,2444.96,2446.82,2443.88,2446.4,57136
1787706060,2446.53,2449.51,2446.08,2449.51,78425
1787706120,2449.51,2450.98,2448.51,2448.96,130110
1787706180,2448.96,2450.64,2448.53,2450.64,47512
1787706240,2450.64,2451.99,2450.56,2451.99,76574
1787706300,2452,2456.69,2451.95,2456.04,216791
1787706360,2456.04,2458.66,2455.15,2456.67,454241
1787706420,2456.68,2457.4,2454.11,2454.44,243382
1787706480,2454.44,2457.65,2454.44,2454.9,119453
1787706540,2454.9,2455.08,2452.2,2453.61,137978
1787706600,2453.61,2454.95,2452.73,2454.41,96554
1787706660,2454.41,2454.63,2453.63,2454.5,51717
1787706720,2454.5,2454.5,2452.77,2453.67,37357
1787706780,2453.67,2454.01,2451.6,2451.9,41707
1787706840,2451.91,2452.45,2450.87,2452.43,49423
1787706900,2452.43,2454.94,2451.11,2453.53,72711
1787706960,2453.52,2455.29,2452.22,2455.29,69201
1787707020,2455.33,2456.3,2454.65,2454.78,104600
1787707080,2454.79,2455.48,2453.13,2453.39,249710
1787707140,2453.51,2455.13,2453.51,2454.92,49996
1787707200,2454.92,2454.95,2453.29,2454.14,28026
1787707260,2454.13,2455.28,2454.04,2454.71,26150
1787707320,2454.71,2455.26,2453.51,2453.54,48381
1787707380,2453.55,2455.27,2453.04,2455.26,22425
1787707440,2455.26,2455.27,2453.76,2453.9,35415
1787707500,2453.8,2453.8,2451.2,2451.99,69631
1787707560,2451.99,2452.44,2451.55,2451.85,40626
1787707620,2451.91,2452.31,2450.91,2452.3,62627
1787707680,2452.3,2452.31,2451,2451.61,23951
1787707740,2451.6,2452.12,2451.02,2451.94,35247
1787707800,2451.94,2453.5,2451.74,2453.49,40016
1787707860,2453.49,2455.17,2453.29,2455.17,52649
1787707920,2455.16,2457.32,2455.16,2456.66,49197
1787707980,2456.65,2457.47,2455.41,2456.08,57125
1787708040,2456.08,2458,2455.58,2457.97,79732
1787708100,2457.97,2460.31,2457.47,2458.49,306311
1787708160,2458.49,2460.34,2458.31,2459.98,177582
1787708220,2459.85,2461,2457.79,2458.1,130217
1787708280,2458.1,2458.91,2457.5,2457.92,88860
1787708340,2457.93,2458.66,2457.52,2457.52,69668
1787708400,2457.52,2458.21,2456.6,2456.97,53536
1787708460,2456.98,2457.26,2455.29,2455.29,56596
1787708520,2455.29,2456.87,2455.2,2456.38,88050
1787708580,2456.37,2457.41,2455.45,2455.72,56089
1787708640,2455.84,2456.6,2455.08,2456.32,44670
1787708700,2456.52,2456.53,2454.51,2455.11,62549
1787708760,2455.11,2455.64,2454,2454.09,54681
1787708820,2454.14,2455.17,2454.14,2454.82,35969
1787708880,2454.69,2454.94,2453.6,2454.92,32622
1787708940,2454.91,2454.92,2453.55,2454.5,31260
1787709000,2454.5,2454.51,2452.86,2453.17,34925
1787709060,2453.17,2453.99,2452.84,2453.93,49026
1787709120,2453.94,2454.46,2453.67,2453.84,33527
1787709180,2453.84,2454.13,2453.24,2454.03,26760
1787709240,2453.92,2454.93,2453.64,2453.89,19820
1787709300,2453.9,2454.29,2453.51,2453.67,13262
1787709360,2453.58,2454.09,2453,2454.09,26838
1787709420,2454.18,2454.18,2452.78,2453.39,24192
1787709480,2453.4,2454.46,2453.4,2454.07,25904
1787709540,2454.08,2454.73,2453.9,2454.73,20319
1787709600,2454.73,2456.16,2454.45,2455.13,55016
1787709660,2455.12,2457.93,2454.34,2457.63,64452
1787709720,2457.52,2457.87,2456.33,2456.37,67620
1787709780,2456.36,2456.37,2455.11,2455.31,77751
1787709840,2455.31,2456.34,2454.23,2456.12,32294
1787709900,2456.12,2456.25,2455.56,2455.7,17933
1787709960,2455.7,2456.09,2453,2453.52,47307
1787710020,2453.52,2454,2452.86,2453.71,60519
1787710080,2453.85,2454.06,2452.59,2453.21,52415
1787710140,2453.35,2453.51,2452.8,2453.03,17583
1787710200,2453.03,2453.36,2452.61,2452.97,24278
1787710260,2452.97,2454.59,2452.84,2453.62,29226
1787710320,2453.61,2453.8,2453.05,2453.54,24209
1787710380,2453.54,2454.64,2453.38,2454.64,15183
1787710440,2454.64,2455.51,2453.68,2454.03,48750
1787710500,2454.02,2454.79,2453.84,2454.47,37532
1787710560,2454.34,2456.54,2454.34,2456.33,38097
1787710620,2456.33,2460.5,2456.32,2459.98,84013
1787710680,2459.98,2461.99,2459.84,2460.86,176833
1787710740,2460.73,2460.73,2458.42,2459.38,85163
1787710800,2459.37,2461.07,2459.1,2460.84,67702
1787710860,2460.83,2460.83,2458.87,2459.09,39794
1787710920,2459.09,2460.09,2459.06,2459.4,31880
1787710980,2459.39,2460.82,2458.87,2460.82,56209
1787711040,2460.81,2461,2460.23,2460.58,65809
1787711100,2460.57,2464.32,2460.36,2463.97,277884
1787711160,2463.97,2465.56,2462.71,2463,288561
1787711220,2462.99,2464.18,2462.22,2463.4,112545
1787711280,2463.4,2466.65,2462.99,2466.21,207060
1787711340,2466.21,2466.89,2465.41,2466.56,133136
1787711400,2466.56,2467.5,2463.86,2465.99,211622
1787711460,2465.97,2466.96,2464.85,2465.78,201208
1787711520,2465.78,2467,2464.75,2467,93803
1787711580,2467,2468.92,2466.99,2467.95,160274
1787711640,2467.96,2468.15,2465.92,2466.95,68660
1787711700,2467.09,2467.75,2466.43,2467.14,67904
1787711760,2467.13,2467.14,2465.99,2465.99,40825
1787711820,2465.99,2466.3,2465,2465.74,51988
1787711880,2465.46,2467.1,2465.39,2466.56,48582
1787711940,2466.63,2466.78,2465.99,2466.27,20149
1787712000,2466.27,2466.55,2465.86,2466.47,29722
1787712060,2466.47,2467.06,2465.66,2466.21,35074
1787712120,2466.13,2466.66,2465.17,2466.66,39832
1787712180,2466.65,2466.65,2465.39,2465.79,35316
1787712240,2465.78,2466,2465.52,2465.93,27339
1787712300,2465.94,2467.48,2465.48,2467.47,53582
1787712360,2467.47,2467.48,2466.23,2466.37,42509
1787712420,2466.36,2466.77,2465.6,2466,28647
1787712480,2466,2466.34,2465.46,2465.89,43060
1787712540,2465.88,2465.89,2463.25,2464.41,108781
1787712600,2464.41,2464.42,2463.36,2463.38,127960
1787712660,2463.38,2464.42,2463.38,2463.88,45229
1787712720,2463.89,2464.87,2463.89,2464.44,38280
1787712780,2464.45,2464.97,2463.4,2463.49,54152
1787712840,2463.48,2463.63,2462.8,2463.53,58216
1787712900,2463.53,2465.27,2463.53,2465.27,27976
1787712960,2465.26,2465.38,2463.84,2464.58,56354
1787713020,2464.58,2464.93,2464.37,2464.85,54652
1787713080,2464.85,2465,2464.62,2464.62,17764
1787713140,2464.63,2464.63,2463.86,2463.86,16137
1787713200,2463.86,2464.58,2463.49,2464.09,30324
1787713260,2464.09,2465.5,2464.09,2465.49,31318
1787713320,2465.5,2466.91,2465.11,2465.3,59656
1787713380,2465.4,2465.62,2463.68,2463.82,81165
1787713440,2463.96,2464.08,2463.25,2463.38,25998
1787713500,2463.37,2464.06,2463.37,2463.78,34161
1787713560,2464,2464.44,2463.02,2463.03,18082
1787713620,2463.03,2463.3,2462.43,2462.44,23525
1787713680,2462.43,2462.45,2461.51,2461.68,71503
1787713740,2461.69,2461.88,2461.08,2461.45,56788
1787713800,2461.45,2462.09,2461.45,2461.77,34428
1787713860,2461.78,2462.28,2461.54,2462.27,57015
1787713920,2462.28,2462.43,2461.17,2461.29,77891
1787713980,2461.29,2461.42,2461.01,2461.31,20613
1787714040,2461.41,2462.16,2461.41,2461.53,25982
1787714100,2461.53,2462.77,2461.4,2462.77,23628
1787714160,2462.76,2462.8,2460.84,2460.85,48384
1787714220,2460.85,2461.6,2460.35,2460.65,135727
1787714280,2460.64,2460.65,2459.88,2459.88,36571
1787714340,2459.89,2459.97,2458.88,2459.97,73012
1787714400,2459.96,2461.06,2459.96,2461.06,30872
1787714460,2461.05,2463.69,2460.62,2463.69,78297
1787714520,2463.69,2464.87,2463.69,2464.15,69799
1787714580,2464.15,2465,2463.94,2464.13,32448
1787714640,2464.13,2464.14,2463.61,2463.7,26963
1787714700,2463.7,2464.18,2463.23,2463.42,129533
1787714760,2463.41,2463.72,2462.81,2463.24,24653
1787714820,2463.24,2463.24,2461.86,2462.58,18889
1787714880,2462.59,2462.59,2461.86,2462.12,23242
1787714940,2462.26,2462.39,2461.45,2462.36,15426
1787715000,2462.35,2462.36,2461.23,2461.97,13108
1787715060,2461.95,2461.96,2460.12,2460.24,45537
1787715120,2460.24,2460.34,2457.38,2459.51,128162
1787715180,2459.29,2461.58,2458.49,2460.6,144796
1787715240,2460.47,2460.97,2459.76,2460.72,46536
1787715300,2460.8,2463.65,2460.8,2463.65,30580
1787715360,2463.44,2466.54,2463.44,2464.56,91549
1787715420,2464.56,2464.56,2462.38,2463.68,79469
1787715480,2463.79,2465.94,2462.96,2465.26,51024
1787715540,2465.22,2465.22,2463.51,2463.84,72350
1787715600,2463.84,2463.84,2460.84,2461.16,112220
1787715660,2461.17,2463,2461.16,2462.73,45739
1787715720,2462.73,2463.84,2462.73,2463.3,44691
1787715780,2463.3,2463.64,2462.65,2463.42,12076
1787715840,2463.41,2464.13,2463.41,2463.71,19504
1787715900,2463.7,2464.44,2463.11,2463.39,50175
1787715960,2463.39,2463.39,2461.95,2462.19,43873
1787716020,2462.19,2462.19,2461.15,2461.27,17279
1787716080,2461.28,2461.28,2460.3,2460.59,23407
1787716140,2460.58,2460.71,2460.3,2460.62,25720
1787716200,2460.72,2461.83,2460.05,2461.56,40158
1787716260,2461.82,2462.6,2461.52,2462.59,32230
1787716320,2462.59,2463.78,2462.03,2463.48,48764
1787716380,2463.48,2463.86,2461.96,2462.17,14360
1787716440,2462.17,2463.92,2462.17,2463.92,11209
1787716500,2463.92,2465.5,2463.92,2465.49,68237
1787716560,2465.5,2466,2464.44,2464.54,89186
1787716620,2464.54,2464.93,2464.24,2464.36,33884
1787716680,2464.36,2465.41,2464.36,2465.11,27485
1787716740,2464.98,2465.34,2464.31,2464.43,12927
1787716800,2464.43,2464.65,2462.71,2463.34,21720
1787716860,2463.35,2463.61,2461.9,2461.9,34711
1787716920,2462.09,2462.99,2460.92,2462.64,49940
1787716980,2462.94,2463,2461.54,2461.65,38664
1787717040,2461.91,2463.55,2461.54,2463.36,17222
1787717100,2463.36,2463.88,2461.92,2463.69,40103
1787717160,2463.69,2465.64,2463.48,2465.63,40839
1787717220,2465.65,2466.33,2465.17,2465.89,70205
1787717280,2465.89,2467.87,2465.75,2466.82,150120
1787717340,2466.82,2471.99,2466.82,2471.7,288261
1787717400,2471.71,2471.71,2469.17,2469.24,200073
1787717460,2469.25,2469.83,2466,2466.01,79813
1787717520,2466.01,2466.85,2465.8,2465.94,65991
1787717580,2465.93,2465.93,2464.16,2464.8,78228
1787717640,2464.81,2465.49,2463.51,2465.32,35541
1787717700,2465.32,2466,2464,2464.87,67440
1787717760,2464.95,2466.71,2464.95,2466.36,28672
1787717820,2466.36,2466.99,2465.5,2466.99,17156
1787717880,2466.99,2467.85,2466.74,2467.71,63910
1787717940,2467.7,2468.96,2467.7,2468.86,44301
1787718000,2468.86,2468.95,2466.83,2466.85,52029
1787718060,2466.85,2467.28,2465.82,2466.93,48408
1787718120,2466.93,2466.99,2466.3,2466.3,26278
1787718180,2466.3,2467.19,2465.5,2466.8,31908
1787718240,2466.81,2468.18,2466.8,2468.17,17592
1787718300,2468.17,2468.98,2467.82,2467.82,38248
1787718360,2467.82,2467.84,2465.62,2465.63,33919
1787718420,2465.62,2466.49,2464.85,2466.48,106759
1787718480,2466.37,2466.63,2464.84,2465.27,34985
1787718540,2465.28,2465.28,2465,2465.15,26229
1787718600,2465.25,2466.27,2465.19,2465.8,22713
1787718660,2465.93,2465.99,2465.36,2465.99,12773
1787718720,2465.98,2465.99,2463.6,2463.6,25146
1787718780,2463.61,2464.36,2462.01,2462.76,89506
1787718840,2462.77,2464.35,2461.65,2463.41,100451
1787718900,2463.42,2463.63,2462.27,2462.92,61044
1787718960,2462.92,2463.4,2462.49,2463.32,26549
1787719020,2463.45,2464.77,2463.45,2464.77,26062
1787719080,2464.64,2465,2464.43,2464.84,25793
1787719140,2464.85,2465.47,2462.4,2462.57,44038
1787719200,2462.56,2463.56,2462.35,2463.55,85835
1787719260,2463.56,2464.07,2463.45,2463.74,23331
1787719320,2464.27,2464.41,2463.77,2464.2,10085
1787719380,2464.19,2464.2,2463.34,2463.59,13597
1787719440,2463.58,2463.84,2463.17,2463.17,10949
1787719500,2463.17,2463.17,2460.85,2460.86,60839
1787719560,2460.85,2460.86,2459.14,2459.42,99736
1787719620,2459.53,2460.12,2458,2458.05,127272
1787719680,2458.04,2460.13,2456.2,2459.4,224797
1787719740,2459.7,2460.49,2458.95,2459.41,138214
1787719800,2459.27,2460.44,2458.61,2460.12,125840
1787719860,2460.11,2460.75,2459.65,2459.96,46812
1787719920,2459.96,2459.96,2457.36,2457.85,54770
1787719980,2457.85,2460.91,2457.66,2459.69,118970
1787720040,2459.7,2460.13,2459.29,2459.31,58350
1787720100,2459.31,2459.51,2456.52,2456.78,132712
1787720160,2456.78,2457.18,2455.22,2455.22,185007
1787720220,2455.22,2456.2,2454.37,2456.07,164312
1787720280,2455.95,2457.3,2455.95,2456.78,63125
1787720340,2456.79,2457.38,2455.74,2455.95,32163
1787720400,2455.95,2457.14,2455.67,2456.29,96976
1787720460,2456.36,2457.29,2455.3,2456.84,45852
1787720520,2456.7,2457.83,2454.35,2457.36,92456
1787720580,2457.35,2458.15,2455.63,2456.38,78206
1787720640,2456.37,2457.12,2455.01,2455.61,55022
1787720700,2455.49,2455.88,2451.38,2451.38,467036
1787720760,2451.48,2452.64,2450.01,2450.12,325028
1787720820,2450.11,2452.72,2450.11,2452.11,148454
1787720880,2452.11,2452.62,2451,2452.19,73501
1787720940,2452.2,2454.73,2451.97,2454.72,91851
1787721000,2454.73,2455.69,2454.52,2455.55,107366
1787721060,2455.55,2457.6,2455.33,2457.01,96299
1787721120,2457.02,2458.22,2456.02,2458.22,204465
1787721180,2458.22,2459.37,2457.03,2457.62,206537
1787721240,2457.48,2457.95,2456.78,2456.78,41827
1787721300,2456.66,2457.23,2455.58,2455.7,38354
1787721360,2455.7,2458.32,2455.11,2456.46,42473
1787721420,2456.36,2456.41,2453.45,2453.47,66462
1787721480,2453.59,2455.55,2453.36,2453.72,85782
1787721540,2453.72,2454.78,2453.05,2453.31,52614
1787721600,2453.21,2455.65,2453.21,2455.4,33005
1787721660,2455.39,2456.52,2453.99,2456.52,43770
1787721720,2456.14,2457.33,2455.93,2457.32,27086
1787721780,2457.33,2459.4,2457.15,2459.06,54731
1787721840,2459.05,2461.64,2458.5,2461.2,153285
1787721900,2461.21,2463.06,2460.61,2461.47,158653
1787721960,2461.48,2461.71,2459.45,2459.45,113786
1787722020,2459.45,2460.28,2459.41,2459.53,92468
1787722080,2459.54,2461.33,2459.54,2461,48886
1787722140,2461,2462.4,2461,2462,45544
1787722200,2462.01,2463.86,2461.06,2463.27,79832
1787722260,2463.28,2465.64,2463.14,2464.92,105285
1787722320,2464.99,2467.06,2464.82,2466.74,118520
1787722380,2466.75,2467.35,2464.55,2464.55,91184
1787722440,2464.44,2465.34,2463.63,2464.64,97695
1787722500,2464.76,2465.17,2463.44,2463.77,586759
1787722560,2463.76,2464.08,2461.09,2461.64,295181
1787722620,2461.95,2464.44,2461.8,2464.19,57069
1787722680,2464.18,2464.18,2462.26,2462.77,231414
1787722740,2462.78,2463.2,2461.9,2462.87,39487
1787722800,2463,2463.4,2462.18,2463.11,15264
1787722860,2463.11,2464,2462.76,2463.56,161815
1787722920,2463.57,2463.84,2463.09,2463.49,25960
1787722980,2463.23,2464.62,2463.23,2463.82,20335
1787723040,2463.82,2464.55,2462.26,2463.93,63948
1787723100,2463.93,2463.93,2462.39,2462.96,127893
1787723160,2462.95,2463.59,2462.15,2462.28,25921
1787723220,2462.51,2462.93,2462.27,2462.46,20237
1787723280,2462.3,2463.38,2461.55,2463.07,61836
1787723340,2463.08,2463.5,2462.28,2463.28,21331
1787723400,2463.5,2463.59,2462.78,2462.96,37667
1787723460,2462.96,2463.3,2461.89,2462.04,18669
1787723520,2462.04,2463.29,2461.82,2462.26,17341
1787723580,2462.26,2462.53,2460.46,2460.97,38080
1787723640,2460.96,2461,2459.61,2460.05,77689
1787723700,2460.04,2461.71,2459.51,2461.2,40239
1787723760,2461.21,2461.7,2461.07,2461.61,10002
1787723820,2461.62,2462.32,2461.02,2462.22,30413
1787723880,2462.23,2462.89,2462.18,2462.36,33418
1787723940,2462.36,2463.86,2462.36,2463.5,32722
1787724000,2463.5,2464.99,2462.97,2464.56,71002
1787724060,2464.58,2465.64,2463.22,2464.26,58057
1787724120,2464.26,2464.5,2462.63,2463.32,51040
1787724180,2463.32,2463.46,2461.5,2462.15,50872
1787724240,2462.15,2463.64,2462.04,2463.64,43229
1787724300,2463.64,2465.5,2463.63,2465.38,53167
1787724360,2465.27,2465.64,2464.98,2465.26,86418
1787724420,2465.27,2465.9,2465.21,2465.33,47410
1787724480,2465.34,2465.88,2464.43,2465.88,44666
1787724540,2465.88,2465.99,2465.07,2465.57,51185
1787724600,2465.58,2465.58,2464.31,2464.32,38787
1787724660,2464.45,2464.79,2461.31,2461.86,83665
1787724720,2462,2462.26,2459.72,2461.65,109390
1787724780,2461.65,2461.65,2460.38,2460.99,35533
1787724840,2460.99,2461.24,2460.28,2460.28,36311
1787724900,2460,2460.48,2459.34,2459.34,55849
1787724960,2459.33,2461.13,2459.24,2460.86,50274
1787725020,2460.86,2460.86,2458.66,2458.67,48037
1787725080,2458.66,2458.79,2456.61,2457.12,114727
1787725140,2457.11,2457.14,2455.68,2455.77,122476
1787725200,2455.66,2458.58,2455,2458.24,122204
1787725260,2458.24,2458.25,2457,2457.87,26800
1787725320,2457.86,2458.19,2456.23,2456.82,44146
1787725380,2456.82,2457.18,2455.87,2456.14,30482
1787725440,2456.14,2456.27,2454.51,2455.01,47240
1787725500,2455,2456.13,2453.41,2456.13,131168
1787725560,2456.13,2456.28,2455.37,2455.79,63888
1787725620,2455.78,2456.13,2454.49,2455.93,261229
1787725680,2455.94,2457.36,2455.94,2457.06,246369
1787725740,2456.98,2457.12,2455.05,2455.77,163987
1787725800,2455.77,2456.69,2455.15,2456.69,165304
1787725860,2456.69,2459.35,2456.68,2457.69,86737
1787725920,2457.7,2458.82,2457.06,2457.24,79053
1787725980,2457.24,2457.66,2455.2,2455.21,42445
1787726040,2455.21,2456.68,2455.2,2455.78,84438
1787726100,2455.78,2456.39,2455.33,2455.33,104536
1787726160,2455.33,2455.49,2453.91,2454.11,89858
1787726220,2454.11,2454.11,2452.4,2452.64,139265
1787726280,2452.64,2454.72,2452.11,2454.72,114173
1787726340,2454.78,2455.84,2454.3,2455.84,72447
1787726400,2455.83,2456.42,2455.21,2456.08,42279
1787726460,2456.08,2458.59,2455.85,2458.58,70669
1787726520,2458.59,2459.51,2458.19,2459.27,93810
1787726580,2459.28,2459.53,2458.67,2458.67,51587
1787726640,2458.67,2459.26,2458.07,2459.21,58105
1787726700,2459.22,2459.64,2458.56,2459.63,24362
1787726760,2459.64,2460,2459.34,2459.52,33746
1787726820,2459.52,2459.69,2459.27,2459.62,55986
1787726880,2459.63,2459.63,2456.59,2456.73,73962
1787726940,2457.02,2458.14,2456.35,2457.6,74877
1787727000,2457.6,2458.96,2457.6,2458.21,53067
1787727060,2458.21,2458.3,2457.32,2458.3,10801
1787727120,2458.3,2458.55,2457.84,2458.55,10199
1787727180,2458.55,2458.55,2457.75,2458.02,27486
1787727240,2458.02,2459.31,2458.02,2459.31,8933
1787727300,2459.31,2459.31,2457.61,2458.39,40748
1787727360,2458.37,2458.81,2457.48,2458.81,47826
1787727420,2458.8,2458.99,2458.47,2458.94,45983
1787727480,2458.94,2458.95,2458.08,2458.53,15608
1787727540,2458.53,2459,2458.43,2458.72,7389
1787727600,2458.52,2458.8,2456.95,2457.08,12201
1787727660,2457.07,2457.66,2456.16,2456.5,31808
1787727720,2456.49,2459.64,2455.67,2459.64,58724
1787727780,2459.63,2461.3,2458.75,2460.94,105403
1787727840,2460.95,2464.26,2460.94,2463.73,155416
1787727900,2463.73,2464.97,2463.24,2464.2,135758
1787727960,2464.21,2466.86,2463.95,2466.76,161889
1787728020,2466.76,2467.22,2464.05,2464.06,157808
1787728080,2464.28,2464.55,2462.78,2462.78,94712
1787728140,2462.95,2462.95,2460.8,2461.32,55846
1787728200,2461.32,2463.64,2461.32,2463.19,48841
1787728260,2463.2,2464.32,2463.2,2464.12,18340
1787728320,2464.05,2464.17,2462.3,2462.36,22302
1787728380,2462.36,2463.4,2462.24,2462.24,13718
1787728440,2462.24,2463.45,2462.24,2463.45,21145
1787728500,2463.45,2464.63,2462.84,2463.58,43851
1787728560,2463.58,2464.55,2463.58,2464.3,22050
1787728620,2464.3,2464.55,2463.07,2463.52,14279
1787728680,2463.52,2463.99,2463.01,2463.28,16165
1787728740,2463.28,2463.42,2462.25,2462.32,18719
1787728800,2462.5,2462.64,2461.5,2461.51,16921
1787728860,2461.5,2463.29,2460.06,2462.88,54017
1787728920,2463,2463.66,2462.87,2463.66,22203
1787728980,2463.66,2464.5,2463.22,2463.66,15298
1787729040,2463.65,2463.65,2462,2462.53,22831
1787729100,2462.53,2464.11,2462.03,2463.84,30531
1787729160,2463.84,2465,2463.07,2464.78,20437
1787729220,2464.78,2465.33,2463.16,2463.16,47486
1787729280,2463.13,2463.13,2462.15,2462.15,24876
1787729340,2462.16,2462.76,2461.74,2461.95,16599
1787729400,2461.95,2462.18,2461.51,2461.66,19838
1787729460,2461.66,2462.25,2460.6,2460.6,31556
1787729520,2460.53,2461.36,2460.24,2460.42,35925
1787729580,2460.42,2463.29,2460.18,2463.01,63394
1787729640,2462.82,2463.66,2461.71,2463.66,43579
1787729700,2463.66,2463.66,2462.99,2463.65,30097
1787729760,2463.66,2463.92,2462.66,2462.77,12898
1787729820,2462.88,2463.8,2462.64,2463.56,15649
1787729880,2463.56,2465.61,2463.43,2464.81,37343
1787729940,2464.8,2464.94,2463.43,2464.38,89890
1787730000,2464.37,2464.48,2463.83,2464.11,35522
1787730060,2464.11,2464.92,2464.11,2464.79,58683
1787730120,2464.8,2464.8,2463.47,2464.31,15986
1787730180,2464.3,2465.13,2463.6,2463.6,27917
1787730240,2463.6,2463.81,2462.58,2463.54,34099
1787730300,2463.54,2463.66,2463.14,2463.46,25755
1787730360,2463.46,2463.46,2461.76,2463.17,16587
1787730420,2463.17,2463.85,2462.31,2463.62,14340
1787730480,2463.62,2464.31,2462.96,2464.3,26469
1787730540,2464.31,2464.55,2463.87,2464.18,15575
1787730600,2464.18,2465.14,2463.82,2465.13,28566
1787730660,2465.14,2465.55,2463.97,2464.58,67800
1787730720,2464.59,2465.49,2464.55,2465.25,53104
1787730780,2465.24,2465.25,2463.78,2463.78,36360
1787730840,2463.79,2463.79,2461,2461.18,43687
1787730900,2461.17,2461.17,2460.03,2460.11,45682
1787730960,2460.1,2462.44,2460.1,2461.9,44925
1787731020,2461.9,2462.78,2461.48,2462.48,48456
1787731080,2462.47,2462.47,2460.5,2460.65,24531
1787731140,2460.64,2460.65,2460.02,2460.21,22491
1787731200,2460.21,2460.77,2459.24,2460.4,179551
1787731260,2460.53,2462.04,2459.96,2460.14,92193
1787731320,2460.13,2460.29,2457.99,2458.31,88222
1787731380,2458.3,2459.51,2458.05,2458.4,45505
1787731440,2458.4,2460.6,2458.02,2459.86,90319
1787731500,2459.86,2459.9,2458.28,2458.52,44839
1787731560,2458.51,2460.64,2458.51,2460.01,103228
1787731620,2460.01,2461.22,2459.39,2461,36083
1787731680,2461,2463.25,2460.81,2462.27,93238
1787731740,2462.28,2466,2462.28,2464.7,143824
1787731800,2464.71,2468.37,2464.53,2466.49,264781
1787731860,2466.49,2467.45,2464.86,2464.86,121432
1787731920,2464.86,2465.87,2464.45,2465.87,56626
1787731980,2465.87,2466.35,2465,2466.23,66947
1787732040,2466.24,2466.24,2463.51,2463.6,63077
1787732100,2463.6,2463.6,2462.41,2463.41,57586
1787732160,2463.4,2465.25,2462.66,2464.68,101978
1787732220,2464.67,2464.8,2462.67,2463,72484
1787732280,2463,2463.13,2460.56,2461.15,239336
1787732340,2461.14,2461.71,2460.79,2461.5,59343
1787732400,2461.29,2461.69,2460.88,2460.98,40633
1787732460,2460.97,2461.67,2460.4,2460.59,13912
1787732520,2460.5,2460.51,2456.44,2458.32,301072
1787732580,2458.31,2459.74,2458.31,2458.83,81226
1787732640,2458.84,2459.97,2458.22,2459.96,94510
1787732700,2459.96,2461.18,2459.85,2460.75,76893
1787732760,2460.75,2462.26,2460.51,2462.17,53770
1787732820,2462.23,2462.63,2461.32,2461.33,31584
1787732880,2461.32,2462.18,2461.1,2461.93,21254
1787732940,2461.94,2462.19,2461.16,2461.52,9064
1787733000,2461.51,2462.21,2458.66,2459.56,34018
1787733060,2459.56,2462.09,2459.56,2462.06,28452
1787733120,2461.86,2462.51,2461.45,2461.45,23748
1787733180,2461.54,2462.41,2460.32,2462.37,29810
1787733240,2462.38,2462.48,2460.56,2460.67,26857
1787733300,2460.37,2460.67,2460.03,2460.39,18341
1787733360,2460.28,2461.71,2459.82,2460.86,60466
1787733420,2460.86,2461.44,2459.81,2460.17,40723
1787733480,2460.17,2460.65,2459.66,2460.12,19366
1787733540,2460.12,2461.32,2459.96,2460.62,17720
1787733600,2460.62,2460.81,2459.73,2460.81,18921
1787733660,2460.81,2461.44,2460.12,2460.76,11924
1787733720,2460.76,2462.12,2460.76,2461.93,24575
1787733780,2461.93,2462.89,2461.4,2462.36,33994
1787733840,2462.11,2463.27,2461.73,2462.57,30964
1787733900,2462.57,2462.88,2461.48,2461.48,29992
1787733960,2461.48,2461.48,2460.18,2460.73,10921
1787734020,2460.73,2460.73,2460,2460.01,22599
1787734080,2460,2460.2,2460,2460.12,14687
1787734140,2460.11,2460.27,2458.92,2460.13,59644
1787734200,2460.14,2460.95,2459.98,2459.98,13957
1787734260,2459.98,2459.98,2456.89,2457.65,86429
1787734320,2457.64,2457.93,2456.91,2457.07,67112
1787734380,2457.07,2457.83,2455.74,2457.38,93751
1787734440,2457.37,2457.37,2454.19,2454.29,193123
1787734500,2454.31,2456.13,2453,2455.32,282794
1787734560,2455.32,2455.93,2455,2455.14,87899
1787734620,2455.13,2455.52,2452.74,2454.01,97565
1787734680,2454,2454.47,2452.41,2453.27,180658
1787734740,2453.26,2455.41,2453.26,2455.41,147615
1787734800,2455.43,2456.24,2453.24,2455.35,94489
1787734860,2455.21,2458.5,2454.27,2456.7,103752
1787734920,2456.7,2457.72,2456.15,2457.26,138820
1787734980,2457.25,2458.93,2456.83,2458.78,69373
1787735040,2458.79,2459.49,2457.29,2457.29,55174
1787735100,2457.29,2458.86,2457.01,2458.29,55677
1787735160,2458.29,2458.86,2457.84,2458.62,36023
1787735220,2458.62,2459.85,2458.62,2458.93,42493
1787735280,2458.93,2458.93,2456.7,2457.54,32884
1787735340,2457.65,2457.89,2456.54,2457.3,33244
1787735400,2457.31,2458.28,2457.31,2457.78,49327
1787735460,2457.67,2458.28,2457.13,2457.98,67692
1787735520,2457.98,2457.98,2456.13,2456.14,31585
1787735580,2456.14,2456.46,2454.76,2454.86,38150
1787735640,2454.86,2455.7,2454.72,2454.92,45296
1787735700,2454.92,2455.23,2452.45,2452.55,107037
1787735760,2452.55,2453.08,2449.37,2450.61,320910
1787735820,2450.61,2451.21,2446.24,2449.93,711462
1787735880,2449.93,2451.76,2447.36,2447.55,294129
1787735940,2447.44,2447.82,2444.48,2446.96,519725
1787736000,2446.96,2449.2,2446.78,2448.73,628791
1787736060,2448.74,2449.81,2447.63,2448,112114
1787736120,2448,2448.26,2445.23,2446.08,85987
1787736180,2446.01,2446.8,2444.66,2445,189082
1787736240,2445.08,2446.68,2445,2445.35,226628
1787736300,2445.35,2448.77,2445.35,2448.76,111871
1787736360,2448.77,2450.47,2448.64,2449.16,96326
1787736420,2449.17,2449.36,2448.52,2449.28,97520
1787736480,2449.28,2449.38,2448.7,2448.82,47723
1787736540,2448.82,2449.76,2448.82,2449.53,54581
1787736600,2449.52,2449.52,2447.51,2447.59,58752
1787736660,2447.6,2451.2,2447,2450.98,84755
1787736720,2450.98,2451.7,2450.01,2450.86,61843
1787736780,2450.87,2452.42,2450.65,2452.21,55088
1787736840,2452.22,2452.3,2450.9,2451.11,65663
1787736900,2451.11,2451.7,2449.8,2450.21,86883
1787736960,2449.94,2450.55,2448.01,2448.84,58667
1787737020,2448.82,2449,2447.04,2447.16,59002
1787737080,2447.15,2448.57,2447.15,2448.56,78690
1787737140,2448.56,2449.08,2447.34,2447.34,191439
1787737200,2447.34,2447.34,2445.2,2446.22,108783
1787737260,2446.21,2448,2445.35,2446.98,64135
1787737320,2446.98,2447.15,2445,2445.01,105961
1787737380,2445,2446.37,2445,2445.51,59510
1787737440,2445.51,2446.04,2443.31,2443.71,248222
1787737500,2443.71,2446.2,2443.7,2445.95,122047
1787737560,2445.94,2446.63,2445.09,2445.99,146431
1787737620,2446,2446.2,2441.04,2444.75,288930
1787737680,2444.7,2446.5,2444.16,2446.5,148568
1787737740,2446.55,2447.76,2446.26,2447.76,73934
1787737800,2447.75,2447.75,2446.23,2447.43,55841
1787737860,2447.38,2448,2446.83,2447.99,46500
1787737920,2448,2448.71,2446.47,2447.4,50625
1787737980,2447.29,2447.47,2445.58,2446.22,39675
1787738040,2446.12,2446.12,2444.81,2444.81,79934
1787738100,2444.81,2446.94,2444.71,2446.36,127944
1787738160,2446.35,2446.78,2446,2446.45,39290
1787738220,2446.45,2447.52,2446.45,2446.94,25533
1787738280,2446.94,2447.24,2446.54,2446.8,37078
1787738340,2446.8,2447.16,2446.56,2446.8,26925
1787738400,2446.65,2446.94,2446.23,2446.47,30097
1787738460,2446.47,2446.93,2444.81,2446.6,32588
1787738520,2446.47,2446.48,2445.4,2445.67,35544
1787738580,2445.66,2445.66,2444,2445.43,70136
1787738640,2445.42,2446.44,2443.88,2444.97,56368
1787738700,2444.97,2446.12,2444.54,2444.81,46253
1787738760,2444.8,2446.08,2444.3,2445.71,37129
1787738820,2445.64,2446.18,2444.45,2445.69,24539
1787738880,2445.69,2445.69,2444,2444.09,26573
1787738940,2444.09,2444.67,2443.53,2444.34,59328
1787739000,2444.34,2444.34,2443.2,2443.87,41549
1787739060,2443.86,2445.32,2443.62,2445.32,25701
1787739120,2445.59,2445.65,2444.59,2445.45,38199
1787739180,2445.45,2447.47,2445.44,2447.47,44374
1787739240,2447.47,2448.7,2447.27,2448.18,126463
1787739300,2448.19,2449.8,2448,2448.56,217013
1787739360,2448.56,2449.3,2448.56,2449.19,67067
1787739420,2449.19,2450.53,2449.07,2450.45,71718
1787739480,2450.46,2450.74,2450.08,2450.49,70666
1787739540,2450.49,2450.69,2450.03,2450.65,43316
1787739600,2450.69,2451.87,2449.48,2449.62,91854
1787739660,2449.62,2449.72,2448.69,2448.71,58689
1787739720,2448.93,2449.81,2448.63,2449.43,26448
1787739780,2449.43,2451.01,2449.42,2451,37435
1787739840,2451.01,2451.9,2451,2451.89,45563
1787739900,2451.9,2453.15,2451.72,2451.74,105673
1787739960,2451.75,2452.9,2450.61,2452.56,79894
1787740020,2452.57,2453.46,2452.4,2453.31,83205
1787740080,2453.31,2453.67,2452.56,2453,67442
1787740140,2453.01,2453.74,2452.84,2453.38,62773
1787740200,2453.39,2453.74,2453.04,2453.74,79214
1787740260,2453.74,2453.74,2452.72,2453.52,50036
1787740320,2453.52,2454.36,2453.23,2454.35,56258
1787740380,2454.36,2454.72,2453.76,2454.63,83204
1787740440,2454.64,2456.99,2454.2,2456.84,195653
1787740500,2456.84,2458,2456.6,2457.01,132209
1787740560,2457,2461.12,2456.72,2459.21,464614
1787740620,2459.21,2459.85,2457.76,2459.62,207429
1787740680,2459.62,2461.98,2457.99,2461.47,336566
1787740740,2461.47,2469.49,2461.47,2464.71,781209
1787740800,2464.7,2466,2463.82,2463.96,467578
1787740860,2463.96,2465.77,2462.11,2464.5,375081
1787740920,2464.51,2465.34,2462.22,2462.66,201905
1787740980,2462.65,2464.51,2461.56,2463.36,173007
1787741040,2463.37,2464.1,2462.69,2463.59,152440
1787741100,2463.59,2464.3,2462.88,2464.04,84203
1787741160,2464.04,2464.3,2462.12,2462.82,79629
1787741220,2462.82,2464.76,2462.72,2464.72,67246
1787741280,2464.72,2468,2464.71,2467.89,226940
1787741340,2467.88,2474.15,2467.7,2473.54,535230
1787741400,2473.55,2474.47,2472.01,2472.01,413760
1787741460,2472.01,2472.49,2469.11,2469.54,247796
1787741520,2469.53,2469.54,2467.9,2468.65,285192
1787741580,2468.65,2471.3,2467.76,2470.91,149725
1787741640,2470.92,2471.07,2468.67,2468.94,99178
1787741700,2468.95,2469.8,2467.81,2468.04,77387
1787741760,2468.04,2468.45,2467.2,2467.75,58750
1787741820,2467.53,2467.53,2466.75,2467.02,62817
1787741880,2467.01,2467.76,2466.75,2467.36,63527
1787741940,2467.46,2468.25,2467.3,2467.3,34914
1787742000,2467.29,2469.31,2467.29,2467.33,66209
1787742060,2467.42,2469.57,2467.35,2469.56,52800
1787742120,2469.33,2470.61,2469.27,2469.63,115713
1787742180,2469.64,2471.74,2468.94,2470.68,125952
1787742240,2470.68,2471.33,2469.27,2470.82,56040
1787742300,2470.82,2471.24,2469.63,2470.9,66502
1787742360,2470.88,2470.88,2468.69,2468.69,72762
1787742420,2468.69,2468.69,2467.79,2468.33,94793
1787742480,2468.33,2469.34,2467.6,2467.94,50035
1787742540,2468.16,2468.34,2466.31,2467.44,58054
1787742600,2467.43,2467.77,2466.67,2467.22,38617
1787742660,2467.22,2468.11,2466.9,2467.54,35891
1787742720,2467.54,2468.52,2467.34,2468.38,52340
1787742780,2468.37,2468.38,2465.38,2465.39,77464
1787742840,2465.38,2466.82,2465.38,2466.81,72942
1787742900,2466.81,2467,2465.44,2465.62,46736
1787742960,2465.62,2467.22,2465.51,2466.83,38105
1787743020,2466.82,2467.47,2466.36,2466.86,43401
1787743080,2466.86,2466.87,2464.5,2464.5,44526
1787743140,2464.5,2465.43,2464.4,2465.05,59919
1787743200,2465.05,2465.79,2464.07,2464.2,80766
1787743260,2464.14,2466,2464,2465.52,82568
1787743320,2465.52,2465.88,2464.56,2465.72,29797
1787743380,2465.71,2466.96,2465.13,2465.44,44640
1787743440,2465.44,2465.44,2464.14,2465.2,32620
1787743500,2465.21,2465.42,2464.67,2465.2,22894
1787743560,2465.21,2465.99,2463.72,2464.33,30700
1787743620,2464.33,2464.88,2464.23,2464.76,45036
1787743680,2464.76,2465.15,2464.21,2464.77,25614
1787743740,2464.76,2465,2464.12,2464.47,19241
1787743800,2464.47,2464.84,2464,2464.39,17392
1787743860,2464.39,2464.49,2463.39,2463.96,55963
1787743920,2463.96,2463.97,2463.35,2463.7,26472
1787743980,2463.69,2464,2463.11,2463.99,22631
1787744040,2463.99,2464,2463.48,2463.64,13895
1787744100,2463.64,2465.89,2463.64,2465.89,48513
1787744160,2465.89,2466.65,2463.25,2463.25,45602
1787744220,2463.29,2463.62,2460,2460.51,201055
1787744280,2460.51,2460.51,2455,2457.37,660470
1787744340,2457.37,2458.99,2455.67,2458.99,236160
1787744400,2458.99,2459.73,2456.85,2457.89,149458
1787744460,2457.88,2459,2457.25,2458.88,80749
1787744520,2458.88,2460.49,2457.76,2459.9,105886
1787744580,2459.9,2461.9,2459.7,2461.55,110011
1787744640,2461.55,2462.38,2460.71,2460.72,149885
1787744700,2460.72,2461.2,2459.85,2460.34,71263
1787744760,2460.34,2460.34,2458.77,2459.15,78520
1787744820,2459.38,2459.97,2458.51,2459.55,60254
1787744880,2459.64,2459.73,2458.5,2459.35,30374
1787744940,2459.34,2459.49,2458.58,2458.78,82870
1787745000,2458.78,2460.67,2458.68,2460.31,66003
1787745060,2460.31,2462.24,2460.07,2462.24,90760
1787745120,2462.24,2463,2461.43,2463,34573
1787745180,2463,2464.8,2462.73,2464.69,85105
1787745240,2464.7,2464.99,2463.57,2464.39,141737
1787745300,2464.39,2464.4,2463.48,2464.39,73317
1787745360,2464.39,2466.9,2464.39,2466.34,66292
1787745420,2466.35,2467.91,2465.63,2465.63,128159
1787745480,2465.63,2465.64,2462.69,2462.93,112064
1787745540,2462.93,2462.94,2461.21,2461.74,63883
1787745600,2461.75,2463.87,2461.75,2463.36,68240
1787745660,2463.36,2463.97,2462.62,2463.84,44094
1787745720,2463.84,2464.73,2462.67,2463.72,43914
1787745780,2463.48,2463.48,2459.25,2460.27,94965
1787745840,2460.26,2462,2459.85,2462,60320
1787745900,2461.99,2462.14,2459.76,2460.06,53833
1787745960,2460.05,2460.06,2457.57,2458.84,108374
1787746020,2458.83,2459.85,2458.32,2458.53,44539
1787746080,2458.69,2460.64,2458.4,2459.86,62750
1787746140,2459.86,2460.8,2459.19,2460.34,66784
1787746200,2460.35,2461.39,2460.23,2461.05,42753
1787746260,2461.06,2461.26,2459.91,2460.85,41183
1787746320,2460.84,2462.24,2460.5,2461.78,25361
1787746380,2461.78,2462.77,2459.87,2459.88,43375
1787746440,2459.88,2460.41,2459.34,2459.48,31179
1787746500,2459.48,2460.67,2458.34,2459.22,172924
1787746560,2459.22,2459.33,2456.25,2459.02,146283
1787746620,2459.03,2460,2458.8,2460,208354
1787746680,2459.99,2459.99,2458.33,2458.53,89992
1787746740,2458.52,2459.6,2458.14,2458.5,35081
1787746800,2458.68,2461.71,2458.32,2461.71,36442
1787746860,2461.71,2462.1,2460.62,2461.99,43770
1787746920,2461.99,2464.78,2461.45,2464.48,78595
1787746980,2464.48,2466.12,2464.4,2465.7,87420
1787747040,2465.71,2467.68,2465.7,2467.27,91184
1787747100,2467.28,2470.96,2466.49,2469.3,182407
1787747160,2469.3,2469.99,2467.31,2467.36,129621
1787747220,2467.41,2469.64,2467.32,2469.53,74471
1787747280,2469.52,2469.53,2468,2468.17,51495
1787747340,2468.38,2470.2,2467.69,2469.66,113503
1787747400,2469.67,2469.9,2437.17,2459.23,2350629
1787747460,2459.23,2460.49,2455.72,2459.38,1162146
1787747520,2459.38,2461.78,2457.53,2461.65,510621
1787747580,2461.64,2465,2461.29,2463.73,372992
1787747640,2463.73,2463.75,2458.93,2459.26,209261
1787747700,2459.26,2462.45,2459.15,2460.67,170330
1787747760,2460.68,2460.88,2458.12,2458.3,119345
1787747820,2458.3,2458.92,2454.63,2455.65,293558
1787747880,2455.65,2456.25,2451.27,2455.52,375157
1787747940,2455.22,2457.38,2452.51,2454.75,192128
1787748000,2454.74,2456.41,2454.09,2455.8,160047
1787748060,2455.79,2459.23,2455.34,2456.66,178082
1787748120,2456.89,2457.96,2456.13,2457.48,136660
1787748180,2457.48,2458.83,2456.15,2458.5,174598
1787748240,2458.5,2458.5,2453.96,2453.96,86076
1787748300,2453.93,2458.35,2453.93,2455.3,92930
1787748360,2455.29,2455.5,2451.5,2453.29,150768
1787748420,2453.29,2455.32,2452.45,2454.4,112677
1787748480,2454.4,2456.48,2454.4,2456.38,93833
1787748540,2456.38,2456.78,2455.35,2456.3,92361
1787748600,2456.06,2459.27,2455.44,2459.26,107332
1787748660,2459.26,2459.61,2455.42,2456.01,123471
1787748720,2456.14,2456.63,2453.65,2454,87302
1787748780,2454,2454.82,2453.28,2453.28,67630
1787748840,2453.28,2454.29,2451.27,2453.61,219282
1787748900,2453.6,2456.3,2452.42,2456.11,158221
1787748960,2456.12,2456.99,2455.66,2456.23,95131
1787749020,2456.11,2457.19,2454.82,2456.84,62486
1787749080,2456.97,2456.97,2454.18,2455.04,65271
1787749140,2455.03,2455.56,2453.75,2453.94,54665
1787749200,2453.8,2455.2,2452.52,2455.2,96260
1787749260,2455.2,2456.5,2454.76,2455.74,103555
1787749320,2455.91,2457.38,2453.01,2453.81,129208
1787749380,2453.88,2454.09,2451.37,2452.26,131305
1787749440,2452.26,2453.87,2451.34,2451.35,77190
1787749500,2451.35,2452.57,2450.03,2451.39,158613
1787749560,2451.4,2452.64,2451.23,2452.09,98611
1787749620,2452.09,2453.59,2449.32,2449.4,129728
1787749680,2449.32,2450.39,2446.69,2447.75,327467
1787749740,2447.74,2448.84,2446.78,2448.84,206563
1787749800,2448.84,2449.05,2443.58,2447.26,430281
1787749860,2447.25,2448,2443.6,2444.75,402311
1787749920,2444.76,2446.07,2442.31,2444,473316
1787749980,2444,2444.99,2440.45,2444.81,365195
1787750040,2444.81,2446.83,2444.73,2444.86,375753
1787750100,2444.87,2446.82,2444.87,2446.28,140398
1787750160,2446.28,2447.4,2444.38,2447.09,108762
1787750220,2447.08,2447.08,2442.05,2442.6,101964
1787750280,2442.61,2445.39,2441,2443.12,200819
1787750340,2443.11,2446.4,2442.72,2444.25,140662
1787750400,2444.24,2444.75,2443.21,2443.33,121589
1787750460,2443.46,2444.22,2440.82,2441.57,107231
1787750520,2441.56,2443.43,2438,2443.1,541326
1787750580,2443.1,2446.57,2440.21,2441.17,365143
1787750640,2441.16,2441.42,2438.72,2439.89,468243
1787750700,2439.88,2442.75,2435.65,2440.93,443206
1787750760,2440.91,2443,2439.79,2440.56,499168
1787750820,2440.64,2443,2440.63,2442.88,268956
1787750880,2442.82,2445.2,2442.56,2444.3,162953
1787750940,2444.29,2444.96,2442.81,2443.39,181250
1787751000,2443.4,2450.73,2443.2,2446.94,383962
1787751060,2446.94,2448.13,2442.51,2445.36,363553
1787751120,2445.28,2447,2443.34,2446.71,206310
1787751180,2446.72,2449.47,2446.02,2449.35,314158
1787751240,2449.35,2453.38,2449.05,2450.86,365561
1787751300,2450.86,2451.37,2448.1,2449.91,433370
1787751360,2449.91,2452.87,2449.14,2452.77,212470
1787751420,2452.77,2454.86,2451.76,2454.86,221517
1787751480,2454.86,2456.49,2453.2,2453.46,288927
1787751540,2453.47,2453.57,2451,2451,196018
1787751600,2451,2455.72,2450.14,2453.02,196388
1787751660,2453.28,2453.53,2450.66,2452.55,159169
1787751720,2452.4,2452.98,2450.09,2452.78,77013
1787751780,2452.79,2455.26,2451.56,2452.92,148781
1787751840,2452.92,2457.63,2452.83,2456.99,230890
1787751900,2456.99,2461.47,2456.69,2458.65,596286
1787751960,2458.66,2459.14,2454,2455.74,430049
1787752020,2455.74,2456.78,2454.32,2456.73,145191
1787752080,2456.87,2457.27,2455.81,2456.7,205913
1787752140,2456.7,2456.97,2454,2454.29,125465
1787752200,2454.17,2454.64,2451.58,2452.09,214318
1787752260,2452.13,2452.66,2450.34,2451.93,182022
1787752320,2451.92,2453.28,2448.58,2448.92,247734
1787752380,2448.91,2453.69,2448.65,2453.64,249746
1787752440,2453.63,2453.63,2449.61,2451.03,148313
1787752500,2451.02,2453.59,2450.21,2453.16,90228
1787752560,2452.94,2453,2449.88,2451.26,40733
1787752620,2451.25,2453.22,2450.84,2452.73,98635
1787752680,2452.73,2456.04,2452.47,2454.85,128582
1787752740,2454.86,2456.4,2454.82,2455.99,132264
1787752800,2456,2456.65,2451.94,2455.34,120200
1787752860,2455.18,2457.23,2454.01,2457.23,90593
1787752920,2457.24,2460.8,2456.57,2458.76,324484
1787752980,2458.76,2459.48,2457.6,2458.78,182624
1787753040,2458.78,2460.2,2457.78,2457.78,233417
1787753100,2457.92,2458.44,2456.82,2457.88,109764
1787753160,2457.88,2458.28,2455.48,2458.28,154503
1787753220,2458.47,2460.17,2458.16,2458.27,204500
1787753280,2458.26,2459.51,2457.54,2459.08,85964
1787753340,2459.09,2459.09,2456.96,2457.58,58056
1787753400,2457.58,2457.84,2454.75,2457.84,122831
1787753460,2457.87,2459.71,2457.47,2459.26,90261
1787753520,2459.25,2459.25,2455.2,2458.96,99622
1787753580,2458.95,2458.95,2456.78,2457.54,49203
1787753640,2457.36,2457.37,2454.17,2454.77,105793
1787753700,2454.76,2456.59,2454.04,2456.52,76586
1787753760,2456.53,2460.48,2456.53,2459.09,128446
1787753820,2459.09,2459.59,2457.67,2458.55,100215
1787753880,2458.37,2458.51,2457.5,2457.67,82820
1787753940,2457.66,2457.66,2455.6,2457,78587
1787754000,2457.01,2457.7,2456.31,2457.4,53686
1787754060,2457.29,2457.67,2454.69,2455.81,28371
1787754120,2455.81,2456.78,2454.27,2454.54,118190
1787754180,2454.66,2457,2454.54,2454.75,51123
1787754240,2454.58,2455.55,2451.64,2451.65,178594
1787754300,2451.65,2452.81,2450.01,2450.87,162946
1787754360,2450.99,2451.01,2448.16,2449.25,212923
1787754420,2449.25,2450.79,2447.68,2447.68,129139
1787754480,2447.66,2449.32,2447.28,2448.35,140806
1787754540,2448.36,2449.94,2448.25,2449.4,127677
1787754600,2449.05,2451.76,2448.37,2450.2,84086
1787754660,2450.48,2450.88,2447.56,2450.04,86723
1787754720,2450.12,2451.57,2449.07,2450.36,47089
1787754780,2450.35,2450.35,2448.2,2448.76,56805
1787754840,2448.75,2449.87,2448,2448.72,71828
1787754900,2448.68,2449.3,2445.49,2447.2,251298
1787754960,2447.2,2449.1,2446.63,2449.01,109568
1787755020,2448.85,2451.4,2448.85,2450.59,87973
1787755080,2450.4,2450.4,2447.76,2447.82,172577
1787755140,2447.79,2448.89,2446.94,2447.81,52043
1787755200,2447.81,2449.54,2447.33,2447.67,44620
1787755260,2447.41,2448.35,2446.22,2447.05,200839
1787755320,2447.06,2448.37,2443.63,2446.2,257098
1787755380,2446.2,2447.2,2445.61,2446.25,92564
1787755440,2446.25,2446.25,2443.45,2443.62,189785
1787755500,2443.91,2445.1,2441.24,2441.61,328618
1787755560,2441.61,2443.66,2441.24,2442.43,198900
1787755620,2442.29,2444.04,2441.64,2441.64,219802
1787755680,2441.76,2442.63,2439.04,2442.37,299214
1787755740,2442.18,2444.43,2441.69,2443.85,209415
1787755800,2443.86,2446.59,2443.6,2444.23,334041
1787755860,2444.22,2445.55,2443.19,2443.72,114343
1787755920,2444.04,2445.58,2443.95,2445.08,128537
1787755980,2445.07,2445.64,2442.68,2442.87,69317
1787756040,2442.87,2443.99,2440.57,2441.06,133541
1787756100,2441.06,2441.85,2439.89,2440.11,110939
1787756160,2440.11,2440.68,2438.04,2438.31,207028
1787756220,2438.31,2440.24,2438.31,2439.91,140922
1787756280,2439.91,2440.49,2438.29,2440.22,104811
1787756340,2440.34,2440.46,2437.57,2438.17,167378
1787756400,2438.39,2441.34,2437,2440.26,153561
1787756460,2440.26,2441.37,2439.58,2440.03,196454
1787756520,2440.02,2440.02,2435.22,2435.63,307139
1787756580,2435.64,2435.87,2431.17,2433.17,1018855
1787756640,2433.17,2433.94,2431,2432.21,429071
1787756700,2432.21,2438.64,2431.13,2438.64,387057
1787756760,2438.63,2438.9,2436,2436.29,439824
1787756820,2436.24,2439.87,2435.44,2439.55,227235
1787756880,2439.55,2441.2,2438.52,2438.9,191109
1787756940,2438.89,2442.6,2438.64,2441.46,230213
1787757000,2441.46,2442.46,2440.74,2442,289936
1787757060,2442.01,2442.49,2440.5,2441.82,116880
1787757120,2441.82,2441.82,2438.79,2439.35,138901
1787757180,2439.48,2440.85,2438.88,2439.21,123541
1787757240,2439.28,2440.32,2438.61,2440.11,78180
1787757300,2440.11,2441,2435.2,2436.37,149571
1787757360,2436.37,2439.34,2435.52,2438.98,140017
1787757420,2438.86,2439.6,2436.52,2439.39,64032
1787757480,2439.38,2439.7,2438.01,2438.89,161105
1787757540,2438.77,2438.89,2436.02,2437.91,49080
1787757600,2437.91,2440.68,2437.82,2440.19,69112
1787757660,2440.07,2441.99,2440.07,2441.99,86939
1787757720,2442,2442.49,2439.4,2439.83,69629
1787757780,2439.8,2443.6,2439.79,2443.23,74344
1787757840,2443.22,2444.1,2442.72,2442.77,266251
1787757900,2442.77,2447.95,2442.77,2445.86,263157
1787757960,2445.85,2450,2445.57,2449.05,643737
1787758020,2449.05,2450.8,2448.74,2450.54,410008
1787758080,2450.77,2451.39,2449.01,2449.72,255114
1787758140,2449.73,2454.3,2449.58,2452.93,298843
1787758200,2452.93,2453.7,2448.12,2448.21,482305
1787758260,2448.22,2449.62,2447.67,2449.62,149839
1787758320,2449.74,2450.52,2447.2,2447.43,153388
1787758380,2447.44,2448.16,2445.34,2445.7,191618
1787758440,2445.69,2445.81,2443.24,2443.75,200101
1787758500,2443.75,2444.31,2440.06,2442.66,197906
1787758560,2442.66,2443.46,2442.37,2442.84,166901
1787758620,2442.84,2445.76,2442.63,2445.55,67460
1787758680,2445.56,2445.89,2444.33,2444.4,60479
1787758740,2444.4,2445.8,2444.4,2445.54,60788
1787758800,2445.55,2449.92,2445.55,2449.49,94032
1787758860,2449.5,2449.92,2448.28,2448.48,92011
1787758920,2448.48,2449.21,2447.65,2449.09,74037
1787758980,2449.1,2449.2,2446.86,2447.13,65676
1787759040,2447.14,2447.82,2446.43,2446.91,30792
1787759100,2446.91,2448.8,2446.91,2448.25,64392
1787759160,2448.24,2449.21,2448.15,2448.71,40211
1787759220,2448.7,2448.88,2447.62,2448.26,31716
1787759280,2448,2451.75,2448,2451.58,136499
1787759340,2451.58,2451.58,2450.4,2451.25,55160
1787759400,2451.25,2451.32,2449.8,2449.8,55646
1787759460,2449.9,2450.2,2448.1,2448.13,77245
1787759520,2448.13,2449.92,2447.87,2449.02,58463
1787759580,2448.9,2449.14,2447.51,2447.89,82662
1787759640,2447.88,2448.87,2447.72,2447.87,49240
1787759700,2447.88,2449.42,2447.87,2449.21,49986
1787759760,2449.21,2450.3,2448.7,2450.29,49007
1787759820,2450.3,2450.55,2449.39,2449.55,33919
1787759880,2449.54,2450,2449.04,2449.79,26225
1787759940,2450,2450.22,2447.13,2448.56,40581
1787760000,2448.57,2450,2447.86,2447.86,44624
1787760060,2447.65,2447.89,2446.25,2446.44,193321
1787760120,2446.44,2447.77,2446.09,2446.7,45500
1787760180,2446.83,2448.87,2445.79,2447.88,52592
1787760240,2447.66,2450.5,2447.23,2450.5,194713
1787760300,2450.49,2451.16,2449.88,2451.12,98028
1787760360,2451.11,2451.2,2449.72,2450.11,68321
1787760420,2450.11,2452.84,2449.8,2452.8,94884
1787760480,2452.8,2454.27,2452.79,2453.26,137974
1787760540,2453.27,2453.98,2451.92,2452.05,153937
1787760600,2452.05,2452.42,2451.24,2451.59,71117
1787760660,2451.6,2451.6,2450,2450.29,59587
1787760720,2450.28,2450.28,2449.02,2449.63,31212
1787760780,2449.6,2450.07,2448.12,2448.51,61824
1787760840,2448.51,2449.64,2448.1,2449,42290
1787760900,2449.08,2449.98,2448.41,2448.72,31027
1787760960,2448.71,2448.84,2446.4,2446.97,78777
1787761020,2446.97,2448.03,2446.33,2447.07,186282
1787761080,2447.08,2448.78,2447.07,2448.78,54476
1787761140,2448.78,2449.23,2448.41,2448.74,37821
1787761200,2448.96,2451.87,2448.96,2451.73,78074
1787761260,2451.74,2452.24,2450.64,2451.72,43921
1787761320,2451.72,2451.84,2449,2449.01,52333
1787761380,2449,2449.01,2447.6,2447.87,59019
1787761440,2447.87,2448.57,2447.47,2447.53,47455
1787761500,2447.52,2448.48,2447.52,2447.74,29097
1787761560,2447.75,2449.32,2446.91,2446.91,32604
1787761620,2446.89,2447.54,2446.01,2446.67,77172
1787761680,2446.67,2447.88,2446.2,2447.68,78452
1787761740,2447.67,2448.4,2447.3,2447.88,37603
1787761800,2447.84,2447.95,2447.01,2447.41,43686
1787761860,2447.4,2448.01,2446.49,2447.75,17291
1787761920,2447.75,2449.58,2447.52,2449.3,151195
1787761980,2449.47,2449.83,2447.88,2448.79,38730
1787762040,2448.79,2450.5,2448.41,2450.4,38208
1787762100,2450.47,2452.05,2450.04,2451.49,51939
1787762160,2451.49,2452.2,2448.4,2448.61,122850
1787762220,2448.6,2449.04,2443.33,2445.41,281678
1787762280,2445.4,2445.71,2443.82,2445.34,217204
1787762340,2445.35,2445.47,2440.04,2440.59,142538
1787762400,2440.59,2442.42,2438.13,2438.75,588457
1787762460,2438.75,2442.56,2438.33,2441.71,250429
1787762520,2441.46,2441.95,2439.39,2439.83,148738
1787762580,2439.83,2439.83,2436.13,2437.6,186273
1787762640,2437.6,2439.2,2437.14,2437.54,124608
1787762700,2437.53,2442.6,2437.53,2442.41,155564
1787762760,2442.4,2442.86,2440.94,2441.87,81061
1787762820,2442.11,2444.31,2441.64,2444.27,154235
1787762880,2444.26,2450.72,2443.27,2448.14,334146
1787762940,2448.14,2449.35,2446.75,2446.91,383157
1787763000,2446.9,2448.79,2446.9,2448.66,175272
1787763060,2448.67,2448.78,2447.49,2447.84,39254
1787763120,2447.83,2447.83,2444.27,2445.48,67981
1787763180,2445.24,2445.74,2443.25,2444.57,66912
1787763240,2444.58,2445.39,2444.33,2445.03,72905
1787763300,2445.02,2445.61,2444.11,2444.24,66274
1787763360,2444.33,2444.34,2442.88,2443.56,64998
1787763420,2443.49,2444.52,2442.92,2444.51,34806
1787763480,2444.52,2446.02,2443.23,2443.41,47645
1787763540,2443.18,2443.91,2442.89,2443.31,30600
1787763600,2443.31,2444.24,2442.74,2444.03,63114
1787763660,2444.03,2445.48,2443.83,2445.48,24903
1787763720,2445.48,2446.19,2443.29,2443.94,62987
1787763780,2443.95,2444.03,2442.61,2442.95,47945
1787763840,2442.85,2444.52,2442.74,2444.49,24581
1787763900,2444.48,2445.02,2444.09,2444.67,39736
1787763960,2444.67,2445.03,2442.22,2444.96,26613
1787764020,2444.96,2446,2444.92,2445.54,36754
1787764080,2445.54,2446.36,2444.74,2446.08,30088
1787764140,2446.08,2447.14,2444.91,2444.92,79008
1787764200,2444.93,2445.7,2442.6,2443.55,48508
1787764260,2443.19,2444.2,2442.25,2443.11,74525
1787764320,2443.1,2444.55,2442.81,2444.55,36316
1787764380,2444.55,2445.9,2444.55,2445.33,15782
1787764440,2445.34,2446.32,2445.12,2446.23,30601
1787764500,2446.33,2449.65,2446.07,2449.64,59142
1787764560,2449.55,2450,2448.79,2449.22,83791
1787764620,2449.21,2450,2448.61,2449.72,58117
1787764680,2449.91,2451.6,2449.49,2449.49,107548
1787764740,2449.5,2450.94,2449.5,2450.76,62905
1787764800,2450.77,2453.26,2450.69,2451.18,97812
1787764860,2451.18,2452.1,2450.95,2451.03,66965
1787764920,2451.03,2452.41,2450.3,2451.44,79381
1787764980,2451.45,2453.45,2450.3,2453.26,44686
1787765040,2453.27,2455.68,2453.19,2455.15,188401
1787765100,2455.49,2457.58,2455.48,2457.38,225189
1787765160,2457.38,2457.51,2455.05,2455.33,203529
1787765220,2455.33,2461.48,2455.13,2459.8,381767
1787765280,2459.81,2461.82,2459.39,2461.36,364960
1787765340,2461.37,2462.24,2459.74,2461.48,438353
1787765400,2461.49,2465.99,2460.74,2464.05,476161
1787765460,2464.06,2464.17,2460.36,2462.25,418590
1787765520,2462.24,2463,2460.66,2462.5,141079
1787765580,2462.5,2462.51,2460.84,2462.21,185748
1787765640,2462.21,2464,2461.82,2463.66,191950
1787765700,2463.67,2464.02,2461.02,2461.58,116484
1787765760,2461.57,2462.17,2460.3,2460.74,98668
1787765820,2460.75,2461.82,2459.91,2461.59,82695
1787765880,2461.63,2462,2461.2,2461.92,49563
1787765940,2461.93,2462.7,2461.46,2462.53,73769
1787766000,2462.53,2464.95,2462.47,2463.99,48250
1787766060,2463.99,2464.82,2461.5,2462.9,90932
1787766120,2462.7,2462.81,2461.41,2461.77,61234
1787766180,2461.78,2462.37,2461,2462,28885
1787766240,2462,2462,2460,2460.08,38686
1787766300,2460.08,2460.44,2458.24,2458.71,87403
1787766360,2458.79,2459.28,2456.21,2456.22,124189
1787766420,2456.21,2456.65,2454.54,2454.71,113807
1787766480,2454.71,2457.38,2454.3,2457.1,142344
1787766540,2457.1,2457.79,2456.13,2456.29,51925
1787766600,2456.3,2458.19,2456.29,2457.76,40164
1787766660,2457.84,2458.42,2457.34,2457.94,40119
1787766720,2457.94,2458.3,2457.5,2458.2,19250
1787766780,2458.43,2459.42,2458.39,2459.42,39573
1787766840,2459.42,2460.69,2459.42,2460.13,56818
1787766900,2460.13,2460.23,2459.04,2459.42,62143
1787766960,2459.41,2461.25,2459.41,2460.73,43569
1787767020,2460.73,2461.46,2460.36,2461.21,41007
1787767080,2461.2,2461.21,2458.51,2458.76,37007
1787767140,2458.75,2459.55,2458.33,2459.35,54391
1787767200,2459.36,2459.61,2457.33,2457.99,58097
1787767260,2457.98,2458.78,2457.3,2458.77,28978
1787767320,2458.77,2460.98,2458.32,2460.84,54341
1787767380,2460.87,2461.51,2460.71,2461.51,24136
1787767440,2461.51,2462.41,2460.6,2460.61,90740
1787767500,2460.61,2461.24,2460.09,2460.61,40303
1787767560,2460.61,2461.85,2460.29,2460.79,57654
1787767620,2460.8,2461.69,2460.8,2461.68,52569
1787767680,2461.69,2463.91,2461.68,2463.48,62398
1787767740,2463.49,2465.3,2463.45,2464.1,103223
1787767800,2464.1,2469.42,2463.57,2467.14,281902
1787767860,2467.15,2467.51,2465.55,2466.54,280104
1787767920,2466.54,2469.37,2466.05,2467.93,300402
1787767980,2467.92,2467.92,2466.36,2466.36,61969
1787768040,2466.36,2466.68,2465.04,2466.26,188816
1787768100,2466.26,2466.27,2464.56,2464.79,78183
1787768160,2464.8,2467.19,2463.87,2466.37,76207
1787768220,2466.38,2467.05,2466.01,2466.82,63173
1787768280,2466.82,2467.26,2465.78,2466.03,82020
1787768340,2466.03,2466.19,2465.1,2465.46,32522
1787768400,2465.47,2465.67,2465.05,2465.66,44566
1787768460,2465.67,2467.86,2465.66,2467.56,59776
1787768520,2467.56,2467.56,2464.78,2464.97,46875
1787768580,2464.97,2465.88,2464.68,2464.75,77287
1787768640,2464.76,2464.76,2463.65,2464.33,69335
1787768700,2464.09,2464.8,2464.09,2464.23,37675
1787768760,2464.2,2464.2,2462.54,2462.55,54879
1787768820,2462.55,2463,2460.8,2461.52,115111
1787768880,2461.51,2462.28,2460.36,2461.34,89161
1787768940,2461.34,2461.99,2461.33,2461.66,91789
1787769000,2461.66,2463.46,2461.66,2462.65,44020
1787769060,2462.65,2463.19,2461.43,2461.85,50596
1787769120,2461.84,2462.99,2460.91,2462.52,54065
1787769180,2462.3,2465,2462.3,2464.79,46378
1787769240,2464.79,2464.86,2462.2,2463.04,53533
1787769300,2463.03,2464.28,2462.55,2464,33951
1787769360,2464,2464.78,2463.36,2464.74,27147
1787769420,2464.66,2465.2,2464.25,2465.03,39881
1787769480,2465.03,2465.8,2462.63,2463.43,76677
1787769540,2463.52,2463.76,2462.67,2463.27,71349
1787769600,2463.26,2463.26,2460.8,2461.54,72458
1787769660,2461.55,2462.16,2461.51,2462.05,63648
1787769720,2462.05,2463.33,2461.5,2462.35,37649
1787769780,2462.25,2462.95,2461.58,2462.41,22806
1787769840,2462.4,2463.32,2462.2,2463.24,31686
1787769900,2463.24,2464.46,2462.98,2464.06,15111
1787769960,2464.06,2467.09,2464.06,2466.75,45965
1787770020,2466.76,2467.79,2466.46,2467.64,41419
1787770080,2467.68,2467.98,2467.2,2467.49,47393
1787770140,2467.49,2468.78,2466.6,2468.52,62296
1787770200,2468.52,2469.76,2468.19,2469.44,65853
1787770260,2469.45,2470.78,2468.3,2468.4,201824
1787770320,2468.41,2468.99,2466.53,2468.76,85882
1787770380,2468.76,2470,2468.43,2469.62,102074
1787770440,2469.62,2471.88,2469.29,2471.4,80285
1787770500,2471.41,2471.41,2470.58,2470.7,86332
1787770560,2470.7,2471.16,2470.59,2470.91,47139
1787770620,2470.92,2471.5,2470.25,2471.31,30112
1787770680,2471.32,2473.18,2471.04,2472.57,331410
1787770740,2472.58,2472.98,2470.91,2471.49,281501
1787770800,2471.5,2471.5,2469.96,2471.5,91493
1787770860,2471.49,2471.5,2470.06,2470.08,50559
1787770920,2470.08,2472.23,2469.72,2472.05,38132
1787770980,2471.97,2472.02,2470.08,2470.84,32112
1787771040,2470.83,2471.68,2470.46,2470.62,24509
1787771100,2470.61,2471,2470,2470.93,36371
1787771160,2470.8,2471.68,2470.01,2470.3,38218
1787771220,2470.29,2470.44,2468.32,2468.89,109568
1787771280,2468.88,2469.02,2467.79,2467.98,63606
1787771340,2467.86,2469,2467.8,2467.81,40565
1787771400,2467.81,2471.11,2467.51,2471.04,59712
1787771460,2471.04,2471.53,2469.15,2469.15,73044
1787771520,2469.15,2469.33,2468.36,2469.33,29022
1787771580,2469.07,2469.15,2468.62,2468.86,12811
1787771640,2468.85,2469.25,2468.76,2469.17,20736
1787771700,2469.17,2470.93,2469.16,2469.69,30037
1787771760,2469.7,2469.7,2468.76,2468.83,56492
1787771820,2468.75,2469.9,2468.64,2469.38,17333
1787771880,2469.2,2471.35,2469.19,2471.34,48100
1787771940,2471.34,2472.24,2469.93,2471.44,62109
1787772000,2471.45,2471.49,2470.32,2471.3,77640
1787772060,2471.3,2471.75,2470.13,2470.36,73744
1787772120,2470.36,2470.92,2469.84,2470.62,34461
1787772180,2470.63,2471.03,2470.11,2470.86,24741
1787772240,2470.86,2471.01,2469.76,2470.22,21570
1787772300,2470.22,2472.38,2469.35,2472.37,74737
1787772360,2472.38,2482.53,2472.38,2481.52,785734
1787772420,2481.52,2481.79,2478,2481.45,1380465
1787772480,2481.44,2481.44,2477.04,2477.44,1137348
1787772540,2477.62,2479.6,2477.05,2478.82,193616
1787772600,2478.82,2479.31,2474.71,2474.86,307342
1787772660,2474.85,2476,2473.87,2475.45,131247
1787772720,2475.46,2477.28,2474.59,2476.68,71326
1787772780,2476.68,2476.69,2475.32,2475.7,90474
1787772840,2475.69,2475.85,2475,2475.5,37463
1787772900,2475.5,2476.55,2472.57,2472.76,79676
1787772960,2472.77,2473.55,2472.16,2472.16,124436
1787773020,2472.16,2472.61,2470.1,2470.64,110180
1787773080,2470.64,2471.28,2469,2469.01,72358
1787773140,2469,2470.07,2468.63,2468.8,84517
1787773200,2468.8,2468.9,2466.08,2467.9,140584
1787773260,2467.9,2468.64,2467.8,2468.63,91578
1787773320,2468.63,2469.93,2468.38,2468.99,59811
1787773380,2468.99,2468.99,2468.33,2468.41,34335
1787773440,2468.48,2469.78,2468.48,2469.7,31406
1787773500,2469.7,2470.35,2469.06,2470.12,26298
1787773560,2470.02,2471.54,2470.02,2471.54,49284
1787773620,2471.6,2472.44,2470.78,2471.05,49152
1787773680,2471.05,2472.46,2471.04,2471.05,39568
1787773740,2471.05,2471.88,2471.05,2471.74,18549
1787773800,2471.74,2472.06,2470.1,2470.65,33666
1787773860,2470.55,2472.13,2470.01,2471.82,34466
1787773920,2471.83,2472.56,2470.53,2470.53,32737
1787773980,2470.71,2470.71,2469.24,2469.25,60782
1787774040,2469.25,2470.07,2468.68,2470.07,35424
1787774100,2470.08,2471.16,2469.93,2471.15,33877
1787774160,2471.15,2471.51,2469.94,2470.05,36002
1787774220,2470.14,2470.23,2468.92,2469.37,22478
1787774280,2469.36,2469.77,2468.92,2469.76,14730
1787774340,2469.76,2469.93,2467.66,2469.31,148800
1787774400,2469.31,2470.47,2468.77,2470.01,101638
1787774460,2470.02,2470.47,2467.22,2467.91,59366
1787774520,2467.9,2469.3,2467.56,2469.13,77343
1787774580,2469.13,2470.79,2469.13,2470.61,55194
1787774640,2470.61,2471.62,2470.22,2471.61,42329
1787774700,2471.61,2472.73,2470.69,2471.66,32728
1787774760,2471.66,2473.16,2471.66,2472.65,55443
1787774820,2472.66,2472.66,2471.49,2472.13,33748
1787774880,2472.13,2472.4,2470.73,2470.91,26427
1787774940,2470.91,2471.17,2470.02,2470.03,39219
1787775000,2470.02,2471.45,2468.72,2471.44,72167
1787775060,2471.44,2471.45,2468.89,2469.64,52395
1787775120,2469.64,2470.18,2468.78,2469.11,22138
1787775180,2469.11,2469.6,2467.89,2468.62,20587
1787775240,2468.62,2468.72,2467.57,2467.57,25408
1787775300,2467.57,2469.57,2467,2468.26,61546
1787775360,2468.51,2468.6,2467.09,2468.16,52654
1787775420,2468.15,2468.15,2466.62,2467.12,30065
1787775480,2467.12,2467.12,2465.75,2466.35,39123
1787775540,2466.34,2468.53,2466.34,2468.19,56124
1787775600,2468.18,2468.18,2463.69,2464.66,127751
1787775660,2464.66,2464.94,2461.14,2461.35,170258
1787775720,2461.15,2461.55,2458.32,2461.18,255168
1787775780,2461.29,2462.97,2460.2,2462.04,97966
1787775840,2462.04,2464.98,2462.04,2464.35,167085
1787775900,2464.36,2467.58,2464.36,2466.37,108640
1787775960,2466.36,2466.36,2464.77,2465.41,70482
1787776020,2465.41,2465.68,2464.8,2465.14,46641
1787776080,2465.14,2467.28,2465.13,2466.95,21113
1787776140,2466.95,2467.6,2466.7,2467.6,16564
1787776200,2467.6,2468.4,2466.59,2468.25,39595
1787776260,2468.25,2468.54,2466.48,2466.84,27901
1787776320,2466.84,2466.85,2464.19,2464.84,46965
1787776380,2464.83,2465.9,2464.37,2464.81,18460
1787776440,2464.8,2465.13,2463.84,2464.51,153372
1787776500,2464.59,2464.91,2463.06,2463.21,55963
1787776560,2463.2,2463.3,2462.16,2463.25,23409
1787776620,2463.36,2464.78,2462.89,2464.59,47690
1787776680,2464.59,2465.28,2464.33,2465.03,29645
1787776740,2464.93,2466.13,2464.18,2465.08,31356
1787776800,2465.08,2467.18,2465.08,2466.99,21272
1787776860,2467,2468.6,2467,2468.21,51472
1787776920,2468.21,2468.21,2467.56,2468.03,17024
1787776980,2468.02,2468.31,2467.05,2467.09,28246
1787777040,2467.08,2467.73,2466.66,2467.44,13114
1787777100,2467.45,2468.31,2466.91,2468.11,16053
1787777160,2468.12,2468.79,2467.8,2468.51,11172
1787777220,2468.52,2468.88,2468.22,2468.24,18853
1787777280,2468.24,2469.08,2467.8,2468.11,33850
1787777340,2468.11,2468.12,2467.5,2468.01,16028
1787777400,2468,2468.01,2467.03,2467.73,14931
1787777460,2467.73,2468.8,2467.73,2468.31,20602
1787777520,2468.32,2468.7,2467.44,2468.66,11607
1787777580,2468.67,2469.24,2468.53,2469,27044
1787777640,2469.01,2469.33,2468.7,2469.33,10971
1787777700,2469.33,2471.74,2469.33,2470.67,67268
1787777760,2470.67,2471.17,2470.11,2470.68,33442
1787777820,2470.69,2471.04,2470.68,2470.69,24288
1787777880,2470.69,2471.5,2470.69,2471.17,30852
1787777940,2471.17,2471.17,2470.2,2470.88,16864
1787778000,2470.89,2471.5,2470.88,2471.5,19171
1787778060,2471.5,2471.89,2470.35,2470.67,30436
1787778120,2470.68,2471,2469.01,2470.12,64484
1787778180,2470.11,2470.34,2469.15,2470.08,36800
1787778240,2470.08,2470.29,2469.24,2469.38,31954
1787778300,2469.37,2473.95,2469.26,2473.69,163608
1787778360,2473.7,2478.23,2473.69,2478.23,151033
1787778420,2478.23,2479.93,2476.18,2479.68,255964
1787778480,2479.69,2484.5,2479.69,2483.94,332690
1787778540,2483.93,2484.12,2480.99,2483.18,1078580
1787778600,2483.19,2492.17,2478.84,2489.3,1120600
1787778660,2489.31,2489.31,2484.61,2487.78,690415
1787778720,2487.77,2487.77,2483.74,2485.64,379798
1787778780,2485.64,2491.42,2484.04,2488.13,381472
1787778840,2488.14,2493.66,2487.52,2491.27,618382
1787778900,2491.47,2492.52,2488.16,2491.33,519573
1787778960,2491.27,2492.77,2489.61,2492.48,226869
1787779020,2492.49,2493.7,2490.48,2493.7,123548
1787779080,2493.71,2494.8,2491.5,2491.72,241695
1787779140,2491.71,2491.71,2486.57,2490.6,270660
1787779200,2490.6,2493.11,2488.24,2490.77,208285
1787779260,2490.77,2492.35,2489.97,2492.18,129021
1787779320,2492.02,2494.33,2491,2491,107370
1787779380,2490.96,2490.96,2489,2490.95,107673
1787779440,2490.95,2493.49,2489.76,2493.2,132509
1787779500,2493.19,2497,2491.38,2491.38,315595
1787779560,2491.38,2493.97,2490.65,2493.1,139144
1787779620,2493.09,2493.17,2491.02,2492.19,141985
1787779680,2492.07,2496.28,2491.84,2495.1,125001
1787779740,2495.11,2504.17,2494.83,2498.97,621666
1787779800,2498.97,2499.91,2495.08,2495.09,415104
1787779860,2495.1,2496.78,2494.56,2494.68,173195
1787779920,2494.82,2496.34,2493.6,2495.55,82866
1787779980,2495.55,2495.69,2494,2494.41,38888
1787780040,2494.27,2494.85,2493.33,2494.59,70302
1787780100,2494.6,2497,2494,2496.56,146005
1787780160,2496.56,2499.84,2495.48,2499.63,115158
1787780220,2499.63,2499.63,2496.28,2496.38,107412
1787780280,2496.37,2496.53,2494.21,2494.21,150420
1787780340,2494.2,2496,2494.15,2495.01,48770
1787780400,2495.04,2495.04,2493.25,2494.59,63958
1787780460,2494.59,2495,2493.94,2495,36468
1787780520,2494.99,2495,2493.57,2493.6,29407
1787780580,2493.6,2494.14,2492.81,2493.5,65508
1787780640,2493.49,2493.49,2492.28,2492.85,55917
1787780700,2492.96,2493.12,2492.28,2492.39,53949
1787780760,2492.39,2493.87,2492.39,2493.23,58221
1787780820,2493.23,2493.24,2490.96,2490.99,120505
1787780880,2490.99,2492.75,2490.51,2491.04,85809
1787780940,2491.05,2491.45,2490.02,2491.39,70166
1787781000,2491.39,2493.15,2491.39,2492.67,60313
1787781060,2492.66,2493.14,2492.03,2493.14,39573
1787781120,2493.13,2494.07,2492.79,2493.28,61524
1787781180,2493.28,2495.48,2493.28,2494.87,34288
1787781240,2494.86,2496.62,2494.86,2495.3,64727
1787781300,2495.31,2495.94,2494.8,2495.93,75794
1787781360,2495.94,2496.02,2493.86,2494,51459
1787781420,2494.14,2497.09,2494.14,2497.09,53306
1787781480,2497.08,2497.32,2496.4,2496.78,30753
1787781540,2496.77,2496.78,2495.3,2495.5,20495
1787781600,2495.51,2497.93,2492.86,2497.92,69380
1787781660,2497.93,2500.63,2497.93,2499.17,191819
1787781720,2499.17,2499.94,2498,2498.51,161742
1787781780,2498.51,2500.55,2497.66,2499.84,76634
1787781840,2499.84,2502.55,2499.13,2502.34,99210
1787781900,2502.34,2503.7,2500.95,2503.28,212717
1787781960,2503.28,2505.69,2501.98,2502.2,340612
1787782020,2502.19,2505.78,2501.85,2505,353815
1787782080,2505,2505.31,2501.93,2502.11,161941
1787782140,2502.33,2502.33,2500.03,2500.08,178140
1787782200,2500.08,2500.08,2498.4,2499.24,135359
1787782260,2499.25,2500.64,2498.4,2498.68,67745
1787782320,2498.67,2500.59,2498.67,2500.06,68978
1787782380,2500.07,2501.81,2498.1,2499.59,80151
1787782440,2499.59,2502.4,2498.27,2501.85,122889
1787782500,2501.79,2507.56,2501.07,2506.62,203128
1787782560,2506.41,2511.21,2505.77,2508.7,487294
1787782620,2508.7,2509.91,2505.25,2505.41,377135
1787782680,2505.4,2511.34,2504.35,2511.25,302181
1787782740,2511.25,2513.65,2509.28,2509.31,538463
1787782800,2509.32,2510.72,2508.25,2510.72,211772
1787782860,2510.72,2514.25,2510.71,2512,293905
1787782920,2512,2512.11,2507.55,2508.21,160681
1787782980,2508.22,2509.4,2506.9,2506.9,193219
1787783040,2506.9,2507.44,2504.74,2505.5,148862
1787783100,2505.53,2505.81,2504.8,2505.36,99350
1787783160,2505.1,2507.51,2505.1,2506.82,75518
1787783220,2506.82,2506.83,2505,2505.51,69715
1787783280,2505.52,2506,2505.14,2505.22,43342
1787783340,2505.23,2505.33,2503.74,2504.99,63260
1787783400,2504.99,2505.56,2503.7,2504.83,79839
1787783460,2504.82,2505.58,2500.01,2500.59,147595
1787783520,2500.6,2501.44,2498.87,2499.1,327192
1787783580,2499.09,2499.98,2498,2498.63,185671
1787783640,2498.62,2499.76,2498.41,2499.05,80045
1787783700,2499.31,2499.95,2498.32,2498.47,49618
1787783760,2498.47,2499.23,2496.7,2497.53,223753
1787783820,2497.53,2498,2494.68,2497.59,146653
1787783880,2497.59,2498.63,2496.78,2496.9,67684
1787783940,2496.9,2496.9,2493.22,2493.96,92336
1787784000,2493.95,2495.4,2493.12,2494.51,108133
1787784060,2494.61,2494.98,2493.94,2494.98,100378
1787784120,2494.98,2497.8,2494.47,2497.52,87161
1787784180,2497.52,2498.4,2496.66,2496.67,140119
1787784240,2496.67,2497.4,2496.43,2496.68,52813
1787784300,2496.68,2496.68,2495.01,2495.3,76744
1787784360,2495.3,2496.12,2495,2495,140331
1787784420,2494.96,2495.31,2494.43,2494.99,31605
1787784480,2494.98,2495.03,2492.01,2492.51,78413
1787784540,2492.51,2492.89,2491.94,2492.49,69922
1787784600,2492.48,2492.49,2489.33,2490.31,219284
1787784660,2490.15,2491.15,2488.28,2489.71,234926
1787784720,2489.7,2490.72,2489.48,2490.11,143198
1787784780,2490.12,2490.5,2489.03,2489.13,58295
1787784840,2489.13,2489.97,2488.8,2489.87,55960
1787784900,2489.93,2489.97,2488.47,2488.47,34688
1787784960,2488.47,2489.53,2488.1,2488.98,53003
1787785020,2488.99,2490.24,2488.98,2490.24,35127
1787785080,2490.41,2493.9,2490.23,2493.9,107235
1787785140,2493.96,2495.06,2492.1,2492.4,116954
1787785200,2492.41,2492.41,2489.61,2490,228924
1787785260,2490.01,2491.79,2489.3,2490.17,62514
1787785320,2490.11,2492.02,2490,2491.9,42980
1787785380,2491.91,2494.44,2491.91,2494.08,75883
1787785440,2494.08,2494.62,2493.47,2493.62,37225
1787785500,2493.62,2493.62,2491.74,2492.45,50324
1787785560,2492.45,2492.57,2490.24,2490.36,41361
1787785620,2490.36,2490.36,2486.81,2487.11,129756
1787785680,2487.23,2488.47,2487.23,2488.33,113835
1787785740,2488.34,2488.44,2487.29,2488.43,40087
1787785800,2488.43,2490.38,2487.57,2490.05,63897
1787785860,2490.06,2490.21,2488.27,2488.64,24724
1787785920,2488.64,2489.56,2488.3,2489.15,29545
1787785980,2489.15,2489.26,2488.18,2488.55,27926
1787786040,2488.54,2490,2488.54,2489.32,25514
1787786100,2489.24,2489.92,2488.88,2489.73,28179
1787786160,2489.72,2490,2488.76,2490,18554
1787786220,2490,2493.11,2490,2492.56,69782
1787786280,2492.59,2493.46,2491.69,2492.16,74322
1787786340,2492.16,2493.33,2491.71,2493.21,58918
1787786400,2493.22,2493.48,2492.41,2493.22,36042
1787786460,2493.21,2494.38,2492.18,2494.29,43024
1787786520,2494.29,2494.97,2492.9,2493.1,41786
1787786580,2493.1,2495.52,2493.01,2495.14,90943
1787786640,2495.15,2496.92,2493.52,2495.78,93850
1787786700,2495.74,2499.14,2493.88,2499.14,122341
1787786760,2499.14,2499.49,2497.52,2498.39,441843
1787786820,2498.38,2498.79,2497.54,2498.53,185084
1787786880,2498.53,2499.75,2497.85,2499.5,85783
1787786940,2499.5,2499.5,2497.42,2497.69,44876
1787787000,2497.7,2499.48,2497.64,2499.47,51365
1787787060,2499.61,2500.86,2499.19,2499.19,62621
1787787120,2499.19,2499.42,2497.46,2498.15,111741
1787787180,2498.4,2500.09,2496.84,2497.33,132927
1787787240,2497.32,2497.85,2496.47,2497.58,223602
1787787300,2497.58,2500.98,2497.05,2500.16,66359
1787787360,2500.17,2501.66,2499.83,2501.58,97625
1787787420,2501.57,2503.13,2500.19,2503.13,215497
1787787480,2503.14,2504.78,2502.73,2504.32,135916
1787787540,2504.33,2504.46,2503.11,2503.11,132486
1787787600,2503.12,2503.12,2500.38,2501.99,183921
1787787660,2502,2503.57,2501.46,2503.57,73147
1787787720,2503.57,2506.29,2503.19,2505.38,225585
1787787780,2505.38,2506,2504.07,2505.37,94435
1787787840,2505.37,2506.7,2504.88,2506.01,142684
1787787900,2505.94,2509.33,2505.7,2508.1,248306
1787787960,2508.11,2510.96,2506.92,2510.32,295087
1787788020,2510.33,2511.29,2506.82,2506.82,198073
1787788080,2506.82,2506.91,2504.32,2504.32,257401
1787788140,2504.32,2504.8,2499.81,2504.39,213903
1787788200,2504.47,2504.47,2501.56,2502,190656
1787788260,2502.01,2502.5,2501.69,2502.1,86310
1787788320,2502.09,2505.6,2501.81,2504.72,98794
1787788380,2504.76,2504.97,2503.39,2504.14,84322
1787788440,2504.07,2504.38,2502.47,2503.94,52149
1787788500,2504.17,2504.28,2502.93,2504.28,21123
1787788560,2504.28,2506.54,2504.28,2506.16,53134
1787788620,2506.16,2506.95,2505.59,2506.22,60308
1787788680,2506.19,2506.39,2504,2504.69,84978
1787788740,2504.69,2505.59,2504.54,2505.39,53034
1787788800,2505.4,2505.95,2501.5,2502.42,112711
1787788860,2502.42,2504.11,2501.4,2504.1,71533
1787788920,2504.1,2504.42,2503.22,2503.69,46603
1787788980,2503.7,2503.86,2499.66,2502.02,172268
1787789040,2502.01,2502.02,2498.61,2498.61,160018
1787789100,2498.61,2501.7,2498.4,2501.7,96247
1787789160,2501.7,2501.7,2499.85,2501.7,65261
1787789220,2501.69,2503.93,2500.6,2503.92,48794
1787789280,2503.92,2507.85,2503.29,2507.33,128094
1787789340,2507.34,2509,2506.63,2508.8,105289
1787789400,2508.8,2509.2,2504.88,2504.89,80790
1787789460,2504.89,2504.89,2502,2503.41,111728
1787789520,2503.49,2504.88,2501.92,2502.37,293995
1787789580,2502.34,2502.38,2501.01,2501.01,67951
1787789640,2501.13,2501.73,2500.44,2501.37,68528
1787789700,2501.36,2501.6,2499.07,2499.39,223196
1787789760,2499.38,2500.77,2499.38,2499.62,118113
1787789820,2499.61,2500.77,2499.61,2500.37,86204
1787789880,2500.38,2501.51,2500.24,2501.09,54635
1787789940,2501.09,2504.96,2501.09,2504.95,147448
1787790000,2504.95,2504.99,2503.79,2504.08,99255
1787790060,2503.91,2504.3,2502.8,2503.26,41590
1787790120,2503.25,2504.29,2503.02,2504.17,36503
1787790180,2504.13,2504.13,2500.59,2500.8,151697
1787790240,2500.79,2500.96,2499.73,2499.73,79853
1787790300,2499.73,2499.96,2499.03,2499.39,40916
1787790360,2499.39,2499.59,2497.81,2498.01,80229
1787790420,2498.16,2498.99,2498.16,2498.85,40385
1787790480,2498.85,2498.99,2497.44,2498.12,47005
1787790540,2498.39,2499.65,2497.95,2499.65,57540
1787790600,2499.64,2500.31,2499.02,2499.44,45640
1787790660,2499.43,2499.84,2498.8,2498.88,47607
1787790720,2498.97,2499.73,2497.6,2497.88,29721
1787790780,2497.91,2499.2,2497.03,2498.91,55392
1787790840,2498.91,2498.91,2497.05,2497.4,74598
1787790900,2497.39,2498.28,2497,2497.49,44128
1787790960,2497.5,2498.4,2494.11,2495.52,120626
1787791020,2495.51,2495.61,2494.27,2494.67,108298
1787791080,2494.67,2495.64,2494.3,2494.49,73375
1787791140,2494.49,2495.8,2494.14,2495.6,54997
1787791200,2495.6,2495.72,2493.78,2493.96,59150
1787791260,2493.96,2494.6,2493.35,2493.98,76414
1787791320,2493.97,2494.04,2493.11,2493.47,56981
1787791380,2493.47,2496.44,2493.46,2495.69,58135
1787791440,2495.7,2496.97,2494.78,2495.1,46250
1787791500,2494.99,2495.23,2492.1,2493.42,103285
1787791560,2493.42,2493.49,2492.11,2492.36,76351
1787791620,2492.35,2493.51,2492,2492.01,182849
1787791680,2492,2493.78,2491.03,2493.77,109137
1787791740,2493.78,2494.46,2492.77,2494.46,97517
1787791800,2494.45,2495.51,2493.8,2495.41,58496
1787791860,2495.22,2496.4,2493.24,2493.67,67179
1787791920,2493.33,2493.5,2491.59,2492.43,87522
1787791980,2492.42,2492.7,2491.03,2491.47,77921
1787792040,2491.47,2491.78,2491.26,2491.55,60290
1787792100,2491.65,2493.2,2491.64,2492.13,70368
1787792160,2492.13,2492.22,2491.18,2491.99,63908
1787792220,2491.9,2493.64,2491.9,2491.92,75378
1787792280,2491.91,2492.63,2491.31,2492.49,44565
1787792340,2492.48,2492.92,2490.7,2490.85,58167
1787792400,2490.73,2492.81,2490.44,2490.99,58041
1787792460,2490.98,2492.43,2490.51,2492.25,81580
1787792520,2492.24,2492.92,2491.12,2492.4,56844
1787792580,2492.39,2492.6,2487.39,2489.82,258570
1787792640,2489.81,2491.77,2489.63,2490.92,239510
1787792700,2491.08,2491.89,2489.77,2490.1,69196
1787792760,2490.19,2493.64,2489.77,2493.29,67520
1787792820,2493.3,2494.14,2491.56,2491.56,55542
1787792880,2491.69,2492.31,2487.7,2488.32,85621
1787792940,2488.32,2489.89,2487.77,2489.54,80013
1787793000,2489.54,2490.81,2489.07,2489.28,183938
1787793060,2489.28,2490.95,2488.71,2489.82,71308
1787793120,2489.72,2489.72,2487.58,2487.94,164751
1787793180,2487.94,2488.53,2487,2487.6,92249
1787793240,2487.6,2488.63,2486.01,2488.21,116400
1787793300,2488.45,2490.13,2486.89,2490.1,102272
1787793360,2490.09,2490.24,2487.55,2488.56,73322
1787793420,2488.3,2489.09,2486.34,2487.84,59322
1787793480,2487.84,2490.84,2487.51,2490.64,40157
1787793540,2490.65,2491.48,2490.26,2490.53,84987
1787793600,2490.54,2492.72,2490.54,2492.11,92895
1787793660,2492.12,2494.33,2491.92,2494.33,77704
1787793720,2494.33,2494.33,2492.5,2492.64,53139
1787793780,2492.64,2495.25,2492.64,2494.81,157126
1787793840,2494.81,2495.6,2494.65,2495.59,57780
1787793900,2495.6,2496.88,2495.36,2496.88,99449
1787793960,2496.88,2497.65,2496.73,2497.63,94043
1787794020,2497.63,2501.38,2496.74,2501.37,248368
1787794080,2501.36,2504.5,2501.36,2501.88,247193
1787794140,2501.88,2503.18,2501.11,2501.79,296074
1787794200,2501.78,2504.93,2501.5,2503.28,280605
1787794260,2503.28,2504.29,2497.28,2497.75,194118
1787794320,2498.06,2499.23,2496.74,2498.43,162242
1787794380,2498.43,2500.43,2498.27,2499.24,110227
1787794440,2499.24,2500.21,2498.33,2499.46,43858
1787794500,2499.46,2499.99,2496.7,2497.8,70283
1787794560,2497.8,2498.66,2497.44,2498.26,60770
1787794620,2497.95,2499.53,2497.79,2499.52,41818
1787794680,2499.53,2501.5,2497.98,2498.75,132521
1787794740,2499,2499.26,2497.56,2497.79,68839
1787794800,2497.8,2497.8,2496.26,2496.85,81728
1787794860,2496.86,2496.86,2494.68,2495.38,102804
1787794920,2495.37,2495.59,2493.7,2494.14,106044
1787794980,2494.25,2495,2493.61,2493.97,83374
1787795040,2493.96,2493.97,2491.46,2491.47,91501
1787795100,2491.46,2494.54,2491.38,2493.73,89865
1787795160,2493.73,2494.45,2493.22,2494.45,52860
1787795220,2494.58,2496.61,2494.58,2496.61,77228
1787795280,2496.6,2498.4,2496.6,2498.15,81962
1787795340,2498.16,2501.22,2497.52,2501.09,100333
1787795400,2501.1,2503.19,2500.94,2503.18,193674
1787795460,2503.06,2504.23,2502.36,2502.78,142629
1787795520,2502.77,2504.41,2502.36,2503.19,122658
1787795580,2503.19,2503.96,2500.48,2501.55,224565
1787795640,2501.54,2501.55,2499.46,2499.9,136099
1787795700,2499.9,2501.99,2499.59,2501.99,151298
1787795760,2501.98,2502.47,2500.47,2500.77,46380
1787795820,2500.55,2500.77,2499.57,2499.68,27903
1787795880,2499.67,2499.77,2497.66,2498.03,52954
1787795940,2497.9,2498.21,2496.26,2496.52,73671
1787796000,2496.52,2500.41,2495.74,2500.22,121732
1787796060,2499.94,2500.97,2498.87,2498.87,120911
1787796120,2498.88,2500.14,2498.87,2499.93,83689
1787796180,2499.94,2500.75,2499.94,2500.2,33987
1787796240,2500.2,2500.99,2499.93,2500.98,47757
1787796300,2500.98,2501.42,2499.84,2501.42,22524
1787796360,2501.42,2501.45,2500.61,2501.11,39172
1787796420,2501.11,2502.1,2500.62,2501.55,64036
1787796480,2501.55,2502.6,2500.84,2502.59,29067
1787796540,2502.59,2502.88,2501.7,2502.81,32534
1787796600,2502.81,2503.62,2502.53,2503.37,46508
1787796660,2503.37,2503.8,2499.8,2501.21,102212
1787796720,2501.22,2502.73,2500.86,2502.07,75246
1787796780,2502.07,2502.26,2500,2500.01,64119
1787796840,2500.01,2501.59,2499.83,2500.85,47730
1787796900,2500.86,2501.19,2500.15,2500.55,16609
1787796960,2500.54,2500.99,2499.2,2499.91,50740
1787797020,2499.9,2500.66,2498.5,2500.65,37602
1787797080,2500.65,2500.66,2499.03,2499.5,31730
1787797140,2499.74,2501.11,2499.47,2499.98,29683
1787797200,2500.07,2500.77,2499.62,2499.78,21764
1787797260,2499.83,2500.36,2498.82,2499.54,13935
1787797320,2499.61,2500,2499.26,2499.63,15387
1787797380,2499.63,2499.64,2496.87,2497.05,95253
1787797440,2497,2497,2494.58,2496.26,226422
1787797500,2496.26,2496.4,2494.26,2494.68,81209
1787797560,2494.67,2495.19,2493.01,2494.62,145912
1787797620,2494.62,2494.71,2494.06,2494.28,67378
1787797680,2494.28,2495.04,2494,2494.71,56446
1787797740,2494.71,2494.95,2494.4,2494.95,40267
1787797800,2494.95,2495,2493.57,2494.08,49166
1787797860,2494.08,2494.9,2494.08,2494.71,28571
1787797920,2494.71,2496.5,2494.48,2496.44,44476
1787797980,2496.45,2496.77,2495.91,2496.77,122047
1787798040,2496.77,2497.31,2496.17,2496.68,61997
1787798100,2496.67,2496.67,2495.16,2495.55,40463
1787798160,2495.55,2496.24,2495.01,2496.13,39081
1787798220,2495.85,2496.32,2493.59,2493.93,34929
1787798280,2493.93,2495.16,2493.5,2494.89,60866
1787798340,2494.57,2494.78,2493.51,2494.04,37168
1787798400,2494.04,2494.04,2492.88,2493.33,42369
1787798460,2493.34,2493.75,2493.08,2493.08,31611
1787798520,2493.08,2493.67,2493.08,2493.38,38652
1787798580,2493.38,2493.47,2493,2493.26,17211
1787798640,2493.25,2493.25,2492,2492.99,26556
1787798700,2492.99,2493.73,2492.99,2493.72,100915
1787798760,2493.72,2494.61,2493.4,2494.61,59493
1787798820,2494.61,2494.71,2493.8,2494.44,38507
1787798880,2494.44,2494.44,2492.99,2493,32438
1787798940,2492.99,2494.24,2492.31,2494.02,97443
1787799000,2494.02,2494.16,2493.05,2494.12,41678
1787799060,2494.13,2494.91,2494.08,2494.9,53044
1787799120,2494.89,2495.16,2492.85,2493.12,42547
1787799180,2493.12,2493.5,2492.85,2492.86,26270
1787799240,2492.86,2493.6,2492.86,2493.31,27706
1787799300,2493.32,2493.6,2492.78,2492.89,30650
1787799360,2492.87,2493.46,2492.41,2493.09,20379
1787799420,2493.22,2493.59,2492.72,2492.72,29900
1787799480,2492.72,2493.62,2492.42,2493.28,24020
1787799540,2493.36,2493.85,2493.36,2493.72,17087
1787799600,2493.72,2493.99,2492.64,2493.5,11994
1787799660,2493.49,2494.18,2492.67,2494.18,36434
1787799720,2494.18,2494.18,2493.39,2493.57,30290
1787799780,2493.57,2493.57,2492.7,2492.99,24541
1787799840,2493,2493.72,2493,2493.72,47270
1787799900,2493.71,2493.72,2493.3,2493.31,7476
1787799960,2493.31,2496.24,2493.3,2495.76,67182
1787800020,2495.76,2496.24,2495.01,2495.01,58836
1787800080,2495,2495.69,2493.25,2493.51,49792
1787800140,2493.51,2494.56,2492.64,2493.28,45997
1787800200,2493.35,2494.43,2493.35,2494.41,28651
1787800260,2494.41,2494.56,2493.43,2493.44,50440
1787800320,2493.43,2493.44,2490.8,2490.81,367557
1787800380,2490.8,2490.96,2489.4,2490.14,109661
1787800440,2490.14,2490.37,2489.72,2490.11,76411
1787800500,2490.1,2490.89,2488.68,2488.83,482173
1787800560,2488.84,2489.15,2488.02,2488.03,97212
1787800620,2488.03,2489.41,2488,2488.27,83983
1787800680,2488.27,2492,2488.26,2491.53,160202
1787800740,2491.53,2493.5,2491.53,2493.12,142378
1787800800,2493.13,2494.61,2491.54,2491.61,360931
1787800860,2491.62,2492.57,2490,2491.84,404018
1787800920,2491.85,2493.28,2490,2492,671106
1787800980,2491.99,2493,2491,2492.5,312994
1787801040,2492.51,2496.6,2492.5,2494.28,576766
1787801100,2494.29,2494.52,2492.14,2492.94,129751
1787801160,2492.84,2495.35,2492.84,2494.9,198167
1787801220,2494.91,2497,2494.9,2497,156241
1787801280,2497,2497.44,2495.74,2495.91,133148
1787801340,2495.9,2496.35,2495.59,2496.14,52949
1787801400,2496.14,2496.66,2494.5,2494.51,54006
1787801460,2494.51,2494.6,2493.19,2493.79,45614
1787801520,2493.78,2493.93,2492.5,2492.9,43423
1787801580,2492.89,2494.59,2492.89,2493.9,31576
1787801640,2493.91,2494.91,2493,2493.17,32909
1787801700,2493.17,2493.73,2492.6,2492.92,25501
1787801760,2492.91,2493.76,2492.55,2493.27,27860
1787801820,2493.27,2494.57,2493.15,2493.54,32262
1787801880,2493.45,2493.46,2492.11,2492.28,27276
1787801940,2492.28,2492.52,2491.09,2492.15,87304
1787802000,2492.15,2492.48,2491.51,2491.76,31547
1787802060,2491.76,2492.03,2490.4,2491.14,35578
1787802120,2491.14,2492.02,2490.8,2492,31229
1787802180,2492,2492.19,2491.17,2491.81,45498
1787802240,2491.8,2491.8,2490.65,2490.78,40418
1787802300,2490.77,2492.91,2490.52,2492.91,26352
1787802360,2492.91,2493.27,2491.1,2491.5,22516
1787802420,2491.5,2491.71,2490.04,2490.04,29867
1787802480,2490.05,2490.37,2488.63,2489.01,81951
1787802540,2489.01,2489.12,2487.3,2489.05,120639
1787802600,2489.05,2490.21,2488.71,2489.41,164338
1787802660,2489.41,2489.63,2488.03,2489.09,73822
1787802720,2489.09,2489.28,2488.04,2488.26,50508
1787802780,2488.25,2489.8,2487.85,2489.79,41630
1787802840,2489.8,2490.84,2489.06,2490.84,44634
1787802900,2490.83,2490.83,2489.73,2490.03,25684
1787802960,2490.03,2490.79,2490.03,2490.79,14321
1787803020,2490.79,2491.38,2490.11,2490.22,26473
1787803080,2490.22,2490.84,2490.04,2490.66,26908
1787803140,2490.65,2491.62,2490.65,2491.61,34276
1787803200,2491.62,2492.39,2491.36,2492.39,35556
1787803260,2492.39,2492.8,2491.89,2491.9,37964
1787803320,2491.89,2492.82,2491.5,2491.89,42509
1787803380,2492,2493,2492,2492.99,37057
1787803440,2493,2493,2491.72,2492.29,37343
1787803500,2492.29,2492.41,2491.01,2491.05,19603
1787803560,2491.05,2491.32,2490.9,2491.14,31895
1787803620,2491.14,2491.2,2490.65,2490.66,21089
1787803680,2490.65,2490.66,2490,2490.11,21515
1787803740,2490,2493.47,2490,2493.1,37317
1787803800,2493.09,2493.1,2491.84,2492.34,41612
1787803860,2492.35,2492.59,2492,2492.59,8027
1787803920,2492.59,2493.31,2492.19,2492.62,10037
1787803980,2492.62,2492.86,2492.2,2492.83,6138
1787804040,2492.83,2492.83,2492.82,2492.83,4606
1787804100,2492.82,2493.84,2492.82,2493.79,25002
1787804160,2493.79,2493.98,2493.78,2493.97,55151
1787804220,2493.98,2493.98,2492.47,2493.34,54845
1787804280,2493.34,2494.34,2493.33,2494.33,56050
1787804340,2494.33,2494.42,2493.61,2493.91,18074
1787804400,2493.9,2493.9,2493.01,2493.23,24143
1787804460,2493.24,2493.72,2492,2492,20242
1787804520,2492.01,2492.17,2491.71,2492.17,24699
1787804580,2492.16,2492.83,2491.71,2492.76,10826
1787804640,2492.76,2493.26,2492.59,2493.01,11629
1787804700,2493.11,2493.33,2492.23,2492.73,6365
1787804760,2492.73,2492.98,2492.11,2492.29,15240
1787804820,2492.28,2492.28,2491.74,2491.75,16139
1787804880,2491.74,2492.09,2491.54,2491.54,27575
1787804940,2491.54,2491.55,2490.12,2490.13,34879
1787805000,2490.26,2490.26,2488.43,2488.43,69162
1787805060,2488.43,2488.61,2487.61,2488.6,58424
1787805120,2488.59,2488.6,2488.2,2488.52,33385
1787805180,2488.55,2488.68,2488.13,2488.41,37741
1787805240,2488.41,2488.41,2485.04,2485.95,138987
1787805300,2485.95,2486.3,2485.03,2485.44,177098
1787805360,2485.43,2486.26,2482.72,2483.11,355094
1787805420,2483.11,2485,2482.8,2485,185028
1787805480,2484.99,2485,2482.72,2484.92,236417
1787805540,2484.92,2486.4,2484.92,2485.6,61089
1787805600,2485.6,2485.83,2485,2485.14,117091
1787805660,2485.19,2486.16,2484.41,2486.04,35974
1787805720,2486.05,2487.06,2486.04,2487.06,71425
1787805780,2486.78,2487.96,2486.78,2487.42,76872
1787805840,2487.43,2487.94,2487.34,2487.94,38963
1787805900,2487.95,2489.8,2487.74,2488.23,71463
1787805960,2488.24,2488.28,2485.47,2486.39,70157
1787806020,2486.39,2486.4,2485,2485.81,27285
1787806080,2485.82,2485.82,2485.02,2485.03,22428
1787806140,2485.02,2485.53,2484.49,2485.53,39206
1787806200,2485.56,2485.64,2483.53,2483.65,39622
1787806260,2483.65,2484.05,2483.25,2483.31,43100
1787806320,2483.3,2484.35,2483.27,2484.34,40134
1787806380,2484.35,2485.15,2484.23,2485.15,30465
1787806440,2485.15,2485.57,2484.69,2485.3,16629
1787806500,2485.29,2485.7,2485.29,2485.46,56959
1787806560,2485.47,2485.47,2485,2485.04,17950
1787806620,2485.2,2485.98,2485.17,2485.98,23008
1787806680,2485.98,2486,2485.63,2485.89,47212
1787806740,2485.88,2486.12,2485.57,2486.11,14462
1787806800,2486.12,2486.3,2486.04,2486.17,22804
1787806860,2486.17,2487.24,2486.17,2486.85,23497
1787806920,2486.8,2486.91,2486,2486,23156
1787806980,2486,2486.25,2485.3,2485.43,33499
1787807040,2485.44,2485.88,2482.64,2482.89,73266
1787807100,2482.88,2483.11,2482.3,2482.31,88226
1787807160,2482.3,2483.87,2482.28,2482.62,97346
1787807220,2482.68,2484.8,2482.67,2483.62,71307
1787807280,2483.61,2484.86,2483.25,2484.7,104829
1787807340,2484.69,2485.97,2484.45,2485.28,76185
1787807400,2485.29,2485.97,2484.4,2484.41,27631
1787807460,2484.41,2484.89,2484.06,2484.88,28693
1787807520,2484.88,2485.69,2484.68,2485.69,27731
1787807580,2485.68,2486,2484.82,2484.82,34674
1787807640,2484.95,2485.56,2483.91,2484.05,22050
1787807700,2483.92,2484.17,2483.39,2483.64,39987
1787807760,2483.63,2483.91,2483,2483.01,20354
1787807820,2483.01,2483.01,2482.52,2482.76,23633
1787807880,2482.75,2483.02,2482.61,2483.02,36062
1787807940,2483.02,2483.86,2483.02,2483.65,35589
1787808000,2483.86,2484.7,2483.86,2484.54,20671
1787808060,2484.61,2485,2484.37,2484.95,10875
1787808120,2484.95,2485.86,2484.95,2485.73,14859
1787808180,2485.76,2485.86,2485.41,2485.42,13326
1787808240,2485.41,2489.31,2485.41,2489.16,75591
1787808300,2489.25,2490.53,2487.85,2488.65,129080
1787808360,2488.66,2489.54,2487.61,2488.04,47357
1787808420,2488.04,2488.04,2486.74,2486.96,48444
1787808480,2486.96,2487.13,2483.2,2483.48,50026
1787808540,2483.47,2484.33,2482.29,2483.79,79492
1787808600,2483.79,2484.96,2483.09,2484.63,74449
1787808660,2484.56,2484.57,2482.56,2483.56,39705
1787808720,2483.67,2483.77,2482.21,2482.21,29973
1787808780,2482.21,2483.57,2480.96,2482.2,142103
1787808840,2482.19,2482.89,2481.6,2482.88,57867
1787808900,2482.89,2482.89,2480.31,2482.39,57437
1787808960,2482.39,2483.66,2482.17,2483.53,39305
1787809020,2483.54,2485.53,2483.54,2485.52,53361
1787809080,2485.52,2487.13,2485.13,2486.82,51125
1787809140,2486.83,2486.88,2485.93,2486.29,31751
1787809200,2486.29,2488.49,2486.16,2487.99,65215
1787809260,2488,2489.38,2487.04,2487.46,102885
1787809320,2487.45,2487.75,2486,2486.31,100347
1787809380,2486.31,2486.43,2485.2,2485.2,26430
1787809440,2485.21,2486.8,2484.77,2486.57,44709
1787809500,2486.58,2487.8,2486.42,2487.03,43292
1787809560,2487.03,2489.25,2486.8,2489.25,45686
1787809620,2489.25,2491.48,2489.25,2490.84,192344
1787809680,2490.97,2491.32,2490.44,2491.25,147822
1787809740,2491.3,2493.69,2490.88,2493.15,216710
1787809800,2493.16,2493.88,2491.79,2492.01,106545
1787809860,2492.01,2494.14,2491.92,2494.14,55627
1787809920,2494.18,2496.28,2494.11,2495.95,229759
1787809980,2495.95,2496.36,2493.43,2493.82,196129
1787810040,2493.81,2493.81,2492.89,2493.02,104735
1787810100,2493.1,2493.19,2491.59,2492.26,58168
1787810160,2492.25,2492.26,2491.48,2491.91,33859
1787810220,2491.9,2493.82,2491.7,2493.82,39630
1787810280,2493.82,2495.58,2493.09,2495.2,81335
1787810340,2495.2,2495.62,2494.3,2495.11,93236
1787810400,2495.11,2495.11,2492.68,2492.97,97226
1787810460,2492.98,2493.3,2492.01,2493.01,33698
1787810520,2493,2493,2492.38,2492.88,47345
1787810580,2492.89,2492.89,2491.79,2492.33,18285
1787810640,2492.34,2492.43,2491.26,2491.36,31160
1787810700,2491.36,2491.61,2490.87,2491.29,32360
1787810760,2491.29,2492.34,2491.29,2491.91,27374
1787810820,2491.91,2491.91,2490.61,2491.12,41278
1787810880,2491.12,2491.29,2490.2,2490.32,43978
1787810940,2490.32,2490.33,2489.13,2489.59,32962
1787811000,2489.59,2489.6,2488.34,2488.54,55358
1787811060,2488.54,2488.81,2487.47,2487.96,97217
1787811120,2487.95,2488.16,2487.25,2487.45,90704
1787811180,2487.45,2487.45,2484.47,2485.29,103199
1787811240,2485.28,2487.35,2483.9,2487.01,150053
1787811300,2487.02,2487.35,2484.38,2484.6,104166
1787811360,2484.6,2485.48,2482.86,2484.1,178224
1787811420,2484.11,2485.65,2483.42,2485.45,278309
1787811480,2485.45,2485.46,2483.88,2484.59,92976
1787811540,2484.59,2484.87,2483.77,2484.86,50459
1787811600,2484.87,2485.19,2483.75,2484.15,46808
1787811660,2484.34,2486.52,2484.34,2486.23,40458
1787811720,2486.22,2486.33,2485.06,2485.06,34459
1787811780,2485,2485.03,2484.28,2484.28,60991
1787811840,2484.28,2484.99,2483.5,2483.78,66501
1787811900,2483.79,2484.98,2483.64,2484.29,29379
1787811960,2484.29,2484.9,2484.03,2484.61,27909
1787812020,2484.61,2484.72,2484.36,2484.49,18041
1787812080,2484.49,2484.6,2483.41,2483.68,38786
1787812140,2483.68,2484.68,2483.2,2484.68,51746
1787812200,2484.68,2487.35,2484.5,2486.48,113880
1787812260,2486.48,2487.43,2485.04,2485.56,92061
1787812320,2485.55,2485.96,2484.53,2485.1,87830
1787812380,2484.95,2485.79,2484.19,2485.14,27646
1787812440,2485.13,2486.47,2484.89,2486.3,29819
1787812500,2486.3,2487.9,2486,2487.26,47021
1787812560,2487.27,2487.27,2486.54,2486.65,37912
1787812620,2486.65,2487.5,2486.42,2487,31660
1787812680,2487.32,2487.46,2486.54,2487.3,37887
1787812740,2487.31,2487.31,2485.77,2486.06,40639
1787812800,2486.06,2487.6,2486.06,2486.48,18647
1787812860,2486.48,2486.48,2485.63,2485.95,18181
1787812920,2485.95,2486.94,2485.78,2486.63,17198
1787812980,2486.63,2486.63,2486.08,2486.45,22589
1787813040,2486.46,2487.32,2486.34,2487.32,18156
1787813100,2487.32,2488.49,2487.14,2487.72,74639
1787813160,2487.73,2488.67,2487.54,2488.5,39882
1787813220,2488.51,2488.99,2488.47,2488.69,42576
1787813280,2488.8,2488.9,2488.5,2488.63,21630
1787813340,2488.64,2488.93,2487.69,2488.66,43788
1787813400,2488.67,2490.82,2488.66,2490.82,78116
1787813460,2490.82,2491.24,2489.79,2490.3,67027
1787813520,2490.28,2490.28,2489.88,2490.12,48473
1787813580,2490.13,2490.38,2489.52,2490.37,23808
1787813640,2490.38,2491,2490.01,2490.07,52025
1787813700,2490.08,2491.45,2489.83,2491.32,41201
1787813760,2491.32,2492.17,2490.88,2490.88,67668
1787813820,2490.88,2491.13,2490.64,2491.13,22962
1787813880,2491.13,2491.4,2490.6,2491.39,25301
1787813940,2491.18,2491.92,2491.06,2491.64,20695
1787814000,2491.37,2491.37,2489.64,2490,93056
1787814060,2489.94,2491.62,2489.81,2491.62,49040
1787814120,2491.61,2491.61,2490,2490.62,45914
1787814180,2490.69,2491.18,2489.53,2490.8,54471
1787814240,2490.8,2491,2489.98,2490.64,39509
1787814300,2490.53,2491,2490.26,2490.79,34438
1787814360,2490.8,2490.8,2489.85,2489.86,24926
1787814420,2489.86,2489.86,2489.04,2489.18,33567
1787814480,2489.18,2490.1,2489.17,2490.09,23376
1787814540,2490.09,2490.09,2489.4,2489.64,20323
1787814600,2489.65,2490,2489.53,2489.87,13752
1787814660,2489.88,2491.52,2489.63,2491,18960
1787814720,2491.01,2491.07,2490.49,2490.58,34300
1787814780,2490.58,2491.43,2490.58,2491.32,15522
1787814840,2491.32,2494.2,2491,2492.68,99442
1787814900,2492.68,2493.12,2491.52,2491.52,122175
1787814960,2491.68,2492.78,2491.67,2492.57,35850
1787815020,2492.57,2492.57,2491.83,2491.84,31530
1787815080,2491.85,2492.59,2491.51,2492.48,24993
1787815140,2492.48,2492.98,2492.23,2492.34,40648
1787815200,2492.35,2492.74,2491.68,2491.69,18927
1787815260,2491.68,2491.69,2491.07,2491.18,25060
1787815320,2491.19,2492.4,2491.19,2492.39,32850
1787815380,2492.4,2492.4,2491.31,2491.68,8553
1787815440,2491.46,2491.47,2488.55,2488.75,103834
1787815500,2488.83,2488.83,2487.21,2488.08,89629
1787815560,2488.08,2488.9,2487.83,2488.9,46158
1787815620,2488.9,2489.41,2488.59,2489.07,20555
1787815680,2489.07,2490,2488.8,2489.63,23670
1787815740,2489.64,2489.64,2488.92,2489.41,26746
1787815800,2489.4,2489.98,2489.04,2489.97,12222
1787815860,2489.98,2492.26,2489.98,2492.26,45223
1787815920,2492.26,2492.8,2491.44,2491.66,44673
1787815980,2491.61,2492.19,2490.12,2491.92,55302
1787816040,2491.92,2492.24,2491.31,2491.51,37500
1787816100,2491.51,2491.81,2490,2490.29,20980
1787816160,2490.3,2491,2489.78,2490.15,30810
1787816220,2490.15,2490.36,2489.81,2490.04,27802
1787816280,2490.05,2490.2,2489.02,2489.62,16439
1787816340,2489.62,2491.93,2489.62,2491.84,20095
1787816400,2491.85,2491.85,2489.2,2489.73,53801
1787816460,2489.73,2491,2489.73,2490.9,32437
1787816520,2490.89,2491.25,2490.06,2491.25,46659
1787816580,2491.25,2491.44,2491,2491.05,14542
1787816640,2491.05,2491.27,2490.36,2490.36,16252
1787816700,2490.37,2491.2,2490.37,2490.7,36570
1787816760,2490.75,2490.76,2490.06,2490.65,12127
1787816820,2490.65,2491.5,2490.64,2491.49,17186
1787816880,2491.5,2491.62,2490.62,2491.31,19256
1787816940,2491.36,2491.56,2490.8,2491.56,71743
1787817000,2491.56,2492,2491.08,2491.99,36158
1787817060,2492,2493.04,2491.99,2492.9,58656
1787817120,2492.9,2494.67,2492.73,2494.56,82121
1787817180,2494.57,2494.72,2493.23,2493.23,79168
1787817240,2493.23,2494.93,2492.75,2494.76,70933
1787817300,2494.77,2497.47,2494.76,2496.5,258358
1787817360,2496.51,2497.48,2496.19,2497.48,119160
1787817420,2497.47,2497.48,2495.34,2496.41,100059
1787817480,2496.33,2496.8,2495.03,2496.38,73840
1787817540,2496.39,2496.64,2495.58,2495.59,93088
1787817600,2495.67,2497.8,2495.67,2496,87408
1787817660,2496,2496.96,2495.68,2496.83,109016
1787817720,2496.82,2501.65,2496.71,2501.64,254072
1787817780,2501.64,2507.77,2501.06,2507.29,774722
1787817840,2507.28,2518,2505.55,2511.29,1734209
1787817900,2511.3,2512.5,2504.48,2505.99,754836
1787817960,2506,2508,2505.06,2505.71,394126
1787818020,2505.7,2511.32,2505.4,2510.49,454894
1787818080,2510.5,2515,2509.66,2514.72,547437
1787818140,2514.72,2526.67,2513.56,2524.52,1381509
1787818200,2524.56,2527,2521.25,2523.46,1543189
1787818260,2523.45,2526.13,2519.85,2522.53,1083630
1787818320,2522.53,2522.88,2519.23,2520.04,628560
1787818380,2520.04,2521.41,2516.5,2517.97,513509
1787818440,2517.97,2518.45,2514.81,2518.32,285994
1787818500,2518.33,2518.85,2512.7,2513.83,392459
1787818560,2513.96,2517.6,2512.75,2515.62,233988
1787818620,2515.63,2516.09,2514.2,2514.32,149077
1787818680,2514.33,2514.82,2513.34,2514.24,176277
1787818740,2514.24,2516.38,2514,2516.01,169409
1787818800,2516,2516.38,2512.67,2513.8,150713
1787818860,2513.81,2515.37,2513.4,2515.11,69869
1787818920,2515.11,2517.4,2510.76,2514.6,288608
1787818980,2514.61,2516.38,2513.18,2514.97,445390
1787819040,2514.97,2516.57,2514.97,2515.82,251302
1787819100,2515.82,2517.99,2515.81,2517.99,155846
1787819160,2517.99,2522.11,2517.38,2519.41,265779
1787819220,2519.42,2520.44,2518.58,2520.2,184419
1787819280,2520.19,2524.64,2520.19,2522.75,273768
1787819340,2522.75,2534.35,2522.52,2532.16,996383
1787819400,2532.36,2545,2531.9,2537.21,2362270
1787819460,2537.2,2542.96,2537.03,2540.34,1091391
1787819520,2540.34,2540.44,2535.15,2535.72,791845
1787819580,2535.71,2539.32,2534.74,2537.95,493319
1787819640,2537.96,2538.6,2533.5,2535.15,354662
1787819700,2535.15,2535.3,2528.34,2531.99,763603
1787819760,2532,2532,2525.97,2526.6,641425
1787819820,2526.6,2530.18,2525.16,2529.15,398340
1787819880,2529.32,2529.51,2527.38,2527.93,318251
1787819940,2527.94,2529.04,2527,2528.9,121704
1787820000,2528.99,2529.56,2527.68,2528.26,82969
1787820060,2528.25,2534.5,2527.69,2531.25,278542
1787820120,2531.25,2534.52,2528.18,2534.41,204856
1787820180,2534.42,2537.46,2533,2533.31,434968
1787820240,2533.31,2534.81,2533.18,2534.49,253384
1787820300,2534.49,2538.96,2534.26,2538.5,226453
1787820360,2538.41,2538.41,2531.44,2532.56,368058
1787820420,2532.56,2534.89,2531.32,2533.91,188851
1787820480,2533.91,2536.76,2532.63,2535,211009
1787820540,2535,2535.65,2532.97,2532.97,203028
1787820600,2533.04,2534.69,2532.06,2532.31,196494
1787820660,2532.32,2536.92,2532.15,2536.1,173191
1787820720,2536.11,2536.22,2531.17,2531.45,202555
1787820780,2531.45,2533.3,2531.45,2532.67,75015
1787820840,2532.67,2533.99,2531.26,2531.26,156602
1787820900,2531.27,2531.52,2527.18,2528.85,188668
1787820960,2528.84,2530.59,2528.49,2530.35,178497
1787821020,2530.25,2531.44,2529.83,2530.57,165807
1787821080,2530.57,2530.82,2529,2529.72,181368
1787821140,2529.72,2530.02,2528.66,2529.15,66172
1787821200,2529.22,2530.64,2527.12,2528.09,197052
1787821260,2528.01,2528.68,2526.56,2527.59,188166
1787821320,2527.58,2528.5,2523.24,2525.49,255931
1787821380,2525.48,2528.31,2525.48,2527.35,164562
1787821440,2527.36,2529.23,2526.65,2526.7,222735
1787821500,2526.6,2529.15,2525.07,2528.23,144284
1787821560,2528.23,2528.38,2525,2527.85,155230
1787821620,2527.85,2529.75,2527.63,2529.75,129718
1787821680,2529.76,2532.12,2529.76,2531.79,124785
1787821740,2531.8,2532.17,2529.35,2530.66,125959
1787821800,2530.66,2533.85,2530.31,2533.83,183161
1787821860,2533.83,2535.09,2533.18,2533.69,166151
1787821920,2533.69,2534.43,2532.4,2532.68,153065
1787821980,2532.8,2533.75,2532.52,2533.24,80218
1787822040,2533.24,2533.64,2531.54,2533.58,63664
1787822100,2533.58,2534,2530.23,2531.19,113680
1787822160,2531.4,2533.72,2530.98,2533.71,113610
1787822220,2533.71,2533.81,2531.81,2533.41,118743
1787822280,2533.41,2533.41,2529.12,2530.96,132008
1787822340,2530.96,2535.77,2530.55,2535.76,144648
1787822400,2535.77,2540.59,2534.48,2540,536641
1787822460,2540.01,2540.01,2536.01,2538.51,487172
1787822520,2538.51,2538.93,2536.15,2537.86,178563
1787822580,2537.87,2537.87,2534.27,2536.26,133671
1787822640,2536.25,2539.22,2536.03,2538.49,173924
1787822700,2538.49,2559.93,2538.48,2548.69,2006405
1787822760,2548.69,2558.3,2548.69,2556.62,1626366
1787822820,2556.62,2565,2553.89,2554.49,1990025
1787822880,2554.48,2554.91,2547.22,2551.38,1019042
1787822940,2551.38,2552.95,2550.47,2552.74,526908
1787823000,2552.74,2554.85,2548.35,2550.72,311364
1787823060,2550.7,2555,2550.45,2552.89,395989
1787823120,2552.9,2553.41,2547.5,2549.04,330152
1787823180,2549.05,2549.74,2547.3,2548.91,243830
1787823240,2548.91,2549.44,2544.52,2545.4,371881
1787823300,2545.55,2546.43,2544.39,2544.84,209715
1787823360,2544.83,2546.99,2544.6,2545.11,196946
1787823420,2545.11,2545.52,2541.96,2542.62,191037
1787823480,2542.61,2545.72,2542.13,2543.01,182380
1787823540,2543,2545.7,2543,2544.99,107855
1787823600,2544.99,2547.55,2544,2546.72,136991
1787823660,2546.83,2546.83,2543.47,2543.58,351060
1787823720,2543.57,2543.7,2536.71,2538.47,341332
1787823780,2538.46,2542.5,2538.46,2541.61,270918
1787823840,2541.61,2542.25,2540.21,2540.46,126682
1787823900,2540.47,2541.37,2540,2541.2,65385
1787823960,2541.19,2542.99,2541.06,2542.87,131077
1787824020,2542.87,2544.36,2542.86,2543.83,72320
1787824080,2543.83,2543.98,2542.03,2542.36,57169
1787824140,2542.35,2542.47,2539.47,2539.47,97082
1787824200,2539.5,2540.77,2535.06,2536.45,214443
1787824260,2536.44,2538.34,2534.55,2535,315168
1787824320,2534.99,2537.72,2534.99,2537.18,265032
1787824380,2537.19,2538.17,2537,2537.5,147528
1787824440,2537.5,2537.5,2535.43,2536.54,105189
1787824500,2536.54,2536.54,2534.96,2535.25,129362
1787824560,2535.25,2535.26,2532.01,2532.51,182546
1787824620,2532.51,2534.65,2532.01,2532.2,232702
1787824680,2532.2,2533.28,2530.9,2533.12,296396
1787824740,2533.13,2534.47,2532.51,2533.47,175047
1787824800,2533.47,2534.6,2531,2532.22,197844
1787824860,2532.22,2534,2531.85,2533.72,109761
1787824920,2533.79,2534.24,2530.62,2531.72,163254
1787824980,2531.72,2531.72,2529.66,2530.46,246119
1787825040,2530.46,2534.55,2529.1,2534.49,314849
1787825100,2534.49,2534.66,2533.34,2534.47,228128
1787825160,2534.47,2537.75,2533.56,2537.75,325613
1787825220,2537.75,2538.7,2537,2537.85,199502
1787825280,2537.85,2538.64,2537.01,2538.19,144668
1787825340,2538.2,2538.68,2538,2538.48,83550
1787825400,2538.48,2538.48,2536.84,2537,127077
1787825460,2536.99,2537.78,2535,2535.01,74986
1787825520,2535,2535,2532.97,2533.06,144644
1787825580,2533.06,2533.13,2530.58,2530.83,109143
1787825640,2530.83,2530.83,2524.69,2529.16,544258
1787825700,2529.15,2531.2,2525.94,2526.84,502073
1787825760,2526.83,2529.08,2526.49,2527.58,360344
1787825820,2527.59,2529.62,2526.23,2529.51,256912
1787825880,2529.61,2530.28,2528.44,2529,205383
1787825940,2529,2529.65,2527.25,2527.26,101518
1787826000,2527.26,2529.1,2527.25,2528.9,91246
1787826060,2528.9,2529.69,2528,2529.46,43972
1787826120,2529.45,2529.88,2527.48,2527.82,94645
1787826180,2527.63,2528.1,2525.1,2525.11,180034
1787826240,2525.11,2525.36,2520.8,2522.23,585954
1787826300,2522.23,2522.52,2511.55,2514.59,1318210
1787826360,2514.59,2515,2485.58,2499.1,5092165
1787826420,2499.1,2506.52,2498.03,2506.29,2707624
1787826480,2506.29,2510,2506.16,2507.11,1105736
1787826540,2507.11,2510.7,2506.93,2509.75,654540
1787826600,2509.74,2509.75,2503.33,2508.85,635539
1787826660,2508.88,2511.13,2508.45,2509.11,506919
1787826720,2509.11,2511.72,2509.1,2511.29,217247
1787826780,2511.28,2512.41,2509.81,2510.49,427229
1787826840,2510.48,2510.83,2506.03,2506.56,211749
1787826900,2506.57,2508.43,2504.42,2504.5,246293
1787826960,2504.5,2505.47,2497.7,2499.28,734354
1787827020,2499.29,2502,2495.39,2498.94,510607
1787827080,2498.94,2502.13,2497.5,2500.84,312245
1787827140,2500.83,2500.86,2498.01,2498.37,183728
1787827200,2498.36,2503,2498.36,2502.69,214881
1787827260,2502.69,2504.82,2502.42,2504.16,329693
1787827320,2504.16,2504.16,2502.35,2504,125975
1787827380,2504,2506.97,2503.77,2506.14,162586
1787827440,2506.13,2506.79,2504.16,2504.72,99538
1787827500,2504.73,2505.43,2504.37,2504.37,157376
1787827560,2504.37,2505.53,2504,2505.25,88162
1787827620,2505.51,2505.74,2499.57,2500.7,212394
1787827680,2500.71,2502.17,2500.47,2501.36,133252
1787827740,2501.36,2503.1,2500.62,2500.73,106531
1787827800,2500.63,2502.5,2499.87,2502.39,130337
1787827860,2502.39,2503.09,2500.45,2501.35,74001
1787827920,2501.34,2504.12,2501.34,2503.46,126522
1787827980,2503.46,2504.49,2502.98,2504.09,120713
1787828040,2503.98,2504.69,2503.23,2504.08,59132
1787828100,2504.07,2505,2503.14,2504.24,91022
1787828160,2504.23,2504.45,2503.09,2503.14,60262
1787828220,2503.14,2504.77,2502,2502.89,383293
1787828280,2502.88,2503.67,2501.1,2501.96,280547
1787828340,2501.95,2502.58,2500.55,2502.58,179237
1787828400,2502.57,2503.38,2500.5,2503.14,140591
1787828460,2503.15,2506,2501.34,2505.36,190243
1787828520,2505.35,2506.97,2504.16,2504.87,172535
1787828580,2504.7,2506.93,2504.7,2506.2,158071
1787828640,2506.41,2507.8,2505.49,2506.13,194841
1787828700,2506.14,2506.29,2503.44,2506.21,74826
1787828760,2506.21,2506.85,2503.45,2505.06,111459
1787828820,2505.06,2507.31,2504.8,2506.7,66365
1787828880,2506.7,2507.06,2505.28,2505.66,63054
1787828940,2505.66,2506.78,2504.5,2505.01,73460
1787829000,2505.01,2505.84,2504.53,2505.37,59932
1787829060,2505.36,2505.77,2504.27,2504.65,55659
1787829120,2504.64,2505.68,2504.55,2505.16,53554
1787829180,2505.16,2505.9,2504.77,2505.9,51398
1787829240,2505.9,2506.86,2505.68,2506.69,48003
1787829300,2506.69,2506.82,2506.3,2506.75,58549
1787829360,2506.75,2508.49,2506.75,2507.84,81491
1787829420,2507.84,2507.84,2504.21,2504.94,116116
1787829480,2504.93,2505.1,2503,2503.81,69519
1787829540,2503.57,2506.37,2503.56,2505.73,72418
1787829600,2505.65,2506.86,2504.85,2506.86,72540
1787829660,2506.86,2507.82,2504.16,2505.18,58780
1787829720,2505.19,2506.26,2504.96,2505.89,47599
1787829780,2505.9,2506.77,2505.69,2505.83,51892
1787829840,2505.95,2507.17,2505.78,2506.65,53482
1787829900,2506.66,2508.94,2506.66,2508.42,128956
1787829960,2508.43,2508.7,2502.76,2503.01,159546
1787830020,2503,2504.28,2499.5,2499.5,202764
1787830080,2499.5,2501.65,2497.63,2501.33,249851
1787830140,2501.33,2501.33,2499.41,2500.13,206111
1787830200,2500.12,2500.43,2497.14,2497.38,120027
1787830260,2497.37,2500.56,2497.11,2498.89,264998
1787830320,2498.88,2500.28,2496.74,2500.12,122200
1787830380,2500.12,2504.48,2499.98,2504.04,154660
1787830440,2503.92,2504.49,2503.22,2504.05,62158
1787830500,2504.05,2504.39,2501.34,2502.73,68441
1787830560,2502.94,2503.68,2500.57,2500.82,68543
1787830620,2500.94,2501.33,2498.64,2500.4,96591
1787830680,2500.4,2501.23,2498.04,2498.85,93286
1787830740,2498.85,2500.2,2498.05,2498.15,61646
1787830800,2498.15,2500.3,2498.15,2498.76,58596
1787830860,2498.75,2501.27,2498.75,2501,38033
1787830920,2501.11,2501.57,2499.77,2501.57,41927
1787830980,2501.47,2502.64,2501.34,2502.63,51771
1787831040,2502.64,2502.64,2502,2502.35,45189
1787831100,2502.35,2502.4,2500.63,2501.49,40369
1787831160,2501.4,2501.72,2499.09,2500.14,72320
1787831220,2500.15,2501.34,2499.54,2499.54,59491
1787831280,2499.47,2500.67,2498.85,2498.95,54108
1787831340,2499.07,2499.28,2497.33,2497.47,123351
1787831400,2497.47,2498.28,2495.61,2496.35,167309
1787831460,2496.35,2498.44,2491.09,2497.83,439374
1787831520,2497.82,2500.14,2497.71,2499.44,372550
1787831580,2499.44,2500.92,2499.13,2500.92,111883
1787831640,2500.92,2501.48,2500.56,2501.48,104465
1787831700,2501.47,2501.48,2499.63,2500.56,77742
1787831760,2500.56,2501,2499.61,2500.53,42266
1787831820,2500.52,2500.62,2499.95,2500.07,15639
1787831880,2500.07,2500.93,2500.02,2500.27,18745
1787831940,2500.28,2500.4,2499.95,2500.4,27343
1787832000,2500.4,2502.13,2500.07,2501.82,55775
1787832060,2502.06,2502.51,2501.02,2502.5,45601
1787832120,2502.51,2502.51,2499.53,2501.56,70400
1787832180,2501.55,2501.84,2499.56,2500.34,69593
1787832240,2500.33,2500.57,2499.43,2500.14,31435
1787832300,2500.14,2502,2499.39,2501.09,32897
1787832360,2501.09,2501.82,2499.61,2500.19,44085
1787832420,2500.04,2500.57,2499.03,2499.43,51290
1787832480,2499.42,2499.9,2498.6,2498.61,58634
1787832540,2498.61,2500.95,2498.61,2500.24,36443
1787832600,2500.25,2502.08,2500.25,2502.08,78001
1787832660,2502.2,2505.47,2502.2,2504.01,166538
1787832720,2504.01,2504.79,2503.35,2503.5,93440
1787832780,2503.51,2503.51,2501.77,2502.76,97758
1787832840,2502.76,2504.54,2502.64,2503.89,51273
1787832900,2503.89,2506,2503.88,2504.79,85796
1787832960,2504.68,2505,2503.39,2503.39,66257
1787833020,2503.26,2503.89,2502.02,2502.67,54032
1787833080,2502.67,2503.11,2501.44,2501.6,57072
1787833140,2501.6,2502.59,2501.37,2501.53,28409
1787833200,2501.53,2503.22,2501.53,2502.94,35964
1787833260,2502.95,2503.1,2501.54,2503,21058
1787833320,2503,2504,2501.96,2503.99,62733
1787833380,2504,2504.58,2502.99,2503.3,57549
1787833440,2503.29,2503.81,2502.64,2503.59,45607
1787833500,2503.6,2505.36,2503.41,2505.36,49518
1787833560,2505.36,2506.54,2504.46,2505.88,76430
1787833620,2505.88,2506.12,2504.73,2505.36,150269
1787833680,2505.36,2505.86,2503.57,2504.19,83461
1787833740,2504.2,2504.8,2504.19,2504.8,31322
1787833800,2504.8,2504.96,2503.11,2504,54938
1787833860,2504.01,2504.33,2502.65,2502.66,64139
1787833920,2502.65,2502.66,2500.6,2500.6,65125
1787833980,2500.59,2501.48,2499.67,2499.67,84937
1787834040,2499.67,2500.09,2499,2499.03,39321
1787834100,2499.04,2499.38,2497.1,2497.45,108365
1787834160,2497.44,2498.54,2494.95,2495.1,147430
1787834220,2495.1,2497.75,2495.1,2496.92,239800
1787834280,2496.92,2498.2,2495.61,2497.78,157995
1787834340,2497.79,2500.16,2497.79,2499.3,115640
1787834400,2499.3,2499.94,2498,2498.25,80073
1787834460,2498.24,2498.98,2498,2498.09,49719
1787834520,2498.08,2498.84,2497,2497.23,42406
1787834580,2497.23,2497.24,2496.5,2497,76724
1787834640,2496.99,2497,2494.75,2495.35,72876
1787834700,2495.35,2496.11,2495.09,2496.03,160637
1787834760,2496.02,2497.38,2496.02,2497.2,40229
1787834820,2497.33,2497.97,2496.78,2496.81,48880
1787834880,2496.8,2497.88,2496.64,2497.46,30328
1787834940,2497.46,2498.37,2497.2,2498.36,29762
1787835000,2498.37,2498.5,2497.32,2498.5,62692
1787835060,2498.6,2498.99,2496.76,2497.08,36510
1787835120,2497.09,2497.96,2496.22,2496.42,27383
1787835180,2496.43,2496.87,2496.13,2496.67,31781
1787835240,2496.68,2497.85,2496.68,2497.02,24395
1787835300,2497.02,2498.27,2496.85,2496.85,33455
1787835360,2496.86,2497.44,2496.85,2497.44,32420
1787835420,2497.44,2497.7,2497.2,2497.3,34777
1787835480,2497.3,2497.8,2496.2,2496.2,33640
1787835540,2496.2,2496.21,2490.51,2494.13,313599
1787835600,2494.13,2496.6,2492.86,2495.21,247826
1787835660,2495.21,2496.91,2495.21,2496.34,121591
1787835720,2496.35,2497.19,2495.71,2496.52,57060
1787835780,2496.53,2497.31,2495.43,2495.44,59439
1787835840,2495.43,2496,2494.58,2494.59,49475
1787835900,2494.72,2495.47,2494,2495.36,53802
1787835960,2495.37,2496.32,2495.14,2495.92,34461
1787836020,2495.92,2497.39,2495.87,2497.07,44035
1787836080,2497.15,2498.82,2496.65,2497.74,50622
1787836140,2497.75,2498.01,2495,2495.01,54730
1787836200,2495.01,2497.67,2495.01,2496.64,44593
1787836260,2496.64,2497.41,2495.16,2496.76,39269
1787836320,2496.76,2497.6,2496.42,2497.45,51190
1787836380,2497.45,2497.51,2496.3,2497.5,25874
1787836440,2497.51,2497.51,2496.18,2496.89,41219
1787836500,2497.19,2498.9,2497.18,2498.58,50287
1787836560,2498.59,2500.7,2497.62,2498.96,102117
1787836620,2499.12,2499.65,2496.72,2496.88,166142
1787836680,2497.01,2497.75,2496,2496,73645
1787836740,2496.01,2497.22,2495.95,2496.26,60398
1787836800,2496.26,2498,2496.07,2498,31181
1787836860,2498,2499.87,2497.68,2499.27,77801
1787836920,2499.28,2500.94,2498.85,2500.64,90979
1787836980,2500.5,2501.94,2499.35,2500.8,136450
1787837040,2500.92,2501.25,2500.08,2501.01,96752
1787837100,2501.02,2505,2500,2504.24,266877
1787837160,2504.25,2505.72,2504.12,2505.48,351450
1787837220,2505.42,2505.62,2503.74,2505.51,196606
1787837280,2505.52,2505.52,2503.15,2503.2,151809
1787837340,2503.2,2503.2,2501.04,2501.61,130915
1787837400,2501.61,2501.96,2497.45,2500.89,234731
1787837460,2500.89,2501.79,2492.42,2492.62,314004
1787837520,2492.61,2496,2490.1,2490.61,558811
1787837580,2490.61,2493.96,2488.13,2493.95,521784
1787837640,2493.96,2494.88,2489,2489,374920
1787837700,2489,2491.36,2488.21,2490.91,371655
1787837760,2490.91,2493.78,2490.25,2492.83,340562
1787837820,2492.97,2493.81,2488.77,2490.86,175897
1787837880,2490.85,2491.43,2486,2486.81,431489
1787837940,2486.81,2490.87,2485.57,2490.79,476235
1787838000,2490.79,2491.55,2485.3,2488.88,379533
1787838060,2488.88,2491,2485.68,2486.48,325601
1787838120,2486.48,2490.61,2483.01,2490.05,468164
1787838180,2490.06,2491.05,2488.9,2489.52,310668
1787838240,2489.53,2492.51,2487.59,2488.6,288940
1787838300,2488.59,2493.03,2487.19,2492.07,228325
1787838360,2492.06,2494.48,2491.56,2492.03,284078
1787838420,2492.03,2493.57,2484.5,2485.69,311397
1787838480,2485.68,2488,2481.13,2486,756698
1787838540,2486.07,2487.38,2482.6,2486.76,529555
1787838600,2486.76,2489.97,2486.76,2489.97,578862
1787838660,2489.97,2491.65,2487.3,2490.31,338897
1787838720,2490.31,2494,2489.97,2493.68,250788
1787838780,2493.67,2493.67,2491.45,2491.92,145140
1787838840,2492.05,2493.05,2490.18,2491.96,138241
1787838900,2491.95,2494.47,2491.95,2493.77,179016
1787838960,2493.77,2496.48,2492.3,2492.51,252591
1787839020,2492.52,2494,2489.4,2494,217595
1787839080,2494,2495.61,2492.96,2495.47,214306
1787839140,2495.48,2496.97,2493.83,2495.01,216977
1787839200,2495.01,2496.56,2494.14,2494.22,199865
1787839260,2494.22,2494.99,2492.58,2494.45,131967
1787839320,2494.46,2499.09,2493.53,2497.2,292381
1787839380,2497.2,2499.2,2496.41,2499.2,207425
1787839440,2499.27,2502.74,2498.01,2500.92,424483
1787839500,2500.95,2503.55,2500.41,2501.41,507061
1787839560,2501.41,2501.74,2494.24,2494.69,399779
1787839620,2494.53,2495.51,2492.74,2494.54,288840
1787839680,2494.53,2494.79,2491.32,2492.87,236847
1787839740,2492.87,2494.2,2491.94,2492.89,220182
1787839800,2492.89,2494.19,2490.5,2490.62,153981
1787839860,2490.61,2492.12,2490.14,2490.22,143060
1787839920,2490.22,2491.44,2487.33,2489.48,335920
1787839980,2489.48,2490.96,2487.63,2490.96,246966
1787840040,2490.96,2491.3,2488.78,2491.02,146756
1787840100,2491.02,2491.99,2490,2491.79,85686
1787840160,2491.91,2492.16,2489.06,2491.47,71776
1787840220,2491.44,2495.58,2491.44,2494.87,126084
1787840280,2494.7,2499.35,2494.15,2498.4,227257
1787840340,2498.32,2501.24,2497.59,2500.4,291399
1787840400,2500.4,2503.12,2500.21,2502.78,248696
1787840460,2502.88,2506.91,2498.97,2501.05,321126
1787840520,2501.04,2507.48,2500.44,2505.78,319428
1787840580,2505.76,2507.34,2503.73,2505.96,435339
1787840640,2505.96,2506.08,2503.36,2505.97,227609
1787840700,2505.88,2506,2504.18,2505.49,139642
1787840760,2505.5,2506,2504.23,2505.32,115348
1787840820,2505.15,2505.59,2503.03,2503.54,126957
1787840880,2503.55,2504.7,2503.54,2504.69,74394
1787840940,2504.7,2507.32,2504.4,2506.97,128501
1787841000,2506.97,2507.42,2503,2503.87,182470
1787841060,2503.87,2507,2503.87,2506.13,170853
1787841120,2506.14,2507.32,2503.15,2503.16,136760
1787841180,2503.16,2507.66,2503.16,2507.65,105160
1787841240,2507.66,2512.17,2507.65,2509.61,404615
1787841300,2509.61,2513.56,2509.4,2511.8,361793
1787841360,2512.01,2516.64,2510.47,2515.1,1081968
1787841420,2515.09,2515.54,2511.66,2512.91,339366
1787841480,2512.8,2517,2512.79,2515.88,443616
1787841540,2515.88,2517.12,2514.15,2514.62,394652
1787841600,2514.7,2516.74,2513.75,2516,186470
1787841660,2515.71,2517.66,2514.21,2516.66,240358
1787841720,2516.67,2522.97,2516.07,2520.29,518443
1787841780,2520.29,2520.57,2516.07,2518.12,1135277
1787841840,2518.11,2520.31,2516.9,2519.01,428321
1787841900,2519.02,2519.02,2515.4,2517.53,336061
1787841960,2517.53,2517.87,2516.01,2516.88,296595
1787842020,2517.02,2517.03,2510.02,2510.41,380652
1787842080,2510.64,2512.78,2510.64,2512.78,223603
1787842140,2512.77,2513.94,2511.23,2512,198478
1787842200,2512,2513.59,2511.99,2512.77,123047
1787842260,2512.78,2514.5,2512,2514.25,119490
1787842320,2514.24,2515.84,2512.48,2512.49,116371
1787842380,2512.49,2513,2510,2511.29,225117
1787842440,2511.26,2512.39,2510,2510.89,88308
1787842500,2510.74,2512.23,2509.96,2510.49,106567
1787842560,2510.49,2513.56,2509.81,2513.01,124413
1787842620,2513.01,2514.78,2512.24,2513.54,113389
1787842680,2513.67,2516.21,2513.33,2515.76,105802
1787842740,2515.75,2517.45,2515,2515.94,211277
1787842800,2515.94,2517.32,2514.8,2516.73,125614
1787842860,2516.74,2519.46,2516.61,2518.97,235824
1787842920,2518.97,2519.37,2515.67,2515.67,208282
1787842980,2515.68,2515.99,2512.51,2512.68,236106
1787843040,2512.67,2517.5,2511.88,2517.49,117233
1787843100,2517.5,2522.77,2516.01,2522.41,213329
1787843160,2522.41,2524.02,2519.5,2519.67,278957
1787843220,2519.67,2521.56,2516.4,2516.53,167971
1787843280,2516.53,2520,2516.32,2518.55,109561
1787843340,2518.55,2520.62,2517.77,2519.99,129966
1787843400,2520,2521.53,2519,2519.57,114992
1787843460,2519.58,2521.92,2519.31,2520.86,77709
1787843520,2520.86,2525.27,2519.96,2524.29,346084
1787843580,2524.29,2528.91,2523.53,2526.81,739125
1787843640,2526.8,2528.78,2524.12,2524.53,521557
1787843700,2524.53,2525.31,2521.64,2522.26,249078
1787843760,2522.32,2523.44,2517.99,2520.01,291764
1787843820,2520,2525.92,2519.1,2525.91,182815
1787843880,2525.91,2526.2,2522.45,2522.49,178696
1787843940,2522.5,2524.07,2522,2522.7,107488
1787844000,2522.71,2522.78,2517.86,2518.85,243998
1787844060,2518.85,2520.48,2514.79,2517.19,346271
1787844120,2517.19,2519.46,2516.65,2518.48,192013
1787844180,2518.48,2518.78,2515.54,2518.11,191362
1787844240,2518.11,2519.43,2516.53,2519.32,107063
1787844300,2519.33,2519.6,2516.63,2518.45,151460
1787844360,2518.45,2520,2518,2520,64315
1787844420,2519.99,2523.3,2519.41,2520.96,119604
1787844480,2520.97,2521.75,2519.96,2521.23,84113
1787844540,2521.22,2522.6,2520.05,2521.92,105915
1787844600,2521.93,2521.98,2517.78,2518.29,102441
1787844660,2518.49,2519.15,2516.82,2518.33,161443
1787844720,2518.32,2518.32,2516.9,2517.79,79667
1787844780,2517.78,2518.76,2516,2517.81,73722
1787844840,2517.8,2517.8,2513.6,2515.69,157435
1787844900,2515.69,2517.59,2514.63,2516.55,153175
1787844960,2516.55,2519.6,2515,2518.1,91232
1787845020,2518.1,2524.09,2517.65,2522.99,214814
1787845080,2523,2530.73,2522.35,2527.1,736281
1787845140,2527.19,2529.28,2526.02,2526.13,389554
1787845200,2526.13,2526.14,2520.84,2522.14,309349
1787845260,2522.14,2525.28,2520.18,2525.01,179508
1787845320,2525.01,2527.57,2524.3,2525.78,227214
1787845380,2525.78,2528,2525,2525.82,197567
1787845440,2525.81,2526,2524.16,2524.16,223403
1787845500,2524.17,2524.94,2520.48,2521.52,149315
1787845560,2521.53,2521.84,2518.7,2519.64,240734
1787845620,2519.64,2520,2517.93,2518.1,131924
1787845680,2518.1,2521.19,2518.1,2519.77,132102
1787845740,2519.76,2521.3,2519.61,2520.31,65707
1787845800,2520.3,2522.54,2520.3,2521.8,72634
1787845860,2521.63,2521.9,2519.2,2521.49,78154
1787845920,2521.49,2521.59,2519.6,2520.52,71303
1787845980,2520.51,2520.56,2519.09,2519.37,54549
1787846040,2519.36,2520.84,2518.56,2520.69,37612
1787846100,2520.63,2521.35,2518.54,2519.43,53520
1787846160,2519.42,2520.32,2518,2519.78,67960
1787846220,2519.78,2521.53,2519.25,2521.14,98933
1787846280,2521.32,2521.82,2520.65,2521.81,50085
1787846340,2521.82,2522,2519.82,2520.14,52113
1787846400,2520.13,2521.62,2520,2520.54,56706
1787846460,2520.55,2523.3,2520.24,2523.3,72076
1787846520,2523.29,2523.29,2520.63,2522.66,68105
1787846580,2522.65,2524.69,2522.38,2524.68,67553
1787846640,2524.69,2525.5,2523.04,2523.84,95548
1787846700,2523.85,2524.86,2522.8,2524.09,132849
1787846760,2524.09,2524.34,2519.54,2519.65,187414
1787846820,2519.89,2520.22,2515.98,2516.38,212587
1787846880,2516.38,2516.85,2514.8,2516.85,284783
1787846940,2516.84,2518.62,2515.78,2518.01,153096
1787847000,2518,2521.97,2517.89,2521.84,111330
1787847060,2521.85,2522.29,2520.53,2521.68,109728
1787847120,2521.68,2524.15,2521.49,2523.99,113349
1787847180,2523.99,2525.7,2523.57,2524.78,128330
1787847240,2524.79,2524.95,2520.08,2522.39,110544
1787847300,2522.39,2524.53,2521.8,2524.53,96466
1787847360,2524.53,2526.21,2523.95,2524.1,209119
1787847420,2524.11,2525.65,2523.51,2524.97,96086
1787847480,2524.96,2525.9,2523.77,2524.06,110691
1787847540,2524.06,2525.66,2523.13,2524.35,92915
1787847600,2524.36,2525.77,2523.55,2525.76,73733
1787847660,2525.87,2526.75,2524.97,2526.32,115969
1787847720,2526.32,2526.37,2524.32,2524.76,224332
1787847780,2524.76,2526.1,2524.76,2524.82,86450
1787847840,2524.68,2525.2,2522.87,2524.97,123392
1787847900,2524.98,2525.78,2523.32,2523.41,95823
1787847960,2523.42,2524.34,2522.97,2524.33,105643
1787848020,2524.34,2525.19,2523.91,2524.07,82884
1787848080,2524.06,2524.06,2522.42,2523.18,61041
1787848140,2523.17,2523.8,2520.22,2520.62,150589
1787848200,2520.62,2520.84,2518.33,2519.19,133687
1787848260,2519.2,2520.83,2518.74,2520.28,117317
1787848320,2520.28,2521.89,2519.69,2520.3,77110
1787848380,2520.31,2521.83,2519.91,2521.75,50321
1787848440,2521.75,2521.84,2519.5,2519.5,88500
1787848500,2519.5,2519.74,2517.15,2519.74,89564
1787848560,2519.74,2520.71,2517.72,2520.7,104068
1787848620,2520.7,2522.48,2520.31,2522.3,52625
1787848680,2522.19,2522.87,2520.6,2521.6,50349
1787848740,2521.6,2523.2,2521.3,2522.89,43590
1787848800,2522.86,2526.18,2522.48,2526.18,99477
1787848860,2526.18,2528.8,2525.78,2527.81,211204
1787848920,2527.82,2527.86,2526.55,2527.33,110750
1787848980,2527.19,2529.57,2525.5,2529.39,167671
1787849040,2529.4,2532,2528.98,2529.27,366307
1787849100,2529.28,2529.93,2526.4,2528.33,212068
1787849160,2528.33,2528.5,2526.27,2526.29,123694
1787849220,2526.29,2526.39,2524.4,2524.41,82935
1787849280,2524.4,2525.16,2523.44,2524.36,84966
1787849340,2524.36,2525.75,2523.25,2524.76,88382
1787849400,2524.76,2525.43,2523.77,2524.78,44659
1787849460,2524.86,2525.22,2523.51,2524.37,44814
1787849520,2524.33,2524.8,2523.9,2524.8,38981
1787849580,2524.96,2526.93,2524.96,2526.34,77991
1787849640,2526.34,2526.57,2523.08,2524.17,77919
1787849700,2524.16,2524.16,2521.75,2522.62,83241
1787849760,2522.62,2522.93,2521.38,2522.16,76201
1787849820,2522.33,2522.77,2521.32,2521.33,63638
1787849880,2521.32,2522.46,2521.04,2521.13,64946
1787849940,2521.22,2522.32,2521,2521.02,47165
1787850000,2521.02,2521.41,2519.23,2519.24,134688
1787850060,2519.24,2520.22,2516.07,2516.42,146048
1787850120,2516.42,2517.68,2514.5,2516,339094
1787850180,2516.12,2518,2514.85,2517.99,166718
1787850240,2518,2518.88,2516.06,2518.88,135380
1787850300,2518.87,2519.19,2516.48,2517.64,102255
1787850360,2517.64,2522.33,2517.64,2520.16,105433
1787850420,2520.17,2520.54,2518.73,2519.08,64439
1787850480,2519.01,2522.84,2518.73,2522.08,62544
1787850540,2522.08,2524.58,2522.07,2523.09,92685
1787850600,2523.1,2526.35,2523.1,2525.58,172537
1787850660,2525.59,2526.82,2523.81,2524.94,149701
1787850720,2524.94,2527.36,2523.83,2527.36,99709
1787850780,2527.4,2529.9,2527.39,2528.48,189892
1787850840,2528.34,2530.03,2527.5,2527.81,168295
1787850900,2527.81,2530.58,2527.5,2529.24,133580
1787850960,2529.24,2529.88,2526.8,2529.34,99693
1787851020,2529.35,2531.33,2528.76,2530.79,205619
1787851080,2530.8,2532.38,2530.23,2530.97,159028
1787851140,2530.97,2532.36,2529.23,2529.85,322451
1787851200,2529.85,2529.85,2528.66,2529.05,143481
1787851260,2529.05,2529.85,2525.78,2526.81,154597
1787851320,2526.81,2527.98,2526.14,2526.21,72247
1787851380,2526.2,2526.3,2524.71,2525.93,91239
1787851440,2525.93,2528.19,2525.78,2527.57,94612
1787851500,2527.57,2527.93,2526.4,2527.34,33335
1787851560,2527.35,2527.81,2526.23,2526.51,51898
1787851620,2526.51,2526.8,2524.1,2524.37,56134
1787851680,2524.36,2526.04,2523.8,2525.06,56717
1787851740,2525.06,2525.13,2522.33,2522.57,107688
1787851800,2522.57,2525.58,2522.57,2525.35,101043
1787851860,2525.36,2525.7,2524.12,2524.49,48785
1787851920,2524.48,2524.54,2522.65,2524.28,77144
1787851980,2524.27,2524.97,2521.54,2521.74,56388
1787852040,2521.74,2522.36,2521.11,2521.49,51013
1787852100,2521.49,2522.93,2520.17,2522.07,136249
1787852160,2522.33,2523.36,2521.57,2523.27,83194
1787852220,2523.27,2523.27,2519.54,2519.86,93090
1787852280,2519.86,2521.22,2519.34,2519.62,69392
1787852340,2519.62,2521.36,2519.56,2520.71,53255
1787852400,2520.7,2521.81,2520.19,2520.75,34077
1787852460,2520.74,2521.07,2519.47,2519.47,63090
1787852520,2519.47,2519.47,2516.69,2517.45,105674
1787852580,2517.44,2518.7,2517.44,2518.57,95869
1787852640,2518.56,2518.65,2516.24,2516.99,86444
1787852700,2516.99,2517,2515.25,2515.44,99100
1787852760,2515.43,2518.65,2513.78,2517.61,255441
1787852820,2517.61,2519.07,2516.79,2518.43,89408
1787852880,2518.53,2518.53,2517.18,2517.75,57836
1787852940,2517.77,2519.36,2517.77,2519.36,39735
1787853000,2519.4,2521.2,2518.75,2521.02,58392
1787853060,2521.02,2521.2,2519.32,2519.48,69915
1787853120,2519.48,2519.9,2518.7,2519.61,37730
1787853180,2519.61,2519.61,2518.26,2518.4,22052
1787853240,2518.4,2519.01,2517.6,2518.96,59669
1787853300,2518.96,2520.79,2518.74,2519.63,33446
1787853360,2519.63,2520.69,2519.26,2520.29,43101
1787853420,2520.29,2520.61,2518.01,2518.4,48677
1787853480,2518.39,2518.61,2517.41,2518.22,49533
1787853540,2518.22,2518.41,2516.82,2516.83,51697
1787853600,2516.82,2517.38,2514.96,2515.08,51682
1787853660,2515.08,2516.96,2514.16,2514.68,87893
1787853720,2514.69,2516.09,2512.22,2515.99,208735
1787853780,2516,2516.93,2515.56,2515.66,93902
1787853840,2515.65,2515.77,2514,2514.1,195804
1787853900,2514.1,2515.67,2513.6,2513.79,97324
1787853960,2513.78,2514.93,2513.67,2514.62,53126
1787854020,2514.61,2515.53,2513.69,2514.57,42497
1787854080,2514.57,2515.61,2514.19,2514.2,29929
1787854140,2514.19,2514.19,2512.66,2513.8,65019
1787854200,2513.79,2513.82,2510.64,2511.69,176221
1787854260,2511.69,2512.23,2511.08,2511.76,95050
1787854320,2511.76,2511.79,2505.29,2506,487601
1787854380,2506,2506.77,2492.85,2494.7,915188
1787854440,2494.62,2499.08,2492.84,2499.07,1142740
1787854500,2499.07,2502.29,2498.72,2501.77,419717
1787854560,2501.87,2502.01,2491.43,2493.77,439813
1787854620,2493.87,2494.22,2487.33,2489.4,816601
1787854680,2489.4,2493.25,2488.99,2490.54,396798
1787854740,2490.41,2492.76,2489.18,2489.46,189179
1787854800,2489.45,2490.97,2487.93,2490.32,218023
1787854860,2490.32,2490.32,2487.05,2489.37,189580
1787854920,2489.37,2493.8,2489.37,2492.79,211435
1787854980,2492.79,2495.95,2492.79,2493.12,147094
1787855040,2493.11,2493.9,2492.42,2493.84,132595
1787855100,2493.59,2495.95,2493.57,2494.45,64202
1787855160,2494.46,2494.95,2492.39,2494.93,85934
1787855220,2494.96,2495.89,2494.28,2495,127968
1787855280,2495,2495.42,2493.44,2494.26,70826
1787855340,2494.25,2494.4,2491.23,2492.23,54991
1787855400,2492.24,2495.31,2490.44,2494.78,88120
1787855460,2494.78,2495.1,2492.73,2493.96,69293
1787855520,2493.96,2494.95,2493.95,2494.31,36775
1787855580,2494.31,2494.31,2490.21,2490.21,75611
1787855640,2490.2,2491.86,2490.06,2491.31,39115
1787855700,2491.31,2493.92,2490.7,2493.92,77676
1787855760,2493.92,2495.19,2493.53,2494.6,78517
1787855820,2494.5,2496.33,2494.5,2496.2,71999
1787855880,2496.09,2496.8,2495.61,2496.31,45716
1787855940,2496.3,2496.49,2494.24,2496.4,96757
1787856000,2496.41,2496.72,2495.08,2496.32,64859
1787856060,2496.33,2496.97,2495.6,2496.05,35842
1787856120,2496.05,2496.6,2494.13,2494.25,58604
1787856180,2494.38,2494.38,2492.04,2494.1,63520
1787856240,2494.11,2495.84,2494.1,2495.84,46374
1787856300,2495.61,2496.9,2494.14,2495.9,115052
1787856360,2495.89,2496.72,2495.44,2496.6,93198
1787856420,2496.52,2497.15,2496.01,2497.15,41403
1787856480,2497.16,2498.53,2497.14,2498.16,115295
1787856540,2498.16,2498.16,2496.57,2496.57,66537
1787856600,2496.65,2496.96,2494.22,2496.17,79937
1787856660,2496.17,2497.96,2495.71,2497.01,65143
1787856720,2497.01,2497.97,2496.74,2497.93,23945
1787856780,2497.93,2500.5,2497.93,2500.03,169650
1787856840,2500.04,2500.04,2499.13,2499.63,94598
1787856900,2499.63,2500.8,2499.01,2499.13,47718
1787856960,2499.35,2501.45,2499.06,2501.29,42436
1787857020,2501.3,2503.81,2501.3,2503.4,81729
1787857080,2503.4,2504.55,2503.06,2504.41,78647
1787857140,2504.32,2505.8,2504.16,2505.59,79279
1787857200,2505.61,2506.51,2503.58,2505.61,144242
1787857260,2505.73,2506.56,2505,2505.11,107906
1787857320,2505.11,2505.96,2504.17,2505.33,84735
1787857380,2505.33,2506.1,2504.26,2505.94,60227
1787857440,2505.94,2507.95,2505.93,2506.59,127671
1787857500,2506.6,2507.49,2506.25,2507.21,78600
1787857560,2507.22,2508.3,2507.21,2507.83,40466
1787857620,2507.83,2509.23,2506.2,2506.73,66726
1787857680,2506.73,2508.98,2506.73,2508.95,56498
1787857740,2508.96,2510.98,2508.12,2508.14,151971
1787857800,2508.13,2508.86,2507.67,2507.97,82965
1787857860,2507.97,2509.28,2507.97,2508.74,27661
1787857920,2508.74,2509.79,2508.2,2509.01,20082
1787857980,2509.02,2509.65,2507,2507.21,74969
1787858040,2507.21,2509.66,2507.21,2508.43,45438
1787858100,2508.44,2508.7,2507,2507.02,46567
1787858160,2507.02,2507.46,2505.91,2507.25,91954
1787858220,2507.47,2508.51,2507.34,2508.09,53334
1787858280,2508.2,2510.24,2507.43,2509.96,74870
1787858340,2510.03,2510.7,2508.1,2508.58,60528
1787858400,2508.86,2509.08,2507.61,2508.09,28850
1787858460,2508.09,2509.5,2507.96,2509.49,25811
1787858520,2509.5,2510.22,2508.46,2508.46,46945
1787858580,2508.3,2508.83,2506.71,2507.69,42900
1787858640,2507.6,2508.86,2507.6,2508.82,34000
1787858700,2508.76,2509.51,2508.12,2508.8,28070
1787858760,2508.81,2509.37,2508.74,2509.06,29393
1787858820,2509.07,2509.66,2507.7,2507.71,20008
1787858880,2507.71,2510.13,2507.71,2509.64,32103
1787858940,2509.65,2510.45,2507.94,2510.3,43365
1787859000,2510.31,2510.74,2509.64,2509.95,66941
1787859060,2510.2,2510.75,2509.65,2510.04,43576
1787859120,2510.05,2512.36,2509.39,2509.39,121393
1787859180,2509.4,2511.67,2508,2510.42,136686
1787859240,2510.42,2512.95,2510.12,2511.47,63299
1787859300,2511.48,2511.55,2508.95,2509.06,49062
1787859360,2509.06,2510.87,2508.23,2508.24,31343
1787859420,2508.23,2508.66,2506.35,2508.36,50682
1787859480,2508.37,2510,2507.21,2507.65,24324
1787859540,2507.76,2508.8,2507.56,2507.88,39743
1787859600,2507.69,2507.99,2506.94,2507.23,29317
1787859660,2507.23,2507.92,2506.78,2507.58,18718
1787859720,2507.59,2508.38,2507.56,2507.7,24295
1787859780,2507.93,2507.98,2507.31,2507.82,25637
1787859840,2507.81,2509.24,2507.81,2508.94,9056
1787859900,2508.94,2510.19,2508.86,2509.72,19931
1787859960,2509.72,2510.35,2506.96,2507.59,51963
1787860020,2507.59,2507.85,2505.47,2505.76,41560
1787860080,2505.75,2507.69,2505.35,2505.5,64763
1787860140,2505.5,2506,2503.01,2504.53,64435
1787860200,2504.52,2504.91,2503.23,2504.2,57918
1787860260,2504.19,2504.2,2501.64,2502.62,111040
1787860320,2502.62,2504.54,2502.62,2504.15,66378
1787860380,2504.16,2505.1,2503.93,2504.05,25133
1787860440,2504.05,2506.57,2504.05,2506.4,34324
1787860500,2506.4,2506.4,2504.8,2505.73,26612
1787860560,2505.72,2505.85,2502.65,2502.75,49764
1787860620,2502.98,2503.4,2501.85,2501.86,39794
1787860680,2501.86,2501.86,2498.26,2498.26,125815
1787860740,2498.24,2499.04,2496.01,2496.93,155356
1787860800,2496.74,2499.93,2496.69,2498.29,166315
1787860860,2498.29,2498.7,2496.21,2496.21,95813
1787860920,2496.21,2496.36,2494.83,2495.98,101651
1787860980,2495.97,2497.49,2495.11,2495.54,71431
1787861040,2495.54,2495.67,2493.54,2494.21,110254
1787861100,2494.2,2499.4,2493.35,2498.86,134313
1787861160,2498.85,2499.44,2497.83,2498.51,131825
1787861220,2498.5,2498.69,2495.39,2495.84,92681
1787861280,2495.52,2496.36,2494.81,2495.71,29920
1787861340,2495.71,2497.9,2495.2,2497.66,53952
1787861400,2497.65,2497.66,2496.52,2496.83,44595
1787861460,2496.82,2497.58,2496.74,2497.08,16500
1787861520,2497.08,2497.11,2495.13,2496.61,36588
1787861580,2496.61,2497.16,2495.52,2495.52,25862
1787861640,2495.53,2496.09,2494.83,2494.84,20782
1787861700,2494.83,2496.85,2494.4,2496.85,21812
1787861760,2496.96,2498.37,2496.86,2498.3,30821
1787861820,2497.96,2499.2,2497.82,2498.16,40136
1787861880,2498.15,2498.51,2497.58,2498.18,15424
1787861940,2498.09,2499.21,2497.13,2499.21,32788
1787862000,2499.21,2500.44,2498.98,2500.29,61965
1787862060,2500.3,2502.4,2500.29,2502.38,43983
1787862120,2502.38,2503.37,2501.57,2501.58,44876
1787862180,2501.58,2502.21,2500.67,2501.15,32492
1787862240,2501.03,2501.81,2500.16,2501.8,20046
1787862300,2501.81,2501.84,2500.19,2501.83,38807
1787862360,2501.74,2503.22,2500.96,2501.06,46981
1787862420,2501.18,2504.36,2501.18,2503.71,102072
1787862480,2503.71,2504.33,2502.5,2503.05,56267
1787862540,2503.04,2503.05,2501.46,2501.83,15838
1787862600,2501.83,2502.12,2501.31,2501.74,10992
1787862660,2501.74,2501.87,2501.04,2501.84,10182
1787862720,2501.84,2503.99,2501.58,2503.21,25653
1787862780,2503.2,2503.92,2501.34,2502.05,29120
1787862840,2502.05,2503.41,2502.05,2502.7,16562
1787862900,2502.7,2503.35,2502.16,2502.41,13371
1787862960,2502.42,2502.95,2502.2,2502.91,7561
1787863020,2502.9,2503.43,2502.56,2503.18,13548
1787863080,2503.19,2504.32,2503.18,2503.66,15857
1787863140,2503.66,2504.44,2503.2,2504.44,10310
1787863200,2504.45,2504.45,2504.02,2504.17,7631
1787863260,2504.11,2504.11,2503.59,2503.72,13878
1787863320,2503.73,2505,2503.19,2504.43,12940
1787863380,2504.43,2505.47,2504.43,2504.84,36672
1787863440,2504.84,2505.49,2504.83,2504.9,9988
1787863500,2504.91,2505.45,2504.11,2505.22,16372
1787863560,2505.22,2506.14,2505.09,2506.03,27201
1787863620,2506.04,2506.9,2505.34,2505.62,35826
1787863680,2505.51,2505.52,2504.28,2505.11,32242
1787863740,2505.11,2505.34,2503.55,2504.78,45477
1787863800,2504.78,2504.84,2503.95,2504.65,19159
1787863860,2504.66,2505.2,2503.96,2504.06,11931
1787863920,2504.06,2504.18,2501.39,2501.4,19344
1787863980,2501.4,2501.59,2500.66,2500.66,19613
1787864040,2500.66,2502.47,2500.36,2501.91,33180
1787864100,2501.91,2503.04,2501.91,2502.58,27782
1787864160,2502.58,2502.77,2501.5,2502.76,13144
1787864220,2502.77,2505.14,2502.76,2505.13,10518
1787864280,2505.14,2506.32,2504.91,2506.21,44067
1787864340,2506.21,2506.66,2505.26,2506.65,40279
1787864400,2506.66,2507.43,2503.62,2503.7,42034
1787864460,2503.7,2504.04,2502,2503.26,53130
1787864520,2503.51,2504,2502.85,2502.97,13312
1787864580,2503.05,2504.58,2503.05,2503.85,23506
1787864640,2503.97,2504.58,2503.77,2503.83,7688
1787864700,2503.83,2503.83,2502.65,2502.89,5527
1787864760,2502.88,2505.71,2502.88,2505.38,34685
1787864820,2505.38,2506.8,2505.38,2506.27,28853
1787864880,2506.26,2506.27,2504.75,2505.11,23923
1787864940,2505.1,2505.36,2504.71,2504.82,15576
1787865000,2504.82,2504.98,2504.61,2504.86,12737
1787865060,2504.85,2506.96,2504.84,2506.96,8098
1787865120,2507,2507.42,2506.13,2507.42,25678
1787865180,2507.42,2507.42,2504.36,2504.36,40715
1787865240,2504.37,2504.83,2504.04,2504.05,63842
1787865300,2504.14,2504.53,2503.67,2504.24,19342
1787865360,2504.23,2504.23,2502.89,2503.01,13000
1787865420,2503,2503.13,2502,2503.05,30559
1787865480,2503.05,2503.05,2501.57,2501.58,24784
1787865540,2501.57,2501.81,2500.4,2500.41,30873
1787865600,2500.41,2501.09,2500.13,2500.14,32751
1787865660,2500.13,2502.64,2499,2502.64,76889
1787865720,2502.64,2503.86,2502.64,2503.69,66765
1787865780,2503.68,2504.23,2501.83,2502.06,42312
1787865840,2502.07,2502.28,2501.16,2501.79,12024
1787865900,2501.8,2501.85,2501.18,2501.68,9229
1787865960,2501.68,2502.14,2501.45,2501.95,8897
1787866020,2501.95,2502.37,2501.3,2501.35,8438
1787866080,2501.45,2501.49,2501,2501.28,3269
1787866140,2501.29,2501.29,2500.51,2500.74,42049
1787866200,2500.74,2502.25,2500.59,2501.94,21573
1787866260,2501.94,2502.15,2501.34,2501.8,11445
1787866320,2501.8,2503.13,2501.8,2502.86,17887
1787866380,2502.86,2503.62,2502.67,2503.38,4910
1787866440,2503.39,2503.39,2501.6,2502.01,4776
1787866500,2502.01,2502.01,2500.77,2501.26,28001
1787866560,2501.26,2501.26,2498.8,2500.04,45164
1787866620,2500.03,2501.2,2499.89,2500.67,22368
1787866680,2500.68,2501.21,2499.08,2499.09,29246
1787866740,2499.08,2499.51,2498.8,2498.81,25359
1787866800,2498.8,2499.9,2498.27,2499.02,36586
1787866860,2499.02,2500.28,2498.24,2499.86,34707
1787866920,2500.12,2500.12,2498.67,2498.68,24572
1787866980,2498.68,2499.56,2498.13,2499.05,24578
1787867040,2499.04,2499.05,2498.11,2498.62,36619
1787867100,2498.61,2499,2497.37,2498.8,95553
1787867160,2498.8,2501.25,2498.79,2500.27,32762
1787867220,2500.26,2501.34,2499.97,2500.08,41328
1787867280,2500.22,2500.58,2499.67,2500.28,11553
1787867340,2500.28,2501.05,2500.28,2500.29,12505
1787867400,2500.3,2501.46,2499.44,2499.63,15946
1787867460,2499.63,2499.79,2499.23,2499.24,16007
1787867520,2499.24,2499.38,2498,2498.48,23777
1787867580,2498.51,2499.88,2498.51,2499.07,11320
1787867640,2499.07,2501.21,2499.07,2501.06,13552
1787867700,2501.06,2501.98,2500.94,2501.56,52568
1787867760,2501.56,2502.3,2501.25,2501.93,20771
1787867820,2501.94,2502.19,2501.5,2502.18,14239
1787867880,2502.19,2502.98,2501.94,2502.87,14360
1787867940,2502.87,2503.91,2502.2,2503.08,40775
1787868000,2503.09,2506.03,2503.08,2505.88,68021
1787868060,2505.88,2508.27,2505.84,2508.03,96657
1787868120,2508.15,2508.15,2506.32,2507.85,87742
1787868180,2507.85,2508.4,2507.32,2508.34,53371
1787868240,2508.34,2509.9,2507.82,2509.26,53118
1787868300,2509.27,2509.94,2507.69,2508.46,46471
1787868360,2508.46,2509.62,2507.78,2508.66,39798
1787868420,2508.66,2511.5,2508.66,2510.8,63915
1787868480,2510.8,2510.8,2508.55,2508.93,64867
1787868540,2508.8,2509.78,2507.59,2507.59,41836
1787868600,2507.57,2508.28,2507.04,2507.55,28464
1787868660,2507.56,2509.39,2507.18,2509.39,48694
1787868720,2509.06,2509.54,2508.09,2508.93,15158
1787868780,2508.93,2508.94,2507.79,2508.23,19033
1787868840,2508.23,2508.86,2508.21,2508.72,17962
1787868900,2508.73,2510.78,2508.44,2510.78,13500
1787868960,2510.78,2514.56,2510.59,2512.01,162736
1787869020,2512.01,2514.67,2512,2513.67,100246
1787869080,2513.68,2515.94,2513.12,2513.12,102331
1787869140,2513.13,2514,2512.64,2512.64,54702
1787869200,2512.64,2515.95,2512.28,2513.43,48788
1787869260,2513.44,2514.42,2512.47,2512.57,48894
1787869320,2512.62,2513.4,2512.21,2512.35,35804
1787869380,2512.35,2512.4,2511.58,2512.24,34856
1787869440,2512.14,2512.4,2511,2511.32,22889
1787869500,2511.31,2511.5,2510.88,2511.38,36297
1787869560,2511.37,2511.39,2510.01,2510.44,28897
1787869620,2510.43,2510.43,2509.76,2510.18,18055
1787869680,2510.19,2511.57,2508.54,2510.49,50496
1787869740,2510.41,2512.09,2510.17,2511.51,90520
1787869800,2511.5,2511.54,2509.22,2509.35,54979
1787869860,2509.35,2510.33,2509.25,2509.64,33287
1787869920,2509.64,2511.6,2509.57,2511.6,17628
1787869980,2511.6,2512.6,2511.6,2512.53,27642
1787870040,2512.6,2513.13,2512.16,2512.62,17335
1787870100,2512.63,2512.63,2511.43,2512,17895
1787870160,2512.01,2512.17,2510.09,2510.09,23411
1787870220,2510.09,2510.63,2508.88,2509.89,25368
1787870280,2509.89,2511.68,2509.89,2511.42,15126
1787870340,2511.42,2512.52,2511.18,2512.51,18495
1787870400,2512.51,2512.51,2511,2511.31,15084
1787870460,2511.3,2511.3,2509.92,2510.05,12995
1787870520,2510.04,2511.68,2510.04,2511.53,12316
1787870580,2511.53,2512.62,2511.53,2511.87,22030
1787870640,2512.12,2512.62,2511.52,2511.62,13390
1787870700,2511.62,2511.62,2510.53,2510.93,13996
1787870760,2510.92,2511.05,2509.77,2510.4,15113
1787870820,2510.4,2511.82,2510.24,2511.35,14784
1787870880,2511.35,2512.07,2511.02,2511.76,12211
1787870940,2511.88,2511.91,2510.82,2511.26,16485
1787871000,2511.47,2512.61,2511.32,2511.37,9886
1787871060,2511.37,2511.89,2510.95,2511.89,11445
1787871120,2511.89,2512.96,2511.08,2512.96,21297
1787871180,2512.96,2513.95,2512.96,2513.47,21434
1787871240,2513.48,2513.81,2512.83,2512.83,17408
1787871300,2512.83,2513.32,2512.61,2512.88,18062
1787871360,2512.97,2513.48,2512.71,2513.33,14804
1787871420,2513.34,2513.39,2513.13,2513.14,7380
1787871480,2513.14,2514.49,2513.14,2513.89,46265
1787871540,2513.9,2514.05,2513.64,2513.65,13498
1787871600,2513.64,2513.64,2512.27,2512.52,12941
1787871660,2512.53,2515.36,2512.27,2514.73,57520
1787871720,2514.73,2515.6,2514.72,2515.35,90073
1787871780,2515.36,2515.36,2513.12,2513.31,37528
1787871840,2513.31,2513.8,2511.96,2512.12,34695
1787871900,2512.22,2513.25,2512.22,2512.81,24166
1787871960,2512.82,2513.22,2512.38,2513.21,10398
1787872020,2513.21,2513.81,2512.89,2513.37,12558
1787872080,2513.38,2514.59,2513.37,2514.3,13726
1787872140,2514.22,2514.44,2512,2512,28836
1787872200,2512,2512.36,2511.13,2511.86,32463
1787872260,2511.86,2513.06,2511.47,2511.89,32317
1787872320,2511.88,2512.24,2510.31,2510.57,25114
1787872380,2510.57,2510.92,2510.3,2510.3,23215
1787872440,2510.3,2510.44,2509.17,2509.84,26279
1787872500,2509.64,2510.36,2507.51,2510.36,91799
1787872560,2510.36,2510.63,2509.74,2510.52,40950
1787872620,2510.52,2512.92,2510.51,2512.66,49349
1787872680,2512.67,2513.56,2512.16,2512.36,33432
1787872740,2512.36,2512.81,2511.74,2512.8,13774
1787872800,2512.81,2514.4,2512.68,2514.39,14061
1787872860,2514.4,2514.5,2510.73,2511.57,33068
1787872920,2511.56,2513.11,2511.56,2513.1,33116
1787872980,2513.11,2513.27,2512.32,2512.94,11417
1787873040,2512.95,2513.31,2511.89,2512.53,9716
1787873100,2512.38,2513.01,2511.38,2511.43,30029
1787873160,2511.37,2512.74,2511.36,2512.12,28613
1787873220,2512.23,2512.89,2511.7,2511.7,31485
1787873280,2511.71,2512.29,2511.12,2512.29,61190
1787873340,2512.12,2513.12,2511.6,2512.52,20115
1787873400,2512.51,2513.19,2511.57,2512.31,29219
1787873460,2512.31,2512.61,2511.68,2511.69,23958
1787873520,2512.03,2512.58,2511.66,2512.24,11438
1787873580,2512.24,2512.9,2512.11,2512.9,13219
1787873640,2512.89,2512.9,2511.32,2511.6,18817
1787873700,2511.61,2511.61,2510.67,2511.03,31906
1787873760,2511.03,2512.06,2510.83,2511.4,31695
1787873820,2511.41,2511.41,2510.19,2510.56,24093
1787873880,2510.55,2511.32,2510.55,2511.16,13491
1787873940,2511.17,2511.6,2511.16,2511.59,23609
1787874000,2511.6,2511.95,2511.49,2511.73,8947
1787874060,2511.73,2512.16,2511.34,2511.35,17231
1787874120,2511.34,2512.11,2511.34,2512.01,10083
1787874180,2512.01,2512.01,2510.01,2510.1,19476
1787874240,2510.09,2510.3,2509.41,2509.54,43434
1787874300,2509.53,2510.34,2508.55,2509.94,25327
1787874360,2509.93,2509.93,2508.49,2509.14,14297
1787874420,2509.05,2509.39,2508,2508.2,34852
1787874480,2508.2,2509.34,2508.19,2509.16,16057
1787874540,2509.16,2509.56,2509.15,2509.42,9956
1787874600,2509.42,2510.33,2509.41,2510.32,8385
1787874660,2510.32,2511.45,2509.5,2509.51,31815
1787874720,2509.51,2510.88,2509.04,2510.65,22047
1787874780,2510.66,2510.7,2510.17,2510.57,15992
1787874840,2510.35,2510.96,2510.04,2510.34,31564
1787874900,2510.34,2510.34,2509.8,2509.81,8678
1787874960,2509.81,2510.15,2508.73,2508.74,17642
1787875020,2508.73,2508.74,2508,2508.16,18131
1787875080,2508.16,2509.66,2507.92,2509.65,46827
1787875140,2509.65,2509.78,2509.22,2509.65,22695
1787875200,2509.65,2510.17,2509.34,2509.34,29296
1787875260,2509.34,2509.35,2507.19,2507.54,39117
1787875320,2507.54,2508.03,2507.02,2507.02,29210
1787875380,2507.02,2507.99,2507.02,2507.21,74223
1787875440,2507.18,2507.18,2506.02,2506.09,36693
1787875500,2506.08,2507.32,2505.47,2507.07,73225
1787875560,2506.95,2507.04,2506.27,2506.38,62051
1787875620,2506.38,2506.51,2504.75,2504.82,45673
1787875680,2504.82,2505.93,2504.59,2505.34,31806
1787875740,2505.33,2506.53,2505.33,2506.15,37422
1787875800,2506.15,2506.9,2505.64,2506.9,34535
1787875860,2506.89,2507.98,2506.89,2507.09,44985
1787875920,2507.09,2507.44,2506.71,2507.44,23709
1787875980,2507.44,2507.91,2506.72,2507.44,21645
1787876040,2507.55,2507.96,2506.86,2506.91,19171
1787876100,2506.91,2509.76,2506.91,2508.63,62680
1787876160,2508.7,2510.29,2508.7,2509.9,88493
1787876220,2509.9,2511.68,2509.43,2511.68,63063
1787876280,2511.7,2512.84,2509.57,2512.84,94387
1787876340,2512.83,2512.87,2511.36,2511.48,59546
1787876400,2511.47,2512,2510.23,2511.21,36926
1787876460,2511.47,2512.22,2510.38,2510.91,29111
1787876520,2510.91,2511.65,2510.74,2511.21,32063
1787876580,2511.21,2511.84,2510,2510,55223
1787876640,2510.01,2510.01,2508.2,2508.2,118220
1787876700,2508.18,2508.26,2506.71,2507.22,46305
1787876760,2507.21,2510.66,2506.87,2510.43,103015
1787876820,2510.44,2510.99,2509.82,2510.99,69046
1787876880,2511,2511.07,2510.21,2510.63,29297
1787876940,2510.63,2512.11,2510,2511.8,28738
1787877000,2511.71,2511.79,2510.64,2510.74,39276
1787877060,2510.63,2512.62,2510.34,2511.69,42424
1787877120,2511.6,2514.59,2511.6,2514.25,77823
1787877180,2514.25,2514.6,2511.21,2511.21,99782
1787877240,2511.21,2515.15,2508.48,2514.75,208462
1787877300,2514.84,2517.32,2513.26,2513.85,349837
1787877360,2513.93,2514.25,2512.17,2512.49,159697
1787877420,2512.61,2514.43,2512.27,2513.94,49684
1787877480,2513.95,2517.45,2513.95,2515.62,100377
1787877540,2515.62,2517,2515.62,2516.99,71894
1787877600,2517,2517,2514.47,2514.97,72567
1787877660,2514.96,2515.36,2513.69,2514.33,41611
1787877720,2514.32,2515.84,2513.43,2515.84,31793
1787877780,2515.83,2515.84,2513.25,2513.4,68799
1787877840,2513.41,2514.04,2513.2,2513.81,34499
1787877900,2513.81,2514.02,2512.3,2512.56,70356
1787877960,2512.56,2512.92,2511.83,2512.47,58199
1787878020,2512.47,2513.73,2512.31,2512.64,16387
1787878080,2512.55,2513.67,2511.82,2513.2,39991
1787878140,2513.33,2514.5,2513.04,2513.26,55724
1787878200,2513.26,2513.92,2512.77,2513.11,55509
1787878260,2513.11,2513.69,2512.78,2512.78,25189
1787878320,2512.78,2512.79,2511.43,2511.82,113263
1787878380,2511.82,2513.24,2511.71,2513.23,41497
1787878440,2513.37,2513.94,2512.11,2512.63,31798
1787878500,2512.26,2513.98,2511.91,2513.41,18321
1787878560,2513.41,2514.92,2513.02,2514.62,45405
1787878620,2514.62,2518.63,2513.99,2517.72,117590
1787878680,2517.72,2517.72,2516.24,2516.24,90057
1787878740,2516.23,2516.34,2513.09,2514.36,91350
1787878800,2514.36,2516.1,2514.04,2515.37,63053
1787878860,2515.38,2517.71,2514.84,2517.68,74024
1787878920,2517.68,2521,2516.89,2519.01,144688
1787878980,2519.01,2520.59,2518.36,2519.8,165875
1787879040,2519.8,2520.5,2517.51,2519.36,104812
1787879100,2519.36,2519.48,2518.48,2519.08,69236
1787879160,2519.08,2519.08,2517.39,2517.67,58601
1787879220,2517.66,2517.84,2516.5,2516.79,91010
1787879280,2516.89,2517.17,2515.59,2517.17,61716
1787879340,2517.17,2518.78,2516.51,2518.78,34655
1787879400,2518.77,2522.75,2518.5,2521.91,103864
1787879460,2521.92,2523.9,2520.14,2520.81,183778
1787879520,2520.82,2522.53,2520.34,2520.8,111352
1787879580,2520.79,2521.98,2520.45,2521.61,79457
1787879640,2521.61,2521.61,2520.14,2520.26,35473
1787879700,2520.27,2520.95,2518.4,2520.78,47608
1787879760,2520.78,2521.99,2520.34,2521.01,44327
1787879820,2521.01,2521.68,2520.53,2521.47,45544
1787879880,2521.47,2528.18,2520.53,2526.32,246768
1787879940,2526.32,2527.96,2525.13,2525.2,225857
1787880000,2525.21,2528,2524.96,2527.17,172352
1787880060,2527.18,2527.55,2525.1,2525.63,152117
1787880120,2526,2526.26,2524,2524.45,163975
1787880180,2524.53,2525.7,2523.6,2525.31,106692
1787880240,2525.31,2527.06,2524.21,2525.98,121911
1787880300,2525.99,2526.4,2524.73,2524.88,70419
1787880360,2524.87,2526.36,2523.88,2526.02,50349
1787880420,2526.03,2526.83,2524.73,2526.36,49322
1787880480,2526.36,2527.32,2526.07,2526.94,51877
1787880540,2527.04,2528,2526.1,2527.26,58111
1787880600,2527.26,2528.25,2525.29,2525.29,90653
1787880660,2525.38,2527.12,2525.08,2526.22,112424
1787880720,2526.02,2529.19,2526.01,2529.06,147533
1787880780,2529,2533.4,2528.6,2528.93,543711
1787880840,2528.91,2529.28,2524.02,2525.39,819847
1787880900,2525.4,2526.65,2523.62,2526.35,199824
1787880960,2526.35,2526.65,2523.5,2524.4,145953
1787881020,2524.39,2524.61,2519.37,2519.57,303186
1787881080,2519.57,2521.08,2515.96,2518.26,421275
1787881140,2518.39,2520.16,2517.3,2519.71,312279
1787881200,2519.78,2520.55,2518.57,2518.69,105603
1787881260,2518.69,2519.75,2517.74,2519.74,80748
1787881320,2519.74,2521.06,2518.26,2518.49,73121
1787881380,2518.49,2519.64,2518.12,2519.36,46042
1787881440,2519.19,2519.32,2517.7,2517.7,81517
1787881500,2517.66,2518.84,2517.02,2518.43,89182
1787881560,2518.43,2518.67,2516.4,2518.33,131629
1787881620,2518.32,2518.32,2515.51,2516.01,105387
1787881680,2516,2517.46,2515.52,2515.67,108215
1787881740,2515.68,2515.92,2513.36,2514.66,114557
1787881800,2514.65,2516.48,2514.65,2515.72,84445
1787881860,2515.76,2515.87,2509,2509.63,246797
1787881920,2509.63,2513.2,2509.26,2513.19,146717
1787881980,2513.2,2514.4,2513.01,2513.54,87982
1787882040,2513.99,2514.97,2513.04,2514.96,125835
1787882100,2514.96,2514.97,2514.57,2514.57,91309
1787882160,2514.57,2514.69,2510.14,2510.14,154061
1787882220,2510.13,2511.21,2507.57,2507.92,379445
1787882280,2507.92,2509.5,2506.34,2508.5,369262
1787882340,2508.5,2512,2508.49,2511,335579
1787882400,2511.01,2511.21,2508.44,2509.26,301571
1787882460,2509.36,2510.38,2508.11,2509.47,153583
1787882520,2509.47,2509.68,2507,2508,179403
1787882580,2508,2508.78,2507.01,2508.11,141192
1787882640,2508.12,2509.55,2507.29,2509.55,156751
1787882700,2509.55,2509.94,2507.45,2507.72,135815
1787882760,2507.71,2509.39,2506.8,2507.46,163229
1787882820,2507.45,2507.46,2506.03,2506.44,113217
1787882880,2506.43,2507.31,2506,2506.23,118037
1787882940,2506.22,2509.08,2506.11,2509.07,99417
1787883000,2509.06,2509.88,2508.34,2508.59,208151
1787883060,2508.58,2508.85,2506,2506,90669
1787883120,2506,2506.8,2505.3,2505.31,95710
1787883180,2505.3,2505.99,2503.23,2504.67,186473
1787883240,2504.67,2505.34,2501.27,2501.62,265573
1787883300,2501.53,2504.01,2499.3,2500.02,259080
1787883360,2500.02,2501.31,2498.01,2499.9,370206
1787883420,2499.9,2500.95,2499.25,2500.42,182989
1787883480,2500.43,2500.77,2498.06,2499.39,218398
1787883540,2499.5,2499.86,2498.29,2499.52,168511
1787883600,2499.52,2499.69,2497,2499.34,205477
1787883660,2499.35,2499.88,2495.28,2495.98,216666
1787883720,2495.97,2497.68,2495.27,2495.68,243272
1787883780,2495.67,2495.82,2490.1,2493.51,598466
1787883840,2493.51,2496.17,2493.5,2495.8,384388
1787883900,2495.8,2497.87,2495.79,2497.86,218648
1787883960,2497.68,2497.81,2495.8,2496.05,136232
1787884020,2496.06,2497.74,2494.91,2496,93447
1787884080,2496,2496.34,2493.37,2493.38,146800
1787884140,2493.37,2494.66,2493.37,2493.45,144604
1787884200,2493.45,2493.98,2490.62,2490.9,180473
1787884260,2490.89,2495.52,2489.11,2494.32,320391
1787884320,2494.51,2494.51,2492.57,2493.81,121384
1787884380,2493.8,2494.7,2493.02,2494.3,104492
1787884440,2494.31,2496.55,2494.26,2496.55,103189
1787884500,2496.55,2497.99,2496.35,2497.89,129503
1787884560,2497.89,2498.53,2497.12,2497.49,123312
1787884620,2497.49,2498.98,2497.3,2498.74,101754
1787884680,2498.74,2499,2497.37,2497.96,117644
1787884740,2498.22,2498.66,2496.64,2498.05,90074
1787884800,2498.05,2498.05,2496.38,2496.69,38165
1787884860,2496.47,2498,2496.47,2497.23,164150
1787884920,2497.23,2497.87,2494.37,2494.37,61057
1787884980,2494.37,2496.63,2494.22,2496.23,47614
1787885040,2496.23,2496.23,2494.35,2494.6,25911
