ts_iso,t_ms,rate
2026-03-24T00:00:00Z,1774310400000,0.00004229
2026-03-24T08:00:00Z,1774339200000,0.00003675
2026-03-24T16:00:00Z,1774368000003,0.00003056
2026-03-25T00:00:00Z,1774396800000,0.00002310
2026-03-25T08:00:00Z,1774425600000,0.00001074
2026-03-25T16:00:00Z,1774454400013,0.00004721
2026-03-26T00:00:00Z,1774483200001,0.00002448
2026-03-26T08:00:00Z,1774512000001,0.00001379
2026-03-26T16:00:00Z,1774540800000,-0.00002103
2026-03-27T00:00:00Z,1774569600006,0.00002925
2026-03-27T08:00:00Z,1774598400000,-0.00006298
2026-03-27T16:00:00Z,1774627200000,-0.00005841
2026-03-28T00:00:00Z,1774656000005,-0.00008088
2026-03-28T08:00:00Z,1774684800005,-0.00007604
2026-03-28T16:00:00Z,1774713600000,-0.00000173
2026-03-29T00:00:00Z,1774742400003,-0.00003680
2026-03-29T08:00:00Z,1774771200001,-0.00000012
2026-03-29T16:00:00Z,1774800000000,0.00002677
2026-03-30T00:00:00Z,1774828800000,0.00000300
2026-03-30T08:00:00Z,1774857600005,0.00000492
2026-03-30T16:00:00Z,1774886400000,0.00000758
2026-03-31T00:00:00Z,1774915200000,0.00000116
2026-03-31T08:00:00Z,1774944000000,-0.00001921
2026-03-31T16:00:00Z,1774972800000,-0.00002763
2026-04-01T00:00:00Z,1775001600000,-0.00003449
2026-04-01T08:00:00Z,1775030400000,-0.00000461
2026-04-01T16:00:00Z,1775059200000,0.00000577
2026-04-02T00:00:00Z,1775088000003,0.00003521
2026-04-02T08:00:00Z,1775116800001,0.00000845
2026-04-02T16:00:00Z,1775145600001,-0.00007398
2026-04-03T00:00:00Z,1775174400000,-0.00000831
2026-04-03T08:00:00Z,1775203200008,-0.00000599
2026-04-03T16:00:00Z,1775232000008,0.00000351
2026-04-04T00:00:00Z,1775260800000,0.00003761
2026-04-04T08:00:00Z,1775289600003,0.00004115
2026-04-04T16:00:00Z,1775318400000,0.00001651
2026-04-05T00:00:00Z,1775347200008,0.00002407
2026-04-05T08:00:00Z,1775376000000,0.00003812
2026-04-05T16:00:00Z,1775404800001,0.00001889
2026-04-06T00:00:00Z,1775433600004,0.00007073
2026-04-06T08:00:00Z,1775462400001,0.00005544
2026-04-06T16:00:00Z,1775491200003,0.00000423
2026-04-07T00:00:00Z,1775520000000,-0.00000315
2026-04-07T08:00:00Z,1775548800000,0.00003703
2026-04-07T16:00:00Z,1775577600000,0.00007393
2026-04-08T00:00:00Z,1775606400000,0.00006020
2026-04-08T08:00:00Z,1775635200000,0.00001563
2026-04-08T16:00:00Z,1775664000006,0.00004048
2026-04-09T00:00:00Z,1775692800000,-0.00000147
2026-04-09T08:00:00Z,1775721600010,0.00005239
2026-04-09T16:00:00Z,1775750400001,-0.00001986
2026-04-10T00:00:00Z,1775779200000,0.00000411
2026-04-10T08:00:00Z,1775808000005,0.00002458
2026-04-10T16:00:00Z,1775836800000,-0.00002187
2026-04-11T00:00:00Z,1775865600000,-0.00007225
2026-04-11T08:00:00Z,1775894400000,-0.00006083
2026-04-11T16:00:00Z,1775923200003,-0.00006755
2026-04-12T00:00:00Z,1775952000000,-0.00008108
2026-04-12T08:00:00Z,1775980800000,-0.00003690
2026-04-12T16:00:00Z,1776009600000,-0.00000335
2026-04-13T00:00:00Z,1776038400011,-0.00000234
2026-04-13T08:00:00Z,1776067200006,-0.00000183
2026-04-13T16:00:00Z,1776096000000,-0.00005409
2026-04-14T00:00:00Z,1776124800005,-0.00005854
2026-04-14T08:00:00Z,1776153600003,0.00002732
2026-04-14T16:00:00Z,1776182400001,-0.00005234
2026-04-15T00:00:00Z,1776211200000,-0.00009313
2026-04-15T08:00:00Z,1776240000000,-0.00005085
2026-04-15T16:00:00Z,1776268800000,-0.00007151
2026-04-16T00:00:00Z,1776297600013,-0.00003418
2026-04-16T08:00:00Z,1776326400000,-0.00002841
2026-04-16T16:00:00Z,1776355200000,-0.00002225
2026-04-17T00:00:00Z,1776384000001,0.00003297
2026-04-17T08:00:00Z,1776412800011,0.00002781
2026-04-17T16:00:00Z,1776441600001,-0.00010789
2026-04-18T00:00:00Z,1776470400001,-0.00008098
2026-04-18T08:00:00Z,1776499200006,-0.00007082
2026-04-18T16:00:00Z,1776528000000,-0.00004586
2026-04-19T00:00:00Z,1776556800002,-0.00008395
2026-04-19T08:00:00Z,1776585600010,-0.00007219
2026-04-19T16:00:00Z,1776614400001,-0.00012276
2026-04-20T00:00:00Z,1776643200000,-0.00004615
2026-04-20T08:00:00Z,1776672000000,-0.00004778
2026-04-20T16:00:00Z,1776700800001,-0.00002745
2026-04-21T00:00:00Z,1776729600000,-0.00007937
2026-04-21T08:00:00Z,1776758400004,-0.00005824
2026-04-21T16:00:00Z,1776787200004,-0.00004242
2026-04-22T00:00:00Z,1776816000004,-0.00002237
2026-04-22T08:00:00Z,1776844800000,0.00003560
2026-04-22T16:00:00Z,1776873600000,-0.00000749
2026-04-23T00:00:00Z,1776902400000,-0.00007870
2026-04-23T08:00:00Z,1776931200000,-0.00003553
2026-04-23T16:00:00Z,1776960000004,-0.00006696
2026-04-24T00:00:00Z,1776988800006,-0.00003829
2026-04-24T08:00:00Z,1777017600000,-0.00007865
2026-04-24T16:00:00Z,1777046400000,-0.00003152
2026-04-25T00:00:00Z,1777075200000,-0.00001077
2026-04-25T08:00:00Z,1777104000002,-0.00006235
2026-04-25T16:00:00Z,1777132800002,-0.00005699
2026-04-26T00:00:00Z,1777161600003,0.00000241
2026-04-26T08:00:00Z,1777190400007,0.00000153
2026-04-26T16:00:00Z,1777219200004,0.00000195
2026-04-27T00:00:00Z,1777248000004,0.00000249
2026-04-27T08:00:00Z,1777276800000,-0.00008659
2026-04-27T16:00:00Z,1777305600002,-0.00005678
2026-04-28T00:00:00Z,1777334400001,-0.00003951
2026-04-28T08:00:00Z,1777363200000,-0.00003204
2026-04-28T16:00:00Z,1777392000004,0.00005242
2026-04-29T00:00:00Z,1777420800006,0.00001305
2026-04-29T08:00:00Z,1777449600011,-0.00002840
2026-04-29T16:00:00Z,1777478400003,0.00003571
2026-04-30T00:00:00Z,1777507200002,-0.00004220
2026-04-30T08:00:00Z,1777536000000,-0.00001837
2026-04-30T16:00:00Z,1777564800000,-0.00002904
2026-05-01T00:00:00Z,1777593600000,-0.00003746
2026-05-01T08:00:00Z,1777622400005,-0.00001810
2026-05-01T16:00:00Z,1777651200000,-0.00003143
2026-05-02T00:00:00Z,1777680000006,-0.00000822
2026-05-02T08:00:00Z,1777708800000,-0.00005103
2026-05-02T16:00:00Z,1777737600010,-0.00002540
2026-05-03T00:00:00Z,1777766400005,0.00002290
2026-05-03T08:00:00Z,1777795200003,-0.00001398
2026-05-03T16:00:00Z,1777824000000,0.00000703
2026-05-04T00:00:00Z,1777852800000,0.00004304
2026-05-04T08:00:00Z,1777881600000,-0.00000158
2026-05-04T16:00:00Z,1777910400003,-0.00003160
2026-05-05T00:00:00Z,1777939200000,-0.00000383
2026-05-05T08:00:00Z,1777968000011,-0.00004626
2026-05-05T16:00:00Z,1777996800000,-0.00008240
2026-05-06T00:00:00Z,1778025600010,-0.00009153
2026-05-06T08:00:00Z,1778054400000,-0.00006150
2026-05-06T16:00:00Z,1778083200002,-0.00003756
2026-05-07T00:00:00Z,1778112000000,-0.00005856
2026-05-07T08:00:00Z,1778140800000,-0.00004568
2026-05-07T16:00:00Z,1778169600004,-0.00003014
2026-05-08T00:00:00Z,1778198400003,-0.00007406
2026-05-08T08:00:00Z,1778227200002,0.00002415
2026-05-08T16:00:00Z,1778256000003,-0.00001542
2026-05-09T00:00:00Z,1778284800000,0.00001841
2026-05-09T08:00:00Z,1778313600001,-0.00003792
2026-05-09T16:00:00Z,1778342400002,0.00003645
2026-05-10T00:00:00Z,1778371200003,0.00000090
2026-05-10T08:00:00Z,1778400000000,0.00004626
2026-05-10T16:00:00Z,1778428800000,0.00005764
2026-05-11T00:00:00Z,1778457600000,0.00005798
2026-05-11T08:00:00Z,1778486400000,0.00002592
2026-05-11T16:00:00Z,1778515200000,0.00004555
2026-05-12T00:00:00Z,1778544000002,-0.00000115
2026-05-12T08:00:00Z,1778572800008,0.00003877
2026-05-12T16:00:00Z,1778601600000,0.00005822
2026-05-13T00:00:00Z,1778630400010,0.00005367
2026-05-13T08:00:00Z,1778659200003,0.00005437
2026-05-13T16:00:00Z,1778688000001,0.00001749
2026-05-14T00:00:00Z,1778716800005,0.00003928
2026-05-14T08:00:00Z,1778745600000,0.00002928
2026-05-14T16:00:00Z,1778774400000,0.00004094
2026-05-15T00:00:00Z,1778803200000,-0.00004239
2026-05-15T08:00:00Z,1778832000016,-0.00001893
2026-05-15T16:00:00Z,1778860800012,0.00001548
2026-05-16T00:00:00Z,1778889600005,0.00003938
2026-05-16T08:00:00Z,1778918400000,-0.00000210
2026-05-16T16:00:00Z,1778947200005,0.00004955
2026-05-17T00:00:00Z,1778976000000,0.00004037
2026-05-17T08:00:00Z,1779004800010,0.00001176
2026-05-17T16:00:00Z,1779033600009,0.00000048
2026-05-18T00:00:00Z,1779062400007,-0.00001131
2026-05-18T08:00:00Z,1779091200002,0.00005778
2026-05-18T16:00:00Z,1779120000007,0.00007178
2026-05-19T00:00:00Z,1779148800001,0.00005164
2026-05-19T08:00:00Z,1779177600001,0.00004809
2026-05-19T16:00:00Z,1779206400009,0.00005563
2026-05-20T00:00:00Z,1779235200001,0.00003254
2026-05-20T08:00:00Z,1779264000006,0.00007983
2026-05-20T16:00:00Z,1779292800000,0.00006858
2026-05-21T00:00:00Z,1779321600001,0.00001925
2026-05-21T08:00:00Z,1779350400000,0.00004003
2026-05-21T16:00:00Z,1779379200000,0.00006130
2026-05-22T00:00:00Z,1779408000000,0.00003564
2026-05-22T08:00:00Z,1779436800004,-0.00000820
2026-05-22T16:00:00Z,1779465600001,0.00002891
2026-05-23T00:00:00Z,1779494400009,0.00001783
2026-05-23T08:00:00Z,1779523200001,0.00001025
2026-05-23T16:00:00Z,1779552000003,0.00007441
2026-05-24T00:00:00Z,1779580800011,0.00009044
2026-05-24T08:00:00Z,1779609600008,0.00006290
2026-05-24T16:00:00Z,1779638400000,0.00006265
2026-05-25T00:00:00Z,1779667200001,0.00006549
2026-05-25T08:00:00Z,1779696000001,0.00003527
2026-05-25T16:00:00Z,1779724800001,0.00001426
2026-05-26T00:00:00Z,1779753600000,0.00008058
2026-05-26T08:00:00Z,1779782400003,0.00003852
2026-05-26T16:00:00Z,1779811200000,0.00005776
2026-05-27T00:00:00Z,1779840000000,0.00010000
2026-05-27T08:00:00Z,1779868800004,0.00008948
2026-05-27T16:00:00Z,1779897600009,0.00009914
2026-05-28T00:00:00Z,1779926400001,0.00010000
2026-05-28T08:00:00Z,1779955200000,0.00005011
2026-05-28T16:00:00Z,1779984000001,0.00010000
2026-05-29T00:00:00Z,1780012800000,0.00010000
2026-05-29T08:00:00Z,1780041600001,0.00005391
2026-05-29T16:00:00Z,1780070400008,0.00006702
2026-05-30T00:00:00Z,1780099200000,0.00003464
2026-05-30T08:00:00Z,1780128000001,0.00004732
2026-05-30T16:00:00Z,1780156800000,0.00006214
2026-05-31T00:00:00Z,1780185600000,0.00004432
2026-05-31T08:00:00Z,1780214400000,0.00005663
2026-05-31T16:00:00Z,1780243200004,0.00005988
2026-06-01T00:00:00Z,1780272000001,0.00005703
2026-06-01T08:00:00Z,1780300800001,0.00004438
2026-06-01T16:00:00Z,1780329600000,0.00010000
2026-06-02T00:00:00Z,1780358400000,0.00010000
2026-06-02T08:00:00Z,1780387200000,0.00005990
2026-06-02T16:00:00Z,1780416000000,0.00008345
2026-06-03T00:00:00Z,1780444800013,0.00007165
2026-06-03T08:00:00Z,1780473600000,0.00005229
2026-06-03T16:00:00Z,1780502400001,0.00010000
2026-06-04T00:00:00Z,1780531200009,0.00002705
2026-06-04T08:00:00Z,1780560000000,0.00001519
2026-06-04T16:00:00Z,1780588800003,-0.00001077
2026-06-05T00:00:00Z,1780617600000,0.00001315
2026-06-05T08:00:00Z,1780646400004,-0.00001431
2026-06-05T16:00:00Z,1780675200009,-0.00000863
2026-06-06T00:00:00Z,1780704000000,-0.00001234
2026-06-06T08:00:00Z,1780732800000,0.00002675
2026-06-06T16:00:00Z,1780761600000,-0.00000511
2026-06-07T00:00:00Z,1780790400001,-0.00002828
2026-06-07T08:00:00Z,1780819200000,0.00000407
2026-06-07T16:00:00Z,1780848000000,0.00002742
2026-06-08T00:00:00Z,1780876800000,0.00003533
2026-06-08T08:00:00Z,1780905600005,0.00003454
2026-06-08T16:00:00Z,1780934400004,0.00000122
2026-06-09T00:00:00Z,1780963200000,-0.00001565
2026-06-09T08:00:00Z,1780992000000,0.00003041
2026-06-09T16:00:00Z,1781020800001,0.00000606
2026-06-10T00:00:00Z,1781049600001,0.00000365
2026-06-10T08:00:00Z,1781078400011,-0.00003385
2026-06-10T16:00:00Z,1781107200009,0.00002542
2026-06-11T00:00:00Z,1781136000000,-0.00000811
2026-06-11T08:00:00Z,1781164800004,0.00002525
2026-06-11T16:00:00Z,1781193600000,0.00002736
2026-06-12T00:00:00Z,1781222400000,-0.00001303
2026-06-12T08:00:00Z,1781251200000,0.00002446
2026-06-12T16:00:00Z,1781280000000,0.00000840
2026-06-13T00:00:00Z,1781308800000,0.00005357
2026-06-13T08:00:00Z,1781337600007,0.00000060
2026-06-13T16:00:00Z,1781366400002,0.00000938
2026-06-14T00:00:00Z,1781395200005,-0.00004510
2026-06-14T08:00:00Z,1781424000009,-0.00004657
2026-06-14T16:00:00Z,1781452800000,-0.00003265
2026-06-15T00:00:00Z,1781481600013,0.00002808
2026-06-15T08:00:00Z,1781510400013,0.00000621
2026-06-15T16:00:00Z,1781539200004,-0.00006079
2026-06-16T00:00:00Z,1781568000000,-0.00000428
2026-06-16T08:00:00Z,1781596800000,-0.00001110
2026-06-16T16:00:00Z,1781625600001,0.00000246
2026-06-17T00:00:00Z,1781654400012,0.00001957
2026-06-17T08:00:00Z,1781683200000,-0.00006685
2026-06-17T16:00:00Z,1781712000000,-0.00002582
2026-06-18T00:00:00Z,1781740800002,0.00002636
2026-06-18T08:00:00Z,1781769600000,0.00001896
2026-06-18T16:00:00Z,1781798400001,0.00000872
2026-06-19T00:00:00Z,1781827200005,0.00006039
2026-06-19T08:00:00Z,1781856000001,0.00001984
2026-06-19T16:00:00Z,1781884800001,0.00002823
2026-06-20T00:00:00Z,1781913600001,0.00005814
2026-06-20T08:00:00Z,1781942400000,0.00002633
2026-06-20T16:00:00Z,1781971200001,0.00003985
2026-06-21T00:00:00Z,1782000000000,0.00000778
2026-06-21T08:00:00Z,1782028800000,0.00003034
2026-06-21T16:00:00Z,1782057600000,0.00004189
2026-06-22T00:00:00Z,1782086400000,0.00006572
2026-06-22T08:00:00Z,1782115200000,0.00001514
2026-06-22T16:00:00Z,1782144000002,0.00004813
2026-06-23T00:00:00Z,1782172800003,0.00004041
2026-06-23T08:00:00Z,1782201600005,0.00001655
2026-06-23T16:00:00Z,1782230400002,-0.00001889
2026-06-24T00:00:00Z,1782259200005,0.00002154
2026-06-24T08:00:00Z,1782288000005,0.00002134
2026-06-24T16:00:00Z,1782316800003,0.00000027
2026-06-25T00:00:00Z,1782345600000,-0.00001423
2026-06-25T08:00:00Z,1782374400000,-0.00001803
2026-06-25T16:00:00Z,1782403200000,0.00001580
2026-06-26T00:00:00Z,1782432000010,0.00005298
2026-06-26T08:00:00Z,1782460800002,0.00005904
2026-06-26T16:00:00Z,1782489600000,0.00007308
2026-06-27T00:00:00Z,1782518400000,0.00005255
2026-06-27T08:00:00Z,1782547200000,0.00004284
2026-06-27T16:00:00Z,1782576000009,0.00003742
2026-06-28T00:00:00Z,1782604800000,0.00004258
2026-06-28T08:00:00Z,1782633600013,0.00001355
2026-06-28T16:00:00Z,1782662400000,0.00004430
2026-06-29T00:00:00Z,1782691200006,0.00003112
2026-06-29T08:00:00Z,1782720000013,0.00007444
2026-06-29T16:00:00Z,1782748800004,0.00008658
2026-06-30T00:00:00Z,1782777600000,0.00006175
2026-06-30T08:00:00Z,1782806400000,0.00008349
2026-06-30T16:00:00Z,1782835200005,0.00003327
2026-07-01T00:00:00Z,1782864000000,0.00005532
2026-07-01T08:00:00Z,1782892800000,0.00001853
2026-07-01T16:00:00Z,1782921600000,0.00007073
2026-07-02T00:00:00Z,1782950400000,0.00008001
2026-07-02T08:00:00Z,1782979200000,0.00005238
2026-07-02T16:00:00Z,1783008000000,0.00005261
2026-07-03T00:00:00Z,1783036800000,0.00010000
2026-07-03T08:00:00Z,1783065600007,0.00010000
2026-07-03T16:00:00Z,1783094400000,0.00003740
2026-07-04T00:00:00Z,1783123200000,0.00010000
2026-07-04T08:00:00Z,1783152000000,0.00010000
2026-07-04T16:00:00Z,1783180800007,0.00009480
2026-07-05T00:00:00Z,1783209600003,0.00009533
2026-07-05T08:00:00Z,1783238400001,0.00008873
2026-07-05T16:00:00Z,1783267200000,0.00008608
2026-07-06T00:00:00Z,1783296000000,0.00007700
2026-07-06T08:00:00Z,1783324800000,0.00006120
2026-07-06T16:00:00Z,1783353600000,0.00010000
2026-07-07T00:00:00Z,1783382400000,0.00010000
2026-07-07T08:00:00Z,1783411200000,0.00005792
2026-07-07T16:00:00Z,1783440000000,0.00006825
2026-07-08T00:00:00Z,1783468800000,0.00004846
2026-07-08T08:00:00Z,1783497600000,0.00000724
2026-07-08T16:00:00Z,1783526400000,0.00007171
2026-07-09T00:00:00Z,1783555200000,0.00006160
2026-07-09T08:00:00Z,1783584000001,0.00006615
2026-07-09T16:00:00Z,1783612800001,0.00004912
2026-07-10T00:00:00Z,1783641600000,0.00009058
2026-07-10T08:00:00Z,1783670400005,0.00007247
2026-07-10T16:00:00Z,1783699200005,0.00009508
2026-07-11T00:00:00Z,1783728000000,0.00010000
2026-07-11T08:00:00Z,1783756800000,0.00000942
2026-07-11T16:00:00Z,1783785600000,0.00004156
2026-07-12T00:00:00Z,1783814400000,0.00004651
2026-07-12T08:00:00Z,1783843200003,0.00006315
2026-07-12T16:00:00Z,1783872000000,0.00007578
2026-07-13T00:00:00Z,1783900800000,0.00001521
2026-07-13T08:00:00Z,1783929600001,0.00004856
2026-07-13T16:00:00Z,1783958400004,0.00010000
2026-07-14T00:00:00Z,1783987200000,0.00008256
2026-07-14T08:00:00Z,1784016000002,0.00003489
2026-07-14T16:00:00Z,1784044800001,0.00005590
2026-07-15T00:00:00Z,1784073600005,0.00010000
2026-07-15T08:00:00Z,1784102400002,0.00010000
2026-07-15T16:00:00Z,1784131200000,0.00004457
2026-07-16T00:00:00Z,1784160000000,0.00002426
2026-07-16T08:00:00Z,1784188800003,0.00007584
2026-07-16T16:00:00Z,1784217600002,0.00006102
2026-07-17T00:00:00Z,1784246400000,0.00007639
2026-07-17T08:00:00Z,1784275200010,0.00001520
2026-07-17T16:00:00Z,1784304000004,0.00006045
2026-07-18T00:00:00Z,1784332800000,0.00003074
2026-07-18T08:00:00Z,1784361600000,0.00006955
2026-07-18T16:00:00Z,1784390400001,0.00003326
2026-07-19T00:00:00Z,1784419200003,0.00000406
2026-07-19T08:00:00Z,1784448000000,0.00006905
2026-07-19T16:00:00Z,1784476800001,0.00005235
2026-07-20T00:00:00Z,1784505600000,0.00004890
2026-07-20T08:00:00Z,1784534400001,0.00005278
2026-07-20T16:00:00Z,1784563200004,0.00006518
2026-07-21T00:00:00Z,1784592000001,0.00005400
2026-07-21T08:00:00Z,1784620800000,0.00008926
2026-07-21T16:00:00Z,1784649600002,0.00001894
2026-07-22T00:00:00Z,1784678400000,0.00003928
2026-07-22T08:00:00Z,1784707200000,0.00005448
2026-07-22T16:00:00Z,1784736000001,0.00001443
2026-07-23T00:00:00Z,1784764800000,-0.00000343
2026-07-23T08:00:00Z,1784793600000,0.00000271
2026-07-23T16:00:00Z,1784822400000,0.00008458
2026-07-24T00:00:00Z,1784851200000,0.00007598
2026-07-24T08:00:00Z,1784880000000,0.00005149
2026-07-24T16:00:00Z,1784908800008,0.00005879
2026-07-25T00:00:00Z,1784937600002,0.00006074
2026-07-25T08:00:00Z,1784966400000,0.00005425
2026-07-25T16:00:00Z,1784995200000,0.00000729
2026-07-26T00:00:00Z,1785024000000,0.00003878
2026-07-26T08:00:00Z,1785052800002,0.00005884
2026-07-26T16:00:00Z,1785081600000,0.00005819
2026-07-27T00:00:00Z,1785110400010,0.00006147
2026-07-27T08:00:00Z,1785139200000,0.00006452
2026-07-27T16:00:00Z,1785168000001,0.00005040
2026-07-28T00:00:00Z,1785196800000,0.00004208
2026-07-28T08:00:00Z,1785225600000,0.00000125
2026-07-28T16:00:00Z,1785254400000,0.00006689
2026-07-29T00:00:00Z,1785283200000,0.00010000
2026-07-29T08:00:00Z,1785312000002,0.00010000
2026-07-29T16:00:00Z,1785340800000,0.00003665
2026-07-30T00:00:00Z,1785369600000,0.00008462
2026-07-30T08:00:00Z,1785398400000,0.00007278
2026-07-30T16:00:00Z,1785427200000,0.00009029
2026-07-31T00:00:00Z,1785456000003,0.00010000
2026-07-31T08:00:00Z,1785484800000,0.00009405
2026-07-31T16:00:00Z,1785513600000,0.00005664
2026-08-01T00:00:00Z,1785542400001,0.00004123
2026-08-01T08:00:00Z,1785571200000,0.00003163
2026-08-01T16:00:00Z,1785600000000,0.00003545
2026-08-02T00:00:00Z,1785628800000,0.00004530
2026-08-02T08:00:00Z,1785657600000,0.00008943
2026-08-02T16:00:00Z,1785686400000,0.00007707
2026-08-03T00:00:00Z,1785715200000,0.00010000
2026-08-03T08:00:00Z,1785744000000,0.00006364
2026-08-03T16:00:00Z,1785772800000,0.00002474
2026-08-04T00:00:00Z,1785801600004,0.00003081
2026-08-04T08:00:00Z,1785830400002,0.00006248
2026-08-04T16:00:00Z,1785859200000,0.00007684
2026-08-05T00:00:00Z,1785888000003,0.00001674
2026-08-05T08:00:00Z,1785916800004,0.00001015
2026-08-05T16:00:00Z,1785945600000,0.00002676
2026-08-06T00:00:00Z,1785974400002,0.00006595
2026-08-06T08:00:00Z,1786003200000,0.00002632
2026-08-06T16:00:00Z,1786032000000,0.00005939
2026-08-07T00:00:00Z,1786060800000,0.00000799
2026-08-07T08:00:00Z,1786089600000,0.00004574
2026-08-07T16:00:00Z,1786118400000,0.00006308
2026-08-08T00:00:00Z,1786147200001,0.00005557
2026-08-08T08:00:00Z,1786176000000,0.00005417
2026-08-08T16:00:00Z,1786204800002,0.00005801
2026-08-09T00:00:00Z,1786233600000,0.00004423
2026-08-09T08:00:00Z,1786262400005,0.00006667
2026-08-09T16:00:00Z,1786291200000,0.00007054
2026-08-10T00:00:00Z,1786320000001,0.00007497
2026-08-10T08:00:00Z,1786348800005,0.00007908
2026-08-10T16:00:00Z,1786377600000,0.00005057
2026-08-11T00:00:00Z,1786406400000,0.00002301
2026-08-11T08:00:00Z,1786435200006,0.00001962
2026-08-11T16:00:00Z,1786464000000,0.00008282
2026-08-12T00:00:00Z,1786492800001,0.00010000
2026-08-12T08:00:00Z,1786521600000,0.00008568
2026-08-12T16:00:00Z,1786550400000,0.00006601
2026-08-13T00:00:00Z,1786579200000,0.00006576
2026-08-13T08:00:00Z,1786608000000,0.00007218
2026-08-13T16:00:00Z,1786636800000,0.00007841
2026-08-14T00:00:00Z,1786665600000,0.00008545
2026-08-14T08:00:00Z,1786694400001,0.00005999
2026-08-14T16:00:00Z,1786723200001,0.00000629
2026-08-15T00:00:00Z,1786752000003,0.00006801
2026-08-15T08:00:00Z,1786780800002,0.00006523
2026-08-15T16:00:00Z,1786809600000,0.00005311
2026-08-16T00:00:00Z,1786838400000,0.00000966
2026-08-16T08:00:00Z,1786867200002,0.00001839
2026-08-16T16:00:00Z,1786896000000,0.00005000
2026-08-17T00:00:00Z,1786924800001,0.00003818
2026-08-17T08:00:00Z,1786953600003,0.00007131
2026-08-17T16:00:00Z,1786982400005,0.00009202
2026-08-18T00:00:00Z,1787011200006,0.00005164
2026-08-18T08:00:00Z,1787040000001,0.00005020
2026-08-18T16:00:00Z,1787068800003,0.00003650
2026-08-19T00:00:00Z,1787097600000,0.00001617
2026-08-19T08:00:00Z,1787126400000,0.00003815
2026-08-19T16:00:00Z,1787155200004,0.00010000
2026-08-20T00:00:00Z,1787184000001,0.00009655
2026-08-20T08:00:00Z,1787212800000,0.00010000
2026-08-20T16:00:00Z,1787241600005,0.00009422
2026-08-21T00:00:00Z,1787270400004,0.00004964
2026-08-21T08:00:00Z,1787299200000,0.00005814
2026-08-21T16:00:00Z,1787328000001,0.00010000
2026-08-22T00:00:00Z,1787356800000,0.00010000
2026-08-22T08:00:00Z,1787385600000,0.00010000
2026-08-22T16:00:00Z,1787414400000,0.00010000
2026-08-23T00:00:00Z,1787443200000,0.00010000
2026-08-23T08:00:00Z,1787472000000,0.00010000
2026-08-23T16:00:00Z,1787500800006,0.00010000
2026-08-24T00:00:00Z,1787529600001,0.00010000
2026-08-24T08:00:00Z,1787558400002,0.00010000
2026-08-24T16:00:00Z,1787587200000,0.00010000
2026-08-25T00:00:00Z,1787616000001,0.00005818
2026-08-25T08:00:00Z,1787644800000,0.00010000
2026-08-25T16:00:00Z,1787673600005,0.00010000
2026-08-26T00:00:00Z,1787702400000,0.00007734
2026-08-26T08:00:00Z,1787731200005,0.00005927
2026-08-26T16:00:00Z,1787760000000,0.00007091
2026-08-27T00:00:00Z,1787788800000,0.00004595
2026-08-27T08:00:00Z,1787817600000,0.00010000
2026-08-27T16:00:00Z,1787846400013,0.00006331
2026-08-28T00:00:00Z,1787875200026,0.00006578
2026-08-28T08:00:00Z,1787904000000,0.00010000
2026-08-28T16:00:00Z,1787932800001,0.00005913
2026-08-29T00:00:00Z,1787961600000,0.00010000
2026-08-29T08:00:00Z,1787990400000,0.00010000
2026-08-29T16:00:00Z,1788019200002,0.00010000
2026-08-30T00:00:00Z,1788048000000,0.00008283
2026-08-30T08:00:00Z,1788076800000,0.00010000
2026-08-30T16:00:00Z,1788105600001,0.00007058
2026-08-31T00:00:00Z,1788134400002,0.00007271
2026-08-31T08:00:00Z,1788163200002,0.00010000
2026-08-31T16:00:00Z,1788192000001,0.00010000
2026-09-01T00:00:00Z,1788220800005,0.00008482
2026-09-01T08:00:00Z,1788249600000,0.00010000
2026-09-01T16:00:00Z,1788278400000,0.00003844
2026-09-02T00:00:00Z,1788307200000,0.00007995
2026-09-02T08:00:00Z,1788336000001,0.00007998
2026-09-02T16:00:00Z,1788364800005,0.00003819
2026-09-03T00:00:00Z,1788393600000,0.00007287
2026-09-03T08:00:00Z,1788422400000,0.00005866
2026-09-03T16:00:00Z,1788451200000,0.00008893
2026-09-04T00:00:00Z,1788480000000,0.00008558
2026-09-04T08:00:00Z,1788508800000,0.00006498
2026-09-04T16:00:00Z,1788537600009,0.00004455
2026-09-05T00:00:00Z,1788566400000,0.00001014
2026-09-05T08:00:00Z,1788595200000,-0.00000150
2026-09-05T16:00:00Z,1788624000001,0.00001923
2026-09-06T00:00:00Z,1788652800000,0.00003589
2026-09-06T08:00:00Z,1788681600000,0.00002295
2019-09-10T08:00:00Z,1568102400000,0.00010000
2019-09-10T16:00:00Z,1568131200000,0.00010000
2019-09-11T00:00:00Z,1568160000000,0.00010000
2019-09-11T08:00:00Z,1568188800000,0.00010000
2019-09-11T16:00:00Z,1568217600000,0.00010000
2019-09-12T00:00:00Z,1568246400000,0.00010000
2019-09-12T08:00:00Z,1568275200000,0.00010000
2019-09-12T16:00:00Z,1568304000000,0.00010000
2019-09-13T00:00:00Z,1568332800000,0.00010000
2019-09-13T08:00:00Z,1568361600000,0.00010000
2019-09-13T16:00:00Z,1568390400000,0.00010000
2019-09-14T00:00:00Z,1568419200000,0.00010000
2019-09-14T08:00:00Z,1568448000000,0.00010000
2019-09-14T16:00:00Z,1568476800001,0.00010000
2019-09-15T00:00:00Z,1568505600001,0.00010000
2019-09-15T08:00:00Z,1568534400000,0.00010000
2019-09-15T16:00:00Z,1568563200000,0.00010000
2019-09-16T00:00:00Z,1568592000000,0.00010000
2019-09-16T08:00:00Z,1568620800000,0.00010000
2019-09-16T16:00:00Z,1568649600000,0.00010000
2019-09-17T00:00:00Z,1568678400000,0.00010000
2019-09-17T08:00:00Z,1568707200000,0.00010000
2019-09-17T16:00:00Z,1568736000000,0.00010000
2019-09-18T00:00:00Z,1568764800000,0.00010000
2019-09-18T08:00:00Z,1568793600000,0.00010000
2019-09-18T16:00:00Z,1568822400000,0.00010000
2019-09-19T00:00:00Z,1568851200000,0.00010000
2019-09-19T08:00:00Z,1568880000000,0.00010000
2019-09-19T16:00:00Z,1568908800000,0.00010000
2019-09-20T00:00:00Z,1568937600000,0.00010000
2019-09-20T08:00:00Z,1568966400000,0.00010000
2019-09-20T16:00:00Z,1568995200000,0.00010000
2019-09-21T00:00:00Z,1569024000000,0.00010000
2019-09-21T08:00:00Z,1569052800000,0.00010000
2019-09-21T16:00:00Z,1569081600000,0.00010000
2019-09-22T00:00:00Z,1569110400000,0.00010000
2019-09-22T08:00:00Z,1569139200000,0.00010000
2019-09-22T16:00:00Z,1569168000000,0.00010000
2019-09-23T00:00:00Z,1569196800000,0.00010000
2019-09-23T08:00:00Z,1569225600001,0.00010000
2019-09-23T16:00:00Z,1569254400000,0.00010000
2019-09-24T00:00:00Z,1569283200001,0.00010000
2019-09-24T08:00:00Z,1569312000000,0.00010000
2019-09-24T16:00:00Z,1569340800000,0.00010000
2019-09-25T00:00:00Z,1569369600000,0.00010000
2019-09-25T08:00:00Z,1569398400001,0.00010000
2019-09-25T16:00:00Z,1569427200000,0.00010000
2019-09-26T00:00:00Z,1569456000000,0.00010000
2019-09-26T08:00:00Z,1569484800000,0.00010000
2019-09-26T16:00:00Z,1569513600000,0.00010000
2019-09-27T00:00:00Z,1569542400001,0.00010000
2019-09-27T08:00:00Z,1569571200000,0.00010000
2019-09-27T16:00:00Z,1569600000000,0.00010000
2019-09-28T00:00:00Z,1569628800000,0.00010000
2019-09-28T08:00:00Z,1569657600001,0.00010000
2019-09-28T16:00:00Z,1569686400000,0.00010000
2019-09-29T00:00:00Z,1569715200000,0.00010000
2019-09-29T08:00:00Z,1569744000000,0.00010000
2019-09-29T16:00:00Z,1569772800000,0.00010000
2019-09-30T00:00:00Z,1569801600000,0.00010000
2019-09-30T08:00:00Z,1569830400000,0.00010000
2019-09-30T16:00:00Z,1569859200000,0.00010000
2019-10-01T00:00:00Z,1569888000000,0.00010000
2019-10-01T08:00:00Z,1569916800000,0.00010000
2019-10-01T16:00:00Z,1569945600001,0.00010000
2019-10-02T00:00:00Z,1569974400000,0.00010000
2019-10-02T08:00:00Z,1570003200000,0.00010000
2019-10-02T16:00:00Z,1570032000000,-0.00052458
2019-10-03T00:00:00Z,1570060800000,-0.00032220
2019-10-03T08:00:00Z,1570089600001,-0.00006876
2019-10-03T16:00:00Z,1570118400000,0.00010000
2019-10-04T00:00:00Z,1570147200001,0.00010000
2019-10-04T08:00:00Z,1570176000000,0.00003592
2019-10-04T16:00:00Z,1570204800000,-0.00013704
2019-10-05T00:00:00Z,1570233600000,-0.00025688
2019-10-05T08:00:00Z,1570262400000,-0.00022660
2019-10-05T16:00:00Z,1570291200000,-0.00001226
2019-10-06T00:00:00Z,1570320000000,-0.00011057
2019-10-06T08:00:00Z,1570348800000,-0.00003644
2019-10-06T16:00:00Z,1570377600000,0.00002715
2019-10-07T00:00:00Z,1570406400001,-0.00005063
2019-10-07T08:00:00Z,1570435200000,-0.00020006
2019-10-07T16:00:00Z,1570464000000,-0.00024859
2019-10-08T00:00:00Z,1570492800001,0.00010000
2019-10-08T08:00:00Z,1570521600000,0.00010000
2019-10-08T16:00:00Z,1570550400000,0.00010000
2019-10-09T00:00:00Z,1570579200000,0.00010000
2019-10-09T08:00:00Z,1570608000000,0.00010000
2019-10-09T16:00:00Z,1570636800000,0.00010000
2019-10-10T00:00:00Z,1570665600000,0.00010000
2019-10-10T08:00:00Z,1570694400000,0.00010000
2019-10-10T16:00:00Z,1570723200000,0.00010000
2019-10-11T00:00:00Z,1570752000000,0.00010000
2019-10-11T08:00:00Z,1570780800000,0.00010000
2019-10-11T16:00:00Z,1570809600000,0.00010000
2019-10-12T00:00:00Z,1570838400000,0.00010000
2019-10-12T08:00:00Z,1570867200000,0.00010000
2019-10-12T16:00:00Z,1570896000000,0.00010000
2019-10-13T00:00:00Z,1570924800000,0.00010000
2019-10-13T08:00:00Z,1570953600000,0.00010000
2019-10-13T16:00:00Z,1570982400000,0.00010000
2019-10-14T00:00:00Z,1571011200000,0.00010000
2019-10-14T08:00:00Z,1571040000000,0.00010000
2019-10-14T16:00:00Z,1571068800000,0.00010000
2019-10-15T00:00:00Z,1571097600000,0.00010000
2019-10-15T08:00:00Z,1571126400000,0.00010000
2019-10-15T16:00:00Z,1571155200000,0.00010000
2019-10-16T00:00:00Z,1571184000000,0.00010000
2019-10-16T08:00:00Z,1571212800000,0.00010000
2019-10-16T16:00:00Z,1571241600000,0.00010000
2019-10-17T00:00:00Z,1571270400000,0.00010000
2019-10-17T08:00:00Z,1571299200001,0.00010000
2019-10-17T16:00:00Z,1571328000001,0.00010000
2019-10-18T00:00:00Z,1571356800000,0.00010000
2019-10-18T08:00:00Z,1571385600000,0.00010000
2019-10-18T16:00:00Z,1571414400000,0.00010000
2019-10-19T00:00:00Z,1571443200001,0.00010000
2019-10-19T08:00:00Z,1571472000000,0.00010000
2019-10-19T16:00:00Z,1571500800000,0.00010000
2019-10-20T00:00:00Z,1571529600000,0.00010000
2019-10-20T08:00:00Z,1571558400000,0.00010000
2019-10-20T16:00:00Z,1571587200000,0.00010000
2019-10-21T00:00:00Z,1571616000000,0.00010000
2019-10-21T08:00:00Z,1571644800000,0.00010000
2019-10-21T16:00:00Z,1571673600001,0.00010000
2019-10-22T00:00:00Z,1571702400000,0.00010000
2019-10-22T08:00:00Z,1571731200000,0.00010000
2019-10-22T16:00:00Z,1571760000000,0.00010000
2019-10-23T00:00:00Z,1571788800000,0.00010000
2019-10-23T08:00:00Z,1571817600000,0.00010000
2019-10-23T16:00:00Z,1571846400000,0.00010000
2019-10-24T00:00:00Z,1571875200000,0.00010000
2019-10-24T08:00:00Z,1571904000000,0.00010000
2019-10-24T16:00:00Z,1571932800000,-0.00004395
2019-10-25T00:00:00Z,1571961600000,0.00010000
2019-10-25T08:00:00Z,1571990400000,0.00010000
2019-10-25T16:00:00Z,1572019200000,-0.00014709
2019-10-26T00:00:00Z,1572048000000,0.00010000
2019-10-26T08:00:00Z,1572076800000,0.00013709
2019-10-26T16:00:00Z,1572105600000,0.00030874
2019-10-27T00:00:00Z,1572134400001,0.00010000
2019-10-27T08:00:00Z,1572163200000,0.00018561
2019-10-27T16:00:00Z,1572192000000,0.00010000
2019-10-28T00:00:00Z,1572220800000,0.00012485
2019-10-28T08:00:00Z,1572249600000,0.00078363
2019-10-28T16:00:00Z,1572278400000,0.00073711
2019-10-29T00:00:00Z,1572307200000,0.00053797
2019-10-29T08:00:00Z,1572336000000,0.00016366
2019-10-29T16:00:00Z,1572364800000,0.00046967
2019-10-30T00:00:00Z,1572393600000,0.00025294
2019-10-30T08:00:00Z,1572422400000,0.00029030
2019-10-30T16:00:00Z,1572451200000,0.00052312
2019-10-31T00:00:00Z,1572480000000,0.00013170
2019-10-31T08:00:00Z,1572508800000,0.00038598
2019-10-31T16:00:00Z,1572537600000,0.00041061
2019-11-01T00:00:00Z,1572566400000,0.00015873
2019-11-01T08:00:00Z,1572595200000,0.00048728
2019-11-01T16:00:00Z,1572624000000,0.00010000
2019-11-02T00:00:00Z,1572652800000,0.00010000
2019-11-02T08:00:00Z,1572681600001,0.00010000
2019-11-02T16:00:00Z,1572710400000,0.00010000
2019-11-03T00:00:00Z,1572739200000,0.00010000
2019-11-03T08:00:00Z,1572768000000,0.00010000
2019-11-03T16:00:00Z,1572796800000,0.00010000
2019-11-04T00:00:00Z,1572825600000,0.00010000
2019-11-04T08:00:00Z,1572854400000,0.00010072
2019-11-04T16:00:00Z,1572883200000,0.00010000
2019-11-05T00:00:00Z,1572912000000,0.00010000
2019-11-05T08:00:00Z,1572940800000,0.00010000
2019-11-05T16:00:00Z,1572969600000,0.00010000
2019-11-06T00:00:00Z,1572998400000,0.00010000
2019-11-06T08:00:00Z,1573027200000,0.00010000
2019-11-06T16:00:00Z,1573056000000,0.00013877
2019-11-07T00:00:00Z,1573084800000,0.00027025
2019-11-07T08:00:00Z,1573113600000,0.00018004
2019-11-07T16:00:00Z,1573142400000,0.00019530
2019-11-08T00:00:00Z,1573171200000,0.00012500
2019-11-08T08:00:00Z,1573200000000,0.00010000
2019-11-08T16:00:00Z,1573228800000,0.00010000
2019-11-09T00:00:00Z,1573257600000,0.00010000
2019-11-09T08:00:00Z,1573286400000,0.00010000
2019-11-09T16:00:00Z,1573315200000,0.00010000
2019-11-10T00:00:00Z,1573344000000,0.00010000
2019-11-10T08:00:00Z,1573372800000,0.00010000
2019-11-10T16:00:00Z,1573401600000,0.00010000
2019-11-11T00:00:00Z,1573430400000,0.00010000
2019-11-11T08:00:00Z,1573459200000,0.00010000
2019-11-11T16:00:00Z,1573488000000,0.00010000
2019-11-12T00:00:00Z,1573516800000,0.00010000
2019-11-12T08:00:00Z,1573545600000,0.00010000
2019-11-12T16:00:00Z,1573574400000,0.00010000
2019-11-13T00:00:00Z,1573603200000,-0.00022089
2019-11-13T08:00:00Z,1573632000000,0.00010000
2019-11-13T16:00:00Z,1573660800000,0.00010000
2019-11-14T00:00:00Z,1573689600000,0.00010000
2019-11-14T08:00:00Z,1573718400000,0.00010000
2019-11-14T16:00:00Z,1573747200000,0.00010000
2019-11-15T00:00:00Z,1573776000000,0.00010000
2019-11-15T08:00:00Z,1573804800000,0.00010000
2019-11-15T16:00:00Z,1573833600000,0.00010000
2019-11-16T00:00:00Z,1573862400001,0.00010000
2019-11-16T08:00:00Z,1573891200000,0.00010000
2019-11-16T16:00:00Z,1573920000000,0.00010000
2019-11-17T00:00:00Z,1573948800000,0.00010000
2019-11-17T08:00:00Z,1573977600001,0.00010000
2019-11-17T16:00:00Z,1574006400000,0.00010000
2019-11-18T00:00:00Z,1574035200000,0.00010000
2019-11-18T08:00:00Z,1574064000001,0.00010000
2019-11-18T16:00:00Z,1574092800000,0.00010000
2019-11-19T00:00:00Z,1574121600000,0.00010000
2019-11-19T08:00:00Z,1574150400000,0.00010000
2019-11-19T16:00:00Z,1574179200000,0.00010000
2019-11-20T00:00:00Z,1574208000000,0.00010000
2019-11-20T08:00:00Z,1574236800000,0.00010000
2019-11-20T16:00:00Z,1574265600000,0.00010000
2019-11-21T00:00:00Z,1574294400000,0.00010000
2019-11-21T08:00:00Z,1574323200000,0.00010000
2019-11-21T16:00:00Z,1574352000000,0.00010000
2019-11-22T00:00:00Z,1574380800000,0.00006832
2019-11-22T08:00:00Z,1574409600001,0.00009601
2019-11-22T16:00:00Z,1574438400000,-0.00025622
2019-11-23T00:00:00Z,1574467200000,-0.00028670
2019-11-23T08:00:00Z,1574496000000,-0.00017048
2019-11-23T16:00:00Z,1574524800000,-0.00014290
2019-11-24T00:00:00Z,1574553600000,-0.00010216
2019-11-24T08:00:00Z,1574582400000,0.00010000
2019-11-24T16:00:00Z,1574611200000,0.00010000
2019-11-25T00:00:00Z,1574640000000,0.00010000
2019-11-25T08:00:00Z,1574668800000,-0.00003046
2019-11-25T16:00:00Z,1574697600000,-0.00011089
2019-11-26T00:00:00Z,1574726400000,-0.00008462
2019-11-26T08:00:00Z,1574755200000,-0.00046229
2019-11-26T16:00:00Z,1574784000000,-0.00036807
2019-11-27T00:00:00Z,1574812800000,-0.00018098
2019-11-27T08:00:00Z,1574841600000,-0.00015744
2019-11-27T16:00:00Z,1574870400000,0.00010000
2019-11-28T00:00:00Z,1574899200000,0.00010000
2019-11-28T08:00:00Z,1574928000000,0.00010000
2019-11-28T16:00:00Z,1574956800000,0.00010000
2019-11-29T00:00:00Z,1574985600000,0.00010000
2019-11-29T08:00:00Z,1575014400000,0.00010000
2019-11-29T16:00:00Z,1575043200000,0.00010000
2019-11-30T00:00:00Z,1575072000000,0.00010000
2019-11-30T08:00:00Z,1575100800000,-0.00001926
2019-11-30T16:00:00Z,1575129600000,0.00010000
2019-12-01T00:00:00Z,1575158400000,0.00010000
2019-12-01T08:00:00Z,1575187200000,0.00010000
2019-12-01T16:00:00Z,1575216000000,0.00010000
2019-12-02T00:00:00Z,1575244800000,0.00010000
2019-12-02T08:00:00Z,1575273600000,0.00010000
2019-12-02T16:00:00Z,1575302400000,0.00001721
2019-12-03T00:00:00Z,1575331200000,0.00001418
2019-12-03T08:00:00Z,1575360000000,0.00008902
2019-12-03T16:00:00Z,1575388800000,-0.00001025
2019-12-04T00:00:00Z,1575417600000,-0.00000355
2019-12-04T08:00:00Z,1575446400000,0.00003333
2019-12-04T16:00:00Z,1575475200000,-0.00005268
2019-12-05T00:00:00Z,1575504000000,0.00002564
2019-12-05T08:00:00Z,1575532800001,-0.00009765
2019-12-05T16:00:00Z,1575561600000,0.00001789
2019-12-06T00:00:00Z,1575590400000,0.00007761
2019-12-06T08:00:00Z,1575619200000,0.00005834
2019-12-06T16:00:00Z,1575648000000,0.00006551
2019-12-07T00:00:00Z,1575676800000,0.00010000
2019-12-07T08:00:00Z,1575705600001,0.00003809
2019-12-07T16:00:00Z,1575734400000,0.00010000
2019-12-08T00:00:00Z,1575763200000,0.00010000
2019-12-08T08:00:00Z,1575792000000,0.00010000
2019-12-08T16:00:00Z,1575820800000,0.00010000
2019-12-09T00:00:00Z,1575849600000,0.00010000
2019-12-09T08:00:00Z,1575878400000,0.00010000
2019-12-09T16:00:00Z,1575907200000,0.00010000
2019-12-10T00:00:00Z,1575936000000,0.00010000
2019-12-10T08:00:00Z,1575964800001,0.00010000
2019-12-10T16:00:00Z,1575993600000,0.00010000
2019-12-11T00:00:00Z,1576022400000,0.00010000
2019-12-11T08:00:00Z,1576051200000,0.00004062
2019-12-11T16:00:00Z,1576080000000,-0.00005692
2019-12-12T00:00:00Z,1576108800000,0.00003160
2019-12-12T08:00:00Z,1576137600001,-0.00000320
2019-12-12T16:00:00Z,1576166400000,-0.00008520
2019-12-13T00:00:00Z,1576195200000,-0.00007162
2019-12-13T08:00:00Z,1576224000000,-0.00011387
2019-12-13T16:00:00Z,1576252800000,-0.00009781
2019-12-14T00:00:00Z,1576281600000,-0.00005358
2019-12-14T08:00:00Z,1576310400000,0.00002252
2019-12-14T16:00:00Z,1576339200000,0.00010000
2019-12-15T00:00:00Z,1576368000000,-0.00001788
2019-12-15T08:00:00Z,1576396800001,0.00007982
2019-12-15T16:00:00Z,1576425600000,0.00002225
2019-12-16T00:00:00Z,1576454400001,-0.00013465
2019-12-16T08:00:00Z,1576483200000,-0.00010782
2019-12-16T16:00:00Z,1576512000003,-0.00003652
2019-12-17T00:00:00Z,1576540800008,-0.00004606
2019-12-17T08:00:00Z,1576569600000,-0.00013429
2019-12-17T16:00:00Z,1576598400000,-0.00001606
2019-12-18T00:00:00Z,1576627200006,-0.00013767
2019-12-18T08:00:00Z,1576656000000,-0.00022278
2019-12-18T16:00:00Z,1576684800000,-0.00015090
2019-12-19T00:00:00Z,1576713600001,0.00010000
2019-12-19T08:00:00Z,1576742400001,0.00010000
2019-12-19T16:00:00Z,1576771200000,0.00010000
2019-12-20T00:00:00Z,1576800000000,0.00002383
2019-12-20T08:00:00Z,1576828800000,0.00001034
2019-12-20T16:00:00Z,1576857600000,0.00003190
2019-12-21T00:00:00Z,1576886400000,-0.00000237
2019-12-21T08:00:00Z,1576915200000,0.00010000
2019-12-21T16:00:00Z,1576944000000,0.00010000
2019-12-22T00:00:00Z,1576972800000,0.00010000
2019-12-22T08:00:00Z,1577001600001,0.00010000
2019-12-22T16:00:00Z,1577030400000,0.00001570
2019-12-23T00:00:00Z,1577059200000,0.00010000
2019-12-23T08:00:00Z,1577088000000,0.00010000
2019-12-23T16:00:00Z,1577116800000,0.00010000
2019-12-24T00:00:00Z,1577145600000,0.00010000
2019-12-24T08:00:00Z,1577174400000,0.00010000
2019-12-24T16:00:00Z,1577203200000,0.00010000
2019-12-25T00:00:00Z,1577232000000,0.00010000
2019-12-25T08:00:00Z,1577260800000,0.00006107
2019-12-25T16:00:00Z,1577289600000,0.00010000
2019-12-26T00:00:00Z,1577318400000,0.00010000
2019-12-26T08:00:00Z,1577347200000,0.00010000
2019-12-26T16:00:00Z,1577376000000,-0.00002854
2019-12-27T00:00:00Z,1577404800001,0.00002605
2019-12-27T08:00:00Z,1577433600000,-0.00005694
2019-12-27T16:00:00Z,1577462400000,-0.00008764
2019-12-28T00:00:00Z,1577491200000,-0.00007701
2019-12-28T08:00:00Z,1577520000000,-0.00004257
2019-12-28T16:00:00Z,1577548800000,0.00002166
2019-12-29T00:00:00Z,1577577600000,-0.00023250
2019-12-29T08:00:00Z,1577606400000,0.00010000
2019-12-29T16:00:00Z,1577635200000,-0.00008727
2019-12-30T00:00:00Z,1577664000000,-0.00010232
2019-12-30T08:00:00Z,1577692800000,-0.00017940
2019-12-30T16:00:00Z,1577721600000,-0.00001406
2019-12-31T00:00:00Z,1577750400000,0.00003936
2019-12-31T08:00:00Z,1577779200000,-0.00013050
2019-12-31T16:00:00Z,1577808000000,-0.00002403
2020-01-01T00:00:00Z,1577836800000,-0.00012359
2020-01-01T08:00:00Z,1577865600000,-0.00012383
2020-01-01T16:00:00Z,1577894400000,-0.00009664
2020-01-02T00:00:00Z,1577923200002,0.00003662
2020-01-02T08:00:00Z,1577952000000,0.00010000
2020-01-02T16:00:00Z,1577980800000,0.00000104
2020-01-03T00:00:00Z,1578009600000,-0.00001664
2020-01-03T08:00:00Z,1578038400000,-0.00001553
2020-01-03T16:00:00Z,1578067200001,0.00010000
2020-01-04T00:00:00Z,1578096000000,0.00010000
2020-01-04T08:00:00Z,1578124800000,0.00000084
2020-01-04T16:00:00Z,1578153600000,0.00007387
2020-01-05T00:00:00Z,1578182400000,0.00010000
2020-01-05T08:00:00Z,1578211200000,0.00010000
2020-01-05T16:00:00Z,1578240000000,0.00010000
2020-01-06T00:00:00Z,1578268800000,0.00010000
2020-01-06T08:00:00Z,1578297600000,0.00010000
2020-01-06T16:00:00Z,1578326400000,0.00010000
2020-01-07T00:00:00Z,1578355200000,0.00010000
2020-01-07T08:00:00Z,1578384000001,0.00010000
2020-01-07T16:00:00Z,1578412800000,0.00010000
2020-01-08T00:00:00Z,1578441600000,0.00012514
2020-01-08T08:00:00Z,1578470400000,0.00010000
2020-01-08T16:00:00Z,1578499200001,0.00010000
2020-01-09T00:00:00Z,1578528000000,0.00010000
2020-01-09T08:00:00Z,1578556800000,0.00010000
2020-01-09T16:00:00Z,1578585600000,0.00010000
2020-01-10T00:00:00Z,1578614400000,0.00010000
2020-01-10T08:00:00Z,1578643200000,0.00010000
2020-01-10T16:00:00Z,1578672000000,0.00010000
2020-01-11T00:00:00Z,1578700800000,0.00010000
2020-01-11T08:00:00Z,1578729600000,0.00017846
2020-01-11T16:00:00Z,1578758400000,0.00010000
2020-01-12T00:00:00Z,1578787200000,0.00010000
2020-01-12T08:00:00Z,1578816000000,0.00010000
2020-01-12T16:00:00Z,1578844800000,0.00010000
2020-01-13T00:00:00Z,1578873600001,0.00010000
2020-01-13T08:00:00Z,1578902400000,0.00010000
2020-01-13T16:00:00Z,1578931200000,0.00010000
2020-01-14T00:00:00Z,1578960000000,0.00010000
2020-01-14T08:00:00Z,1578988800000,0.00025900
2020-01-14T16:00:00Z,1579017600001,0.00010000
2020-01-15T00:00:00Z,1579046400000,0.00049392
2020-01-15T08:00:00Z,1579075200000,0.00019497
2020-01-15T16:00:00Z,1579104000000,0.00010000
2020-01-16T00:00:00Z,1579132800000,0.00010000
2020-01-16T08:00:00Z,1579161600000,0.00041191
2020-01-16T16:00:00Z,1579190400000,0.00031466
2020-01-17T00:00:00Z,1579219200000,0.00010000
2020-01-17T08:00:00Z,1579248000000,0.00015027
2020-01-17T16:00:00Z,1579276800000,0.00056749
2020-01-18T00:00:00Z,1579305600001,0.00010000
2020-01-18T08:00:00Z,1579334400001,0.00029182
2020-01-18T16:00:00Z,1579363200000,0.00032081
2020-01-19T00:00:00Z,1579392000000,0.00020041
2020-01-19T08:00:00Z,1579420800000,0.00039329
2020-01-19T16:00:00Z,1579449600000,0.00092467
2020-01-20T00:00:00Z,1579478400000,0.00029702
2020-01-20T08:00:00Z,1579507200000,0.00010000
2020-01-20T16:00:00Z,1579536000000,0.00010782
2020-01-21T00:00:00Z,1579564800000,0.00012057
2020-01-21T08:00:00Z,1579593600000,0.00015425
2020-01-21T16:00:00Z,1579622400000,0.00015740
2020-01-22T00:00:00Z,1579651200000,0.00010000
2020-01-22T08:00:00Z,1579680000001,0.00021392
2020-01-22T16:00:00Z,1579708800000,0.00010000
2020-01-23T00:00:00Z,1579737600000,0.00010000
2020-01-23T08:00:00Z,1579766400000,0.00010000
2020-01-23T16:00:00Z,1579795200000,0.00052304
2020-01-24T00:00:00Z,1579824000000,0.00054719
2020-01-24T08:00:00Z,1579852800000,0.00042124
2020-01-24T16:00:00Z,1579881600001,0.00017948
2020-01-25T00:00:00Z,1579910400000,0.00010000
2020-01-25T08:00:00Z,1579939200000,0.00010000
2020-01-25T16:00:00Z,1579968000001,0.00010000
2020-01-26T00:00:00Z,1579996800000,0.00010000
2020-01-26T08:00:00Z,1580025600000,0.00010000
2020-01-26T16:00:00Z,1580054400000,0.00010000
2020-01-27T00:00:00Z,1580083200000,0.00010000
2020-01-27T08:00:00Z,1580112000001,0.00010000
2020-01-27T16:00:00Z,1580140800000,0.00010000
2020-01-28T00:00:00Z,1580169600000,0.00010000
2020-01-28T08:00:00Z,1580198400000,0.00068689
2020-01-28T16:00:00Z,1580227200000,0.00054394
2020-01-29T00:00:00Z,1580256000001,0.00062324
2020-01-29T08:00:00Z,1580284800000,0.00108193
2020-01-29T16:00:00Z,1580313600002,0.00053694
2020-01-30T00:00:00Z,1580342400000,0.00023600
2020-01-30T08:00:00Z,1580371200000,0.00024877
2020-01-30T16:00:00Z,1580400000000,0.00034852
2020-01-31T00:00:00Z,1580428800000,0.00053551
2020-01-31T08:00:00Z,1580457600000,0.00077154
2020-01-31T16:00:00Z,1580486400000,0.00039858
2020-02-01T00:00:00Z,1580515200000,0.00074991
2020-02-01T08:00:00Z,1580544000000,0.00065667
2020-02-01T16:00:00Z,1580572800000,0.00049052
2020-02-02T00:00:00Z,1580601600000,0.00028263
2020-02-02T08:00:00Z,1580630400000,0.00034916
2020-02-02T16:00:00Z,1580659200000,0.00065524
2020-02-03T00:00:00Z,1580688000000,0.00060677
2020-02-03T08:00:00Z,1580716800000,0.00035862
2020-02-03T16:00:00Z,1580745600000,0.00010000
2020-02-04T00:00:00Z,1580774400000,0.00099282
2020-02-04T08:00:00Z,1580803200001,0.00054450
2020-02-04T16:00:00Z,1580832000000,0.00038192
2020-02-05T00:00:00Z,1580860800002,0.00010000
2020-02-05T08:00:00Z,1580889600000,0.00010000
2020-02-05T16:00:00Z,1580918400000,0.00052631
2020-02-06T00:00:00Z,1580947200000,0.00164021
2020-02-06T08:00:00Z,1580976000000,0.00078299
2020-02-06T16:00:00Z,1581004800000,0.00055668
2020-02-07T00:00:00Z,1581033600000,0.00035618
2020-02-07T08:00:00Z,1581062400000,0.00019726
2020-02-07T16:00:00Z,1581091200001,0.00034616
2020-02-08T00:00:00Z,1581120000000,0.00039915
2020-02-08T08:00:00Z,1581148800000,0.00062858
2020-02-08T16:00:00Z,1581177600000,0.00099315
2020-02-09T00:00:00Z,1581206400000,0.00042798
2020-02-09T08:00:00Z,1581235200000,0.00081519
2020-02-09T16:00:00Z,1581264000000,0.00113954
2020-02-10T00:00:00Z,1581292800000,0.00106733
2020-02-10T08:00:00Z,1581321600000,0.00125022
2020-02-10T16:00:00Z,1581350400009,0.00097918
2020-02-11T00:00:00Z,1581379200000,0.00043989
2020-02-11T08:00:00Z,1581408000000,0.00064797
2020-02-11T16:00:00Z,1581436800000,0.00050120
2020-02-12T00:00:00Z,1581465600000,0.00300000
2020-02-12T08:00:00Z,1581494400001,0.00108055
2020-02-12T16:00:00Z,1581523200000,0.00103884
2020-02-13T00:00:00Z,1581552000001,0.00093553
2020-02-13T08:00:00Z,1581580800000,0.00084403
2020-02-13T16:00:00Z,1581609600000,0.00070414
2020-02-14T00:00:00Z,1581638400000,0.00063320
2020-02-14T08:00:00Z,1581667200000,0.00074453
2020-02-14T16:00:00Z,1581696000000,0.00055952
2020-02-15T00:00:00Z,1581724800000,0.00059113
2020-02-15T08:00:00Z,1581753600000,0.00096860
2020-02-15T16:00:00Z,1581782400000,0.00087369
2020-02-16T00:00:00Z,1581811200000,0.00051202
2020-02-16T08:00:00Z,1581840000000,0.00036973
2020-02-16T16:00:00Z,1581868800000,0.00060847
2020-02-17T00:00:00Z,1581897600000,0.00043179
2020-02-17T08:00:00Z,1581926400000,0.00060960
2020-02-17T16:00:00Z,1581955200000,0.00091076
2020-02-18T00:00:00Z,1581984000000,0.00026967
2020-02-18T08:00:00Z,1582012800000,0.00013952
2020-02-18T16:00:00Z,1582041600000,0.00029662
2020-02-19T00:00:00Z,1582070400000,0.00046396
2020-02-19T08:00:00Z,1582099200001,0.00038487
2020-02-19T16:00:00Z,1582128000000,0.00040757
2020-02-20T00:00:00Z,1582156800004,0.00010000
2020-02-20T08:00:00Z,1582185600000,0.00010000
2020-02-20T16:00:00Z,1582214400000,0.00010000
2020-02-21T00:00:00Z,1582243200000,0.00010000
2020-02-21T08:00:00Z,1582272000000,0.00010000
2020-02-21T16:00:00Z,1582300800000,0.00010000
2020-02-22T00:00:00Z,1582329600000,0.00010000
2020-02-22T08:00:00Z,1582358400001,0.00010000
2020-02-22T16:00:00Z,1582387200000,0.00012243
2020-02-23T00:00:00Z,1582416000000,0.00029663
2020-02-23T08:00:00Z,1582444800000,0.00039010
2020-02-23T16:00:00Z,1582473600000,0.00065308
2020-02-24T00:00:00Z,1582502400015,0.00048774
2020-02-24T08:00:00Z,1582531200000,0.00014587
2020-02-24T16:00:00Z,1582560000000,0.00010000
2020-02-25T00:00:00Z,1582588800001,0.00032389
2020-02-25T08:00:00Z,1582617600000,0.00027363
2020-02-25T16:00:00Z,1582646400001,0.00046949
2020-02-26T00:00:00Z,1582675200000,0.00036170
2020-02-26T08:00:00Z,1582704000001,0.00050630
2020-02-26T16:00:00Z,1582732800000,0.00038660
2020-02-27T00:00:00Z,1582761600001,0.00017363
2020-02-27T08:00:00Z,1582790400001,0.00010000
2020-02-27T16:00:00Z,1582819200000,0.00010000
2020-02-28T00:00:00Z,1582848000000,0.00010000
2020-02-28T08:00:00Z,1582876800000,0.00011659
2020-02-28T16:00:00Z,1582905600000,0.00023604
2020-02-29T00:00:00Z,1582934400000,0.00061536
2020-02-29T08:00:00Z,1582963200000,0.00060166
2020-02-29T16:00:00Z,1582992000000,0.00062345
2020-03-01T00:00:00Z,1583020800000,0.00049317
2020-03-01T08:00:00Z,1583049600000,0.00027933
2020-03-01T16:00:00Z,1583078400001,0.00031033
2020-03-02T00:00:00Z,1583107200000,0.00018720
2020-03-02T08:00:00Z,1583136000000,0.00010000
2020-03-02T16:00:00Z,1583164800004,0.00010000
2020-03-03T00:00:00Z,1583193600000,0.00010000
2020-03-03T08:00:00Z,1583222400003,0.00010000
2020-03-03T16:00:00Z,1583251200000,0.00010000
2020-03-04T00:00:00Z,1583280000002,0.00010000
2020-03-04T08:00:00Z,1583308800000,0.00010000
2020-03-04T16:00:00Z,1583337600001,0.00024328
2020-03-05T00:00:00Z,1583366400000,0.00010000
2020-03-05T08:00:00Z,1583395200000,0.00023481
2020-03-05T16:00:00Z,1583424000000,0.00019521
2020-03-06T00:00:00Z,1583452800003,0.00020373
2020-03-06T08:00:00Z,1583481600000,0.00021759
2020-03-06T16:00:00Z,1583510400000,0.00035706
2020-03-07T00:00:00Z,1583539200000,0.00039476
2020-03-07T08:00:00Z,1583568000001,0.00032086
2020-03-07T16:00:00Z,1583596800000,0.00032714
2020-03-08T00:00:00Z,1583625600001,0.00054685
2020-03-08T08:00:00Z,1583654400000,0.00049747
2020-03-08T16:00:00Z,1583683200006,0.00042921
2020-03-09T00:00:00Z,1583712000000,0.00010000
2020-03-09T08:00:00Z,1583740800000,0.00010000
2020-03-09T16:00:00Z,1583769600000,0.00010000
2020-03-10T00:00:00Z,1583798400000,0.00010000
2020-03-10T08:00:00Z,1583827200000,0.00010000
2020-03-10T16:00:00Z,1583856000000,0.00010000
2020-03-11T00:00:00Z,1583884800001,0.00010000
2020-03-11T08:00:00Z,1583913600000,0.00010000
2020-03-11T16:00:00Z,1583942400000,0.00022898
2020-03-12T00:00:00Z,1583971200001,0.00010572
2020-03-12T08:00:00Z,1584000000001,0.00010000
2020-03-12T16:00:00Z,1584028800000,-0.00015149
2020-03-13T00:00:00Z,1584057600000,-0.00016073
2020-03-13T08:00:00Z,1584086400000,-0.00300000
2020-03-13T16:00:00Z,1584115200002,-0.00065378
2020-03-14T00:00:00Z,1584144000000,-0.00076421
2020-03-14T08:00:00Z,1584172800001,-0.00004946
2020-03-14T16:00:00Z,1584201600000,-0.00050325
2020-03-15T00:00:00Z,1584230400000,-0.00047893
2020-03-15T08:00:00Z,1584259200000,-0.00054208
2020-03-15T16:00:00Z,1584288000001,-0.00048790
2020-03-16T00:00:00Z,1584316800000,-0.00028282
2020-03-16T08:00:00Z,1584345600000,-0.00036873
2020-03-16T16:00:00Z,1584374400001,-0.00090358
2020-03-17T00:00:00Z,1584403200000,-0.00023830
2020-03-17T08:00:00Z,1584432000000,-0.00003681
2020-03-17T16:00:00Z,1584460800000,-0.00010573
2020-03-18T00:00:00Z,1584489600000,-0.00014706
2020-03-18T08:00:00Z,1584518400000,-0.00035528
2020-03-18T16:00:00Z,1584547200000,-0.00033374
2020-03-19T00:00:00Z,1584576000000,-0.00015042
2020-03-19T08:00:00Z,1584604800000,-0.00022004
2020-03-19T16:00:00Z,1584633600000,-0.00027089
2020-03-20T00:00:00Z,1584662400000,-0.00015469
2020-03-20T08:00:00Z,1584691200000,-0.00001171
2020-03-20T16:00:00Z,1584720000000,0.00010000
2020-03-21T00:00:00Z,1584748800000,0.00008327
2020-03-21T08:00:00Z,1584777600000,-0.00000915
2020-03-21T16:00:00Z,1584806400000,-0.00011557
2020-03-22T00:00:00Z,1584835200000,-0.00002842
2020-03-22T08:00:00Z,1584864000001,0.00010000
2020-03-22T16:00:00Z,1584892800000,0.00000224
2020-03-23T00:00:00Z,1584921600000,-0.00016796
2020-03-23T08:00:00Z,1584950400000,-0.00016295
2020-03-23T16:00:00Z,1584979200000,0.00010000
2020-03-24T00:00:00Z,1585008000000,0.00010000
2020-03-24T08:00:00Z,1585036800000,0.00010000
2020-03-24T16:00:00Z,1585065600000,0.00010000
2020-03-25T00:00:00Z,1585094400000,0.00010000
2020-03-25T08:00:00Z,1585123200000,0.00009958
2020-03-25T16:00:00Z,1585152000001,0.00009813
2020-03-26T00:00:00Z,1585180800006,-0.00001620
2020-03-26T08:00:00Z,1585209600002,0.00010000
2020-03-26T16:00:00Z,1585238400000,0.00001599
2020-03-27T00:00:00Z,1585267200000,0.00006223
2020-03-27T08:00:00Z,1585296000000,0.00006838
2020-03-27T16:00:00Z,1585324800000,0.00000148
2020-03-28T00:00:00Z,1585353600000,-0.00012203
2020-03-28T08:00:00Z,1585382400000,-0.00041263
2020-03-28T16:00:00Z,1585411200000,-0.00021650
2020-03-29T00:00:00Z,1585440000000,-0.00023282
2020-03-29T08:00:00Z,1585468800001,-0.00029120
2020-03-29T16:00:00Z,1585497600000,-0.00025613
2020-03-30T00:00:00Z,1585526400000,-0.00064310
2020-03-30T08:00:00Z,1585555200000,-0.00033817
2020-03-30T16:00:00Z,1585584000000,-0.00006982
2020-03-31T00:00:00Z,1585612800000,-0.00005383
2020-03-31T08:00:00Z,1585641600001,-0.00015273
2020-03-31T16:00:00Z,1585670400001,-0.00016200
2020-04-01T00:00:00Z,1585699200002,-0.00009237
2020-04-01T08:00:00Z,1585728000000,-0.00048680
2020-04-01T16:00:00Z,1585756800001,-0.00034983
2020-04-02T00:00:00Z,1585785600000,-0.00019330
2020-04-02T08:00:00Z,1585814400000,0.00003280
2020-04-02T16:00:00Z,1585843200000,0.00009417
2020-04-03T00:00:00Z,1585872000000,0.00009047
2020-04-03T08:00:00Z,1585900800000,0.00000079
2020-04-03T16:00:00Z,1585929600000,0.00010000
2020-04-04T00:00:00Z,1585958400000,0.00006184
2020-04-04T08:00:00Z,1585987200000,0.00005655
2020-04-04T16:00:00Z,1586016000000,-0.00007770
2020-04-05T00:00:00Z,1586044800001,-0.00004495
2020-04-05T08:00:00Z,1586073600000,0.00004198
2020-04-05T16:00:00Z,1586102400000,0.00003859
2020-04-06T00:00:00Z,1586131200000,0.00002364
2020-04-06T08:00:00Z,1586160000000,0.00000654
2020-04-06T16:00:00Z,1586188800000,-0.00008471
2020-04-07T00:00:00Z,1586217600000,-0.00012883
2020-04-07T08:00:00Z,1586246400000,-0.00002915
2020-04-07T16:00:00Z,1586275200000,0.00001131
2020-04-08T00:00:00Z,1586304000000,-0.00002763
2020-04-08T08:00:00Z,1586332800000,0.00010000
2020-04-08T16:00:00Z,1586361600000,0.00006677
2020-04-09T00:00:00Z,1586390400000,0.00010000
2020-04-09T08:00:00Z,1586419200001,-0.00010005
2020-04-09T16:00:00Z,1586448000000,-0.00008854
2020-04-10T00:00:00Z,1586476800001,-0.00005003
2020-04-10T08:00:00Z,1586505600000,0.00010000
2020-04-10T16:00:00Z,1586534400000,0.00010000
2020-04-11T00:00:00Z,1586563200000,0.00010000
2020-04-11T08:00:00Z,1586592000000,0.00010000
2020-04-11T16:00:00Z,1586620800000,0.00010000
2020-04-12T00:00:00Z,1586649600000,0.00010000
2020-04-12T08:00:00Z,1586678400006,0.00010000
2020-04-12T16:00:00Z,1586707200001,0.00008453
2020-04-13T00:00:00Z,1586736000001,0.00007954
2020-04-13T08:00:00Z,1586764800000,-0.00020271
2020-04-13T16:00:00Z,1586793600000,-0.00002882
2020-04-14T00:00:00Z,1586822400000,-0.00001244
2020-04-14T08:00:00Z,1586851200000,0.00005454
2020-04-14T16:00:00Z,1586880000000,-0.00020028
2020-04-15T00:00:00Z,1586908800000,-0.00012803
2020-04-15T08:00:00Z,1586937600000,-0.00004630
2020-04-15T16:00:00Z,1586966400000,0.00002925
2020-04-16T00:00:00Z,1586995200000,-0.00007017
2020-04-16T08:00:00Z,1587024000000,-0.00046001
2020-04-16T16:00:00Z,1587052800000,0.00006364
2020-04-17T00:00:00Z,1587081600000,0.00005926
2020-04-17T08:00:00Z,1587110400000,0.00003345
2020-04-17T16:00:00Z,1587139200000,-0.00006771
2020-04-18T00:00:00Z,1587168000000,-0.00003132
2020-04-18T08:00:00Z,1587196800000,-0.00017145
2020-04-18T16:00:00Z,1587225600000,-0.00019642
2020-04-19T00:00:00Z,1587254400000,-0.00019142
2020-04-19T08:00:00Z,1587283200000,-0.00005966
2020-04-19T16:00:00Z,1587312000000,0.00008514
2020-04-20T00:00:00Z,1587340800000,-0.00001310
2020-04-20T08:00:00Z,1587369600000,-0.00001874
2020-04-20T16:00:00Z,1587398400000,-0.00005762
2020-04-21T00:00:00Z,1587427200000,-0.00009180
2020-04-21T08:00:00Z,1587456000001,-0.00007539
2020-04-21T16:00:00Z,1587484800000,0.00010000
2020-04-22T00:00:00Z,1587513600001,-0.00002663
2020-04-22T08:00:00Z,1587542400000,-0.00011402
2020-04-22T16:00:00Z,1587571200000,-0.00031244
2020-04-23T00:00:00Z,1587600000000,-0.00022340
2020-04-23T08:00:00Z,1587628800001,-0.00015491
2020-04-23T16:00:00Z,1587657600000,0.00010000
2020-04-24T00:00:00Z,1587686400000,0.00010000
2020-04-24T08:00:00Z,1587715200000,0.00010000
2020-04-24T16:00:00Z,1587744000000,0.00010000
2020-04-25T00:00:00Z,1587772800003,0.00010000
2020-04-25T08:00:00Z,1587801600000,0.00010000
2020-04-25T16:00:00Z,1587830400000,0.00010000
2020-04-26T00:00:00Z,1587859200000,0.00010000
2020-04-26T08:00:00Z,1587888000000,0.00007493
2020-04-26T16:00:00Z,1587916800000,0.00010000
2020-04-27T00:00:00Z,1587945600000,0.00010000
2020-04-27T08:00:00Z,1587974400005,0.00010000
2020-04-27T16:00:00Z,1588003200000,0.00010000
2020-04-28T00:00:00Z,1588032000000,0.00010000
2020-04-28T08:00:00Z,1588060800000,0.00010000
2020-04-28T16:00:00Z,1588089600000,0.00010000
2020-04-29T00:00:00Z,1588118400000,0.00010000
2020-04-29T08:00:00Z,1588147200001,0.00010000
2020-04-29T16:00:00Z,1588176000000,0.00010000
2020-04-30T00:00:00Z,1588204800000,0.00013208
2020-04-30T08:00:00Z,1588233600000,0.00097517
2020-04-30T16:00:00Z,1588262400000,0.00010000
2020-05-01T00:00:00Z,1588291200000,0.00021072
2020-05-01T08:00:00Z,1588320000000,0.00017885
2020-05-01T16:00:00Z,1588348800000,0.00013528
2020-05-02T00:00:00Z,1588377600000,0.00010000
2020-05-02T08:00:00Z,1588406400000,0.00010000
2020-05-02T16:00:00Z,1588435200000,0.00010144
2020-05-03T00:00:00Z,1588464000000,0.00010000
2020-05-03T08:00:00Z,1588492800000,0.00019810
2020-05-03T16:00:00Z,1588521600000,0.00015162
2020-05-04T00:00:00Z,1588550400000,0.00011925
2020-05-04T08:00:00Z,1588579200005,0.00010000
2020-05-04T16:00:00Z,1588608000000,0.00010000
2020-05-05T00:00:00Z,1588636800000,0.00010000
2020-05-05T08:00:00Z,1588665600000,0.00010000
2020-05-05T16:00:00Z,1588694400000,0.00010000
2020-05-06T00:00:00Z,1588723200001,0.00010000
2020-05-06T08:00:00Z,1588752000000,0.00010000
2020-05-06T16:00:00Z,1588780800000,0.00035981
2020-05-07T00:00:00Z,1588809600000,0.00010000
2020-05-07T08:00:00Z,1588838400011,0.00010000
2020-05-07T16:00:00Z,1588867200000,0.00010000
2020-05-08T00:00:00Z,1588896000000,0.00016094
2020-05-08T08:00:00Z,1588924800001,0.00034016
2020-05-08T16:00:00Z,1588953600000,0.00053190
2020-05-09T00:00:00Z,1588982400000,0.00042037
2020-05-09T08:00:00Z,1589011200000,0.00075816
2020-05-09T16:00:00Z,1589040000000,0.00058018
2020-05-10T00:00:00Z,1589068800000,0.00042326
2020-05-10T08:00:00Z,1589097600000,0.00010000
2020-05-10T16:00:00Z,1589126400000,0.00010000
2020-05-11T00:00:00Z,1589155200000,0.00010000
2020-05-11T08:00:00Z,1589184000000,0.00010000
2020-05-11T16:00:00Z,1589212800000,0.00010000
2020-05-12T00:00:00Z,1589241600000,0.00010000
2020-05-12T08:00:00Z,1589270400001,0.00010000
2020-05-12T16:00:00Z,1589299200000,0.00010000
2020-05-13T00:00:00Z,1589328000000,0.00010000
2020-05-13T08:00:00Z,1589356800000,0.00010000
2020-05-13T16:00:00Z,1589385600000,0.00010000
2020-05-14T00:00:00Z,1589414400000,0.00010000
2020-05-14T08:00:00Z,1589443200000,0.00010000
2020-05-14T16:00:00Z,1589472000000,0.00010000
2020-05-15T00:00:00Z,1589500800000,0.00010000
2020-05-15T08:00:00Z,1589529600000,0.00004400
2020-05-15T16:00:00Z,1589558400001,0.00010000
2020-05-16T00:00:00Z,1589587200008,0.00010000
2020-05-16T08:00:00Z,1589616000000,0.00010000
2020-05-16T16:00:00Z,1589644800000,0.00010000
2020-05-17T00:00:00Z,1589673600002,0.00008001
2020-05-17T08:00:00Z,1589702400000,0.00004125
2020-05-17T16:00:00Z,1589731200000,0.00000888
2020-05-18T00:00:00Z,1589760000000,0.00010000
2020-05-18T08:00:00Z,1589788800000,0.00010000
2020-05-18T16:00:00Z,1589817600001,-0.00006640
2020-05-19T00:00:00Z,1589846400005,0.00010000
2020-05-19T08:00:00Z,1589875200000,0.00007892
2020-05-19T16:00:00Z,1589904000000,0.00010000
2020-05-20T00:00:00Z,1589932800000,0.00010000
2020-05-20T08:00:00Z,1589961600000,0.00010000
2020-05-20T16:00:00Z,1589990400006,0.00010000
2020-05-21T00:00:00Z,1590019200000,-0.00009027
2020-05-21T08:00:00Z,1590048000000,0.00006809
2020-05-21T16:00:00Z,1590076800000,0.00010000
2020-05-22T00:00:00Z,1590105600006,-0.00005150
2020-05-22T08:00:00Z,1590134400000,-0.00002396
2020-05-22T16:00:00Z,1590163200000,0.00006867
2020-05-23T00:00:00Z,1590192000003,-0.00002092
2020-05-23T08:00:00Z,1590220800000,-0.00001081
2020-05-23T16:00:00Z,1590249600000,0.00007023
2020-05-24T00:00:00Z,1590278400006,0.00010000
2020-05-24T08:00:00Z,1590307200000,0.00007917
2020-05-24T16:00:00Z,1590336000000,0.00006724
2020-05-25T00:00:00Z,1590364800000,0.00006784
2020-05-25T08:00:00Z,1590393600000,-0.00004286
2020-05-25T16:00:00Z,1590422400000,-0.00004226
2020-05-26T00:00:00Z,1590451200000,-0.00000035
2020-05-26T08:00:00Z,1590480000006,0.00010000
2020-05-26T16:00:00Z,1590508800000,0.00004599
2020-05-27T00:00:00Z,1590537600000,0.00002104
2020-05-27T08:00:00Z,1590566400000,0.00010000
2020-05-27T16:00:00Z,1590595200000,-0.00014025
2020-05-28T00:00:00Z,1590624000000,-0.00011366
2020-05-28T08:00:00Z,1590652800000,-0.00006862
2020-05-28T16:00:00Z,1590681600000,-0.00001187
2020-05-29T00:00:00Z,1590710400000,0.00002618
2020-05-29T08:00:00Z,1590739200000,0.00001877
2020-05-29T16:00:00Z,1590768000000,-0.00000604
2020-05-30T00:00:00Z,1590796800000,0.00010000
2020-05-30T08:00:00Z,1590825600001,0.00010000
2020-05-30T16:00:00Z,1590854400000,0.00010000
2020-05-31T00:00:00Z,1590883200000,0.00010000
2020-05-31T08:00:00Z,1590912000001,0.00010000
2020-05-31T16:00:00Z,1590940800000,0.00010000
2020-06-01T00:00:00Z,1590969600000,0.00010000
2020-06-01T08:00:00Z,1590998400001,-0.00002911
2020-06-01T16:00:00Z,1591027200000,0.00000938
2020-06-02T00:00:00Z,1591056000000,0.00034480
2020-06-02T08:00:00Z,1591084800002,0.00078310
2020-06-02T16:00:00Z,1591113600000,0.00010000
2020-06-03T00:00:00Z,1591142400000,0.00010000
2020-06-03T08:00:00Z,1591171200000,0.00008646
2020-06-03T16:00:00Z,1591200000002,0.00010000
2020-06-04T00:00:00Z,1591228800001,0.00010000
2020-06-04T08:00:00Z,1591257600004,0.00010000
2020-06-04T16:00:00Z,1591286400001,0.00010000
2020-06-05T00:00:00Z,1591315200001,0.00010000
2020-06-05T08:00:00Z,1591344000000,0.00010000
2020-06-05T16:00:00Z,1591372800001,0.00010000
2020-06-06T00:00:00Z,1591401600000,0.00010000
2020-06-06T08:00:00Z,1591430400000,0.00010000
2020-06-06T16:00:00Z,1591459200000,0.00010000
2020-06-07T00:00:00Z,1591488000000,0.00010000
2020-06-07T08:00:00Z,1591516800000,0.00010000
2020-06-07T16:00:00Z,1591545600006,0.00010000
2020-06-08T00:00:00Z,1591574400008,0.00010000
2020-06-08T08:00:00Z,1591603200007,0.00010000
2020-06-08T16:00:00Z,1591632000000,0.00010000
2020-06-09T00:00:00Z,1591660800000,0.00010000
2020-06-09T08:00:00Z,1591689600000,0.00010000
2020-06-09T16:00:00Z,1591718400000,0.00010000
2020-06-10T00:00:00Z,1591747200000,0.00010000
2020-06-10T08:00:00Z,1591776000000,0.00010000
2020-06-10T16:00:00Z,1591804800000,0.00010000
2020-06-11T00:00:00Z,1591833600008,0.00010000
2020-06-11T08:00:00Z,1591862400001,0.00010000
2020-06-11T16:00:00Z,1591891200000,0.00010000
2020-06-12T00:00:00Z,1591920000003,0.00010000
2020-06-12T08:00:00Z,1591948800000,-0.00003816
2020-06-12T16:00:00Z,1591977600002,0.00009714
2020-06-13T00:00:00Z,1592006400000,-0.00001942
2020-06-13T08:00:00Z,1592035200001,0.00007217
2020-06-13T16:00:00Z,1592064000000,0.00010000
2020-06-14T00:00:00Z,1592092800007,0.00007102
2020-06-14T08:00:00Z,1592121600000,0.00010000
2020-06-14T16:00:00Z,1592150400001,0.00010000
2020-06-15T00:00:00Z,1592179200000,0.00010000
2020-06-15T08:00:00Z,1592208000001,-0.00004149
2020-06-15T16:00:00Z,1592236800000,-0.00018213
2020-06-16T00:00:00Z,1592265600002,-0.00015215
2020-06-16T08:00:00Z,1592294400000,0.00010000
2020-06-16T16:00:00Z,1592323200006,0.00010000
2020-06-17T00:00:00Z,1592352000000,0.00007764
2020-06-17T08:00:00Z,1592380800007,-0.00008320
2020-06-17T16:00:00Z,1592409600000,0.00007510
2020-06-18T00:00:00Z,1592438400003,-0.00010005
2020-06-18T08:00:00Z,1592467200001,-0.00011589
2020-06-18T16:00:00Z,1592496000002,0.00007624
2020-06-19T00:00:00Z,1592524800001,-0.00000157
2020-06-19T08:00:00Z,1592553600003,0.00001940
2020-06-19T16:00:00Z,1592582400000,0.00010000
2020-06-20T00:00:00Z,1592611200000,0.00010000
2020-06-20T08:00:00Z,1592640000009,0.00001186
2020-06-20T16:00:00Z,1592668800006,0.00010000
2020-06-21T00:00:00Z,1592697600000,-0.00003057
2020-06-21T08:00:00Z,1592726400000,-0.00001290
2020-06-21T16:00:00Z,1592755200000,0.00010000
2020-06-22T00:00:00Z,1592784000000,0.00010000
2020-06-22T08:00:00Z,1592812800000,0.00006784
2020-06-22T16:00:00Z,1592841600001,0.00010000
2020-06-23T00:00:00Z,1592870400000,0.00010000
2020-06-23T08:00:00Z,1592899200002,0.00010000
2020-06-23T16:00:00Z,1592928000000,0.00012215
2020-06-24T00:00:00Z,1592956800001,0.00011286
2020-06-24T08:00:00Z,1592985600000,0.00010000
2020-06-24T16:00:00Z,1593014400000,0.00010000
2020-06-25T00:00:00Z,1593043200000,0.00010000
2020-06-25T08:00:00Z,1593072000000,0.00010000
2020-06-25T16:00:00Z,1593100800000,0.00010000
2020-06-26T00:00:00Z,1593129600000,0.00009401
2020-06-26T08:00:00Z,1593158400000,0.00010000
2020-06-26T16:00:00Z,1593187200000,0.00010000
2020-06-27T00:00:00Z,1593216000003,0.00010000
2020-06-27T08:00:00Z,1593244800004,0.00010000
2020-06-27T16:00:00Z,1593273600000,0.00010000
2020-06-28T00:00:00Z,1593302400003,0.00010000
2020-06-28T08:00:00Z,1593331200001,0.00010000
2020-06-28T16:00:00Z,1593360000000,0.00004867
2020-06-29T00:00:00Z,1593388800000,0.00010000
2020-06-29T08:00:00Z,1593417600005,0.00010000
2020-06-29T16:00:00Z,1593446400000,0.00010000
2020-06-30T00:00:00Z,1593475200000,0.00010000
2020-06-30T08:00:00Z,1593504000001,0.00010000
2020-06-30T16:00:00Z,1593532800002,0.00010000
2020-07-01T00:00:00Z,1593561600002,0.00010000
2020-07-01T08:00:00Z,1593590400000,0.00010000
2020-07-01T16:00:00Z,1593619200000,0.00010000
2020-07-02T00:00:00Z,1593648000001,0.00010000
2020-07-02T08:00:00Z,1593676800001,0.00010000
2020-07-02T16:00:00Z,1593705600000,0.00010000
2020-07-03T00:00:00Z,1593734400000,0.00010000
2020-07-03T08:00:00Z,1593763200001,0.00010000
2020-07-03T16:00:00Z,1593792000000,0.00010000
2020-07-04T00:00:00Z,1593820800002,0.00010000
2020-07-04T08:00:00Z,1593849600002,0.00010000
2020-07-04T16:00:00Z,1593878400001,0.00010000
2020-07-05T00:00:00Z,1593907200000,0.00010000
2020-07-05T08:00:00Z,1593936000000,0.00010000
2020-07-05T16:00:00Z,1593964800000,0.00010000
2020-07-06T00:00:00Z,1593993600000,0.00010000
2020-07-06T08:00:00Z,1594022400001,0.00010000
2020-07-06T16:00:00Z,1594051200000,0.00010000
2020-07-07T00:00:00Z,1594080000000,0.00010000
2020-07-07T08:00:00Z,1594108800006,0.00010000
2020-07-07T16:00:00Z,1594137600000,0.00010000
2020-07-08T00:00:00Z,1594166400000,0.00010000
2020-07-08T08:00:00Z,1594195200000,0.00010000
2020-07-08T16:00:00Z,1594224000000,0.00010000
2020-07-09T00:00:00Z,1594252800001,0.00010000
2020-07-09T08:00:00Z,1594281600002,0.00010000
2020-07-09T16:00:00Z,1594310400000,0.00010000
2020-07-10T00:00:00Z,1594339200000,0.00010000
2020-07-10T08:00:00Z,1594368000001,0.00010000
2020-07-10T16:00:00Z,1594396800000,0.00010000
2020-07-11T00:00:00Z,1594425600000,0.00010000
2020-07-11T08:00:00Z,1594454400000,0.00010000
2020-07-11T16:00:00Z,1594483200000,0.00010000
2020-07-12T00:00:00Z,1594512000000,0.00010000
2020-07-12T08:00:00Z,1594540800000,0.00010000
2020-07-12T16:00:00Z,1594569600000,0.00010000
2020-07-13T00:00:00Z,1594598400000,0.00010000
2020-07-13T08:00:00Z,1594627200001,0.00010000
2020-07-13T16:00:00Z,1594656000000,0.00010000
2020-07-14T00:00:00Z,1594684800001,0.00010000
2020-07-14T08:00:00Z,1594713600000,0.00010000
2020-07-14T16:00:00Z,1594742400000,0.00010000
2020-07-15T00:00:00Z,1594771200000,0.00010000
2020-07-15T08:00:00Z,1594800000000,0.00010000
2020-07-15T16:00:00Z,1594828800000,0.00010000
2020-07-16T00:00:00Z,1594857600000,0.00010000
2020-07-16T08:00:00Z,1594886400002,0.00010000
2020-07-16T16:00:00Z,1594915200001,0.00010000
2020-07-17T00:00:00Z,1594944000001,0.00010000
2020-07-17T08:00:00Z,1594972800000,0.00010000
2020-07-17T16:00:00Z,1595001600000,0.00010000
2020-07-18T00:00:00Z,1595030400003,0.00010000
2020-07-18T08:00:00Z,1595059200001,0.00010000
2020-07-18T16:00:00Z,1595088000000,0.00010000
2020-07-19T00:00:00Z,1595116800000,0.00010000
2020-07-19T08:00:00Z,1595145600000,0.00010000
2020-07-19T16:00:00Z,1595174400000,0.00010000
2020-07-20T00:00:00Z,1595203200000,0.00010000
2020-07-20T08:00:00Z,1595232000000,0.00010000
2020-07-20T16:00:00Z,1595260800001,0.00010000
2020-07-21T00:00:00Z,1595289600000,0.00010000
2020-07-21T08:00:00Z,1595318400001,0.00010000
2020-07-21T16:00:00Z,1595347200004,0.00010000
2020-07-22T00:00:00Z,1595376000000,0.00010000
2020-07-22T08:00:00Z,1595404800000,0.00010000
2020-07-22T16:00:00Z,1595433600000,0.00010000
2020-07-23T00:00:00Z,1595462400001,0.00010000
2020-07-23T08:00:00Z,1595491200000,0.00010000
2020-07-23T16:00:00Z,1595520000001,0.00010000
2020-07-24T00:00:00Z,1595548800000,0.00010000
2020-07-24T08:00:00Z,1595577600000,0.00010000
2020-07-24T16:00:00Z,1595606400000,0.00010000
2020-07-25T00:00:00Z,1595635200000,0.00010000
2020-07-25T08:00:00Z,1595664000001,0.00010000
2020-07-25T16:00:00Z,1595692800000,0.00010000
2020-07-26T00:00:00Z,1595721600000,0.00010000
2020-07-26T08:00:00Z,1595750400000,0.00010000
2020-07-26T16:00:00Z,1595779200000,0.00065437
2020-07-27T00:00:00Z,1595808000000,0.00047138
2020-07-27T08:00:00Z,1595836800000,0.00086993
2020-07-27T16:00:00Z,1595865600000,0.00051888
2020-07-28T00:00:00Z,1595894400000,0.00139484
2020-07-28T08:00:00Z,1595923200001,0.00122052
2020-07-28T16:00:00Z,1595952000000,0.00097576
2020-07-29T00:00:00Z,1595980800000,0.00083621
2020-07-29T08:00:00Z,1596009600000,0.00068208
2020-07-29T16:00:00Z,1596038400000,0.00061856
2020-07-30T00:00:00Z,1596067200000,0.00061759
2020-07-30T08:00:00Z,1596096000001,0.00072329
2020-07-30T16:00:00Z,1596124800000,0.00069174
2020-07-31T00:00:00Z,1596153600000,0.00082654
2020-07-31T08:00:00Z,1596182400001,0.00039348
2020-07-31T16:00:00Z,1596211200000,0.00037716
2020-08-01T00:00:00Z,1596240000005,0.00027910
2020-08-01T08:00:00Z,1596268800000,0.00030785
2020-08-01T16:00:00Z,1596297600001,0.00048996
2020-08-02T00:00:00Z,1596326400000,0.00095567
2020-08-02T08:00:00Z,1596355200001,0.00042430
2020-08-02T16:00:00Z,1596384000001,0.00024752
2020-08-03T00:00:00Z,1596412800000,0.00025850
2020-08-03T08:00:00Z,1596441600001,0.00045929
2020-08-03T16:00:00Z,1596470400000,0.00043731
2020-08-04T00:00:00Z,1596499200003,0.00031113
2020-08-04T08:00:00Z,1596528000000,0.00030647
2020-08-04T16:00:00Z,1596556800000,0.00038617
2020-08-05T00:00:00Z,1596585600000,0.00013898
2020-08-05T08:00:00Z,1596614400000,0.00016613
2020-08-05T16:00:00Z,1596643200000,0.00022044
2020-08-06T00:00:00Z,1596672000000,0.00038867
2020-08-06T08:00:00Z,1596700800007,0.00038696
2020-08-06T16:00:00Z,1596729600000,0.00036099
2020-08-07T00:00:00Z,1596758400001,0.00031707
2020-08-07T08:00:00Z,1596787200000,0.00021201
2020-08-07T16:00:00Z,1596816000000,0.00023934
2020-08-08T00:00:00Z,1596844800000,0.00010000
2020-08-08T08:00:00Z,1596873600000,0.00010000
2020-08-08T16:00:00Z,1596902400000,0.00010000
2020-08-09T00:00:00Z,1596931200000,0.00010000
2020-08-09T08:00:00Z,1596960000000,0.00021066
2020-08-09T16:00:00Z,1596988800000,0.00014574
2020-08-10T00:00:00Z,1597017600001,0.00010000
2020-08-10T08:00:00Z,1597046400000,0.00131898
2020-08-10T16:00:00Z,1597075200001,0.00030218
2020-08-11T00:00:00Z,1597104000001,0.00013372
2020-08-11T08:00:00Z,1597132800000,0.00022736
2020-08-11T16:00:00Z,1597161600001,0.00059816
2020-08-12T00:00:00Z,1597190400000,0.00010000
2020-08-12T08:00:00Z,1597219200000,0.00010000
2020-08-12T16:00:00Z,1597248000000,0.00010000
2020-08-13T00:00:00Z,1597276800002,0.00010000
2020-08-13T08:00:00Z,1597305600000,0.00010000
2020-08-13T16:00:00Z,1597334400000,0.00010000
2020-08-14T00:00:00Z,1597363200000,0.00017598
2020-08-14T08:00:00Z,1597392000000,0.00044038
2020-08-14T16:00:00Z,1597420800000,0.00027433
2020-08-15T00:00:00Z,1597449600000,0.00010000
2020-08-15T08:00:00Z,1597478400001,0.00036650
2020-08-15T16:00:00Z,1597507200001,0.00021904
2020-08-16T00:00:00Z,1597536000000,0.00015640
2020-08-16T08:00:00Z,1597564800000,0.00048777
2020-08-16T16:00:00Z,1597593600000,0.00031524
2020-08-17T00:00:00Z,1597622400000,0.00026342
2020-08-17T08:00:00Z,1597651200000,0.00039806
2020-08-17T16:00:00Z,1597680000000,0.00085760
2020-08-18T00:00:00Z,1597708800001,0.00119905
2020-08-18T08:00:00Z,1597737600008,0.00078206
2020-08-18T16:00:00Z,1597766400000,0.00100156
2020-08-19T00:00:00Z,1597795200000,0.00077293
2020-08-19T08:00:00Z,1597824000000,0.00054924
2020-08-19T16:00:00Z,1597852800000,0.00024051
2020-08-20T00:00:00Z,1597881600001,0.00024189
2020-08-20T08:00:00Z,1597910400000,0.00011590
2020-08-20T16:00:00Z,1597939200000,0.00018281
2020-08-21T00:00:00Z,1597968000000,0.00010000
2020-08-21T08:00:00Z,1597996800000,0.00010000
2020-08-21T16:00:00Z,1598025600017,0.00010000
2020-08-22T00:00:00Z,1598054400000,0.00010000
2020-08-22T08:00:00Z,1598083200000,0.00010000
2020-08-22T16:00:00Z,1598112000000,0.00010000
2020-08-23T00:00:00Z,1598140800000,0.00010000
2020-08-23T08:00:00Z,1598169600000,0.00010000
2020-08-23T16:00:00Z,1598198400000,0.00010000
2020-08-24T00:00:00Z,1598227200006,0.00010000
2020-08-24T08:00:00Z,1598256000001,0.00010000
2020-08-24T16:00:00Z,1598284800000,0.00010000
2020-08-25T00:00:00Z,1598313600000,0.00010000
2020-08-25T08:00:00Z,1598342400000,0.00010000
2020-08-25T16:00:00Z,1598371200000,0.00042580
2020-08-26T00:00:00Z,1598400000000,0.00023316
2020-08-26T08:00:00Z,1598428800008,0.00010000
2020-08-26T16:00:00Z,1598457600002,0.00013038
2020-08-27T00:00:00Z,1598486400000,0.00010000
2020-08-27T08:00:00Z,1598515200010,0.00010000
2020-08-27T16:00:00Z,1598544000000,0.00010000
2020-08-28T00:00:00Z,1598572800000,0.00010000
2020-08-28T08:00:00Z,1598601600001,0.00010000
2020-08-28T16:00:00Z,1598630400000,0.00010000
2020-08-29T00:00:00Z,1598659200002,0.00010000
2020-08-29T08:00:00Z,1598688000006,0.00010000
2020-08-29T16:00:00Z,1598716800003,0.00010000
2020-08-30T00:00:00Z,1598745600000,0.00010000
2020-08-30T08:00:00Z,1598774400000,0.00010000
2020-08-30T16:00:00Z,1598803200000,0.00010000
2020-08-31T00:00:00Z,1598832000000,0.00010000
2020-08-31T08:00:00Z,1598860800001,0.00010000
2020-08-31T16:00:00Z,1598889600001,0.00015461
2020-09-01T00:00:00Z,1598918400000,0.00010000
2020-09-01T08:00:00Z,1598947200000,0.00022961
2020-09-01T16:00:00Z,1598976000000,0.00046860
2020-09-02T00:00:00Z,1599004800000,0.00032895
2020-09-02T08:00:00Z,1599033600006,0.00035074
2020-09-02T16:00:00Z,1599062400000,0.00045038
2020-09-03T00:00:00Z,1599091200001,0.00021394
2020-09-03T08:00:00Z,1599120000004,0.00016828
2020-09-03T16:00:00Z,1599148800000,0.00024709
2020-09-04T00:00:00Z,1599177600005,0.00010000
2020-09-04T08:00:00Z,1599206400000,0.00010000
2020-09-04T16:00:00Z,1599235200006,0.00010000
2020-09-05T00:00:00Z,1599264000000,0.00010000
2020-09-05T08:00:00Z,1599292800004,0.00010000
2020-09-05T16:00:00Z,1599321600001,0.00010000
2020-09-06T00:00:00Z,1599350400004,0.00010000
2020-09-06T08:00:00Z,1599379200000,0.00010000
2020-09-06T16:00:00Z,1599408000000,0.00010000
2020-09-07T00:00:00Z,1599436800002,0.00010000
2020-09-07T08:00:00Z,1599465600004,0.00010000
2020-09-07T16:00:00Z,1599494400001,0.00010000
2020-09-08T00:00:00Z,1599523200007,0.00010000
2020-09-08T08:00:00Z,1599552000006,0.00010000
2020-09-08T16:00:00Z,1599580800014,0.00010000
2020-09-09T00:00:00Z,1599609600000,0.00010000
2020-09-09T08:00:00Z,1599638400000,0.00010000
2020-09-09T16:00:00Z,1599667200000,0.00010000
2020-09-10T00:00:00Z,1599696000000,0.00010000
2020-09-10T08:00:00Z,1599724800005,0.00010000
2020-09-10T16:00:00Z,1599753600000,0.00010000
2020-09-11T00:00:00Z,1599782400000,0.00010000
2020-09-11T08:00:00Z,1599811200008,0.00010000
2020-09-11T16:00:00Z,1599840000000,0.00010000
2020-09-12T00:00:00Z,1599868800008,0.00010000
2020-09-12T08:00:00Z,1599897600000,0.00010000
2020-09-12T16:00:00Z,1599926400008,0.00010000
2020-09-13T00:00:00Z,1599955200000,0.00010000
2020-09-13T08:00:00Z,1599984000000,0.00010000
2020-09-13T16:00:00Z,1600012800004,0.00010000
2020-09-14T00:00:00Z,1600041600003,0.00010000
2020-09-14T08:00:00Z,1600070400008,0.00010000
2020-09-14T16:00:00Z,1600099200000,0.00000868
2020-09-15T00:00:00Z,1600128000000,-0.00022270
2020-09-15T08:00:00Z,1600156800010,-0.00002796
2020-09-15T16:00:00Z,1600185600003,-0.00005156
2020-09-16T00:00:00Z,1600214400014,-0.00011181
2020-09-16T08:00:00Z,1600243200000,-0.00001488
2020-09-16T16:00:00Z,1600272000001,-0.00003198
2020-09-17T00:00:00Z,1600300800006,-0.00000563
2020-09-17T08:00:00Z,1600329600012,0.00002957
2020-09-17T16:00:00Z,1600358400000,0.00000098
2020-09-18T00:00:00Z,1600387200001,0.00009425
2020-09-18T08:00:00Z,1600416000002,0.00005579
2020-09-18T16:00:00Z,1600444800002,0.00004967
2020-09-19T00:00:00Z,1600473600000,-0.00011550
2020-09-19T08:00:00Z,1600502400005,-0.00010980
2020-09-19T16:00:00Z,1600531200008,-0.00005749
2020-09-20T00:00:00Z,1600560000002,-0.00006476
2020-09-20T08:00:00Z,1600588800005,-0.00011198
2020-09-20T16:00:00Z,1600617600005,-0.00006625
2020-09-21T00:00:00Z,1600646400000,-0.00007506
2020-09-21T08:00:00Z,1600675200001,-0.00012071
2020-09-21T16:00:00Z,1600704000000,0.00010000
2020-09-22T00:00:00Z,1600732800001,0.00010000
2020-09-22T08:00:00Z,1600761600000,0.00010000
2020-09-22T16:00:00Z,1600790400004,0.00010000
2020-09-23T00:00:00Z,1600819200007,0.00004321
2020-09-23T08:00:00Z,1600848000001,-0.00002604
2020-09-23T16:00:00Z,1600876800001,-0.00005506
2020-09-24T00:00:00Z,1600905600000,0.00003817
2020-09-24T08:00:00Z,1600934400000,0.00006991
2020-09-24T16:00:00Z,1600963200000,0.00001182
2020-09-25T00:00:00Z,1600992000009,-0.00023219
2020-09-25T08:00:00Z,1601020800045,0.00002542
2020-09-25T16:00:00Z,1601049600000,0.00010000
2020-09-26T00:00:00Z,1601078400000,0.00010000
2020-09-26T08:00:00Z,1601107200000,0.00010000
2020-09-26T16:00:00Z,1601136000005,0.00010000
2020-09-27T00:00:00Z,1601164800000,0.00010000
2020-09-27T08:00:00Z,1601193600000,0.00010000
2020-09-27T16:00:00Z,1601222400019,0.00010000
2020-09-28T00:00:00Z,1601251200001,0.00010000
2020-09-28T08:00:00Z,1601280000000,0.00010000
2020-09-28T16:00:00Z,1601308800002,0.00010000
2020-09-29T00:00:00Z,1601337600000,0.00010000
2020-09-29T08:00:00Z,1601366400000,0.00010000
2020-09-29T16:00:00Z,1601395200000,0.00010000
2020-09-30T00:00:00Z,1601424000005,0.00010000
2020-09-30T08:00:00Z,1601452800000,0.00010000
2020-09-30T16:00:00Z,1601481600000,0.00010000
2020-10-01T00:00:00Z,1601510400000,0.00007412
2020-10-01T08:00:00Z,1601539200000,0.00010000
2020-10-01T16:00:00Z,1601568000000,0.00010000
2020-10-02T00:00:00Z,1601596800011,-0.00000263
2020-10-02T08:00:00Z,1601625600000,-0.00001652
2020-10-02T16:00:00Z,1601654400005,0.00010000
2020-10-03T00:00:00Z,1601683200000,0.00010000
2020-10-03T08:00:00Z,1601712000001,0.00010000
2020-10-03T16:00:00Z,1601740800000,0.00009749
2020-10-04T00:00:00Z,1601769600000,-0.00002144
2020-10-04T08:00:00Z,1601798400003,0.00005039
2020-10-04T16:00:00Z,1601827200001,-0.00000756
2020-10-05T00:00:00Z,1601856000000,-0.00003381
2020-10-05T08:00:00Z,1601884800000,-0.00009143
2020-10-05T16:00:00Z,1601913600012,-0.00006912
2020-10-06T00:00:00Z,1601942400000,-0.00000126
2020-10-06T08:00:00Z,1601971200005,-0.00008313
2020-10-06T16:00:00Z,1602000000000,0.00006937
2020-10-07T00:00:00Z,1602028800000,0.00000511
2020-10-07T08:00:00Z,1602057600000,-0.00000858
2020-10-07T16:00:00Z,1602086400000,0.00001553
2020-10-08T00:00:00Z,1602115200000,0.00002693
2020-10-08T08:00:00Z,1602144000009,0.00003248
2020-10-08T16:00:00Z,1602172800003,0.00008856
2020-10-09T00:00:00Z,1602201600001,0.00006128
2020-10-09T08:00:00Z,1602230400000,0.00010000
2020-10-09T16:00:00Z,1602259200004,0.00010000
2020-10-10T00:00:00Z,1602288000005,0.00010000
2020-10-10T08:00:00Z,1602316800000,0.00010000
2020-10-10T16:00:00Z,1602345600011,0.00010000
2020-10-11T00:00:00Z,1602374400002,0.00010000
2020-10-11T08:00:00Z,1602403200003,0.00010000
2020-10-11T16:00:00Z,1602432000004,0.00010000
2020-10-12T00:00:00Z,1602460800001,0.00010000
2020-10-12T08:00:00Z,1602489600000,0.00010000
2020-10-12T16:00:00Z,1602518400011,0.00010000
2020-10-13T00:00:00Z,1602547200003,0.00010000
2020-10-13T08:00:00Z,1602576000000,0.00010000
2020-10-13T16:00:00Z,1602604800001,0.00010000
2020-10-14T00:00:00Z,1602633600001,0.00010000
2020-10-14T08:00:00Z,1602662400000,0.00010000
2020-10-14T16:00:00Z,1602691200001,0.00010000
2020-10-15T00:00:00Z,1602720000000,0.00010000
2020-10-15T08:00:00Z,1602748800000,0.00010000
2020-10-15T16:00:00Z,1602777600000,0.00010000
2020-10-16T00:00:00Z,1602806400002,0.00010000
2020-10-16T08:00:00Z,1602835200003,0.00010000
2020-10-16T16:00:00Z,1602864000000,0.00010000
2020-10-17T00:00:00Z,1602892800006,0.00010000
2020-10-17T08:00:00Z,1602921600007,0.00010000
2020-10-17T16:00:00Z,1602950400009,0.00010000
2020-10-18T00:00:00Z,1602979200006,0.00010000
2020-10-18T08:00:00Z,1603008000000,0.00010000
2020-10-18T16:00:00Z,1603036800000,0.00010000
2020-10-19T00:00:00Z,1603065600000,0.00010000
2020-10-19T08:00:00Z,1603094400000,0.00010000
2020-10-19T16:00:00Z,1603123200000,0.00010000
2020-10-20T00:00:00Z,1603152000015,0.00010000
2020-10-20T08:00:00Z,1603180800000,0.00010000
2020-10-20T16:00:00Z,1603209600008,0.00003742
2020-10-21T00:00:00Z,1603238400009,0.00002291
2020-10-21T08:00:00Z,1603267200004,0.00007487
2020-10-21T16:00:00Z,1603296000000,0.00010000
2020-10-22T00:00:00Z,1603324800000,0.00010000
2020-10-22T08:00:00Z,1603353600000,0.00010000
2020-10-22T16:00:00Z,1603382400004,0.00010000
2020-10-23T00:00:00Z,1603411200007,0.00010000
2020-10-23T08:00:00Z,1603440000000,0.00010000
2020-10-23T16:00:00Z,1603468800000,0.00010000
2020-10-24T00:00:00Z,1603497600000,0.00010000
2020-10-24T08:00:00Z,1603526400000,0.00010000
2020-10-24T16:00:00Z,1603555200008,0.00010000
2020-10-25T00:00:00Z,1603584000005,0.00010000
2020-10-25T08:00:00Z,1603612800014,0.00010000
2020-10-25T16:00:00Z,1603641600000,0.00010000
2020-10-26T00:00:00Z,1603670400004,0.00010000
2020-10-26T08:00:00Z,1603699200000,0.00010000
2020-10-26T16:00:00Z,1603728000000,0.00010000
2020-10-27T00:00:00Z,1603756800000,0.00009274
2020-10-27T08:00:00Z,1603785600000,0.00006127
2020-10-27T16:00:00Z,1603814400000,0.00010000
2020-10-28T00:00:00Z,1603843200000,0.00003725
2020-10-28T08:00:00Z,1603872000006,0.00010000
2020-10-28T16:00:00Z,1603900800001,0.00010000
2020-10-29T00:00:00Z,1603929600000,-0.00026006
2020-10-29T08:00:00Z,1603958400000,-0.00008052
2020-10-29T16:00:00Z,1603987200000,-0.00003189
2020-10-30T00:00:00Z,1604016000000,-0.00015268
2020-10-30T08:00:00Z,1604044800002,-0.00000968
2020-10-30T16:00:00Z,1604073600002,-0.00013414
2020-10-31T00:00:00Z,1604102400003,-0.00024694
2020-10-31T08:00:00Z,1604131200000,-0.00016865
2020-10-31T16:00:00Z,1604160000000,0.00009204
2020-11-01T00:00:00Z,1604188800000,-0.00006386
2020-11-01T08:00:00Z,1604217600000,-0.00004096
2020-11-01T16:00:00Z,1604246400000,-0.00005043
2020-11-02T00:00:00Z,1604275200000,0.00007881
2020-11-02T08:00:00Z,1604304000010,-0.00003275
2020-11-02T16:00:00Z,1604332800000,0.00008717
2020-11-03T00:00:00Z,1604361600000,-0.00017064
2020-11-03T08:00:00Z,1604390400004,-0.00000467
2020-11-03T16:00:00Z,1604419200009,-0.00008581
2020-11-04T00:00:00Z,1604448000000,-0.00007816
2020-11-04T08:00:00Z,1604476800000,-0.00002648
2020-11-04T16:00:00Z,1604505600005,-0.00023791
2020-11-05T00:00:00Z,1604534400017,0.00010000
2020-11-05T08:00:00Z,1604563200001,0.00010000
2020-11-05T16:00:00Z,1604592000000,0.00010000
2020-11-06T00:00:00Z,1604620800000,0.00010000
2020-11-06T08:00:00Z,1604649600001,0.00023315
2020-11-06T16:00:00Z,1604678400001,0.00034290
2020-11-07T00:00:00Z,1604707200001,0.00024948
2020-11-07T08:00:00Z,1604736000000,0.00037914
2020-11-07T16:00:00Z,1604764800006,0.00035890
2020-11-08T00:00:00Z,1604793600000,0.00010000
2020-11-08T08:00:00Z,1604822400000,0.00010000
2020-11-08T16:00:00Z,1604851200000,0.00010000
2020-11-09T00:00:00Z,1604880000007,0.00010000
2020-11-09T08:00:00Z,1604908800001,0.00010000
2020-11-09T16:00:00Z,1604937600002,0.00010000
2020-11-10T00:00:00Z,1604966400003,0.00010000
2020-11-10T08:00:00Z,1604995200011,0.00010000
2020-11-10T16:00:00Z,1605024000000,0.00010000
2020-11-11T00:00:00Z,1605052800000,0.00010000
2020-11-11T08:00:00Z,1605081600009,0.00010000
2020-11-11T16:00:00Z,1605110400003,0.00010000
2020-11-12T00:00:00Z,1605139200001,0.00010000
2020-11-12T08:00:00Z,1605168000001,0.00010000
2020-11-12T16:00:00Z,1605196800000,0.00010000
2020-11-13T00:00:00Z,1605225600000,0.00010000
2020-11-13T08:00:00Z,1605254400000,0.00010000
2020-11-13T16:00:00Z,1605283200000,0.00010000
2020-11-14T00:00:00Z,1605312000005,0.00010000
2020-11-14T08:00:00Z,1605340800004,0.00010000
2020-11-14T16:00:00Z,1605369600001,0.00004277
2020-11-15T00:00:00Z,1605398400001,0.00010000
2020-11-15T08:00:00Z,1605427200000,0.00010000
2020-11-15T16:00:00Z,1605456000003,0.00010000
2020-11-16T00:00:00Z,1605484800000,0.00010000
2020-11-16T08:00:00Z,1605513600010,0.00010000
2020-11-16T16:00:00Z,1605542400001,0.00010000
2020-11-17T00:00:00Z,1605571200002,0.00010000
2020-11-17T08:00:00Z,1605600000003,0.00010000
2020-11-17T16:00:00Z,1605628800003,0.00010000
2020-11-18T00:00:00Z,1605657600005,0.00021138
2020-11-18T08:00:00Z,1605686400006,0.00057572
2020-11-18T16:00:00Z,1605715200000,0.00021486
2020-11-19T00:00:00Z,1605744000008,0.00010000
2020-11-19T08:00:00Z,1605772800000,0.00025015
2020-11-19T16:00:00Z,1605801600001,0.00052207
2020-11-20T00:00:00Z,1605830400003,0.00036650
2020-11-20T08:00:00Z,1605859200005,0.00039647
2020-11-20T16:00:00Z,1605888000000,0.00038617
2020-11-21T00:00:00Z,1605916800000,0.00010000
2020-11-21T08:00:00Z,1605945600000,0.00010000
2020-11-21T16:00:00Z,1605974400001,0.00059438
2020-11-22T00:00:00Z,1606003200005,0.00080363
2020-11-22T08:00:00Z,1606032000000,0.00086985
2020-11-22T16:00:00Z,1606060800000,0.00066537
2020-11-23T00:00:00Z,1606089600005,0.00101151
2020-11-23T08:00:00Z,1606118400000,0.00076207
2020-11-23T16:00:00Z,1606147200003,0.00108391
2020-11-24T00:00:00Z,1606176000000,0.00050801
2020-11-24T08:00:00Z,1606204800000,0.00060366
2020-11-24T16:00:00Z,1606233600005,0.00081176
2020-11-25T00:00:00Z,1606262400005,0.00084235
2020-11-25T08:00:00Z,1606291200005,0.00038079
2020-11-25T16:00:00Z,1606320000015,0.00075292
2020-11-26T00:00:00Z,1606348800012,0.00035414
2020-11-26T08:00:00Z,1606377600002,0.00013130
2020-11-26T16:00:00Z,1606406400001,0.00028796
2020-11-27T00:00:00Z,1606435200001,0.00010773
2020-11-27T08:00:00Z,1606464000000,0.00010000
2020-11-27T16:00:00Z,1606492800007,0.00010000
2020-11-28T00:00:00Z,1606521600007,0.00010000
2020-11-28T08:00:00Z,1606550400012,0.00010000
2020-11-28T16:00:00Z,1606579200000,0.00010000
2020-11-29T00:00:00Z,1606608000007,0.00010000
2020-11-29T08:00:00Z,1606636800000,0.00010000
2020-11-29T16:00:00Z,1606665600000,0.00010000
2020-11-30T00:00:00Z,1606694400004,0.00010000
2020-11-30T08:00:00Z,1606723200007,0.00010000
2020-11-30T16:00:00Z,1606752000000,0.00029481
2020-12-01T00:00:00Z,1606780800000,0.00045929
2020-12-01T08:00:00Z,1606809600003,0.00043287
2020-12-01T16:00:00Z,1606838400000,0.00011546
2020-12-02T00:00:00Z,1606867200001,0.00010000
2020-12-02T08:00:00Z,1606896000011,0.00010000
2020-12-02T16:00:00Z,1606924800005,0.00010000
2020-12-03T00:00:00Z,1606953600001,0.00010000
2020-12-03T08:00:00Z,1606982400031,0.00010000
2020-12-03T16:00:00Z,1607011200000,0.00025455
2020-12-04T00:00:00Z,1607040000006,0.00012703
2020-12-04T08:00:00Z,1607068800009,0.00010000
2020-12-04T16:00:00Z,1607097600000,0.00010000
2020-12-05T00:00:00Z,1607126400000,0.00010000
2020-12-05T08:00:00Z,1607155200000,0.00010000
2020-12-05T16:00:00Z,1607184000000,0.00010000
2020-12-06T00:00:00Z,1607212800004,0.00010000
2020-12-06T08:00:00Z,1607241600000,0.00010000
2020-12-06T16:00:00Z,1607270400001,0.00010000
2020-12-07T00:00:00Z,1607299200000,0.00010000
2020-12-07T08:00:00Z,1607328000008,0.00010000
2020-12-07T16:00:00Z,1607356800000,0.00010000
2020-12-08T00:00:00Z,1607385600003,0.00010000
2020-12-08T08:00:00Z,1607414400003,0.00010000
2020-12-08T16:00:00Z,1607443200033,0.00010000
2020-12-09T00:00:00Z,1607472000000,0.00010000
2020-12-09T08:00:00Z,1607500800010,0.00010000
2020-12-09T16:00:00Z,1607529600000,0.00010000
2020-12-10T00:00:00Z,1607558400000,0.00010000
2020-12-10T08:00:00Z,1607587200000,0.00010000
2020-12-10T16:00:00Z,1607616000007,0.00010000
2020-12-11T00:00:00Z,1607644800000,0.00010000
2020-12-11T08:00:00Z,1607673600016,0.00010000
2020-12-11T16:00:00Z,1607702400010,0.00010000
2020-12-12T00:00:00Z,1607731200009,0.00010000
2020-12-12T08:00:00Z,1607760000002,-0.00002135
2020-12-12T16:00:00Z,1607788800000,0.00004314
2020-12-13T00:00:00Z,1607817600007,0.00010000
2020-12-13T08:00:00Z,1607846400000,0.00010000
2020-12-13T16:00:00Z,1607875200000,0.00010000
2020-12-14T00:00:00Z,1607904000000,0.00010000
2020-12-14T08:00:00Z,1607932800000,0.00010000
2020-12-14T16:00:00Z,1607961600000,0.00010000
2020-12-15T00:00:00Z,1607990400006,0.00010000
2020-12-15T08:00:00Z,1608019200001,0.00010000
2020-12-15T16:00:00Z,1608048000000,0.00010000
2020-12-16T00:00:00Z,1608076800001,0.00010000
2020-12-16T08:00:00Z,1608105600000,0.00010000
2020-12-16T16:00:00Z,1608134400000,0.00046054
2020-12-17T00:00:00Z,1608163200000,0.00010000
2020-12-17T08:00:00Z,1608192000000,0.00021355
2020-12-17T16:00:00Z,1608220800011,0.00054618
2020-12-18T00:00:00Z,1608249600000,0.00028532
2020-12-18T08:00:00Z,1608278400000,0.00053548
2020-12-18T16:00:00Z,1608307200000,0.00045032
2020-12-19T00:00:00Z,1608336000000,0.00010000
2020-12-19T08:00:00Z,1608364800018,0.00038032
2020-12-19T16:00:00Z,1608393600000,0.00070544
2020-12-20T00:00:00Z,1608422400001,0.00078228
2020-12-20T08:00:00Z,1608451200011,0.00037486
2020-12-20T16:00:00Z,1608480000023,0.00038896
2020-12-21T00:00:00Z,1608508800011,0.00041795
2020-12-21T08:00:00Z,1608537600000,0.00030249
2020-12-21T16:00:00Z,1608566400000,0.00023741
2020-12-22T00:00:00Z,1608595200001,0.00010000
2020-12-22T08:00:00Z,1608624000006,0.00010000
2020-12-22T16:00:00Z,1608652800000,0.00019956
2020-12-23T00:00:00Z,1608681600000,0.00011310
2020-12-23T08:00:00Z,1608710400000,0.00010000
2020-12-23T16:00:00Z,1608739200000,0.00010214
2020-12-24T00:00:00Z,1608768000012,0.00010000
2020-12-24T08:00:00Z,1608796800009,0.00010000
2020-12-24T16:00:00Z,1608825600001,0.00027216
2020-12-25T00:00:00Z,1608854400000,0.00018528
2020-12-25T08:00:00Z,1608883200000,0.00010000
2020-12-25T16:00:00Z,1608912000000,0.00034905
2020-12-26T00:00:00Z,1608940800009,0.00010000
2020-12-26T08:00:00Z,1608969600001,0.00016965
2020-12-26T16:00:00Z,1608998400006,0.00010000
2020-12-27T00:00:00Z,1609027200000,0.00019940
2020-12-27T08:00:00Z,1609056000000,0.00025468
2020-12-27T16:00:00Z,1609084800001,0.00071164
2020-12-28T00:00:00Z,1609113600015,0.00043463
2020-12-28T08:00:00Z,1609142400019,0.00036133
2020-12-28T16:00:00Z,1609171200000,0.00071278
2020-12-29T00:00:00Z,1609200000004,0.00037693
2020-12-29T08:00:00Z,1609228800003,0.00048930
2020-12-29T16:00:00Z,1609257600000,0.00039914
2020-12-30T00:00:00Z,1609286400001,0.00048979
2020-12-30T08:00:00Z,1609315200001,0.00076836
2020-12-30T16:00:00Z,1609344000012,0.00062880
2020-12-31T00:00:00Z,1609372800009,0.00053292
2020-12-31T08:00:00Z,1609401600000,0.00060345
2020-12-31T16:00:00Z,1609430400010,0.00036744
2021-01-01T00:00:00Z,1609459200002,0.00022753
2021-01-01T08:00:00Z,1609488000006,0.00026336
2021-01-01T16:00:00Z,1609516800003,0.00034457
2021-01-02T00:00:00Z,1609545600000,0.00010000
2021-01-02T08:00:00Z,1609574400000,0.00020151
2021-01-02T16:00:00Z,1609603200006,0.00115471
2021-01-03T00:00:00Z,1609632000018,0.00124058
2021-01-03T08:00:00Z,1609660800000,0.00114744
2021-01-03T16:00:00Z,1609689600002,0.00155006
2021-01-04T00:00:00Z,1609718400000,0.00164126
2021-01-04T08:00:00Z,1609747200000,0.00236482
2021-01-04T16:00:00Z,1609776000000,0.00056137
2021-01-05T00:00:00Z,1609804800020,0.00088338
2021-01-05T08:00:00Z,1609833600003,0.00047166
2021-01-05T16:00:00Z,1609862400003,0.00062904
2021-01-06T00:00:00Z,1609891200010,0.00127193
2021-01-06T08:00:00Z,1609920000003,0.00210008
2021-01-06T16:00:00Z,1609948800000,0.00149253
2021-01-07T00:00:00Z,1609977600007,0.00100316
2021-01-07T08:00:00Z,1610006400000,0.00142744
2021-01-07T16:00:00Z,1610035200004,0.00099841
2021-01-08T00:00:00Z,1610064000000,0.00213517
2021-01-08T08:00:00Z,1610092800000,0.00092044
2021-01-08T16:00:00Z,1610121600000,0.00131892
2021-01-09T00:00:00Z,1610150400009,0.00062954
2021-01-09T08:00:00Z,1610179200004,0.00066918
2021-01-09T16:00:00Z,1610208000000,0.00146942
2021-01-10T00:00:00Z,1610236800000,0.00145604
2021-01-10T08:00:00Z,1610265600005,0.00120632
2021-01-10T16:00:00Z,1610294400000,0.00052988
2021-01-11T00:00:00Z,1610323200000,0.00086486
2021-01-11T08:00:00Z,1610352000012,0.00081553
2021-01-11T16:00:00Z,1610380800000,0.00053444
2021-01-12T00:00:00Z,1610409600000,0.00033526
2021-01-12T08:00:00Z,1610438400000,0.00050855
2021-01-12T16:00:00Z,1610467200008,0.00054945
2021-01-13T00:00:00Z,1610496000001,0.00014768
2021-01-13T08:00:00Z,1610524800000,0.00022590
2021-01-13T16:00:00Z,1610553600003,0.00070530
2021-01-14T00:00:00Z,1610582400000,0.00078331
2021-01-14T08:00:00Z,1610611200012,0.00072627
2021-01-14T16:00:00Z,1610640000000,0.00068503
2021-01-15T00:00:00Z,1610668800002,0.00055628
2021-01-15T08:00:00Z,1610697600000,0.00064483
2021-01-15T16:00:00Z,1610726400004,0.00118185
2021-01-16T00:00:00Z,1610755200000,0.00010000
2021-01-16T08:00:00Z,1610784000008,0.00032573
2021-01-16T16:00:00Z,1610812800000,0.00068496
2021-01-17T00:00:00Z,1610841600009,0.00033109
2021-01-17T08:00:00Z,1610870400000,0.00030276
2021-01-17T16:00:00Z,1610899200001,0.00010000
2021-01-18T00:00:00Z,1610928000000,0.00055375
2021-01-18T08:00:00Z,1610956800004,0.00049321
2021-01-18T16:00:00Z,1610985600000,0.00103550
2021-01-19T00:00:00Z,1611014400000,0.00061670
2021-01-19T08:00:00Z,1611043200005,0.00140090
2021-01-19T16:00:00Z,1611072000012,0.00158467
2021-01-20T00:00:00Z,1611100800012,0.00088178
2021-01-20T08:00:00Z,1611129600001,0.00017967
2021-01-20T16:00:00Z,1611158400001,0.00016482
2021-01-21T00:00:00Z,1611187200000,0.00042078
2021-01-21T08:00:00Z,1611216000000,0.00048357
2021-01-21T16:00:00Z,1611244800004,0.00026589
2021-01-22T00:00:00Z,1611273600012,0.00010000
2021-01-22T08:00:00Z,1611302400003,0.00010000
2021-01-22T16:00:00Z,1611331200001,0.00010000
2021-01-23T00:00:00Z,1611360000000,0.00010000
2021-01-23T08:00:00Z,1611388800002,0.00012182
2021-01-23T16:00:00Z,1611417600000,0.00010000
2021-01-24T00:00:00Z,1611446400001,0.00010000
2021-01-24T08:00:00Z,1611475200011,0.00014368
2021-01-24T16:00:00Z,1611504000005,0.00041388
2021-01-25T00:00:00Z,1611532800007,0.00010000
2021-01-25T08:00:00Z,1611561600012,0.00052253
2021-01-25T16:00:00Z,1611590400000,0.00042414
2021-01-26T00:00:00Z,1611619200007,0.00013506
2021-01-26T08:00:00Z,1611648000000,0.00010000
2021-01-26T16:00:00Z,1611676800000,0.00010000
2021-01-27T00:00:00Z,1611705600000,0.00010000
2021-01-27T08:00:00Z,1611734400011,0.00010000
2021-01-27T16:00:00Z,1611763200003,0.00010000
2021-01-28T00:00:00Z,1611792000000,0.00010000
2021-01-28T08:00:00Z,1611820800000,0.00010000
2021-01-28T16:00:00Z,1611849600000,0.00022262
2021-01-29T00:00:00Z,1611878400009,0.00010000
2021-01-29T08:00:00Z,1611907200000,0.00064803
2021-01-29T16:00:00Z,1611936000000,0.00166789
2021-01-30T00:00:00Z,1611964800000,0.00039208
2021-01-30T08:00:00Z,1611993600000,0.00033200
2021-01-30T16:00:00Z,1612022400000,0.00052428
2021-01-31T00:00:00Z,1612051200009,0.00054944
2021-01-31T08:00:00Z,1612080000000,0.00046117
2021-01-31T16:00:00Z,1612108800000,0.00044234
2021-02-01T00:00:00Z,1612137600001,0.00013932
2021-02-01T08:00:00Z,1612166400014,0.00037561
2021-02-01T16:00:00Z,1612195200000,0.00066848
2021-02-02T00:00:00Z,1612224000000,0.00036787
2021-02-02T08:00:00Z,1612252800006,0.00044278
2021-02-02T16:00:00Z,1612281600000,0.00122181
2021-02-03T00:00:00Z,1612310400009,0.00077297
2021-02-03T08:00:00Z,1612339200006,0.00080805
2021-02-03T16:00:00Z,1612368000006,0.00075287
2021-02-04T00:00:00Z,1612396800005,0.00029063
2021-02-04T08:00:00Z,1612425600000,0.00074286
2021-02-04T16:00:00Z,1612454400011,0.00061936
2021-02-05T00:00:00Z,1612483200009,0.00056635
2021-02-05T08:00:00Z,1612512000004,0.00074838
2021-02-05T16:00:00Z,1612540800000,0.00099154
2021-02-06T00:00:00Z,1612569600008,0.00034782
2021-02-06T08:00:00Z,1612598400009,0.00069827
2021-02-06T16:00:00Z,1612627200000,0.00102371
2021-02-07T00:00:00Z,1612656000000,0.00155546
2021-02-07T08:00:00Z,1612684800005,0.00065121
2021-02-07T16:00:00Z,1612713600001,0.00106206
2021-02-08T00:00:00Z,1612742400000,0.00059267
2021-02-08T08:00:00Z,1612771200001,0.00057887
2021-02-08T16:00:00Z,1612800000000,0.00248993
2021-02-09T00:00:00Z,1612828800010,0.00131125
2021-02-09T08:00:00Z,1612857600006,0.00186573
2021-02-09T16:00:00Z,1612886400007,0.00161159
2021-02-10T00:00:00Z,1612915200009,0.00124313
2021-02-10T08:00:00Z,1612944000014,0.00175350
2021-02-10T16:00:00Z,1612972800005,0.00112397
2021-02-11T00:00:00Z,1613001600000,0.00076742
2021-02-11T08:00:00Z,1613030400000,0.00083070
2021-02-11T16:00:00Z,1613059200000,0.00174110
2021-02-12T00:00:00Z,1613088000000,0.00128772
2021-02-12T08:00:00Z,1613116800000,0.00125630
2021-02-12T16:00:00Z,1613145600000,0.00105533
2021-02-13T00:00:00Z,1613174400001,0.00139999
2021-02-13T08:00:00Z,1613203200003,0.00141609
2021-02-13T16:00:00Z,1613232000000,0.00075946
2021-02-14T00:00:00Z,1613260800013,0.00085048
2021-02-14T08:00:00Z,1613289600000,0.00146185
2021-02-14T16:00:00Z,1613318400008,0.00149489
2021-02-15T00:00:00Z,1613347200000,0.00117860
2021-02-15T08:00:00Z,1613376000006,0.00040617
2021-02-15T16:00:00Z,1613404800000,0.00068133
2021-02-16T00:00:00Z,1613433600001,0.00099600
2021-02-16T08:00:00Z,1613462400000,0.00123546
2021-02-16T16:00:00Z,1613491200010,0.00141818
2021-02-17T00:00:00Z,1613520000005,0.00104066
2021-02-17T08:00:00Z,1613548800010,0.00093436
2021-02-17T16:00:00Z,1613577600008,0.00147112
2021-02-18T00:00:00Z,1613606400012,0.00132249
2021-02-18T08:00:00Z,1613635200000,0.00154303
2021-02-18T16:00:00Z,1613664000009,0.00125842
2021-02-19T00:00:00Z,1613692800010,0.00091255
2021-02-19T08:00:00Z,1613721600002,0.00084526
2021-02-19T16:00:00Z,1613750400008,0.00128791
2021-02-20T00:00:00Z,1613779200000,0.00156318
2021-02-20T08:00:00Z,1613808000009,0.00116465
2021-02-20T16:00:00Z,1613836800000,0.00122535
2021-02-21T00:00:00Z,1613865600007,0.00100357
2021-02-21T08:00:00Z,1613894400012,0.00099022
2021-02-21T16:00:00Z,1613923200001,0.00125820
2021-02-22T00:00:00Z,1613952000006,0.00117049
2021-02-22T08:00:00Z,1613980800002,0.00091782
2021-02-22T16:00:00Z,1614009600000,0.00077864
2021-02-23T00:00:00Z,1614038400000,0.00024947
2021-02-23T08:00:00Z,1614067200006,0.00029620
2021-02-23T16:00:00Z,1614096000000,0.00013281
2021-02-24T00:00:00Z,1614124800012,0.00010000
2021-02-24T08:00:00Z,1614153600016,0.00051791
2021-02-24T16:00:00Z,1614182400011,0.00037289
2021-02-25T00:00:00Z,1614211200007,0.00017706
2021-02-25T08:00:00Z,1614240000000,0.00018247
2021-02-25T16:00:00Z,1614268800010,0.00034053
2021-02-26T00:00:00Z,1614297600000,0.00010000
2021-02-26T08:00:00Z,1614326400025,0.00010000
2021-02-26T16:00:00Z,1614355200010,0.00010000
2021-02-27T00:00:00Z,1614384000001,0.00030164
2021-02-27T08:00:00Z,1614412800000,0.00044570
2021-02-27T16:00:00Z,1614441600000,0.00010038
2021-02-28T00:00:00Z,1614470400021,0.00010000
2021-02-28T08:00:00Z,1614499200009,0.00010000
2021-02-28T16:00:00Z,1614528000000,0.00037706
2021-03-01T00:00:00Z,1614556800000,0.00016921
2021-03-01T08:00:00Z,1614585600003,0.00010000
2021-03-01T16:00:00Z,1614614400001,0.00010000
2021-03-02T00:00:00Z,1614643200000,0.00010000
2021-03-02T08:00:00Z,1614672000000,0.00010000
2021-03-02T16:00:00Z,1614700800004,0.00010000
2021-03-03T00:00:00Z,1614729600000,0.00010000
2021-03-03T08:00:00Z,1614758400016,0.00010000
2021-03-03T16:00:00Z,1614787200000,0.00045078
2021-03-04T00:00:00Z,1614816000000,0.00010000
2021-03-04T08:00:00Z,1614844800015,0.00010000
2021-03-04T16:00:00Z,1614873600001,0.00010000
2021-03-05T00:00:00Z,1614902400000,0.00010000
2021-03-05T08:00:00Z,1614931200002,0.00010000
2021-03-05T16:00:00Z,1614960000008,0.00010000
2021-03-06T00:00:00Z,1614988800000,0.00010000
2021-03-06T08:00:00Z,1615017600000,0.00010000
2021-03-06T16:00:00Z,1615046400000,0.00010000
2021-03-07T00:00:00Z,1615075200006,0.00010000
2021-03-07T08:00:00Z,1615104000005,0.00010000
2021-03-07T16:00:00Z,1615132800008,0.00017606
2021-03-08T00:00:00Z,1615161600000,0.00010000
2021-03-08T08:00:00Z,1615190400000,0.00010000
2021-03-08T16:00:00Z,1615219200006,0.00024757
2021-03-09T00:00:00Z,1615248000000,0.00072419
2021-03-09T08:00:00Z,1615276800000,0.00041976
2021-03-09T16:00:00Z,1615305600000,0.00057038
2021-03-10T00:00:00Z,1615334400009,0.00024344
2021-03-10T08:00:00Z,1615363200006,0.00048586
2021-03-10T16:00:00Z,1615392000008,0.00056915
2021-03-11T00:00:00Z,1615420800000,0.00095931
2021-03-11T08:00:00Z,1615449600000,0.00099305
2021-03-11T16:00:00Z,1615478400014,0.00085439
2021-03-12T00:00:00Z,1615507200002,0.00102002
2021-03-12T08:00:00Z,1615536000005,0.00067147
2021-03-12T16:00:00Z,1615564800011,0.00051199
2021-03-13T00:00:00Z,1615593600000,0.00047834
2021-03-13T08:00:00Z,1615622400002,0.00060567
2021-03-13T16:00:00Z,1615651200000,0.00057114
2021-03-14T00:00:00Z,1615680000011,0.00081828
2021-03-14T08:00:00Z,1615708800000,0.00084593
2021-03-14T16:00:00Z,1615737600000,0.00115069
2021-03-15T00:00:00Z,1615766400012,0.00082010
2021-03-15T08:00:00Z,1615795200016,0.00105210
2021-03-15T16:00:00Z,1615824000030,0.00015776
2021-03-16T00:00:00Z,1615852800005,0.00022573
2021-03-16T08:00:00Z,1615881600008,0.00035862
2021-03-16T16:00:00Z,1615910400012,0.00040673
2021-03-17T00:00:00Z,1615939200010,0.00035367
2021-03-17T08:00:00Z,1615968000000,0.00019234
2021-03-17T16:00:00Z,1615996800009,0.00024575
2021-03-18T00:00:00Z,1616025600001,0.00030265
2021-03-18T08:00:00Z,1616054400000,0.00029259
2021-03-18T16:00:00Z,1616083200000,0.00032547
2021-03-19T00:00:00Z,1616112000011,0.00032006
2021-03-19T08:00:00Z,1616140800001,0.00012887
2021-03-19T16:00:00Z,1616169600000,0.00033260
2021-03-20T00:00:00Z,1616198400000,0.00049280
2021-03-20T08:00:00Z,1616227200000,0.00044452
2021-03-20T16:00:00Z,1616256000007,0.00048936
2021-03-21T00:00:00Z,1616284800000,0.00031366
2021-03-21T08:00:00Z,1616313600000,0.00042375
2021-03-21T16:00:00Z,1616342400000,0.00010000
2021-03-22T00:00:00Z,1616371200007,0.00051919
2021-03-22T08:00:00Z,1616400000001,0.00045562
2021-03-22T16:00:00Z,1616428800000,0.00048977
2021-03-23T00:00:00Z,1616457600000,0.00024210
2021-03-23T08:00:00Z,1616486400010,0.00026619
2021-03-23T16:00:00Z,1616515200023,0.00042245
2021-03-24T00:00:00Z,1616544000002,0.00053454
2021-03-24T08:00:00Z,1616572800000,0.00016567
2021-03-24T16:00:00Z,1616601600000,0.00026422
2021-03-25T00:00:00Z,1616630400000,0.00011828
2021-03-25T08:00:00Z,1616659200000,0.00010000
2021-03-25T16:00:00Z,1616688000000,0.00010000
2021-03-26T00:00:00Z,1616716800008,0.00016000
2021-03-26T08:00:00Z,1616745600000,0.00010000
2021-03-26T16:00:00Z,1616774400012,0.00010000
2021-03-27T00:00:00Z,1616803200018,0.00010000
2021-03-27T08:00:00Z,1616832000000,0.00010000
2021-03-27T16:00:00Z,1616860800001,0.00010000
2021-03-28T00:00:00Z,1616889600000,0.00010000
2021-03-28T08:00:00Z,1616918400000,0.00010000
2021-03-28T16:00:00Z,1616947200005,0.00010000
2021-03-29T00:00:00Z,1616976000003,0.00010000
2021-03-29T08:00:00Z,1617004800000,0.00010000
2021-03-29T16:00:00Z,1617033600000,0.00018171
2021-03-30T00:00:00Z,1617062400018,0.00032026
2021-03-30T08:00:00Z,1617091200012,0.00027258
2021-03-30T16:00:00Z,1617120000001,0.00083501
2021-03-31T00:00:00Z,1617148800000,0.00080754
2021-03-31T08:00:00Z,1617177600000,0.00070889
2021-03-31T16:00:00Z,1617206400000,0.00058414
2021-04-01T00:00:00Z,1617235200025,0.00109277
2021-04-01T08:00:00Z,1617264000011,0.00095247
2021-04-01T16:00:00Z,1617292800004,0.00051932
2021-04-02T00:00:00Z,1617321600000,0.00071058
2021-04-02T08:00:00Z,1617350400000,0.00106221
2021-04-02T16:00:00Z,1617379200000,0.00101970
2021-04-03T00:00:00Z,1617408000003,0.00063267
2021-04-03T08:00:00Z,1617436800000,0.00107843
2021-04-03T16:00:00Z,1617465600000,0.00101313
2021-04-04T00:00:00Z,1617494400000,0.00052090
2021-04-04T08:00:00Z,1617523200000,0.00048495
2021-04-04T16:00:00Z,1617552000016,0.00026521
2021-04-05T00:00:00Z,1617580800000,0.00039464
2021-04-05T08:00:00Z,1617609600001,0.00043217
2021-04-05T16:00:00Z,1617638400001,0.00037409
2021-04-06T00:00:00Z,1617667200010,0.00097189
2021-04-06T08:00:00Z,1617696000000,0.00057776
2021-04-06T16:00:00Z,1617724800003,0.00083736
2021-04-07T00:00:00Z,1617753600000,0.00057609
2021-04-07T08:00:00Z,1617782400006,0.00053749
2021-04-07T16:00:00Z,1617811200004,0.00053660
2021-04-08T00:00:00Z,1617840000013,0.00040784
2021-04-08T08:00:00Z,1617868800003,0.00024943
2021-04-08T16:00:00Z,1617897600005,0.00026225
2021-04-09T00:00:00Z,1617926400000,0.00019611
2021-04-09T08:00:00Z,1617955200004,0.00026301
2021-04-09T16:00:00Z,1617984000004,0.00021785
2021-04-10T00:00:00Z,1618012800011,0.00012959
2021-04-10T08:00:00Z,1618041600005,0.00148624
2021-04-10T16:00:00Z,1618070400000,0.00119652
2021-04-11T00:00:00Z,1618099200004,0.00086735
2021-04-11T08:00:00Z,1618128000000,0.00099427
2021-04-11T16:00:00Z,1618156800000,0.00105998
2021-04-12T00:00:00Z,1618185600001,0.00093793
2021-04-12T08:00:00Z,1618214400001,0.00106358
2021-04-12T16:00:00Z,1618243200008,0.00094343
2021-04-13T00:00:00Z,1618272000003,0.00084072
2021-04-13T08:00:00Z,1618300800008,0.00089928
2021-04-13T16:00:00Z,1618329600008,0.00122670
2021-04-14T00:00:00Z,1618358400008,0.00090508
2021-04-14T08:00:00Z,1618387200000,0.00108567
2021-04-14T16:00:00Z,1618416000012,0.00104786
2021-04-15T00:00:00Z,1618444800006,0.00076335
2021-04-15T08:00:00Z,1618473600000,0.00082082
2021-04-15T16:00:00Z,1618502400008,0.00110324
2021-04-16T00:00:00Z,1618531200008,0.00109647
2021-04-16T08:00:00Z,1618560000000,0.00120022
2021-04-16T16:00:00Z,1618588800002,0.00115519
2021-04-17T00:00:00Z,1618617600008,0.00054906
2021-04-17T08:00:00Z,1618646400000,0.00054007
2021-04-17T16:00:00Z,1618675200001,0.00087572
2021-04-18T00:00:00Z,1618704000006,0.00081624
2021-04-18T08:00:00Z,1618732800004,0.00058448
2021-04-18T16:00:00Z,1618761600000,0.00010000
2021-04-19T00:00:00Z,1618790400000,0.00010000
2021-04-19T08:00:00Z,1618819200000,0.00010000
2021-04-19T16:00:00Z,1618848000009,0.00010000
2021-04-20T00:00:00Z,1618876800004,0.00010000
2021-04-20T08:00:00Z,1618905600000,0.00010000
2021-04-20T16:00:00Z,1618934400001,0.00010000
2021-04-21T00:00:00Z,1618963200013,0.00010000
2021-04-21T08:00:00Z,1618992000001,0.00010000
2021-04-21T16:00:00Z,1619020800002,0.00010000
2021-04-22T00:00:00Z,1619049600000,0.00010000
2021-04-22T08:00:00Z,1619078400000,0.00010000
2021-04-22T16:00:00Z,1619107200001,0.00010000
2021-04-23T00:00:00Z,1619136000002,0.00010000
2021-04-23T08:00:00Z,1619164800009,0.00047618
2021-04-23T16:00:00Z,1619193600001,0.00010000
2021-04-24T00:00:00Z,1619222400019,0.00010000
2021-04-24T08:00:00Z,1619251200001,0.00027672
2021-04-24T16:00:00Z,1619280000011,0.00016760
2021-04-25T00:00:00Z,1619308800000,0.00021700
2021-04-25T08:00:00Z,1619337600010,0.00038558
2021-04-25T16:00:00Z,1619366400000,0.00010000
2021-04-26T00:00:00Z,1619395200003,0.00010000
2021-04-26T08:00:00Z,1619424000002,0.00010000
2021-04-26T16:00:00Z,1619452800004,0.00010000
2021-04-27T00:00:00Z,1619481600000,0.00010000
2021-04-27T08:00:00Z,1619510400000,0.00010000
2021-04-27T16:00:00Z,1619539200009,0.00010000
2021-04-28T00:00:00Z,1619568000000,0.00010000
2021-04-28T08:00:00Z,1619596800000,0.00010000
2021-04-28T16:00:00Z,1619625600001,0.00010000
2021-04-29T00:00:00Z,1619654400004,0.00010000
2021-04-29T08:00:00Z,1619683200013,0.00010000
2021-04-29T16:00:00Z,1619712000003,0.00010000
2021-04-30T00:00:00Z,1619740800004,0.00010000
2021-04-30T08:00:00Z,1619769600019,0.00010000
2021-04-30T16:00:00Z,1619798400003,0.00010000
2021-05-01T00:00:00Z,1619827200002,0.00011209
2021-05-01T08:00:00Z,1619856000006,0.00010000
2021-05-01T16:00:00Z,1619884800000,0.00032496
2021-05-02T00:00:00Z,1619913600010,0.00015819
2021-05-02T08:00:00Z,1619942400011,0.00045285
2021-05-02T16:00:00Z,1619971200007,0.00045283
2021-05-03T00:00:00Z,1620000000003,0.00040313
2021-05-03T08:00:00Z,1620028800000,0.00036188
2021-05-03T16:00:00Z,1620057600043,0.00067307
2021-05-04T00:00:00Z,1620086400004,0.00050959
2021-05-04T08:00:00Z,1620115200003,0.00012186
2021-05-04T16:00:00Z,1620144000011,0.00066426
2021-05-05T00:00:00Z,1620172800001,0.00044701
2021-05-05T08:00:00Z,1620201600007,0.00042458
2021-05-05T16:00:00Z,1620230400001,0.00011734
2021-05-06T00:00:00Z,1620259200003,0.00076121
2021-05-06T08:00:00Z,1620288000001,0.00059968
2021-05-06T16:00:00Z,1620316800000,0.00093520
2021-05-07T00:00:00Z,1620345600000,0.00044645
2021-05-07T08:00:00Z,1620374400000,0.00053313
2021-05-07T16:00:00Z,1620403200001,0.00017144
2021-05-08T00:00:00Z,1620432000006,0.00059370
2021-05-08T08:00:00Z,1620460800000,0.00046279
2021-05-08T16:00:00Z,1620489600000,0.00046426
2021-05-09T00:00:00Z,1620518400005,0.00048942
2021-05-09T08:00:00Z,1620547200016,0.00043845
2021-05-09T16:00:00Z,1620576000000,0.00063864
2021-05-10T00:00:00Z,1620604800004,0.00033531
2021-05-10T08:00:00Z,1620633600000,0.00090258
2021-05-10T16:00:00Z,1620662400013,0.00098653
2021-05-11T00:00:00Z,1620691200000,0.00039557
2021-05-11T08:00:00Z,1620720000000,0.00050874
2021-05-11T16:00:00Z,1620748800002,0.00025625
2021-05-12T00:00:00Z,1620777600004,0.00016659
2021-05-12T08:00:00Z,1620806400007,0.00033736
2021-05-12T16:00:00Z,1620835200012,0.00039761
2021-05-13T00:00:00Z,1620864000016,0.00011638
2021-05-13T08:00:00Z,1620892800000,0.00010000
2021-05-13T16:00:00Z,1620921600008,0.00022863
2021-05-14T00:00:00Z,1620950400007,0.00040040
2021-05-14T08:00:00Z,1620979200001,0.00035219
2021-05-14T16:00:00Z,1621008000004,0.00015069
2021-05-15T00:00:00Z,1621036800022,0.00010000
2021-05-15T08:00:00Z,1621065600014,0.00010123
2021-05-15T16:00:00Z,1621094400002,0.00020153
2021-05-16T00:00:00Z,1621123200000,0.00040248
2021-05-16T08:00:00Z,1621152000003,0.00016682
2021-05-16T16:00:00Z,1621180800002,0.00036196
2021-05-17T00:00:00Z,1621209600005,0.00010000
2021-05-17T08:00:00Z,1621238400001,0.00063989
2021-05-17T16:00:00Z,1621267200000,0.00059294
2021-05-18T00:00:00Z,1621296000019,0.00054643
2021-05-18T08:00:00Z,1621324800001,0.00014723
2021-05-18T16:00:00Z,1621353600006,0.00021809
2021-05-19T00:00:00Z,1621382400000,0.00010000
2021-05-19T08:00:00Z,1621411200003,0.00035813
2021-05-19T16:00:00Z,1621440000018,-0.00089697
2021-05-20T00:00:00Z,1621468800005,0.00010000
2021-05-20T08:00:00Z,1621497600000,0.00010000
2021-05-20T16:00:00Z,1621526400005,0.00010000
2021-05-21T00:00:00Z,1621555200000,0.00010000
2021-05-21T08:00:00Z,1621584000000,-0.00001001
2021-05-21T16:00:00Z,1621612800001,0.00007546
2021-05-22T00:00:00Z,1621641600001,-0.00024448
2021-05-22T08:00:00Z,1621670400002,0.00010000
2021-05-22T16:00:00Z,1621699200005,0.00010000
2021-05-23T00:00:00Z,1621728000006,-0.00005011
2021-05-23T08:00:00Z,1621756800004,-0.00001059
2021-05-23T16:00:00Z,1621785600002,0.00004696
2021-05-24T00:00:00Z,1621814400007,-0.00008534
2021-05-24T08:00:00Z,1621843200005,-0.00009905
2021-05-24T16:00:00Z,1621872000005,0.00002089
2021-05-25T00:00:00Z,1621900800000,0.00010000
2021-05-25T08:00:00Z,1621929600014,0.00010000
2021-05-25T16:00:00Z,1621958400000,0.00010000
2021-05-26T00:00:00Z,1621987200022,0.00010000
2021-05-26T08:00:00Z,1622016000018,0.00010000
2021-05-26T16:00:00Z,1622044800004,0.00010000
2021-05-27T00:00:00Z,1622073600000,0.00010000
2021-05-27T08:00:00Z,1622102400017,0.00010000
2021-05-27T16:00:00Z,1622131200000,0.00010000
2021-05-28T00:00:00Z,1622160000005,0.00010000
2021-05-28T08:00:00Z,1622188800009,0.00010000
2021-05-28T16:00:00Z,1622217600000,0.00010000
2021-05-29T00:00:00Z,1622246400006,0.00010000
2021-05-29T08:00:00Z,1622275200000,0.00010000
2021-05-29T16:00:00Z,1622304000000,0.00010375
2021-05-30T00:00:00Z,1622332800003,0.00010000
2021-05-30T08:00:00Z,1622361600004,0.00010000
2021-05-30T16:00:00Z,1622390400018,0.00010000
2021-05-31T00:00:00Z,1622419200002,0.00010000
2021-05-31T08:00:00Z,1622448000000,0.00010000
2021-05-31T16:00:00Z,1622476800000,0.00010000
2021-06-01T00:00:00Z,1622505600001,0.00010000
2021-06-01T08:00:00Z,1622534400010,0.00010000
2021-06-01T16:00:00Z,1622563200010,0.00010000
2021-06-02T00:00:00Z,1622592000008,0.00010000
2021-06-02T08:00:00Z,1622620800000,0.00010000
2021-06-02T16:00:00Z,1622649600007,0.00010000
2021-06-03T00:00:00Z,1622678400019,0.00010000
2021-06-03T08:00:00Z,1622707200002,0.00010000
2021-06-03T16:00:00Z,1622736000003,0.00010000
2021-06-04T00:00:00Z,1622764800003,0.00010000
2021-06-04T08:00:00Z,1622793600006,0.00020566
2021-06-04T16:00:00Z,1622822400002,0.00010000
2021-06-05T00:00:00Z,1622851200000,0.00010000
2021-06-05T08:00:00Z,1622880000004,0.00010000
2021-06-05T16:00:00Z,1622908800020,0.00010000
2021-06-06T00:00:00Z,1622937600000,0.00010000
2021-06-06T08:00:00Z,1622966400004,0.00010000
2021-06-06T16:00:00Z,1622995200000,0.00010000
2021-06-07T00:00:00Z,1623024000007,0.00010000
2021-06-07T08:00:00Z,1623052800007,0.00010000
2021-06-07T16:00:00Z,1623081600003,0.00010000
2021-06-08T00:00:00Z,1623110400000,0.00010000
2021-06-08T08:00:00Z,1623139200000,0.00001015
2021-06-08T16:00:00Z,1623168000002,0.00010000
2021-06-09T00:00:00Z,1623196800009,0.00010000
2021-06-09T08:00:00Z,1623225600002,-0.00005397
2021-06-09T16:00:00Z,1623254400000,-0.00014842
2021-06-10T00:00:00Z,1623283200007,-0.00016793
2021-06-10T08:00:00Z,1623312000003,0.00006027
2021-06-10T16:00:00Z,1623340800000,0.00010000
2021-06-11T00:00:00Z,1623369600010,0.00010000
2021-06-11T08:00:00Z,1623398400007,0.00002612
2021-06-11T16:00:00Z,1623427200006,0.00004776
2021-06-12T00:00:00Z,1623456000005,-0.00007780
2021-06-12T08:00:00Z,1623484800000,0.00010000
2021-06-12T16:00:00Z,1623513600018,-0.00000814
2021-06-13T00:00:00Z,1623542400002,0.00009640
2021-06-13T08:00:00Z,1623571200000,0.00002852
2021-06-13T16:00:00Z,1623600000003,-0.00006559
2021-06-14T00:00:00Z,1623628800000,0.00010000
2021-06-14T08:00:00Z,1623657600015,0.00010000
2021-06-14T16:00:00Z,1623686400000,-0.00003144
2021-06-15T00:00:00Z,1623715200000,0.00008002
2021-06-15T08:00:00Z,1623744000000,0.00010000
2021-06-15T16:00:00Z,1623772800004,0.00010000
2021-06-16T00:00:00Z,1623801600004,0.00010000
2021-06-16T08:00:00Z,1623830400001,0.00010000
2021-06-16T16:00:00Z,1623859200000,0.00010000
2021-06-17T00:00:00Z,1623888000004,0.00010000
2021-06-17T08:00:00Z,1623916800000,0.00010000
2021-06-17T16:00:00Z,1623945600002,0.00010000
2021-06-18T00:00:00Z,1623974400009,0.00005342
2021-06-18T08:00:00Z,1624003200014,0.00000345
2021-06-18T16:00:00Z,1624032000007,0.00010000
2021-06-19T00:00:00Z,1624060800003,-0.00005205
2021-06-19T08:00:00Z,1624089600001,-0.00009441
2021-06-19T16:00:00Z,1624118400000,0.00007475
2021-06-20T00:00:00Z,1624147200005,0.00010000
2021-06-20T08:00:00Z,1624176000000,0.00010000
2021-06-20T16:00:00Z,1624204800002,-0.00018437
2021-06-21T00:00:00Z,1624233600019,-0.00001617
2021-06-21T08:00:00Z,1624262400000,0.00010000
2021-06-21T16:00:00Z,1624291200024,-0.00019854
2021-06-22T00:00:00Z,1624320000008,0.00007947
2021-06-22T08:00:00Z,1624348800009,0.00010000
2021-06-22T16:00:00Z,1624377600001,-0.00032806
2021-06-23T00:00:00Z,1624406400003,0.00000067
2021-06-23T08:00:00Z,1624435200000,-0.00013693
2021-06-23T16:00:00Z,1624464000000,-0.00019895
2021-06-24T00:00:00Z,1624492800009,-0.00007785
2021-06-24T08:00:00Z,1624521600018,0.00010000
2021-06-24T16:00:00Z,1624550400001,-0.00018863
2021-06-25T00:00:00Z,1624579200009,0.00002372
2021-06-25T08:00:00Z,1624608000004,0.00010000
2021-06-25T16:00:00Z,1624636800000,0.00010000
2021-06-26T00:00:00Z,1624665600007,-0.00011029
2021-06-26T08:00:00Z,1624694400000,-0.00013121
2021-06-26T16:00:00Z,1624723200002,-0.00010371
2021-06-27T00:00:00Z,1624752000005,-0.00023578
2021-06-27T08:00:00Z,1624780800010,-0.00052905
2021-06-27T16:00:00Z,1624809600001,-0.00026102
2021-06-28T00:00:00Z,1624838400025,-0.00002914
2021-06-28T08:00:00Z,1624867200017,0.00003312
2021-06-28T16:00:00Z,1624896000007,0.00010000
2021-06-29T00:00:00Z,1624924800008,0.00008346
2021-06-29T08:00:00Z,1624953600000,0.00010000
2021-06-29T16:00:00Z,1624982400000,0.00003883
2021-06-30T00:00:00Z,1625011200011,0.00010000
2021-06-30T08:00:00Z,1625040000044,0.00010000
2021-06-30T16:00:00Z,1625068800005,0.00010000
2021-07-01T00:00:00Z,1625097600000,0.00010000
2021-07-01T08:00:00Z,1625126400004,0.00010000
2021-07-01T16:00:00Z,1625155200028,0.00010000
2021-07-02T00:00:00Z,1625184000002,0.00008304
2021-07-02T08:00:00Z,1625212800016,0.00010000
2021-07-02T16:00:00Z,1625241600007,-0.00012187
2021-07-03T00:00:00Z,1625270400008,-0.00004866
2021-07-03T08:00:00Z,1625299200000,-0.00013550
2021-07-03T16:00:00Z,1625328000004,0.00003530
2021-07-04T00:00:00Z,1625356800012,0.00003235
2021-07-04T08:00:00Z,1625385600002,-0.00015270
2021-07-04T16:00:00Z,1625414400003,0.00004428
2021-07-05T00:00:00Z,1625443200004,0.00010000
2021-07-05T08:00:00Z,1625472000000,0.00010000
2021-07-05T16:00:00Z,1625500800009,-0.00010440
2021-07-06T00:00:00Z,1625529600008,-0.00000681
2021-07-06T08:00:00Z,1625558400019,-0.00011140
2021-07-06T16:00:00Z,1625587200000,-0.00008213
2021-07-07T00:00:00Z,1625616000007,-0.00013362
2021-07-07T08:00:00Z,1625644800001,0.00010000
2021-07-07T16:00:00Z,1625673600008,0.00010000
2021-07-08T00:00:00Z,1625702400002,0.00001382
2021-07-08T08:00:00Z,1625731200010,-0.00006403
2021-07-08T16:00:00Z,1625760000003,-0.00028080
2021-07-09T00:00:00Z,1625788800000,-0.00010885
2021-07-09T08:00:00Z,1625817600006,-0.00017364
2021-07-09T16:00:00Z,1625846400000,-0.00018845
2021-07-10T00:00:00Z,1625875200002,-0.00000081
2021-07-10T08:00:00Z,1625904000000,0.00007847
2021-07-10T16:00:00Z,1625932800001,0.00000072
2021-07-11T00:00:00Z,1625961600001,0.00007785
2021-07-11T08:00:00Z,1625990400025,0.00010000
2021-07-11T16:00:00Z,1626019200006,-0.00003373
2021-07-12T00:00:00Z,1626048000000,0.00008851
2021-07-12T08:00:00Z,1626076800021,0.00003463
2021-07-12T16:00:00Z,1626105600000,0.00010000
2021-07-13T00:00:00Z,1626134400000,0.00010000
2021-07-13T08:00:00Z,1626163200013,0.00010000
2021-07-13T16:00:00Z,1626192000005,0.00000052
2021-07-14T00:00:00Z,1626220800000,0.00010000
2021-07-14T08:00:00Z,1626249600000,0.00001317
2021-07-14T16:00:00Z,1626278400005,-0.00011753
2021-07-15T00:00:00Z,1626307200005,-0.00004883
2021-07-15T08:00:00Z,1626336000001,0.00010000
2021-07-15T16:00:00Z,1626364800000,0.00001576
2021-07-16T00:00:00Z,1626393600000,-0.00011529
2021-07-16T08:00:00Z,1626422400000,0.00006105
2021-07-16T16:00:00Z,1626451200001,0.00001073
2021-07-17T00:00:00Z,1626480000004,0.00010000
2021-07-17T08:00:00Z,1626508800009,-0.00004343
2021-07-17T16:00:00Z,1626537600006,0.00002365
2021-07-18T00:00:00Z,1626566400000,0.00010000
2021-07-18T08:00:00Z,1626595200001,0.00010000
2021-07-18T16:00:00Z,1626624000003,-0.00004434
2021-07-19T00:00:00Z,1626652800002,-0.00007510
2021-07-19T08:00:00Z,1626681600006,0.00003183
2021-07-19T16:00:00Z,1626710400006,-0.00001230
2021-07-20T00:00:00Z,1626739200002,-0.00015687
2021-07-20T08:00:00Z,1626768000011,-0.00012569
2021-07-20T16:00:00Z,1626796800001,-0.00018939
2021-07-21T00:00:00Z,1626825600022,-0.00022869
2021-07-21T08:00:00Z,1626854400000,-0.00039139
2021-07-21T16:00:00Z,1626883200018,-0.00032314
2021-07-22T00:00:00Z,1626912000002,-0.00016261
2021-07-22T08:00:00Z,1626940800006,0.00001362
2021-07-22T16:00:00Z,1626969600010,0.00001374
2021-07-23T00:00:00Z,1626998400013,0.00000344
2021-07-23T08:00:00Z,1627027200000,-0.00016985
2021-07-23T16:00:00Z,1627056000005,-0.00000990
2021-07-24T00:00:00Z,1627084800000,-0.00007246
2021-07-24T08:00:00Z,1627113600002,-0.00013379
2021-07-24T16:00:00Z,1627142400001,-0.00010603
2021-07-25T00:00:00Z,1627171200003,-0.00025685
2021-07-25T08:00:00Z,1627200000015,-0.00021708
2021-07-25T16:00:00Z,1627228800000,-0.00005198
2021-07-26T00:00:00Z,1627257600000,-0.00054841
2021-07-26T08:00:00Z,1627286400000,0.00010000
2021-07-26T16:00:00Z,1627315200000,0.00010000
2021-07-27T00:00:00Z,1627344000046,0.00010000
2021-07-27T08:00:00Z,1627372800014,0.00010000
2021-07-27T16:00:00Z,1627401600007,-0.00002248
2021-07-28T00:00:00Z,1627430400000,-0.00002037
2021-07-28T08:00:00Z,1627459200002,0.00010000
2021-07-28T16:00:00Z,1627488000005,0.00010000
2021-07-29T00:00:00Z,1627516800004,0.00001493
2021-07-29T08:00:00Z,1627545600000,0.00008276
2021-07-29T16:00:00Z,1627574400007,0.00010000
2021-07-30T00:00:00Z,1627603200004,0.00010000
2021-07-30T08:00:00Z,1627632000000,0.00010000
2021-07-30T16:00:00Z,1627660800000,-0.00002377
2021-07-31T00:00:00Z,1627689600000,0.00010000
2021-07-31T08:00:00Z,1627718400014,0.00010000
2021-07-31T16:00:00Z,1627747200003,0.00010000
2021-08-01T00:00:00Z,1627776000005,0.00010000
2021-08-01T08:00:00Z,1627804800016,0.00010000
2021-08-01T16:00:00Z,1627833600001,0.00010000
2021-08-02T00:00:00Z,1627862400000,0.00010000
2021-08-02T08:00:00Z,1627891200014,0.00010000
2021-08-02T16:00:00Z,1627920000021,0.00010000
2021-08-03T00:00:00Z,1627948800000,0.00010000
2021-08-03T08:00:00Z,1627977600000,0.00010000
2021-08-03T16:00:00Z,1628006400009,0.00010000
2021-08-04T00:00:00Z,1628035200000,0.00010000
2021-08-04T08:00:00Z,1628064000000,0.00010000
2021-08-04T16:00:00Z,1628092800003,0.00001272
2021-08-05T00:00:00Z,1628121600000,0.00010000
2021-08-05T08:00:00Z,1628150400000,0.00010000
2021-08-05T16:00:00Z,1628179200001,0.00010000
2021-08-06T00:00:00Z,1628208000000,0.00010000
2021-08-06T08:00:00Z,1628236800004,0.00010000
2021-08-06T16:00:00Z,1628265600003,0.00010000
2021-08-07T00:00:00Z,1628294400015,0.00010000
2021-08-07T08:00:00Z,1628323200001,0.00010000
2021-08-07T16:00:00Z,1628352000002,0.00010000
2021-08-08T00:00:00Z,1628380800000,0.00010000
2021-08-08T08:00:00Z,1628409600002,0.00010000
2021-08-08T16:00:00Z,1628438400018,0.00010000
2021-08-09T00:00:00Z,1628467200000,0.00010000
2021-08-09T08:00:00Z,1628496000000,0.00010000
2021-08-09T16:00:00Z,1628524800002,0.00010000
2021-08-10T00:00:00Z,1628553600000,0.00010000
2021-08-10T08:00:00Z,1628582400003,0.00010000
2021-08-10T16:00:00Z,1628611200000,0.00010000
2021-08-11T00:00:00Z,1628640000006,0.00010000
2021-08-11T08:00:00Z,1628668800003,0.00010000
2021-08-11T16:00:00Z,1628697600000,0.00010000
2021-08-12T00:00:00Z,1628726400013,0.00010000
2021-08-12T08:00:00Z,1628755200001,0.00010000
2021-08-12T16:00:00Z,1628784000000,0.00010000
2021-08-13T00:00:00Z,1628812800000,0.00010000
2021-08-13T08:00:00Z,1628841600000,0.00010000
2021-08-13T16:00:00Z,1628870400002,0.00010000
2021-08-14T00:00:00Z,1628899200006,0.00010000
2021-08-14T08:00:00Z,1628928000000,0.00010000
2021-08-14T16:00:00Z,1628956800000,0.00010000
2021-08-15T00:00:00Z,1628985600003,0.00010000
2021-08-15T08:00:00Z,1629014400000,0.00010000
2021-08-15T16:00:00Z,1629043200007,0.00010000
2021-08-16T00:00:00Z,1629072000012,0.00010000
2021-08-16T08:00:00Z,1629100800003,0.00010000
2021-08-16T16:00:00Z,1629129600010,0.00013924
2021-08-17T00:00:00Z,1629158400018,0.00010000
2021-08-17T08:00:00Z,1629187200015,0.00010000
2021-08-17T16:00:00Z,1629216000006,0.00010000
2021-08-18T00:00:00Z,1629244800000,0.00010000
2021-08-18T08:00:00Z,1629273600000,0.00010000
2021-08-18T16:00:00Z,1629302400011,0.00010000
2021-08-19T00:00:00Z,1629331200000,0.00010000
2021-08-19T08:00:00Z,1629360000014,0.00010000
2021-08-19T16:00:00Z,1629388800000,0.00010000
2021-08-20T00:00:00Z,1629417600000,0.00010000
2021-08-20T08:00:00Z,1629446400001,0.00011483
2021-08-20T16:00:00Z,1629475200001,0.00014278
2021-08-21T00:00:00Z,1629504000005,0.00010000
2021-08-21T08:00:00Z,1629532800001,0.00020013
2021-08-21T16:00:00Z,1629561600000,0.00016694
2021-08-22T00:00:00Z,1629590400005,0.00010000
2021-08-22T08:00:00Z,1629619200007,0.00010000
2021-08-22T16:00:00Z,1629648000002,0.00014813
2021-08-23T00:00:00Z,1629676800003,0.00010000
2021-08-23T08:00:00Z,1629705600005,0.00039180
2021-08-23T16:00:00Z,1629734400002,0.00023983
2021-08-24T00:00:00Z,1629763200006,0.00029300
2021-08-24T08:00:00Z,1629792000004,0.00010000
2021-08-24T16:00:00Z,1629820800000,0.00041348
2021-08-25T00:00:00Z,1629849600015,0.00019568
2021-08-25T08:00:00Z,1629878400000,0.00010000
2021-08-25T16:00:00Z,1629907200000,0.00010000
2021-08-26T00:00:00Z,1629936000001,0.00010000
2021-08-26T08:00:00Z,1629964800016,0.00021865
2021-08-26T16:00:00Z,1629993600004,0.00010000
2021-08-27T00:00:00Z,1630022400013,0.00010000
2021-08-27T08:00:00Z,1630051200001,0.00010000
2021-08-27T16:00:00Z,1630080000004,0.00010000
2021-08-28T00:00:00Z,1630108800000,0.00010000
2021-08-28T08:00:00Z,1630137600000,0.00032240
2021-08-28T16:00:00Z,1630166400000,0.00023137
2021-08-29T00:00:00Z,1630195200000,0.00010000
2021-08-29T08:00:00Z,1630224000002,0.00010000
2021-08-29T16:00:00Z,1630252800005,0.00010000
2021-08-30T00:00:00Z,1630281600013,0.00010000
2021-08-30T08:00:00Z,1630310400008,0.00010000
2021-08-30T16:00:00Z,1630339200000,0.00022550
2021-08-31T00:00:00Z,1630368000000,0.00036162
2021-08-31T08:00:00Z,1630396800007,0.00027795
2021-08-31T16:00:00Z,1630425600003,0.00023354
2021-09-01T00:00:00Z,1630454400000,0.00044618
2021-09-01T08:00:00Z,1630483200006,0.00027256
2021-09-01T16:00:00Z,1630512000000,0.00033967
2021-09-02T00:00:00Z,1630540800009,0.00040520
2021-09-02T08:00:00Z,1630569600006,0.00048690
2021-09-02T16:00:00Z,1630598400007,0.00057405
2021-09-03T00:00:00Z,1630627200011,0.00047856
2021-09-03T08:00:00Z,1630656000000,0.00033375
2021-09-03T16:00:00Z,1630684800002,0.00024375
2021-09-04T00:00:00Z,1630713600003,0.00043928
2021-09-04T08:00:00Z,1630742400008,0.00011799
2021-09-04T16:00:00Z,1630771200009,0.00019219
2021-09-05T00:00:00Z,1630800000002,0.00010000
2021-09-05T08:00:00Z,1630828800002,0.00010000
2021-09-05T16:00:00Z,1630857600000,0.00010000
2021-09-06T00:00:00Z,1630886400003,0.00026783
2021-09-06T08:00:00Z,1630915200008,0.00010000
2021-09-06T16:00:00Z,1630944000009,0.00010000
2021-09-07T00:00:00Z,1630972800004,0.00010000
2021-09-07T08:00:00Z,1631001600002,0.00010000
2021-09-07T16:00:00Z,1631030400001,0.00022977
2021-09-08T00:00:00Z,1631059200005,0.00010000
2021-09-08T08:00:00Z,1631088000000,0.00010000
2021-09-08T16:00:00Z,1631116800000,0.00010000
2021-09-09T00:00:00Z,1631145600006,0.00010000
2021-09-09T08:00:00Z,1631174400014,0.00010000
2021-09-09T16:00:00Z,1631203200002,0.00010000
2021-09-10T00:00:00Z,1631232000001,0.00010000
2021-09-10T08:00:00Z,1631260800018,0.00010000
2021-09-10T16:00:00Z,1631289600006,0.00011115
2021-09-11T00:00:00Z,1631318400000,0.00010000
2021-09-11T08:00:00Z,1631347200001,0.00010000
2021-09-11T16:00:00Z,1631376000000,0.00010000
2021-09-12T00:00:00Z,1631404800000,0.00010000
2021-09-12T08:00:00Z,1631433600002,0.00010000
2021-09-12T16:00:00Z,1631462400000,0.00010000
2021-09-13T00:00:00Z,1631491200000,0.00010000
2021-09-13T08:00:00Z,1631520000007,0.00010000
2021-09-13T16:00:00Z,1631548800005,0.00010000
2021-09-14T00:00:00Z,1631577600002,0.00010000
2021-09-14T08:00:00Z,1631606400000,0.00010000
2021-09-14T16:00:00Z,1631635200007,0.00010000
2021-09-15T00:00:00Z,1631664000012,0.00010000
2021-09-15T08:00:00Z,1631692800003,0.00010000
2021-09-15T16:00:00Z,1631721600006,0.00010000
2021-09-16T00:00:00Z,1631750400008,0.00010000
2021-09-16T08:00:00Z,1631779200005,0.00010000
2021-09-16T16:00:00Z,1631808000002,0.00010000
2021-09-17T00:00:00Z,1631836800000,0.00010000
2021-09-17T08:00:00Z,1631865600047,0.00010000
2021-09-17T16:00:00Z,1631894400013,0.00010000
2021-09-18T00:00:00Z,1631923200000,0.00010000
2021-09-18T08:00:00Z,1631952000010,0.00010000
2021-09-18T16:00:00Z,1631980800005,0.00010000
2021-09-19T00:00:00Z,1632009600006,0.00010000
2021-09-19T08:00:00Z,1632038400015,0.00010000
2021-09-19T16:00:00Z,1632067200007,0.00010000
2021-09-20T00:00:00Z,1632096000018,0.00010000
2021-09-20T08:00:00Z,1632124800000,0.00010000
2021-09-20T16:00:00Z,1632153600005,0.00010000
2021-09-21T00:00:00Z,1632182400005,0.00010000
2021-09-21T08:00:00Z,1632211200007,0.00010000
2021-09-21T16:00:00Z,1632240000000,0.00010000
2021-09-22T00:00:00Z,1632268800005,0.00010000
2021-09-22T08:00:00Z,1632297600006,0.00010000
2021-09-22T16:00:00Z,1632326400000,0.00010000
2021-09-23T00:00:00Z,1632355200003,0.00004744
2021-09-23T08:00:00Z,1632384000000,0.00007835
2021-09-23T16:00:00Z,1632412800007,0.00010000
2021-09-24T00:00:00Z,1632441600000,-0.00007856
2021-09-24T08:00:00Z,1632470400017,-0.00008536
2021-09-24T16:00:00Z,1632499200000,0.00003978
2021-09-25T00:00:00Z,1632528000007,0.00010000
2021-09-25T08:00:00Z,1632556800002,0.00005629
2021-09-25T16:00:00Z,1632585600004,0.00010000
2021-09-26T00:00:00Z,1632614400013,0.00002457
2021-09-26T08:00:00Z,1632643200000,0.00010000
2021-09-26T16:00:00Z,1632672000005,-0.00001686
2021-09-27T00:00:00Z,1632700800000,0.00010000
2021-09-27T08:00:00Z,1632729600001,0.00010000
2021-09-27T16:00:00Z,1632758400000,0.00010000
2021-09-28T00:00:00Z,1632787200000,0.00002549
2021-09-28T08:00:00Z,1632816000014,0.00003318
2021-09-28T16:00:00Z,1632844800000,0.00009756
2021-09-29T00:00:00Z,1632873600000,0.00004448
2021-09-29T08:00:00Z,1632902400002,0.00003757
2021-09-29T16:00:00Z,1632931200000,0.00005661
2021-09-30T00:00:00Z,1632960000000,0.00010000
2021-09-30T08:00:00Z,1632988800004,0.00010000
2021-09-30T16:00:00Z,1633017600005,0.00009235
2021-10-01T00:00:00Z,1633046400012,0.00002202
2021-10-01T08:00:00Z,1633075200008,-0.00002693
2021-10-01T16:00:00Z,1633104000000,0.00010000
2021-10-02T00:00:00Z,1633132800000,0.00005277
2021-10-02T08:00:00Z,1633161600002,0.00003519
2021-10-02T16:00:00Z,1633190400011,0.00005938
2021-10-03T00:00:00Z,1633219200019,0.00010000
2021-10-03T08:00:00Z,1633248000011,0.00010000
2021-10-03T16:00:00Z,1633276800004,0.00010000
2021-10-04T00:00:00Z,1633305600004,0.00010000
2021-10-04T08:00:00Z,1633334400000,0.00010000
2021-10-04T16:00:00Z,1633363200000,0.00010000
2021-10-05T00:00:00Z,1633392000007,0.00010000
2021-10-05T08:00:00Z,1633420800007,-0.00002427
2021-10-05T16:00:00Z,1633449600004,0.00000161
2021-10-06T00:00:00Z,1633478400002,0.00010000
2021-10-06T08:00:00Z,1633507200000,0.00010000
2021-10-06T16:00:00Z,1633536000003,0.00010000
2021-10-07T00:00:00Z,1633564800007,0.00010000
2021-10-07T08:00:00Z,1633593600002,0.00029180
2021-10-07T16:00:00Z,1633622400000,0.00032669
2021-10-08T00:00:00Z,1633651200011,0.00033379
2021-10-08T08:00:00Z,1633680000003,0.00023355
2021-10-08T16:00:00Z,1633708800002,0.00013417
2021-10-09T00:00:00Z,1633737600006,0.00010000
2021-10-09T08:00:00Z,1633766400003,0.00010000
2021-10-09T16:00:00Z,1633795200000,0.00015717
2021-10-10T00:00:00Z,1633824000000,0.00010000
2021-10-10T08:00:00Z,1633852800008,0.00020906
2021-10-10T16:00:00Z,1633881600000,0.00010000
2021-10-11T00:00:00Z,1633910400002,0.00010000
2021-10-11T08:00:00Z,1633939200001,0.00010000
2021-10-11T16:00:00Z,1633968000006,0.00010000
2021-10-12T00:00:00Z,1633996800008,0.00010000
2021-10-12T08:00:00Z,1634025600013,0.00010000
2021-10-12T16:00:00Z,1634054400003,0.00010000
2021-10-13T00:00:00Z,1634083200003,0.00010000
2021-10-13T08:00:00Z,1634112000015,0.00010000
2021-10-13T16:00:00Z,1634140800000,0.00010000
2021-10-14T00:00:00Z,1634169600011,0.00010000
2021-10-14T08:00:00Z,1634198400017,0.00022797
2021-10-14T16:00:00Z,1634227200000,0.00017282
2021-10-15T00:00:00Z,1634256000005,0.00010000
2021-10-15T08:00:00Z,1634284800002,0.00036685
2021-10-15T16:00:00Z,1634313600005,0.00010000
2021-10-16T00:00:00Z,1634342400009,0.00048084
2021-10-16T08:00:00Z,1634371200000,0.00027876
2021-10-16T16:00:00Z,1634400000003,0.00043303
2021-10-17T00:00:00Z,1634428800001,0.00031281
2021-10-17T08:00:00Z,1634457600002,0.00040131
2021-10-17T16:00:00Z,1634486400002,0.00044250
2021-10-18T00:00:00Z,1634515200006,0.00038415
2021-10-18T08:00:00Z,1634544000004,0.00022227
2021-10-18T16:00:00Z,1634572800001,0.00010000
2021-10-19T00:00:00Z,1634601600002,0.00010000
2021-10-19T08:00:00Z,1634630400000,0.00014974
2021-10-19T16:00:00Z,1634659200000,0.00010000
2021-10-20T00:00:00Z,1634688000017,0.00010000
2021-10-20T08:00:00Z,1634716800004,0.00010000
2021-10-20T16:00:00Z,1634745600020,0.00063237
2021-10-21T00:00:00Z,1634774400000,0.00068927
2021-10-21T08:00:00Z,1634803200000,0.00057124
2021-10-21T16:00:00Z,1634832000008,0.00062183
2021-10-22T00:00:00Z,1634860800005,0.00033487
2021-10-22T08:00:00Z,1634889600005,0.00024509
2021-10-22T16:00:00Z,1634918400018,0.00033222
2021-10-23T00:00:00Z,1634947200005,0.00026183
2021-10-23T08:00:00Z,1634976000001,0.00014854
2021-10-23T16:00:00Z,1635004800004,0.00017390
2021-10-24T00:00:00Z,1635033600006,0.00030335
2021-10-24T08:00:00Z,1635062400012,0.00037238
2021-10-24T16:00:00Z,1635091200001,0.00032862
2021-10-25T00:00:00Z,1635120000012,0.00048777
2021-10-25T08:00:00Z,1635148800002,0.00020028
2021-10-25T16:00:00Z,1635177600022,0.00017861
2021-10-26T00:00:00Z,1635206400005,0.00040992
2021-10-26T08:00:00Z,1635235200016,0.00060638
2021-10-26T16:00:00Z,1635264000000,0.00055995
2021-10-27T00:00:00Z,1635292800004,0.00033175
2021-10-27T08:00:00Z,1635321600000,0.00030309
2021-10-27T16:00:00Z,1635350400002,0.00023017
2021-10-28T00:00:00Z,1635379200002,0.00015574
2021-10-28T08:00:00Z,1635408000000,0.00010000
2021-10-28T16:00:00Z,1635436800005,0.00013782
2021-10-29T00:00:00Z,1635465600000,0.00023520
2021-10-29T08:00:00Z,1635494400007,0.00024122
2021-10-29T16:00:00Z,1635523200001,0.00017968
2021-10-30T00:00:00Z,1635552000000,0.00016972
2021-10-30T08:00:00Z,1635580800001,0.00038483
2021-10-30T16:00:00Z,1635609600013,0.00023181
2021-10-31T00:00:00Z,1635638400008,0.00019088
2021-10-31T08:00:00Z,1635667200010,0.00048915
2021-10-31T16:00:00Z,1635696000001,0.00043874
2021-11-01T00:00:00Z,1635724800009,0.00032554
2021-11-01T08:00:00Z,1635753600014,0.00031437
2021-11-01T16:00:00Z,1635782400001,0.00056812
2021-11-02T00:00:00Z,1635811200000,0.00015524
2021-11-02T08:00:00Z,1635840000007,0.00033216
2021-11-02T16:00:00Z,1635868800010,0.00047797
2021-11-03T00:00:00Z,1635897600019,0.00082070
2021-11-03T08:00:00Z,1635926400000,0.00043965
2021-11-03T16:00:00Z,1635955200005,0.00031399
2021-11-04T00:00:00Z,1635984000006,0.00045987
2021-11-04T08:00:00Z,1636012800004,0.00050750
2021-11-04T16:00:00Z,1636041600004,0.00046368
2021-11-05T00:00:00Z,1636070400000,0.00018372
2021-11-05T08:00:00Z,1636099200013,0.00018568
2021-11-05T16:00:00Z,1636128000016,0.00041167
2021-11-06T00:00:00Z,1636156800010,0.00053155
2021-11-06T08:00:00Z,1636185600000,0.00045326
2021-11-06T16:00:00Z,1636214400007,0.00037687
2021-11-07T00:00:00Z,1636243200013,0.00017244
2021-11-07T08:00:00Z,1636272000005,0.00036277
2021-11-07T16:00:00Z,1636300800004,0.00037438
2021-11-08T00:00:00Z,1636329600001,0.00025861
2021-11-08T08:00:00Z,1636358400000,0.00049328
2021-11-08T16:00:00Z,1636387200000,0.00048760
2021-11-09T00:00:00Z,1636416000000,0.00038683
2021-11-09T08:00:00Z,1636444800014,0.00039251
2021-11-09T16:00:00Z,1636473600001,0.00067839
2021-11-10T00:00:00Z,1636502400000,0.00037679
2021-11-10T08:00:00Z,1636531200003,0.00068212
2021-11-10T16:00:00Z,1636560000001,0.00057535
2021-11-11T00:00:00Z,1636588800008,0.00023211
2021-11-11T08:00:00Z,1636617600012,0.00010000
2021-11-11T16:00:00Z,1636646400007,0.00021812
2021-11-12T00:00:00Z,1636675200000,0.00018008
2021-11-12T08:00:00Z,1636704000000,0.00035543
2021-11-12T16:00:00Z,1636732800004,0.00036867
2021-11-13T00:00:00Z,1636761600000,0.00015442
2021-11-13T08:00:00Z,1636790400004,0.00031732
2021-11-13T16:00:00Z,1636819200006,0.00021842
2021-11-14T00:00:00Z,1636848000010,0.00013962
2021-11-14T08:00:00Z,1636876800001,0.00010000
2021-11-14T16:00:00Z,1636905600000,0.00013059
2021-11-15T00:00:00Z,1636934400008,0.00016126
2021-11-15T08:00:00Z,1636963200000,0.00020745
2021-11-15T16:00:00Z,1636992000000,0.00040989
2021-11-16T00:00:00Z,1637020800000,0.00035998
2021-11-16T08:00:00Z,1637049600001,0.00010000
2021-11-16T16:00:00Z,1637078400018,0.00010000
2021-11-17T00:00:00Z,1637107200005,0.00010000
2021-11-17T08:00:00Z,1637136000007,0.00013155
2021-11-17T16:00:00Z,1637164800003,0.00010000
2021-11-18T00:00:00Z,1637193600017,0.00010000
2021-11-18T08:00:00Z,1637222400007,0.00010000
2021-11-18T16:00:00Z,1637251200011,0.00011235
2021-11-19T00:00:00Z,1637280000000,0.00010000
2021-11-19T08:00:00Z,1637308800000,0.00010000
2021-11-19T16:00:00Z,1637337600005,0.00010000
2021-11-20T00:00:00Z,1637366400012,0.00010000
2021-11-20T08:00:00Z,1637395200000,0.00010000
2021-11-20T16:00:00Z,1637424000007,0.00010000
2021-11-21T00:00:00Z,1637452800000,0.00010000
2021-11-21T08:00:00Z,1637481600006,0.00010000
2021-11-21T16:00:00Z,1637510400000,0.00010000
2021-11-22T00:00:00Z,1637539200004,0.00010000
2021-11-22T08:00:00Z,1637568000000,0.00010000
2021-11-22T16:00:00Z,1637596800000,0.00010000
2021-11-23T00:00:00Z,1637625600004,0.00010000
2021-11-23T08:00:00Z,1637654400010,0.00012897
2021-11-23T16:00:00Z,1637683200005,0.00010000
2021-11-24T00:00:00Z,1637712000001,0.00010000
2021-11-24T08:00:00Z,1637740800003,0.00010000
2021-11-24T16:00:00Z,1637769600010,0.00012010
2021-11-25T00:00:00Z,1637798400000,0.00014549
2021-11-25T08:00:00Z,1637827200010,0.00016775
2021-11-25T16:00:00Z,1637856000000,0.00011888
2021-11-26T00:00:00Z,1637884800000,0.00013863
2021-11-26T08:00:00Z,1637913600000,0.00033741
2021-11-26T16:00:00Z,1637942400016,0.00010000
2021-11-27T00:00:00Z,1637971200005,0.00010824
2021-11-27T08:00:00Z,1638000000008,0.00010000
2021-11-27T16:00:00Z,1638028800007,0.00010000
2021-11-28T00:00:00Z,1638057600018,0.00010000
2021-11-28T08:00:00Z,1638086400000,0.00010000
2021-11-28T16:00:00Z,1638115200004,0.00010000
2021-11-29T00:00:00Z,1638144000002,0.00010000
2021-11-29T08:00:00Z,1638172800004,0.00010000
2021-11-29T16:00:00Z,1638201600000,0.00020774
2021-11-30T00:00:00Z,1638230400000,0.00027810
2021-11-30T08:00:00Z,1638259200006,0.00010000
2021-11-30T16:00:00Z,1638288000000,0.00010000
2021-12-01T00:00:00Z,1638316800000,0.00012689
2021-12-01T08:00:00Z,1638345600000,0.00029146
2021-12-01T16:00:00Z,1638374400001,0.00010000
2021-12-02T00:00:00Z,1638403200000,0.00015951
2021-12-02T08:00:00Z,1638432000007,0.00010000
2021-12-02T16:00:00Z,1638460800008,0.00010000
2021-12-03T00:00:00Z,1638489600004,0.00010000
2021-12-03T08:00:00Z,1638518400002,0.00011686
2021-12-03T16:00:00Z,1638547200006,0.00027198
2021-12-04T00:00:00Z,1638576000006,0.00010000
2021-12-04T08:00:00Z,1638604800004,0.00006285
2021-12-04T16:00:00Z,1638633600000,0.00002893
2021-12-05T00:00:00Z,1638662400003,0.00008272
2021-12-05T08:00:00Z,1638691200008,0.00009001
2021-12-05T16:00:00Z,1638720000007,0.00010000
2021-12-06T00:00:00Z,1638748800009,0.00010000
2021-12-06T08:00:00Z,1638777600001,0.00010000
2021-12-06T16:00:00Z,1638806400000,0.00010000
2021-12-07T00:00:00Z,1638835200018,0.00010000
2021-12-07T08:00:00Z,1638864000000,0.00003977
2021-12-07T16:00:00Z,1638892800000,0.00010000
2021-12-08T00:00:00Z,1638921600000,0.00010000
2021-12-08T08:00:00Z,1638950400018,0.00010000
2021-12-08T16:00:00Z,1638979200010,0.00010000
2021-12-09T00:00:00Z,1639008000010,0.00010000
2021-12-09T08:00:00Z,1639036800000,0.00010000
2021-12-09T16:00:00Z,1639065600000,0.00010000
2021-12-10T00:00:00Z,1639094400000,0.00010000
2021-12-10T08:00:00Z,1639123200008,0.00010000
2021-12-10T16:00:00Z,1639152000012,0.00010000
2021-12-11T00:00:00Z,1639180800009,0.00010000
2021-12-11T08:00:00Z,1639209600008,0.00010000
2021-12-11T16:00:00Z,1639238400000,0.00010000
2021-12-12T00:00:00Z,1639267200001,0.00010000
2021-12-12T08:00:00Z,1639296000015,0.00010000
2021-12-12T16:00:00Z,1639324800011,0.00010000
2021-12-13T00:00:00Z,1639353600006,0.00010000
2021-12-13T08:00:00Z,1639382400019,0.00010000
2021-12-13T16:00:00Z,1639411200000,0.00010000
2021-12-14T00:00:00Z,1639440000004,-0.00000493
2021-12-14T08:00:00Z,1639468800000,0.00010000
2021-12-14T16:00:00Z,1639497600015,0.00008838
2021-12-15T00:00:00Z,1639526400000,0.00010000
2021-12-15T08:00:00Z,1639555200008,0.00010000
2021-12-15T16:00:00Z,1639584000005,0.00010000
2021-12-16T00:00:00Z,1639612800006,0.00010000
2021-12-16T08:00:00Z,1639641600009,0.00010000
2021-12-16T16:00:00Z,1639670400000,0.00010000
2021-12-17T00:00:00Z,1639699200000,0.00010000
2021-12-17T08:00:00Z,1639728000005,0.00010000
2021-12-17T16:00:00Z,1639756800006,0.00004678
2021-12-18T00:00:00Z,1639785600014,0.00009119
2021-12-18T08:00:00Z,1639814400012,0.00009221
2021-12-18T16:00:00Z,1639843200000,0.00008402
2021-12-19T00:00:00Z,1639872000031,0.00007080
2021-12-19T08:00:00Z,1639900800000,0.00010000
2021-12-19T16:00:00Z,1639929600003,0.00010000
2021-12-20T00:00:00Z,1639958400015,0.00010000
2021-12-20T08:00:00Z,1639987200007,0.00010000
2021-12-20T16:00:00Z,1640016000005,0.00010000
2021-12-21T00:00:00Z,1640044800003,0.00009184
2021-12-21T08:00:00Z,1640073600012,0.00010000
2021-12-21T16:00:00Z,1640102400005,0.00010000
2021-12-22T00:00:00Z,1640131200000,0.00010000
2021-12-22T08:00:00Z,1640160000001,0.00010000
2021-12-22T16:00:00Z,1640188800006,0.00010000
2021-12-23T00:00:00Z,1640217600011,0.00009720
2021-12-23T08:00:00Z,1640246400000,0.00010000
2021-12-23T16:00:00Z,1640275200000,0.00004018
2021-12-24T00:00:00Z,1640304000005,0.00010000
2021-12-24T08:00:00Z,1640332800000,0.00010000
2021-12-24T16:00:00Z,1640361600011,0.00010000
2021-12-25T00:00:00Z,1640390400000,0.00010000
2021-12-25T08:00:00Z,1640419200001,0.00010000
2021-12-25T16:00:00Z,1640448000005,0.00010000
2021-12-26T00:00:00Z,1640476800004,0.00010000
2021-12-26T08:00:00Z,1640505600002,0.00010000
2021-12-26T16:00:00Z,1640534400000,0.00010000
2021-12-27T00:00:00Z,1640563200002,0.00010000
2021-12-27T08:00:00Z,1640592000005,0.00010000
2021-12-27T16:00:00Z,1640620800000,0.00010000
2021-12-28T00:00:00Z,1640649600000,0.00010000
2021-12-28T08:00:00Z,1640678400012,0.00010000
2021-12-28T16:00:00Z,1640707200000,0.00010000
2021-12-29T00:00:00Z,1640736000006,0.00010000
2021-12-29T08:00:00Z,1640764800003,0.00010000
2021-12-29T16:00:00Z,1640793600004,0.00010000
2021-12-30T00:00:00Z,1640822400003,0.00010000
2021-12-30T08:00:00Z,1640851200001,0.00010000
2021-12-30T16:00:00Z,1640880000017,0.00010000
2021-12-31T00:00:00Z,1640908800006,-0.00003102
2021-12-31T08:00:00Z,1640937600009,0.00010000
2021-12-31T16:00:00Z,1640966400000,0.00010000
2022-01-01T00:00:00Z,1640995200006,0.00010000
2022-01-01T08:00:00Z,1641024000009,0.00010000
2022-01-01T16:00:00Z,1641052800000,0.00010000
2022-01-02T00:00:00Z,1641081600028,0.00010000
2022-01-02T08:00:00Z,1641110400000,0.00010000
2022-01-02T16:00:00Z,1641139200000,0.00010000
2022-01-03T00:00:00Z,1641168000010,0.00010000
2022-01-03T08:00:00Z,1641196800013,0.00010000
2022-01-03T16:00:00Z,1641225600018,0.00010000
2022-01-04T00:00:00Z,1641254400000,0.00010000
2022-01-04T08:00:00Z,1641283200010,0.00010000
2022-01-04T16:00:00Z,1641312000002,0.00010000
2022-01-05T00:00:00Z,1641340800001,0.00010000
2022-01-05T08:00:00Z,1641369600017,0.00010000
2022-01-05T16:00:00Z,1641398400000,0.00010000
2022-01-06T00:00:00Z,1641427200002,0.00010000
2022-01-06T08:00:00Z,1641456000021,0.00010000
2022-01-06T16:00:00Z,1641484800006,0.00010000
2022-01-07T00:00:00Z,1641513600005,0.00010000
2022-01-07T08:00:00Z,1641542400000,0.00010000
2022-01-07T16:00:00Z,1641571200001,0.00010000
2022-01-08T00:00:00Z,1641600000014,0.00010000
2022-01-08T08:00:00Z,1641628800013,0.00010000
2022-01-08T16:00:00Z,1641657600000,0.00010000
2022-01-09T00:00:00Z,1641686400003,0.00010000
2022-01-09T08:00:00Z,1641715200000,0.00010000
2022-01-09T16:00:00Z,1641744000000,0.00010000
2022-01-10T00:00:00Z,1641772800000,0.00010000
2022-01-10T08:00:00Z,1641801600010,0.00004522
2022-01-10T16:00:00Z,1641830400007,0.00010000
2022-01-11T00:00:00Z,1641859200013,0.00010000
2022-01-11T08:00:00Z,1641888000004,0.00007394
2022-01-11T16:00:00Z,1641916800000,0.00010000
2022-01-12T00:00:00Z,1641945600012,-0.00004772
2022-01-12T08:00:00Z,1641974400015,0.00009625
2022-01-12T16:00:00Z,1642003200000,-0.00005342
2022-01-13T00:00:00Z,1642032000007,-0.00007506
2022-01-13T08:00:00Z,1642060800000,0.00010000
2022-01-13T16:00:00Z,1642089600014,-0.00006081
2022-01-14T00:00:00Z,1642118400000,0.00000592
2022-01-14T08:00:00Z,1642147200006,-0.00009170
2022-01-14T16:00:00Z,1642176000014,-0.00006655
2022-01-15T00:00:00Z,1642204800000,0.00002282
2022-01-15T08:00:00Z,1642233600002,0.00010000
2022-01-15T16:00:00Z,1642262400000,0.00002661
2022-01-16T00:00:00Z,1642291200000,0.00009070
2022-01-16T08:00:00Z,1642320000017,-0.00002330
2022-01-16T16:00:00Z,1642348800011,0.00003620
2022-01-17T00:00:00Z,1642377600005,0.00001751
2022-01-17T08:00:00Z,1642406400006,0.00006647
2022-01-17T16:00:00Z,1642435200012,0.00010000
2022-01-18T00:00:00Z,1642464000020,0.00010000
2022-01-18T08:00:00Z,1642492800000,0.00009998
2022-01-18T16:00:00Z,1642521600013,0.00010000
2022-01-19T00:00:00Z,1642550400001,0.00004973
2022-01-19T08:00:00Z,1642579200000,0.00010000
2022-01-19T16:00:00Z,1642608000000,0.00010000
2022-01-20T00:00:00Z,1642636800015,0.00010000
2022-01-20T08:00:00Z,1642665600000,0.00010000
2022-01-20T16:00:00Z,1642694400000,0.00010000
2022-01-21T00:00:00Z,1642723200007,0.00010000
2022-01-21T08:00:00Z,1642752000015,0.00004523
2022-01-21T16:00:00Z,1642780800000,0.00008226
2022-01-22T00:00:00Z,1642809600017,-0.00001051
2022-01-22T08:00:00Z,1642838400003,0.00004122
2022-01-22T16:00:00Z,1642867200021,0.00010000
2022-01-23T00:00:00Z,1642896000026,0.00010000
2022-01-23T08:00:00Z,1642924800010,-0.00001256
2022-01-23T16:00:00Z,1642953600009,-0.00001573
2022-01-24T00:00:00Z,1642982400010,0.00003480
2022-01-24T08:00:00Z,1643011200000,0.00005605
2022-01-24T16:00:00Z,1643040000021,0.00005009
2022-01-25T00:00:00Z,1643068800000,0.00010000
2022-01-25T08:00:00Z,1643097600000,0.00008126
2022-01-25T16:00:00Z,1643126400012,-0.00010008
2022-01-26T00:00:00Z,1643155200000,0.00000676
2022-01-26T08:00:00Z,1643184000001,-0.00001905
2022-01-26T16:00:00Z,1643212800005,-0.00004130
2022-01-27T00:00:00Z,1643241600004,-0.00004869
2022-01-27T08:00:00Z,1643270400004,-0.00010186
2022-01-27T16:00:00Z,1643299200019,-0.00007554
2022-01-28T00:00:00Z,1643328000000,-0.00000493
2022-01-28T08:00:00Z,1643356800000,0.00007165
2022-01-28T16:00:00Z,1643385600025,0.00002880
2022-01-29T00:00:00Z,1643414400017,-0.00001093
2022-01-29T08:00:00Z,1643443200000,0.00005239
2022-01-29T16:00:00Z,1643472000013,-0.00003029
2022-01-30T00:00:00Z,1643500800025,0.00006050
2022-01-30T08:00:00Z,1643529600009,0.00009126
2022-01-30T16:00:00Z,1643558400000,0.00010000
2022-01-31T00:00:00Z,1643587200000,0.00008927
2022-01-31T08:00:00Z,1643616000000,-0.00007369
2022-01-31T16:00:00Z,1643644800000,-0.00005648
2022-02-01T00:00:00Z,1643673600010,-0.00004000
2022-02-01T08:00:00Z,1643702400000,0.00006113
2022-02-01T16:00:00Z,1643731200004,-0.00006256
2022-02-02T00:00:00Z,1643760000004,-0.00002905
2022-02-02T08:00:00Z,1643788800000,0.00010000
2022-02-02T16:00:00Z,1643817600002,0.00002553
2022-02-03T00:00:00Z,1643846400002,-0.00007716
2022-02-03T08:00:00Z,1643875200000,0.00001168
2022-02-03T16:00:00Z,1643904000000,-0.00001533
2022-02-04T00:00:00Z,1643932800018,0.00001462
2022-02-04T08:00:00Z,1643961600005,-0.00008571
2022-02-04T16:00:00Z,1643990400010,0.00010000
2022-02-05T00:00:00Z,1644019200014,0.00007457
2022-02-05T08:00:00Z,1644048000000,0.00010000
2022-02-05T16:00:00Z,1644076800000,0.00010000
2022-02-06T00:00:00Z,1644105600000,0.00010000
2022-02-06T08:00:00Z,1644134400000,0.00010000
2022-02-06T16:00:00Z,1644163200000,0.00010000
2022-02-07T00:00:00Z,1644192000003,0.00001477
2022-02-07T08:00:00Z,1644220800014,0.00005264
2022-02-07T16:00:00Z,1644249600003,-0.00009617
2022-02-08T00:00:00Z,1644278400001,0.00010000
2022-02-08T08:00:00Z,1644307200003,0.00010000
2022-02-08T16:00:00Z,1644336000002,0.00010000
2022-02-09T00:00:00Z,1644364800000,0.00008216
2022-02-09T08:00:00Z,1644393600005,0.00005826
2022-02-09T16:00:00Z,1644422400001,0.00005120
2022-02-10T00:00:00Z,1644451200012,0.00010000
2022-02-10T08:00:00Z,1644480000000,-0.00001799
2022-02-10T16:00:00Z,1644508800006,0.00010000
2022-02-11T00:00:00Z,1644537600000,0.00003895
2022-02-11T08:00:00Z,1644566400009,-0.00005238
2022-02-11T16:00:00Z,1644595200015,-0.00007643
2022-02-12T00:00:00Z,1644624000020,0.00010000
2022-02-12T08:00:00Z,1644652800001,0.00010000
2022-02-12T16:00:00Z,1644681600007,0.00010000
2022-02-13T00:00:00Z,1644710400022,0.00008047
2022-02-13T08:00:00Z,1644739200001,0.00007937
2022-02-13T16:00:00Z,1644768000007,0.00006814
2022-02-14T00:00:00Z,1644796800005,0.00009717
2022-02-14T08:00:00Z,1644825600013,0.00002867
2022-02-14T16:00:00Z,1644854400019,0.00006445
2022-02-15T00:00:00Z,1644883200012,0.00010000
2022-02-15T08:00:00Z,1644912000005,-0.00007760
2022-02-15T16:00:00Z,1644940800011,0.00005462
2022-02-16T00:00:00Z,1644969600009,0.00010000
2022-02-16T08:00:00Z,1644998400001,0.00010000
2022-02-16T16:00:00Z,1645027200014,0.00010000
2022-02-17T00:00:00Z,1645056000018,0.00010000
2022-02-17T08:00:00Z,1645084800000,0.00010000
2022-02-17T16:00:00Z,1645113600010,0.00010000
2022-02-18T00:00:00Z,1645142400000,-0.00000438
2022-02-18T08:00:00Z,1645171200002,-0.00002923
2022-02-18T16:00:00Z,1645200000000,-0.00000936
2022-02-19T00:00:00Z,1645228800007,0.00010000
2022-02-19T08:00:00Z,1645257600000,0.00000961
2022-02-19T16:00:00Z,1645286400023,0.00007710
2022-02-20T00:00:00Z,1645315200001,0.00003023
2022-02-20T08:00:00Z,1645344000003,0.00006581
2022-02-20T16:00:00Z,1645372800001,-0.00007517
2022-02-21T00:00:00Z,1645401600000,0.00006500
2022-02-21T08:00:00Z,1645430400001,-0.00004498
2022-02-21T16:00:00Z,1645459200005,-0.00003473
2022-02-22T00:00:00Z,1645488000005,-0.00005357
2022-02-22T08:00:00Z,1645516800000,0.00002477
2022-02-22T16:00:00Z,1645545600000,-0.00003085
2022-02-23T00:00:00Z,1645574400002,-0.00002623
2022-02-23T08:00:00Z,1645603200005,-0.00012603
2022-02-23T16:00:00Z,1645632000010,-0.00003332
2022-02-24T00:00:00Z,1645660800008,0.00006475
2022-02-24T08:00:00Z,1645689600003,-0.00016045
2022-02-24T16:00:00Z,1645718400001,-0.00009210
2022-02-25T00:00:00Z,1645747200000,0.00010000
2022-02-25T08:00:00Z,1645776000006,0.00006220
2022-02-25T16:00:00Z,1645804800001,0.00000998
2022-02-26T00:00:00Z,1645833600004,0.00009332
2022-02-26T08:00:00Z,1645862400004,0.00010000
2022-02-26T16:00:00Z,1645891200007,0.00007614
2022-02-27T00:00:00Z,1645920000012,0.00005574
2022-02-27T08:00:00Z,1645948800000,0.00001803
2022-02-27T16:00:00Z,1645977600000,-0.00000628
2022-02-28T00:00:00Z,1646006400000,-0.00021167
2022-02-28T08:00:00Z,1646035200001,-0.00008986
2022-02-28T16:00:00Z,1646064000002,-0.00005386
2022-03-01T00:00:00Z,1646092800002,0.00010000
2022-03-01T08:00:00Z,1646121600001,0.00010000
2022-03-01T16:00:00Z,1646150400000,0.00004369
2022-03-02T00:00:00Z,1646179200000,-0.00000507
2022-03-02T08:00:00Z,1646208000000,0.00010000
2022-03-02T16:00:00Z,1646236800002,0.00010000
2022-03-03T00:00:00Z,1646265600000,0.00010000
2022-03-03T08:00:00Z,1646294400000,0.00010000
2022-03-03T16:00:00Z,1646323200005,0.00010000
2022-03-04T00:00:00Z,1646352000018,0.00010000
2022-03-04T08:00:00Z,1646380800000,0.00010000
2022-03-04T16:00:00Z,1646409600000,0.00010000
2022-03-05T00:00:00Z,1646438400006,0.00010000
2022-03-05T08:00:00Z,1646467200004,0.00010000
2022-03-05T16:00:00Z,1646496000000,0.00001656
2022-03-06T00:00:00Z,1646524800004,0.00004115
2022-03-06T08:00:00Z,1646553600000,-0.00000960
2022-03-06T16:00:00Z,1646582400013,0.00001957
2022-03-07T00:00:00Z,1646611200008,0.00000318
2022-03-07T08:00:00Z,1646640000006,-0.00008983
2022-03-07T16:00:00Z,1646668800000,-0.00003177
2022-03-08T00:00:00Z,1646697600008,0.00003378
2022-03-08T08:00:00Z,1646726400002,0.00010000
2022-03-08T16:00:00Z,1646755200000,0.00010000
2022-03-09T00:00:00Z,1646784000008,0.00006776
2022-03-09T08:00:00Z,1646812800000,0.00010000
2022-03-09T16:00:00Z,1646841600004,0.00010000
2022-03-10T00:00:00Z,1646870400000,0.00010000
2022-03-10T08:00:00Z,1646899200017,0.00008280
2022-03-10T16:00:00Z,1646928000000,-0.00008919
2022-03-11T00:00:00Z,1646956800008,-0.00009808
2022-03-11T08:00:00Z,1646985600000,-0.00007765
2022-03-11T16:00:00Z,1647014400001,0.00004301
2022-03-12T00:00:00Z,1647043200010,-0.00000307
2022-03-12T08:00:00Z,1647072000001,0.00003168
2022-03-12T16:00:00Z,1647100800002,-0.00003565
2022-03-13T00:00:00Z,1647129600008,-0.00005855
2022-03-13T08:00:00Z,1647158400000,0.00000613
2022-03-13T16:00:00Z,1647187200002,-0.00005741
2022-03-14T00:00:00Z,1647216000014,-0.00008009
2022-03-14T08:00:00Z,1647244800005,-0.00006699
2022-03-14T16:00:00Z,1647273600002,0.00002708
2022-03-15T00:00:00Z,1647302400008,0.00005726
2022-03-15T08:00:00Z,1647331200000,0.00004476
2022-03-15T16:00:00Z,1647360000006,0.00009061
2022-03-16T00:00:00Z,1647388800013,0.00010000
2022-03-16T08:00:00Z,1647417600000,0.00005871
2022-03-16T16:00:00Z,1647446400008,0.00010000
2022-03-17T00:00:00Z,1647475200004,0.00010000
2022-03-17T08:00:00Z,1647504000000,0.00010000
2022-03-17T16:00:00Z,1647532800004,0.00010000
2022-03-18T00:00:00Z,1647561600000,0.00010000
2022-03-18T08:00:00Z,1647590400000,0.00001662
2022-03-18T16:00:00Z,1647619200017,0.00010000
2022-03-19T00:00:00Z,1647648000008,0.00010000
2022-03-19T08:00:00Z,1647676800015,0.00010000
2022-03-19T16:00:00Z,1647705600000,0.00010000
2022-03-20T00:00:00Z,1647734400000,0.00010000
2022-03-20T08:00:00Z,1647763200001,0.00010000
2022-03-20T16:00:00Z,1647792000002,0.00010000
2022-03-21T00:00:00Z,1647820800013,0.00010000
2022-03-21T08:00:00Z,1647849600004,-0.00000954
2022-03-21T16:00:00Z,1647878400010,-0.00000093
2022-03-22T00:00:00Z,1647907200012,0.00010000
2022-03-22T08:00:00Z,1647936000001,0.00010000
2022-03-22T16:00:00Z,1647964800022,0.00010000
2022-03-23T00:00:00Z,1647993600007,0.00010000
2022-03-23T08:00:00Z,1648022400000,0.00010000
2022-03-23T16:00:00Z,1648051200006,0.00007014
2022-03-24T00:00:00Z,1648080000013,0.00001664
2022-03-24T08:00:00Z,1648108800006,0.00000800
2022-03-24T16:00:00Z,1648137600020,-0.00000907
2022-03-25T00:00:00Z,1648166400010,0.00000670
2022-03-25T08:00:00Z,1648195200001,0.00009286
2022-03-25T16:00:00Z,1648224000014,0.00005473
2022-03-26T00:00:00Z,1648252800020,0.00009739
2022-03-26T08:00:00Z,1648281600006,-0.00007111
2022-03-26T16:00:00Z,1648310400000,0.00010000
2022-03-27T00:00:00Z,1648339200004,-0.00008253
2022-03-27T08:00:00Z,1648368000001,0.00001306
2022-03-27T16:00:00Z,1648396800006,0.00010000
2022-03-28T00:00:00Z,1648425600012,0.00010000
2022-03-28T08:00:00Z,1648454400007,0.00010000
2022-03-28T16:00:00Z,1648483200000,0.00010000
2022-03-29T00:00:00Z,1648512000000,0.00010000
2022-03-29T08:00:00Z,1648540800015,0.00010000
2022-03-29T16:00:00Z,1648569600000,0.00009594
2022-03-30T00:00:00Z,1648598400000,0.00010000
2022-03-30T08:00:00Z,1648627200002,0.00010000
2022-03-30T16:00:00Z,1648656000028,0.00010000
2022-03-31T00:00:00Z,1648684800017,0.00010000
2022-03-31T08:00:00Z,1648713600000,0.00010000
2022-03-31T16:00:00Z,1648742400015,0.00010000
2022-04-01T00:00:00Z,1648771200000,0.00010000
2022-04-01T08:00:00Z,1648800000000,0.00007626
2022-04-01T16:00:00Z,1648828800018,0.00009193
2022-04-02T00:00:00Z,1648857600000,0.00010000
2022-04-02T08:00:00Z,1648886400002,0.00010000
2022-04-02T16:00:00Z,1648915200006,0.00010000
2022-04-03T00:00:00Z,1648944000018,0.00010000
2022-04-03T08:00:00Z,1648972800018,0.00010000
2022-04-03T16:00:00Z,1649001600015,0.00010000
2022-04-04T00:00:00Z,1649030400006,0.00010000
2022-04-04T08:00:00Z,1649059200000,0.00010000
2022-04-04T16:00:00Z,1649088000016,0.00010000
2022-04-05T00:00:00Z,1649116800000,0.00010000
2022-04-05T08:00:00Z,1649145600010,0.00010000
2022-04-05T16:00:00Z,1649174400008,0.00010000
2022-04-06T00:00:00Z,1649203200001,0.00009898
2022-04-06T08:00:00Z,1649232000021,0.00010000
2022-04-06T16:00:00Z,1649260800000,0.00010000
2022-04-07T00:00:00Z,1649289600009,0.00010000
2022-04-07T08:00:00Z,1649318400000,0.00010000
2022-04-07T16:00:00Z,1649347200000,0.00002421
2022-04-08T00:00:00Z,1649376000000,0.00004306
2022-04-08T08:00:00Z,1649404800004,0.00010000
2022-04-08T16:00:00Z,1649433600008,0.00010000
2022-04-09T00:00:00Z,1649462400008,0.00010000
2022-04-09T08:00:00Z,1649491200000,0.00009279
2022-04-09T16:00:00Z,1649520000001,0.00010000
2022-04-10T00:00:00Z,1649548800004,0.00002721
2022-04-10T08:00:00Z,1649577600007,0.00006231
2022-04-10T16:00:00Z,1649606400016,0.00010000
2022-04-11T00:00:00Z,1649635200000,0.00000243
2022-04-11T08:00:00Z,1649664000000,0.00010000
2022-04-11T16:00:00Z,1649692800009,0.00010000
2022-04-12T00:00:00Z,1649721600000,-0.00006795
2022-04-12T08:00:00Z,1649750400006,-0.00010012
2022-04-12T16:00:00Z,1649779200013,-0.00007001
2022-04-13T00:00:00Z,1649808000005,-0.00001692
2022-04-13T08:00:00Z,1649836800008,0.00000753
2022-04-13T16:00:00Z,1649865600013,-0.00001485
2022-04-14T00:00:00Z,1649894400007,0.00005018
2022-04-14T08:00:00Z,1649923200000,0.00003533
2022-04-14T16:00:00Z,1649952000006,0.00004423
2022-04-15T00:00:00Z,1649980800008,-0.00013233
2022-04-15T08:00:00Z,1650009600002,-0.00006805
2022-04-15T16:00:00Z,1650038400000,0.00007697
2022-04-16T00:00:00Z,1650067200011,0.00002197
2022-04-16T08:00:00Z,1650096000007,0.00005199
2022-04-16T16:00:00Z,1650124800007,0.00006201
2022-04-17T00:00:00Z,1650153600000,0.00000720
2022-04-17T08:00:00Z,1650182400004,0.00009838
2022-04-17T16:00:00Z,1650211200000,0.00010000
2022-04-18T00:00:00Z,1650240000008,-0.00003231
2022-04-18T08:00:00Z,1650268800012,-0.00017197
2022-04-18T16:00:00Z,1650297600000,-0.00005436
2022-04-19T00:00:00Z,1650326400021,0.00010000
2022-04-19T08:00:00Z,1650355200031,0.00006251
2022-04-19T16:00:00Z,1650384000000,-0.00005028
2022-04-20T00:00:00Z,1650412800025,0.00009450
2022-04-20T08:00:00Z,1650441600003,0.00009543
2022-04-20T16:00:00Z,1650470400000,0.00003714
2022-04-21T00:00:00Z,1650499200000,0.00000177
2022-04-21T08:00:00Z,1650528000000,-0.00005245
2022-04-21T16:00:00Z,1650556800024,0.00005359
2022-04-22T00:00:00Z,1650585600008,0.00003026
2022-04-22T08:00:00Z,1650614400008,-0.00016984
2022-04-22T16:00:00Z,1650643200008,-0.00000415
2022-04-23T00:00:00Z,1650672000000,-0.00009023
2022-04-23T08:00:00Z,1650700800000,-0.00007562
2022-04-23T16:00:00Z,1650729600012,-0.00011883
2022-04-24T00:00:00Z,1650758400004,-0.00018273
2022-04-24T08:00:00Z,1650787200003,-0.00015276
2022-04-24T16:00:00Z,1650816000000,-0.00003654
2022-04-25T00:00:00Z,1650844800008,-0.00008908
2022-04-25T08:00:00Z,1650873600018,-0.00007844
2022-04-25T16:00:00Z,1650902400000,0.00007223
2022-04-26T00:00:00Z,1650931200014,0.00010000
2022-04-26T08:00:00Z,1650960000000,0.00010000
2022-04-26T16:00:00Z,1650988800017,0.00010000
2022-04-27T00:00:00Z,1651017600012,-0.00012640
2022-04-27T08:00:00Z,1651046400000,-0.00011034
2022-04-27T16:00:00Z,1651075200002,0.00001968
2022-04-28T00:00:00Z,1651104000000,-0.00005716
2022-04-28T08:00:00Z,1651132800004,-0.00005544
2022-04-28T16:00:00Z,1651161600030,0.00010000
2022-04-29T00:00:00Z,1651190400000,0.00010000
2022-04-29T08:00:00Z,1651219200016,0.00010000
2022-04-29T16:00:00Z,1651248000010,0.00002628
2022-04-30T00:00:00Z,1651276800000,-0.00009371
2022-04-30T08:00:00Z,1651305600005,0.00004536
2022-04-30T16:00:00Z,1651334400015,0.00005926
2022-05-01T00:00:00Z,1651363200000,0.00002403
2022-05-01T08:00:00Z,1651392000000,0.00000095
2022-05-01T16:00:00Z,1651420800010,0.00010000
2022-05-02T00:00:00Z,1651449600018,0.00010000
2022-05-02T08:00:00Z,1651478400007,0.00009000
2022-05-02T16:00:00Z,1651507200000,0.00010000
2022-05-03T00:00:00Z,1651536000006,0.00010000
2022-05-03T08:00:00Z,1651564800000,0.00010000
2022-05-03T16:00:00Z,1651593600021,0.00010000
2022-05-04T00:00:00Z,1651622400007,0.00010000
2022-05-04T08:00:00Z,1651651200011,0.00002504
2022-05-04T16:00:00Z,1651680000000,0.00010000
2022-05-05T00:00:00Z,1651708800005,0.00010000
2022-05-05T08:00:00Z,1651737600019,0.00010000
2022-05-05T16:00:00Z,1651766400005,0.00010000
2022-05-06T00:00:00Z,1651795200005,-0.00013460
2022-05-06T08:00:00Z,1651824000001,-0.00005734
2022-05-06T16:00:00Z,1651852800010,0.00004197
2022-05-07T00:00:00Z,1651881600004,-0.00005273
2022-05-07T08:00:00Z,1651910400016,0.00005998
2022-05-07T16:00:00Z,1651939200011,0.00000713
2022-05-08T00:00:00Z,1651968000000,-0.00002659
2022-05-08T08:00:00Z,1651996800007,0.00010000
2022-05-08T16:00:00Z,1652025600015,0.00010000
2022-05-09T00:00:00Z,1652054400000,0.00010000
2022-05-09T08:00:00Z,1652083200001,0.00010000
2022-05-09T16:00:00Z,1652112000000,0.00010000
2022-05-10T00:00:00Z,1652140800000,0.00010000
2022-05-10T08:00:00Z,1652169600007,0.00010000
2022-05-10T16:00:00Z,1652198400008,0.00010000
2022-05-11T00:00:00Z,1652227200004,0.00007580
2022-05-11T08:00:00Z,1652256000007,0.00006939
2022-05-11T16:00:00Z,1652284800008,-0.00003512
2022-05-12T00:00:00Z,1652313600014,-0.00018773
2022-05-12T08:00:00Z,1652342400000,-0.00041995
2022-05-12T16:00:00Z,1652371200007,-0.00014678
2022-05-13T00:00:00Z,1652400000014,-0.00007127
2022-05-13T08:00:00Z,1652428800001,-0.00000605
2022-05-13T16:00:00Z,1652457600000,0.00006045
2022-05-14T00:00:00Z,1652486400000,0.00010000
2022-05-14T08:00:00Z,1652515200000,0.00010000
2022-05-14T16:00:00Z,1652544000001,0.00010000
2022-05-15T00:00:00Z,1652572800000,0.00008290
2022-05-15T08:00:00Z,1652601600000,0.00010000
2022-05-15T16:00:00Z,1652630400000,0.00009053
2022-05-16T00:00:00Z,1652659200021,0.00010000
2022-05-16T08:00:00Z,1652688000013,0.00008883
2022-05-16T16:00:00Z,1652716800006,0.00004940
2022-05-17T00:00:00Z,1652745600000,0.00010000
2022-05-17T08:00:00Z,1652774400010,-0.00000710
2022-05-17T16:00:00Z,1652803200023,0.00004705
2022-05-18T00:00:00Z,1652832000003,-0.00006956
2022-05-18T08:00:00Z,1652860800024,-0.00005753
2022-05-18T16:00:00Z,1652889600014,0.00002893
2022-05-19T00:00:00Z,1652918400000,-0.00000341
2022-05-19T08:00:00Z,1652947200008,0.00005624
2022-05-19T16:00:00Z,1652976000015,0.00007465
2022-05-20T00:00:00Z,1653004800001,0.00010000
2022-05-20T08:00:00Z,1653033600003,0.00010000
2022-05-20T16:00:00Z,1653062400012,0.00010000
2022-05-21T00:00:00Z,1653091200008,-0.00000202
2022-05-21T08:00:00Z,1653120000001,-0.00002146
2022-05-21T16:00:00Z,1653148800007,0.00002549
2022-05-22T00:00:00Z,1653177600003,0.00002410
2022-05-22T08:00:00Z,1653206400016,-0.00003063
2022-05-22T16:00:00Z,1653235200000,0.00010000
2022-05-23T00:00:00Z,1653264000011,0.00010000
2022-05-23T08:00:00Z,1653292800000,0.00010000
2022-05-23T16:00:00Z,1653321600023,0.00010000
2022-05-24T00:00:00Z,1653350400011,-0.00012372
2022-05-24T08:00:00Z,1653379200000,-0.00000676
2022-05-24T16:00:00Z,1653408000009,0.00002892
2022-05-25T00:00:00Z,1653436800001,0.00003679
2022-05-25T08:00:00Z,1653465600000,0.00010000
2022-05-25T16:00:00Z,1653494400015,0.00010000
2022-05-26T00:00:00Z,1653523200005,0.00007516
2022-05-26T08:00:00Z,1653552000001,0.00010000
2022-05-26T16:00:00Z,1653580800000,0.00000721
2022-05-27T00:00:00Z,1653609600007,0.00010000
2022-05-27T08:00:00Z,1653638400008,0.00010000
2022-05-27T16:00:00Z,1653667200000,0.00010000
2022-05-28T00:00:00Z,1653696000018,0.00010000
2022-05-28T08:00:00Z,1653724800016,0.00008712
2022-05-28T16:00:00Z,1653753600013,0.00010000
2022-05-29T00:00:00Z,1653782400000,0.00010000
2022-05-29T08:00:00Z,1653811200025,0.00010000
2022-05-29T16:00:00Z,1653840000002,0.00010000
2022-05-30T00:00:00Z,1653868800000,0.00010000
2022-05-30T08:00:00Z,1653897600013,0.00010000
2022-05-30T16:00:00Z,1653926400005,0.00010000
2022-05-31T00:00:00Z,1653955200016,0.00010000
2022-05-31T08:00:00Z,1653984000000,0.00010000
2022-05-31T16:00:00Z,1654012800000,0.00010000
2022-06-01T00:00:00Z,1654041600000,0.00010000
2022-06-01T08:00:00Z,1654070400011,0.00010000
2022-06-01T16:00:00Z,1654099200000,0.00010000
2022-06-02T00:00:00Z,1654128000000,-0.00001452
2022-06-02T08:00:00Z,1654156800006,0.00002265
2022-06-02T16:00:00Z,1654185600021,0.00002107
2022-06-03T00:00:00Z,1654214400016,-0.00003378
2022-06-03T08:00:00Z,1654243200016,-0.00001456
2022-06-03T16:00:00Z,1654272000012,0.00006937
2022-06-04T00:00:00Z,1654300800005,0.00000270
2022-06-04T08:00:00Z,1654329600000,0.00004795
2022-06-04T16:00:00Z,1654358400007,0.00005506
2022-06-05T00:00:00Z,1654387200005,0.00004358
2022-06-05T08:00:00Z,1654416000015,0.00002828
2022-06-05T16:00:00Z,1654444800000,0.00004753
2022-06-06T00:00:00Z,1654473600000,0.00006036
2022-06-06T08:00:00Z,1654502400017,0.00009656
2022-06-06T16:00:00Z,1654531200000,0.00010000
2022-06-07T00:00:00Z,1654560000000,0.00010000
2022-06-07T08:00:00Z,1654588800011,-0.00010234
2022-06-07T16:00:00Z,1654617600000,-0.00003705
2022-06-08T00:00:00Z,1654646400008,0.00010000
2022-06-08T08:00:00Z,1654675200020,0.00010000
2022-06-08T16:00:00Z,1654704000012,0.00010000
2022-06-09T00:00:00Z,1654732800000,0.00010000
2022-06-09T08:00:00Z,1654761600000,0.00009106
2022-06-09T16:00:00Z,1654790400000,0.00010000
2022-06-10T00:00:00Z,1654819200009,0.00010000
2022-06-10T08:00:00Z,1654848000000,0.00009289
2022-06-10T16:00:00Z,1654876800006,0.00003503
2022-06-11T00:00:00Z,1654905600018,0.00001762
2022-06-11T08:00:00Z,1654934400014,0.00000379
2022-06-11T16:00:00Z,1654963200000,0.00006606
2022-06-12T00:00:00Z,1654992000015,0.00010000
2022-06-12T08:00:00Z,1655020800019,0.00000563
2022-06-12T16:00:00Z,1655049600010,0.00000439
2022-06-13T00:00:00Z,1655078400009,0.00005616
2022-06-13T08:00:00Z,1655107200000,-0.00003182
2022-06-13T16:00:00Z,1655136000007,-0.00000580
2022-06-14T00:00:00Z,1655164800013,0.00004088
2022-06-14T08:00:00Z,1655193600008,-0.00010037
2022-06-14T16:00:00Z,1655222400006,-0.00005186
2022-06-15T00:00:00Z,1655251200000,-0.00002077
2022-06-15T08:00:00Z,1655280000016,-0.00007240
2022-06-15T16:00:00Z,1655308800008,-0.00000666
2022-06-16T00:00:00Z,1655337600009,-0.00004114
2022-06-16T08:00:00Z,1655366400016,0.00004475
2022-06-16T16:00:00Z,1655395200000,-0.00005277
2022-06-17T00:00:00Z,1655424000008,-0.00002222
2022-06-17T08:00:00Z,1655452800003,-0.00009486
2022-06-17T16:00:00Z,1655481600000,0.00005092
2022-06-18T00:00:00Z,1655510400020,0.00007356
2022-06-18T08:00:00Z,1655539200025,0.00004575
2022-06-18T16:00:00Z,1655568000014,0.00005227
2022-06-19T00:00:00Z,1655596800012,0.00004243
2022-06-19T08:00:00Z,1655625600012,-0.00004559
2022-06-19T16:00:00Z,1655654400008,0.00007239
2022-06-20T00:00:00Z,1655683200016,0.00000873
2022-06-20T08:00:00Z,1655712000000,-0.00000540
2022-06-20T16:00:00Z,1655740800013,0.00006080
2022-06-21T00:00:00Z,1655769600012,0.00010000
2022-06-21T08:00:00Z,1655798400018,0.00004967
2022-06-21T16:00:00Z,1655827200010,0.00002028
2022-06-22T00:00:00Z,1655856000000,0.00000178
2022-06-22T08:00:00Z,1655884800001,-0.00002982
2022-06-22T16:00:00Z,1655913600012,-0.00001640
2022-06-23T00:00:00Z,1655942400000,-0.00000872
2022-06-23T08:00:00Z,1655971200000,-0.00001577
2022-06-23T16:00:00Z,1656000000016,-0.00002656
2022-06-24T00:00:00Z,1656028800005,0.00006006
2022-06-24T08:00:00Z,1656057600004,0.00010000
2022-06-24T16:00:00Z,1656086400018,0.00010000
2022-06-25T00:00:00Z,1656115200001,0.00002621
2022-06-25T08:00:00Z,1656144000010,0.00010000
2022-06-25T16:00:00Z,1656172800000,0.00010000
2022-06-26T00:00:00Z,1656201600002,0.00010000
2022-06-26T08:00:00Z,1656230400016,0.00010000
2022-06-26T16:00:00Z,1656259200006,0.00000669
2022-06-27T00:00:00Z,1656288000008,0.00007820
2022-06-27T08:00:00Z,1656316800000,0.00003533
2022-06-27T16:00:00Z,1656345600016,0.00006102
2022-06-28T00:00:00Z,1656374400016,-0.00002586
2022-06-28T08:00:00Z,1656403200001,-0.00005613
2022-06-28T16:00:00Z,1656432000005,0.00002435
2022-06-29T00:00:00Z,1656460800000,0.00004188
2022-06-29T08:00:00Z,1656489600013,0.00008335
2022-06-29T16:00:00Z,1656518400000,0.00005319
2022-06-30T00:00:00Z,1656547200000,0.00000324
2022-06-30T08:00:00Z,1656576000000,-0.00005159
2022-06-30T16:00:00Z,1656604800000,-0.00015879
2022-07-01T00:00:00Z,1656633600001,-0.00008786
2022-07-01T08:00:00Z,1656662400017,0.00003106
2022-07-01T16:00:00Z,1656691200005,-0.00008061
2022-07-02T00:00:00Z,1656720000000,-0.00002913
2022-07-02T08:00:00Z,1656748800000,0.00005218
2022-07-02T16:00:00Z,1656777600008,0.00002120
2022-07-03T00:00:00Z,1656806400015,0.00003570
2022-07-03T08:00:00Z,1656835200004,0.00004779
2022-07-03T16:00:00Z,1656864000005,0.00007251
2022-07-04T00:00:00Z,1656892800021,0.00007792
2022-07-04T08:00:00Z,1656921600001,0.00004630
2022-07-04T16:00:00Z,1656950400000,0.00002248
2022-07-05T00:00:00Z,1656979200000,0.00005291
2022-07-05T08:00:00Z,1657008000000,0.00010000
2022-07-05T16:00:00Z,1657036800015,0.00000120
2022-07-06T00:00:00Z,1657065600006,0.00010000
2022-07-06T08:00:00Z,1657094400000,0.00010000
2022-07-06T16:00:00Z,1657123200000,0.00008373
2022-07-07T00:00:00Z,1657152000010,0.00005274
2022-07-07T08:00:00Z,1657180800010,0.00010000
2022-07-07T16:00:00Z,1657209600011,0.00010000
2022-07-08T00:00:00Z,1657238400008,0.00000212
2022-07-08T08:00:00Z,1657267200009,0.00010000
2022-07-08T16:00:00Z,1657296000000,0.00010000
2022-07-09T00:00:00Z,1657324800000,0.00010000
2022-07-09T08:00:00Z,1657353600000,0.00010000
2022-07-09T16:00:00Z,1657382400009,0.00006143
2022-07-10T00:00:00Z,1657411200001,0.00009962
2022-07-10T08:00:00Z,1657440000002,0.00010000
2022-07-10T16:00:00Z,1657468800001,0.00010000
2022-07-11T00:00:00Z,1657497600000,0.00004543
2022-07-11T08:00:00Z,1657526400003,0.00007236
2022-07-11T16:00:00Z,1657555200001,0.00008500
2022-07-12T00:00:00Z,1657584000000,0.00008003
2022-07-12T08:00:00Z,1657612800021,0.00006433
2022-07-12T16:00:00Z,1657641600000,0.00002667
2022-07-13T00:00:00Z,1657670400012,-0.00001204
2022-07-13T08:00:00Z,1657699200022,0.00000617
2022-07-13T16:00:00Z,1657728000005,-0.00001218
2022-07-14T00:00:00Z,1657756800017,0.00000057
2022-07-14T08:00:00Z,1657785600001,0.00010000
2022-07-14T16:00:00Z,1657814400000,0.00003451
2022-07-15T00:00:00Z,1657843200004,0.00009257
2022-07-15T08:00:00Z,1657872000019,0.00001401
2022-07-15T16:00:00Z,1657900800017,0.00001601
2022-07-16T00:00:00Z,1657929600021,0.00006055
2022-07-16T08:00:00Z,1657958400014,0.00007996
2022-07-16T16:00:00Z,1657987200005,0.00000800
2022-07-17T00:00:00Z,1658016000000,0.00008038
2022-07-17T08:00:00Z,1658044800003,0.00010000
2022-07-17T16:00:00Z,1658073600007,0.00008709
2022-07-18T00:00:00Z,1658102400001,0.00010000
2022-07-18T08:00:00Z,1658131200004,0.00010000
2022-07-18T16:00:00Z,1658160000019,0.00010000
2022-07-19T00:00:00Z,1658188800000,0.00010000
2022-07-19T08:00:00Z,1658217600000,0.00010000
2022-07-19T16:00:00Z,1658246400001,0.00010000
2022-07-20T00:00:00Z,1658275200004,0.00010000
2022-07-20T08:00:00Z,1658304000000,0.00010000
2022-07-20T16:00:00Z,1658332800003,0.00008118
2022-07-21T00:00:00Z,1658361600000,0.00010000
2022-07-21T08:00:00Z,1658390400018,0.00010000
2022-07-21T16:00:00Z,1658419200011,0.00010000
2022-07-22T00:00:00Z,1658448000014,0.00010000
2022-07-22T08:00:00Z,1658476800000,0.00010000
2022-07-22T16:00:00Z,1658505600000,0.00005172
2022-07-23T00:00:00Z,1658534400004,0.00009043
2022-07-23T08:00:00Z,1658563200002,0.00001021
2022-07-23T16:00:00Z,1658592000001,0.00010000
2022-07-24T00:00:00Z,1658620800000,0.00003770
2022-07-24T08:00:00Z,1658649600011,0.00010000
2022-07-24T16:00:00Z,1658678400000,0.00008293
2022-07-25T00:00:00Z,1658707200000,0.00010000
2022-07-25T08:00:00Z,1658736000014,0.00001238
2022-07-25T16:00:00Z,1658764800006,0.00002319
2022-07-26T00:00:00Z,1658793600010,0.00010000
2022-07-26T08:00:00Z,1658822400000,0.00003654
2022-07-26T16:00:00Z,1658851200000,0.00008659
2022-07-27T00:00:00Z,1658880000008,0.00004591
2022-07-27T08:00:00Z,1658908800000,0.00005085
2022-07-27T16:00:00Z,1658937600003,0.00002951
2022-07-28T00:00:00Z,1658966400009,0.00009229
2022-07-28T08:00:00Z,1658995200008,0.00010000
2022-07-28T16:00:00Z,1659024000013,0.00010000
2022-07-29T00:00:00Z,1659052800000,0.00010000
2022-07-29T08:00:00Z,1659081600000,0.00010000
2022-07-29T16:00:00Z,1659110400000,0.00010000
2022-07-30T00:00:00Z,1659139200005,0.00010000
2022-07-30T08:00:00Z,1659168000009,0.00010000
2022-07-30T16:00:00Z,1659196800000,0.00010000
2022-07-31T00:00:00Z,1659225600022,0.00010000
2022-07-31T08:00:00Z,1659254400011,0.00010000
2022-07-31T16:00:00Z,1659283200019,0.00006281
2022-08-01T00:00:00Z,1659312000010,0.00010000
2022-08-01T08:00:00Z,1659340800019,0.00010000
2022-08-01T16:00:00Z,1659369600017,0.00006449
2022-08-02T00:00:00Z,1659398400000,0.00010000
2022-08-02T08:00:00Z,1659427200007,0.00009733
2022-08-02T16:00:00Z,1659456000014,0.00005885
2022-08-03T00:00:00Z,1659484800001,0.00000328
2022-08-03T08:00:00Z,1659513600020,-0.00003960
2022-08-03T16:00:00Z,1659542400008,0.00004382
2022-08-04T00:00:00Z,1659571200001,-0.00000191
2022-08-04T08:00:00Z,1659600000009,0.00001778
2022-08-04T16:00:00Z,1659628800015,0.00001436
2022-08-05T00:00:00Z,1659657600005,0.00001692
2022-08-05T08:00:00Z,1659686400000,0.00006774
2022-08-05T16:00:00Z,1659715200000,0.00002115
2022-08-06T00:00:00Z,1659744000021,0.00006888
2022-08-06T08:00:00Z,1659772800000,0.00008589
2022-08-06T16:00:00Z,1659801600015,0.00010000
2022-08-07T00:00:00Z,1659830400013,0.00010000
2022-08-07T08:00:00Z,1659859200000,-0.00000737
2022-08-07T16:00:00Z,1659888000014,0.00002401
2022-08-08T00:00:00Z,1659916800009,0.00010000
2022-08-08T08:00:00Z,1659945600006,0.00002790
2022-08-08T16:00:00Z,1659974400000,0.00010000
2022-08-09T00:00:00Z,1660003200020,0.00010000
2022-08-09T08:00:00Z,1660032000000,0.00007920
2022-08-09T16:00:00Z,1660060800000,0.00010000
2022-08-10T00:00:00Z,1660089600000,-0.00001314
2022-08-10T08:00:00Z,1660118400016,0.00000581
2022-08-10T16:00:00Z,1660147200018,0.00009440
2022-08-11T00:00:00Z,1660176000012,0.00007206
2022-08-11T08:00:00Z,1660204800000,0.00010000
2022-08-11T16:00:00Z,1660233600000,0.00004911
2022-08-12T00:00:00Z,1660262400006,0.00009024
2022-08-12T08:00:00Z,1660291200000,0.00001412
2022-08-12T16:00:00Z,1660320000005,-0.00003384
2022-08-13T00:00:00Z,1660348800012,-0.00003559
2022-08-13T08:00:00Z,1660377600006,0.00008455
2022-08-13T16:00:00Z,1660406400018,0.00002154
2022-08-14T00:00:00Z,1660435200000,0.00002396
2022-08-14T08:00:00Z,1660464000000,-0.00000333
2022-08-14T16:00:00Z,1660492800000,0.00001239
2022-08-15T00:00:00Z,1660521600010,-0.00003766
2022-08-15T08:00:00Z,1660550400002,0.00001077
2022-08-15T16:00:00Z,1660579200010,-0.00001339
2022-08-16T00:00:00Z,1660608000010,0.00003243
2022-08-16T08:00:00Z,1660636800002,0.00000156
2022-08-16T16:00:00Z,1660665600000,0.00002870
2022-08-17T00:00:00Z,1660694400020,0.00000466
2022-08-17T08:00:00Z,1660723200016,0.00000262
2022-08-17T16:00:00Z,1660752000001,0.00009364
2022-08-18T00:00:00Z,1660780800005,0.00008391
2022-08-18T08:00:00Z,1660809600012,0.00010000
2022-08-18T16:00:00Z,1660838400013,0.00007171
2022-08-19T00:00:00Z,1660867200000,0.00010000
2022-08-19T08:00:00Z,1660896000000,0.00002108
2022-08-19T16:00:00Z,1660924800009,-0.00006746
2022-08-20T00:00:00Z,1660953600000,0.00001070
2022-08-20T08:00:00Z,1660982400005,-0.00006722
2022-08-20T16:00:00Z,1661011200000,-0.00004567
2022-08-21T00:00:00Z,1661040000010,-0.00001957
2022-08-21T08:00:00Z,1661068800013,-0.00003589
2022-08-21T16:00:00Z,1661097600000,-0.00003234
2022-08-22T00:00:00Z,1661126400011,-0.00008092
2022-08-22T08:00:00Z,1661155200005,-0.00003215
2022-08-22T16:00:00Z,1661184000005,0.00004021
2022-08-23T00:00:00Z,1661212800000,-0.00003345
2022-08-23T08:00:00Z,1661241600021,-0.00004031
2022-08-23T16:00:00Z,1661270400005,0.00000846
2022-08-24T00:00:00Z,1661299200017,0.00002509
2022-08-24T08:00:00Z,1661328000021,-0.00004353
2022-08-24T16:00:00Z,1661356800000,-0.00003538
2022-08-25T00:00:00Z,1661385600003,0.00000128
2022-08-25T08:00:00Z,1661414400000,0.00001547
2022-08-25T16:00:00Z,1661443200004,0.00004481
2022-08-26T00:00:00Z,1661472000001,-0.00001707
2022-08-26T08:00:00Z,1661500800004,0.00003207
2022-08-26T16:00:00Z,1661529600000,0.00002599
2022-08-27T00:00:00Z,1661558400010,-0.00002808
2022-08-27T08:00:00Z,1661587200007,-0.00006290
2022-08-27T16:00:00Z,1661616000008,-0.00004396
2022-08-28T00:00:00Z,1661644800019,-0.00001396
2022-08-28T08:00:00Z,1661673600000,-0.00008758
2022-08-28T16:00:00Z,1661702400000,-0.00002443
2022-08-29T00:00:00Z,1661731200000,-0.00013623
2022-08-29T08:00:00Z,1661760000000,-0.00010056
2022-08-29T16:00:00Z,1661788800001,-0.00006193
2022-08-30T00:00:00Z,1661817600001,0.00001123
2022-08-30T08:00:00Z,1661846400005,-0.00003356
2022-08-30T16:00:00Z,1661875200010,-0.00005903
2022-08-31T00:00:00Z,1661904000000,-0.00002089
2022-08-31T08:00:00Z,1661932800005,0.00005779
2022-08-31T16:00:00Z,1661961600013,0.00004950
2022-09-01T00:00:00Z,1661990400012,0.00009390
2022-09-01T08:00:00Z,1662019200000,0.00002266
2022-09-01T16:00:00Z,1662048000013,0.00003630
2022-09-02T00:00:00Z,1662076800002,0.00002498
2022-09-02T08:00:00Z,1662105600013,0.00004905
2022-09-02T16:00:00Z,1662134400000,0.00004443
2022-09-03T00:00:00Z,1662163200000,-0.00000199
2022-09-03T08:00:00Z,1662192000002,0.00009442
2022-09-03T16:00:00Z,1662220800007,0.00001115
2022-09-04T00:00:00Z,1662249600008,0.00000588
2022-09-04T08:00:00Z,1662278400009,0.00005463
2022-09-04T16:00:00Z,1662307200000,0.00002119
2022-09-05T00:00:00Z,1662336000015,0.00008292
2022-09-05T08:00:00Z,1662364800013,-0.00000737
2022-09-05T16:00:00Z,1662393600007,0.00004712
2022-09-06T00:00:00Z,1662422400018,-0.00000245
2022-09-06T08:00:00Z,1662451200020,0.00000343
2022-09-06T16:00:00Z,1662480000028,0.00003473
2022-09-07T00:00:00Z,1662508800013,-0.00008601
2022-09-07T08:00:00Z,1662537600022,0.00002729
2022-09-07T16:00:00Z,1662566400021,-0.00003480
2022-09-08T00:00:00Z,1662595200010,0.00000620
2022-09-08T08:00:00Z,1662624000000,0.00003327
2022-09-08T16:00:00Z,1662652800003,0.00005667
2022-09-09T00:00:00Z,1662681600011,0.00001312
2022-09-09T08:00:00Z,1662710400000,0.00010000
2022-09-09T16:00:00Z,1662739200000,0.00010000
2022-09-10T00:00:00Z,1662768000003,0.00010000
2022-09-10T08:00:00Z,1662796800000,0.00009764
2022-09-10T16:00:00Z,1662825600012,0.00010000
2022-09-11T00:00:00Z,1662854400009,0.00007115
2022-09-11T08:00:00Z,1662883200012,0.00010000
2022-09-11T16:00:00Z,1662912000005,0.00006712
2022-09-12T00:00:00Z,1662940800007,0.00010000
2022-09-12T08:00:00Z,1662969600013,0.00008246
2022-09-12T16:00:00Z,1662998400000,0.00010000
2022-09-13T00:00:00Z,1663027200004,0.00009965
2022-09-13T08:00:00Z,1663056000000,0.00010000
2022-09-13T16:00:00Z,1663084800000,0.00010000
2022-09-14T00:00:00Z,1663113600000,-0.00003953
2022-09-14T08:00:00Z,1663142400000,0.00000727
2022-09-14T16:00:00Z,1663171200000,0.00001004
2022-09-15T00:00:00Z,1663200000019,0.00000324
2022-09-15T08:00:00Z,1663228800012,0.00010000
2022-09-15T16:00:00Z,1663257600007,0.00000813
2022-09-16T00:00:00Z,1663286400000,0.00008055
2022-09-16T08:00:00Z,1663315200000,0.00004349
2022-09-16T16:00:00Z,1663344000000,0.00002919
2022-09-17T00:00:00Z,1663372800000,0.00003024
2022-09-17T08:00:00Z,1663401600012,0.00004336
2022-09-17T16:00:00Z,1663430400017,0.00001467
2022-09-18T00:00:00Z,1663459200000,0.00006428
2022-09-18T08:00:00Z,1663488000004,0.00007820
2022-09-18T16:00:00Z,1663516800000,0.00003564
2022-09-19T00:00:00Z,1663545600018,0.00003581
2022-09-19T08:00:00Z,1663574400006,-0.00009289
2022-09-19T16:00:00Z,1663603200010,0.00000600
2022-09-20T00:00:00Z,1663632000007,0.00007813
2022-09-20T08:00:00Z,1663660800001,0.00005855
2022-09-20T16:00:00Z,1663689600000,0.00001721
2022-09-21T00:00:00Z,1663718400001,0.00005185
2022-09-21T08:00:00Z,1663747200005,0.00001478
2022-09-21T16:00:00Z,1663776000000,0.00002732
2022-09-22T00:00:00Z,1663804800000,-0.00011779
2022-09-22T08:00:00Z,1663833600000,-0.00006911
2022-09-22T16:00:00Z,1663862400011,0.00007743
2022-09-23T00:00:00Z,1663891200023,0.00007261
2022-09-23T08:00:00Z,1663920000004,0.00002959
2022-09-23T16:00:00Z,1663948800005,-0.00005008
2022-09-24T00:00:00Z,1663977600000,0.00002947
2022-09-24T08:00:00Z,1664006400005,0.00001676
2022-09-24T16:00:00Z,1664035200000,0.00005345
2022-09-25T00:00:00Z,1664064000010,0.00000999
2022-09-25T08:00:00Z,1664092800000,0.00003653
2022-09-25T16:00:00Z,1664121600003,0.00002593
2022-09-26T00:00:00Z,1664150400001,-0.00000660
2022-09-26T08:00:00Z,1664179200006,0.00003696
2022-09-26T16:00:00Z,1664208000000,0.00004497
2022-09-27T00:00:00Z,1664236800026,0.00002244
2022-09-27T08:00:00Z,1664265600004,0.00010000
2022-09-27T16:00:00Z,1664294400006,0.00008538
2022-09-28T00:00:00Z,1664323200011,0.00001141
2022-09-28T08:00:00Z,1664352000000,-0.00001071
2022-09-28T16:00:00Z,1664380800000,0.00005332
2022-09-29T00:00:00Z,1664409600010,0.00005681
2022-09-29T08:00:00Z,1664438400000,0.00007641
2022-09-29T16:00:00Z,1664467200000,0.00006685
2022-09-30T00:00:00Z,1664496000006,0.00010000
2022-09-30T08:00:00Z,1664524800002,0.00010000
2022-09-30T16:00:00Z,1664553600007,0.00010000
2022-10-01T00:00:00Z,1664582400008,0.00003198
2022-10-01T08:00:00Z,1664611200011,0.00010000
2022-10-01T16:00:00Z,1664640000000,0.00007005
2022-10-02T00:00:00Z,1664668800000,0.00004262
2022-10-02T08:00:00Z,1664697600000,0.00005816
2022-10-02T16:00:00Z,1664726400006,0.00005384
2022-10-03T00:00:00Z,1664755200000,0.00003996
2022-10-03T08:00:00Z,1664784000014,0.00008316
2022-10-03T16:00:00Z,1664812800010,0.00010000
2022-10-04T00:00:00Z,1664841600006,0.00010000
2022-10-04T08:00:00Z,1664870400004,0.00010000
2022-10-04T16:00:00Z,1664899200013,0.00010000
2022-10-05T00:00:00Z,1664928000000,0.00010000
2022-10-05T08:00:00Z,1664956800000,0.00010000
2022-10-05T16:00:00Z,1664985600012,0.00010000
2022-10-06T00:00:00Z,1665014400008,0.00010000
2022-10-06T08:00:00Z,1665043200002,0.00010000
2022-10-06T16:00:00Z,1665072000006,0.00010000
2022-10-07T00:00:00Z,1665100800000,0.00010000
2022-10-07T08:00:00Z,1665129600000,0.00010000
2022-10-07T16:00:00Z,1665158400007,0.00007513
2022-10-08T00:00:00Z,1665187200010,0.00003850
2022-10-08T08:00:00Z,1665216000004,0.00007345
2022-10-08T16:00:00Z,1665244800018,0.00004149
2022-10-09T00:00:00Z,1665273600000,0.00003246
2022-10-09T08:00:00Z,1665302400007,0.00001776
2022-10-09T16:00:00Z,1665331200011,0.00001951
2022-10-10T00:00:00Z,1665360000018,0.00006241
2022-10-10T08:00:00Z,1665388800000,0.00006069
2022-10-10T16:00:00Z,1665417600026,0.00010000
2022-10-11T00:00:00Z,1665446400020,0.00010000
2022-10-11T08:00:00Z,1665475200027,0.00010000
2022-10-11T16:00:00Z,1665504000000,0.00010000
2022-10-12T00:00:00Z,1665532800014,0.00010000
2022-10-12T08:00:00Z,1665561600000,0.00010000
2022-10-12T16:00:00Z,1665590400000,0.00010000
2022-10-13T00:00:00Z,1665619200013,0.00007466
2022-10-13T08:00:00Z,1665648000016,0.00010000
2022-10-13T16:00:00Z,1665676800009,0.00003936
2022-10-14T00:00:00Z,1665705600020,0.00003235
2022-10-14T08:00:00Z,1665734400000,0.00010000
2022-10-14T16:00:00Z,1665763200009,0.00008395
2022-10-15T00:00:00Z,1665792000001,0.00004317
2022-10-15T08:00:00Z,1665820800005,0.00003772
2022-10-15T16:00:00Z,1665849600004,0.00004563
2022-10-16T00:00:00Z,1665878400012,0.00002735
2022-10-16T08:00:00Z,1665907200000,0.00000461
2022-10-16T16:00:00Z,1665936000010,0.00003394
2022-10-17T00:00:00Z,1665964800012,0.00000331
2022-10-17T08:00:00Z,1665993600010,0.00004840
2022-10-17T16:00:00Z,1666022400017,0.00006458
2022-10-18T00:00:00Z,1666051200010,0.00010000
2022-10-18T08:00:00Z,1666080000008,0.00010000
2022-10-18T16:00:00Z,1666108800000,0.00010000
2022-10-19T00:00:00Z,1666137600007,0.00007598
2022-10-19T08:00:00Z,1666166400022,0.00010000
2022-10-19T16:00:00Z,1666195200016,0.00010000
2022-10-20T00:00:00Z,1666224000000,0.00010000
2022-10-20T08:00:00Z,1666252800013,0.00006021
2022-10-20T16:00:00Z,1666281600000,0.00002095
2022-10-21T00:00:00Z,1666310400005,0.00004708
2022-10-21T08:00:00Z,1666339200018,0.00004483
2022-10-21T16:00:00Z,1666368000000,-0.00000890
2022-10-22T00:00:00Z,1666396800000,0.00003721
2022-10-22T08:00:00Z,1666425600015,0.00008360
2022-10-22T16:00:00Z,1666454400000,-0.00000319
2022-10-23T00:00:00Z,1666483200025,0.00004152
2022-10-23T08:00:00Z,1666512000000,0.00001171
2022-10-23T16:00:00Z,1666540800004,0.00005174
2022-10-24T00:00:00Z,1666569600009,0.00010000
2022-10-24T08:00:00Z,1666598400012,0.00010000
2022-10-24T16:00:00Z,1666627200002,0.00002328
2022-10-25T00:00:00Z,1666656000013,0.00004327
2022-10-25T08:00:00Z,1666684800013,0.00009019
2022-10-25T16:00:00Z,1666713600000,-0.00000166
2022-10-26T00:00:00Z,1666742400006,0.00002243
2022-10-26T08:00:00Z,1666771200013,0.00005665
2022-10-26T16:00:00Z,1666800000000,0.00006122
2022-10-27T00:00:00Z,1666828800009,0.00000013
2022-10-27T08:00:00Z,1666857600006,-0.00002276
2022-10-27T16:00:00Z,1666886400009,0.00001376
2022-10-28T00:00:00Z,1666915200000,-0.00001228
2022-10-28T08:00:00Z,1666944000000,0.00003541
2022-10-28T16:00:00Z,1666972800007,-0.00002629
2022-10-29T00:00:00Z,1667001600000,0.00002484
2022-10-29T08:00:00Z,1667030400003,0.00004755
2022-10-29T16:00:00Z,1667059200010,0.00004205
2022-10-30T00:00:00Z,1667088000000,-0.00002515
2022-10-30T08:00:00Z,1667116800013,0.00003212
2022-10-30T16:00:00Z,1667145600009,0.00005135
2022-10-31T00:00:00Z,1667174400012,0.00001504
2022-10-31T08:00:00Z,1667203200000,0.00003842
2022-10-31T16:00:00Z,1667232000010,-0.00000434
2022-11-01T00:00:00Z,1667260800000,0.00000722
2022-11-01T08:00:00Z,1667289600000,-0.00001088
2022-11-01T16:00:00Z,1667318400000,0.00001302
2022-11-02T00:00:00Z,1667347200000,0.00004787
2022-11-02T08:00:00Z,1667376000000,0.00001203
2022-11-02T16:00:00Z,1667404800019,0.00006046
2022-11-03T00:00:00Z,1667433600011,0.00002680
2022-11-03T08:00:00Z,1667462400016,0.00000440
2022-11-03T16:00:00Z,1667491200005,0.00006940
2022-11-04T00:00:00Z,1667520000000,0.00004429
2022-11-04T08:00:00Z,1667548800004,0.00001148
2022-11-04T16:00:00Z,1667577600020,0.00006899
2022-11-05T00:00:00Z,1667606400009,0.00004409
2022-11-05T08:00:00Z,1667635200007,0.00004541
2022-11-05T16:00:00Z,1667664000018,0.00010000
2022-11-06T00:00:00Z,1667692800009,0.00006491
2022-11-06T08:00:00Z,1667721600000,0.00009732
2022-11-06T16:00:00Z,1667750400010,0.00006866
2022-11-07T00:00:00Z,1667779200012,0.00007813
2022-11-07T08:00:00Z,1667808000014,0.00010000
2022-11-07T16:00:00Z,1667836800006,0.00010000
2022-11-08T00:00:00Z,1667865600000,0.00006515
2022-11-08T08:00:00Z,1667894400001,-0.00000788
2022-11-08T16:00:00Z,1667923200005,0.00009446
2022-11-09T00:00:00Z,1667952000000,-0.00013884
2022-11-09T08:00:00Z,1667980800013,0.00007305
2022-11-09T16:00:00Z,1668009600004,-0.00032976
2022-11-10T00:00:00Z,1668038400006,-0.00119172
2022-11-10T08:00:00Z,1668067200000,-0.00111953
2022-11-10T16:00:00Z,1668096000015,-0.00023833
2022-11-11T00:00:00Z,1668124800000,-0.00019452
2022-11-11T08:00:00Z,1668153600015,-0.00007277
2022-11-11T16:00:00Z,1668182400027,-0.00005802
2022-11-12T00:00:00Z,1668211200007,0.00005300
2022-11-12T08:00:00Z,1668240000016,-0.00002406
2022-11-12T16:00:00Z,1668268800000,0.00006521
2022-11-13T00:00:00Z,1668297600004,0.00000333
2022-11-13T08:00:00Z,1668326400000,-0.00007357
2022-11-13T16:00:00Z,1668355200017,0.00002816
2022-11-14T00:00:00Z,1668384000000,-0.00003809
2022-11-14T08:00:00Z,1668412800000,-0.00007645
2022-11-14T16:00:00Z,1668441600000,-0.00001132
2022-11-15T00:00:00Z,1668470400014,-0.00010925
2022-11-15T08:00:00Z,1668499200009,-0.00017664
2022-11-15T16:00:00Z,1668528000010,0.00002275
2022-11-16T00:00:00Z,1668556800011,-0.00013216
2022-11-16T08:00:00Z,1668585600004,0.00001121
2022-11-16T16:00:00Z,1668614400008,-0.00006617
2022-11-17T00:00:00Z,1668643200000,-0.00004542
2022-11-17T08:00:00Z,1668672000000,-0.00005138
2022-11-17T16:00:00Z,1668700800006,-0.00002701
2022-11-18T00:00:00Z,1668729600004,-0.00002836
2022-11-18T08:00:00Z,1668758400016,0.00002398
2022-11-18T16:00:00Z,1668787200000,0.00000955
2022-11-19T00:00:00Z,1668816000000,0.00005556
2022-11-19T08:00:00Z,1668844800004,0.00007897
2022-11-19T16:00:00Z,1668873600024,-0.00001169
2022-11-20T00:00:00Z,1668902400015,-0.00000779
2022-11-20T08:00:00Z,1668931200004,0.00003552
2022-11-20T16:00:00Z,1668960000000,-0.00000979
2022-11-21T00:00:00Z,1668988800006,0.00007898
2022-11-21T08:00:00Z,1669017600015,-0.00001218
2022-11-21T16:00:00Z,1669046400000,0.00002302
2022-11-22T00:00:00Z,1669075200000,-0.00007485
2022-11-22T08:00:00Z,1669104000000,0.00002033
2022-11-22T16:00:00Z,1669132800000,0.00007881
2022-11-23T00:00:00Z,1669161600000,0.00009406
2022-11-23T08:00:00Z,1669190400011,0.00010000
2022-11-23T16:00:00Z,1669219200014,-0.00000390
2022-11-24T00:00:00Z,1669248000007,0.00005420
2022-11-24T08:00:00Z,1669276800014,0.00002012
2022-11-24T16:00:00Z,1669305600013,0.00006272
2022-11-25T00:00:00Z,1669334400004,0.00002058
2022-11-25T08:00:00Z,1669363200015,0.00000461
2022-11-25T16:00:00Z,1669392000000,0.00001329
2022-11-26T00:00:00Z,1669420800011,0.00003859
2022-11-26T08:00:00Z,1669449600000,-0.00002455
2022-11-26T16:00:00Z,1669478400000,0.00003523
2022-11-27T00:00:00Z,1669507200012,0.00001063
2022-11-27T08:00:00Z,1669536000000,-0.00003066
2022-11-27T16:00:00Z,1669564800003,0.00003784
2022-11-28T00:00:00Z,1669593600015,0.00002303
2022-11-28T08:00:00Z,1669622400004,0.00000536
2022-11-28T16:00:00Z,1669651200011,0.00000021
2022-11-29T00:00:00Z,1669680000000,0.00004760
2022-11-29T08:00:00Z,1669708800015,-0.00000385
2022-11-29T16:00:00Z,1669737600000,0.00004171
2022-11-30T00:00:00Z,1669766400007,0.00003404
2022-11-30T08:00:00Z,1669795200000,0.00004038
2022-11-30T16:00:00Z,1669824000015,0.00009511
2022-12-01T00:00:00Z,1669852800001,0.00001029
2022-12-01T08:00:00Z,1669881600006,-0.00005001
2022-12-01T16:00:00Z,1669910400000,0.00010000
2022-12-02T00:00:00Z,1669939200001,0.00008203
2022-12-02T08:00:00Z,1669968000016,0.00002825
2022-12-02T16:00:00Z,1669996800017,-0.00003753
2022-12-03T00:00:00Z,1670025600006,0.00003302
2022-12-03T08:00:00Z,1670054400000,0.00005123
2022-12-03T16:00:00Z,1670083200011,0.00010000
2022-12-04T00:00:00Z,1670112000006,0.00006174
2022-12-04T08:00:00Z,1670140800000,0.00006437
2022-12-04T16:00:00Z,1670169600006,0.00004581
2022-12-05T00:00:00Z,1670198400002,0.00000054
2022-12-05T08:00:00Z,1670227200011,-0.00004218
2022-12-05T16:00:00Z,1670256000008,0.00004603
2022-12-06T00:00:00Z,1670284800014,0.00002206
2022-12-06T08:00:00Z,1670313600027,0.00004118
2022-12-06T16:00:00Z,1670342400009,0.00002305
2022-12-07T00:00:00Z,1670371200000,0.00007887
2022-12-07T08:00:00Z,1670400000000,0.00000658
2022-12-07T16:00:00Z,1670428800000,-0.00001492
2022-12-08T00:00:00Z,1670457600006,0.00001183
2022-12-08T08:00:00Z,1670486400000,0.00002152
2022-12-08T16:00:00Z,1670515200014,0.00000167
2022-12-09T00:00:00Z,1670544000017,0.00001178
2022-12-09T08:00:00Z,1670572800005,0.00004007
2022-12-09T16:00:00Z,1670601600000,0.00003198
2022-12-10T00:00:00Z,1670630400009,-0.00001669
2022-12-10T08:00:00Z,1670659200010,-0.00000687
2022-12-10T16:00:00Z,1670688000001,0.00001711
2022-12-11T00:00:00Z,1670716800011,0.00000929
2022-12-11T08:00:00Z,1670745600007,0.00000873
2022-12-11T16:00:00Z,1670774400011,0.00000692
2022-12-12T00:00:00Z,1670803200000,0.00002406
2022-12-12T08:00:00Z,1670832000004,0.00002638
2022-12-12T16:00:00Z,1670860800000,-0.00001670
2022-12-13T00:00:00Z,1670889600000,0.00003003
2022-12-13T08:00:00Z,1670918400018,0.00001971
2022-12-13T16:00:00Z,1670947200011,0.00010000
2022-12-14T00:00:00Z,1670976000010,0.00010000
2022-12-14T08:00:00Z,1671004800015,0.00010000
2022-12-14T16:00:00Z,1671033600004,0.00010000
2022-12-15T00:00:00Z,1671062400000,0.00010000
2022-12-15T08:00:00Z,1671091200023,0.00010000
2022-12-15T16:00:00Z,1671120000010,0.00005180
2022-12-16T00:00:00Z,1671148800016,0.00004842
2022-12-16T08:00:00Z,1671177600011,0.00005706
2022-12-16T16:00:00Z,1671206400001,-0.00001987
2022-12-17T00:00:00Z,1671235200001,0.00002013
2022-12-17T08:00:00Z,1671264000011,0.00007810
2022-12-17T16:00:00Z,1671292800011,0.00009707
2022-12-18T00:00:00Z,1671321600008,0.00006274
2022-12-18T08:00:00Z,1671350400001,0.00006828
2022-12-18T16:00:00Z,1671379200012,-0.00000647
2022-12-19T00:00:00Z,1671408000000,0.00006468
2022-12-19T08:00:00Z,1671436800000,0.00003493
2022-12-19T16:00:00Z,1671465600000,0.00004496
2022-12-20T00:00:00Z,1671494400005,0.00005611
2022-12-20T08:00:00Z,1671523200016,-0.00000012
2022-12-20T16:00:00Z,1671552000000,0.00003401
2022-12-21T00:00:00Z,1671580800007,0.00003778
2022-12-21T08:00:00Z,1671609600012,0.00007742
2022-12-21T16:00:00Z,1671638400017,0.00007582
2022-12-22T00:00:00Z,1671667200004,0.00002918
2022-12-22T08:00:00Z,1671696000000,0.00008167
2022-12-22T16:00:00Z,1671724800001,0.00007198
2022-12-23T00:00:00Z,1671753600018,0.00010000
2022-12-23T08:00:00Z,1671782400000,0.00010000
2022-12-23T16:00:00Z,1671811200000,0.00008903
2022-12-24T00:00:00Z,1671840000001,0.00010000
2022-12-24T08:00:00Z,1671868800007,0.00004748
2022-12-24T16:00:00Z,1671897600008,0.00006222
2022-12-25T00:00:00Z,1671926400000,0.00000521
2022-12-25T08:00:00Z,1671955200013,0.00001855
2022-12-25T16:00:00Z,1671984000000,0.00003060
2022-12-26T00:00:00Z,1672012800001,0.00003319
2022-12-26T08:00:00Z,1672041600000,-0.00005064
2022-12-26T16:00:00Z,1672070400005,0.00002871
2022-12-27T00:00:00Z,1672099200005,0.00008655
2022-12-27T08:00:00Z,1672128000010,0.00001102
2022-12-27T16:00:00Z,1672156800006,0.00001951
2022-12-28T00:00:00Z,1672185600010,0.00004252
2022-12-28T08:00:00Z,1672214400010,0.00009764
2022-12-28T16:00:00Z,1672243200010,0.00002111
2022-12-29T00:00:00Z,1672272000011,0.00009985
2022-12-29T08:00:00Z,1672300800000,0.00008532
2022-12-29T16:00:00Z,1672329600008,0.00010000
2022-12-30T00:00:00Z,1672358400000,0.00010000
2022-12-30T08:00:00Z,1672387200000,0.00007132
2022-12-30T16:00:00Z,1672416000000,0.00010000
2022-12-31T00:00:00Z,1672444800014,0.00010000
2022-12-31T08:00:00Z,1672473600000,0.00010000
2022-12-31T16:00:00Z,1672502400000,0.00010000
2023-01-01T00:00:00Z,1672531200000,0.00010000
2023-01-01T08:00:00Z,1672560000008,0.00010000
2023-01-01T16:00:00Z,1672588800000,0.00000691
2023-01-02T00:00:00Z,1672617600000,-0.00001488
2023-01-02T08:00:00Z,1672646400008,-0.00004356
2023-01-02T16:00:00Z,1672675200015,0.00002670
2023-01-03T00:00:00Z,1672704000003,0.00010000
2023-01-03T08:00:00Z,1672732800018,0.00008977
2023-01-03T16:00:00Z,1672761600000,0.00003322
2023-01-04T00:00:00Z,1672790400000,0.00006489
2023-01-04T08:00:00Z,1672819200016,0.00003388
2023-01-04T16:00:00Z,1672848000011,0.00004931
2023-01-05T00:00:00Z,1672876800009,0.00005417
2023-01-05T08:00:00Z,1672905600011,0.00004436
2023-01-05T16:00:00Z,1672934400000,0.00007264
2023-01-06T00:00:00Z,1672963200005,0.00005587
2023-01-06T08:00:00Z,1672992000001,0.00006591
2023-01-06T16:00:00Z,1673020800000,0.00008658
2023-01-07T00:00:00Z,1673049600006,0.00002508
2023-01-07T08:00:00Z,1673078400017,0.00000671
2023-01-07T16:00:00Z,1673107200000,0.00010000
2023-01-08T00:00:00Z,1673136000015,0.00005657
2023-01-08T08:00:00Z,1673164800000,0.00010000
2023-01-08T16:00:00Z,1673193600010,0.00007452
2023-01-09T00:00:00Z,1673222400003,0.00005796
2023-01-09T08:00:00Z,1673251200000,-0.00000666
2023-01-09T16:00:00Z,1673280000006,0.00000905
2023-01-10T00:00:00Z,1673308800003,0.00002417
2023-01-10T08:00:00Z,1673337600021,0.00009685
2023-01-10T16:00:00Z,1673366400000,0.00003129
2023-01-11T00:00:00Z,1673395200011,0.00002761
2023-01-11T08:00:00Z,1673424000006,0.00002477
2023-01-11T16:00:00Z,1673452800004,-0.00000211
2023-01-12T00:00:00Z,1673481600000,0.00007549
2023-01-12T08:00:00Z,1673510400000,0.00010000
2023-01-12T16:00:00Z,1673539200000,0.00010000
2023-01-13T00:00:00Z,1673568000004,0.00010000
2023-01-13T08:00:00Z,1673596800000,0.00010000
2023-01-13T16:00:00Z,1673625600018,0.00007160
2023-01-14T00:00:00Z,1673654400000,0.00008746
2023-01-14T08:00:00Z,1673683200001,0.00045847
2023-01-14T16:00:00Z,1673712000000,0.00010000
2023-01-15T00:00:00Z,1673740800010,0.00013712
2023-01-15T08:00:00Z,1673769600002,0.00012434
2023-01-15T16:00:00Z,1673798400000,0.00019892
2023-01-16T00:00:00Z,1673827200010,0.00010000
2023-01-16T08:00:00Z,1673856000007,0.00010000
2023-01-16T16:00:00Z,1673884800000,0.00010000
2023-01-17T00:00:00Z,1673913600004,0.00010000
2023-01-17T08:00:00Z,1673942400005,0.00010000
2023-01-17T16:00:00Z,1673971200001,0.00010000
2023-01-18T00:00:00Z,1674000000008,0.00010000
2023-01-18T08:00:00Z,1674028800009,0.00010000
2023-01-18T16:00:00Z,1674057600017,0.00010000
2023-01-19T00:00:00Z,1674086400000,0.00010000
2023-01-19T08:00:00Z,1674115200015,0.00010000
2023-01-19T16:00:00Z,1674144000012,0.00010000
2023-01-20T00:00:00Z,1674172800000,0.00010000
2023-01-20T08:00:00Z,1674201600000,0.00010000
2023-01-20T16:00:00Z,1674230400000,0.00010000
2023-01-21T00:00:00Z,1674259200013,0.00010000
2023-01-21T08:00:00Z,1674288000001,0.00010000
2023-01-21T16:00:00Z,1674316800016,0.00010000
2023-01-22T00:00:00Z,1674345600000,0.00010000
2023-01-22T08:00:00Z,1674374400000,0.00010000
2023-01-22T16:00:00Z,1674403200023,0.00010000
2023-01-23T00:00:00Z,1674432000014,0.00010000
2023-01-23T08:00:00Z,1674460800014,0.00010000
2023-01-23T16:00:00Z,1674489600016,0.00010000
2023-01-24T00:00:00Z,1674518400008,0.00010000
2023-01-24T08:00:00Z,1674547200008,0.00010000
2023-01-24T16:00:00Z,1674576000000,0.00010000
2023-01-25T00:00:00Z,1674604800012,0.00010000
2023-01-25T08:00:00Z,1674633600000,0.00010000
2023-01-25T16:00:00Z,1674662400010,0.00010000
2023-01-26T00:00:00Z,1674691200010,0.00010000
2023-01-26T08:00:00Z,1674720000003,0.00010000
2023-01-26T16:00:00Z,1674748800020,0.00010000
2023-01-27T00:00:00Z,1674777600008,0.00010000
2023-01-27T08:00:00Z,1674806400000,0.00009541
2023-01-27T16:00:00Z,1674835200000,0.00010000
2023-01-28T00:00:00Z,1674864000009,0.00010000
2023-01-28T08:00:00Z,1674892800018,0.00010000
2023-01-28T16:00:00Z,1674921600005,0.00010000
2023-01-29T00:00:00Z,1674950400011,0.00010000
2023-01-29T08:00:00Z,1674979200000,0.00010000
2023-01-29T16:00:00Z,1675008000008,0.00010000
2023-01-30T00:00:00Z,1675036800001,0.00010000
2023-01-30T08:00:00Z,1675065600000,0.00010000
2023-01-30T16:00:00Z,1675094400000,0.00010000
2023-01-31T00:00:00Z,1675123200005,0.00010000
2023-01-31T08:00:00Z,1675152000000,0.00010000
2023-01-31T16:00:00Z,1675180800007,0.00010000
2023-02-01T00:00:00Z,1675209600013,0.00010000
2023-02-01T08:00:00Z,1675238400000,0.00010000
2023-02-01T16:00:00Z,1675267200012,0.00010000
2023-02-02T00:00:00Z,1675296000004,0.00010000
2023-02-02T08:00:00Z,1675324800023,0.00010000
2023-02-02T16:00:00Z,1675353600003,0.00010000
2023-02-03T00:00:00Z,1675382400010,0.00010000
2023-02-03T08:00:00Z,1675411200000,0.00010000
2023-02-03T16:00:00Z,1675440000000,0.00010000
2023-02-04T00:00:00Z,1675468800010,0.00010000
2023-02-04T08:00:00Z,1675497600000,0.00010000
2023-02-04T16:00:00Z,1675526400000,0.00010000
2023-02-05T00:00:00Z,1675555200016,0.00010000
2023-02-05T08:00:00Z,1675584000009,0.00010000
2023-02-05T16:00:00Z,1675612800018,0.00010000
2023-02-06T00:00:00Z,1675641600001,0.00010000
2023-02-06T08:00:00Z,1675670400000,0.00010000
2023-02-06T16:00:00Z,1675699200012,0.00010000
2023-02-07T00:00:00Z,1675728000004,0.00010000
2023-02-07T08:00:00Z,1675756800011,0.00010000
2023-02-07T16:00:00Z,1675785600018,0.00010000
2023-02-08T00:00:00Z,1675814400009,0.00010000
2023-02-08T08:00:00Z,1675843200010,0.00010000
2023-02-08T16:00:00Z,1675872000000,0.00010000
2023-02-09T00:00:00Z,1675900800014,0.00010000
2023-02-09T08:00:00Z,1675929600006,0.00010000
2023-02-09T16:00:00Z,1675958400001,0.00010000
2023-02-10T00:00:00Z,1675987200012,0.00010000
2023-02-10T08:00:00Z,1676016000005,0.00010000
2023-02-10T16:00:00Z,1676044800020,0.00010000
2023-02-11T00:00:00Z,1676073600007,0.00007684
2023-02-11T08:00:00Z,1676102400002,0.00005572
2023-02-11T16:00:00Z,1676131200021,0.00005241
2023-02-12T00:00:00Z,1676160000004,0.00005343
2023-02-12T08:00:00Z,1676188800000,0.00010000
2023-02-12T16:00:00Z,1676217600002,0.00002270
2023-02-13T00:00:00Z,1676246400006,0.00002074
2023-02-13T08:00:00Z,1676275200008,0.00006323
2023-02-13T16:00:00Z,1676304000002,0.00010000
2023-02-14T00:00:00Z,1676332800013,0.00010000
2023-02-14T08:00:00Z,1676361600014,0.00010000
2023-02-14T16:00:00Z,1676390400016,0.00008887
2023-02-15T00:00:00Z,1676419200011,0.00002377
2023-02-15T08:00:00Z,1676448000000,0.00002630
2023-02-15T16:00:00Z,1676476800005,0.00009071
2023-02-16T00:00:00Z,1676505600019,0.00010000
2023-02-16T08:00:00Z,1676534400000,0.00010000
2023-02-16T16:00:00Z,1676563200001,0.00023171
2023-02-17T00:00:00Z,1676592000003,0.00010000
2023-02-17T08:00:00Z,1676620800016,0.00010000
2023-02-17T16:00:00Z,1676649600000,0.00010000
2023-02-18T00:00:00Z,1676678400011,0.00010000
2023-02-18T08:00:00Z,1676707200000,0.00010000
2023-02-18T16:00:00Z,1676736000007,0.00010000
2023-02-19T00:00:00Z,1676764800019,0.00010000
2023-02-19T08:00:00Z,1676793600005,0.00010000
2023-02-19T16:00:00Z,1676822400003,0.00010000
2023-02-20T00:00:00Z,1676851200006,0.00010000
2023-02-20T08:00:00Z,1676880000008,0.00010000
2023-02-20T16:00:00Z,1676908800006,0.00010000
2023-02-21T00:00:00Z,1676937600001,0.00010000
2023-02-21T08:00:00Z,1676966400004,0.00010000
2023-02-21T16:00:00Z,1676995200011,0.00010000
2023-02-22T00:00:00Z,1677024000009,0.00010000
2023-02-22T08:00:00Z,1677052800010,0.00010000
2023-02-22T16:00:00Z,1677081600000,0.00010000
2023-02-23T00:00:00Z,1677110400006,0.00010000
2023-02-23T08:00:00Z,1677139200005,0.00003506
2023-02-23T16:00:00Z,1677168000002,0.00003631
2023-02-24T00:00:00Z,1677196800015,0.00004978
2023-02-24T08:00:00Z,1677225600011,0.00004949
2023-02-24T16:00:00Z,1677254400014,0.00005440
2023-02-25T00:00:00Z,1677283200015,0.00001183
2023-02-25T08:00:00Z,1677312000015,0.00000610
2023-02-25T16:00:00Z,1677340800015,-0.00000048
2023-02-26T00:00:00Z,1677369600007,0.00007372
2023-02-26T08:00:00Z,1677398400012,0.00002760
2023-02-26T16:00:00Z,1677427200000,0.00006581
2023-02-27T00:00:00Z,1677456000011,0.00008144
2023-02-27T08:00:00Z,1677484800003,0.00001196
2023-02-27T16:00:00Z,1677513600000,0.00006826
2023-02-28T00:00:00Z,1677542400011,0.00003414
2023-02-28T08:00:00Z,1677571200018,0.00001985
2023-02-28T16:00:00Z,1677600000005,0.00005950
2023-03-01T00:00:00Z,1677628800016,0.00000185
2023-03-01T08:00:00Z,1677657600000,0.00010000
2023-03-01T16:00:00Z,1677686400008,0.00010000
2023-03-02T00:00:00Z,1677715200009,0.00008612
2023-03-02T08:00:00Z,1677744000013,0.00008703
2023-03-02T16:00:00Z,1677772800000,0.00008395
2023-03-03T00:00:00Z,1677801600000,0.00010000
2023-03-03T08:00:00Z,1677830400013,-0.00004203
2023-03-03T16:00:00Z,1677859200000,-0.00000226
2023-03-04T00:00:00Z,1677888000001,0.00000530
2023-03-04T08:00:00Z,1677916800008,0.00003812
2023-03-04T16:00:00Z,1677945600012,0.00002104
2023-03-05T00:00:00Z,1677974400000,0.00001874
2023-03-05T08:00:00Z,1678003200000,0.00000544
2023-03-05T16:00:00Z,1678032000015,0.00003706
2023-03-06T00:00:00Z,1678060800007,0.00004054
2023-03-06T08:00:00Z,1678089600017,0.00005460
2023-03-06T16:00:00Z,1678118400000,0.00005414
2023-03-07T00:00:00Z,1678147200009,0.00001173
2023-03-07T08:00:00Z,1678176000016,0.00004375
2023-03-07T16:00:00Z,1678204800017,0.00002631
2023-03-08T00:00:00Z,1678233600000,0.00002917
2023-03-08T08:00:00Z,1678262400014,0.00003816
2023-03-08T16:00:00Z,1678291200021,0.00010000
2023-03-09T00:00:00Z,1678320000010,0.00010000
2023-03-09T08:00:00Z,1678348800013,0.00010000
2023-03-09T16:00:00Z,1678377600002,0.00010000
2023-03-10T00:00:00Z,1678406400000,-0.00008895
2023-03-10T08:00:00Z,1678435200000,0.00000526
2023-03-10T16:00:00Z,1678464000005,-0.00001647
2023-03-11T00:00:00Z,1678492800011,0.00002364
2023-03-11T08:00:00Z,1678521600003,-0.00002296
2023-03-11T16:00:00Z,1678550400011,-0.00002341
2023-03-12T00:00:00Z,1678579200001,0.00000376
2023-03-12T08:00:00Z,1678608000000,0.00009088
2023-03-12T16:00:00Z,1678636800005,-0.00004068
2023-03-13T00:00:00Z,1678665600010,0.00010000
2023-03-13T08:00:00Z,1678694400018,0.00006011
2023-03-13T16:00:00Z,1678723200003,0.00010000
2023-03-14T00:00:00Z,1678752000010,0.00015042
2023-03-14T08:00:00Z,1678780800009,0.00010000
2023-03-14T16:00:00Z,1678809600010,0.00029811
2023-03-15T00:00:00Z,1678838400011,0.00010000
2023-03-15T08:00:00Z,1678867200000,0.00024127
2023-03-15T16:00:00Z,1678896000012,0.00022126
2023-03-16T00:00:00Z,1678924800004,0.00010000
2023-03-16T08:00:00Z,1678953600018,0.00010000
2023-03-16T16:00:00Z,1678982400005,0.00010000
2023-03-17T00:00:00Z,1679011200017,0.00003311
2023-03-17T08:00:00Z,1679040000010,0.00010000
2023-03-17T16:00:00Z,1679068800003,0.00010000
2023-03-18T00:00:00Z,1679097600012,0.00010000
2023-03-18T08:00:00Z,1679126400000,0.00010000
2023-03-18T16:00:00Z,1679155200016,0.00010000
2023-03-19T00:00:00Z,1679184000013,0.00010000
2023-03-19T08:00:00Z,1679212800024,0.00010000
2023-03-19T16:00:00Z,1679241600000,0.00010000
2023-03-20T00:00:00Z,1679270400005,0.00010000
2023-03-20T08:00:00Z,1679299200012,0.00009081
2023-03-20T16:00:00Z,1679328000015,0.00010000
2023-03-21T00:00:00Z,1679356800006,0.00008118
2023-03-21T08:00:00Z,1679385600004,0.00001254
2023-03-21T16:00:00Z,1679414400003,0.00000292
2023-03-22T00:00:00Z,1679443200000,0.00000268
2023-03-22T08:00:00Z,1679472000003,0.00000006
2023-03-22T16:00:00Z,1679500800000,0.00005334
2023-03-23T00:00:00Z,1679529600016,0.00000248
2023-03-23T08:00:00Z,1679558400001,-0.00001090
2023-03-23T16:00:00Z,1679587200013,0.00010000
2023-03-24T00:00:00Z,1679616000013,0.00010000
2023-03-24T08:00:00Z,1679644800012,0.00010000
2023-03-24T16:00:00Z,1679673600027,0.00010000
2023-03-25T00:00:00Z,1679702400015,-0.00000310
2023-03-25T08:00:00Z,1679731200011,0.00000425
2023-03-25T16:00:00Z,1679760000011,0.00000292
2023-03-26T00:00:00Z,1679788800000,0.00000061
2023-03-26T08:00:00Z,1679817600015,-0.00003326
2023-03-26T16:00:00Z,1679846400000,0.00003634
2023-03-27T00:00:00Z,1679875200019,0.00002905
2023-03-27T08:00:00Z,1679904000009,0.00002409
2023-03-27T16:00:00Z,1679932800000,-0.00000396
2023-03-28T00:00:00Z,1679961600007,-0.00001428
2023-03-28T08:00:00Z,1679990400000,0.00001123
2023-03-28T16:00:00Z,1680019200013,0.00007531
2023-03-29T00:00:00Z,1680048000010,0.00006075
2023-03-29T08:00:00Z,1680076800006,0.00007098
2023-03-29T16:00:00Z,1680105600014,0.00010000
2023-03-30T00:00:00Z,1680134400000,0.00006987
2023-03-30T08:00:00Z,1680163200000,0.00005638
2023-03-30T16:00:00Z,1680192000006,0.00001123
2023-03-31T00:00:00Z,1680220800003,-0.00002712
2023-03-31T08:00:00Z,1680249600006,0.00006358
2023-03-31T16:00:00Z,1680278400011,0.00010000
2023-04-01T00:00:00Z,1680307200000,0.00010000
2023-04-01T08:00:00Z,1680336000000,0.00010000
2023-04-01T16:00:00Z,1680364800018,0.00008840
2023-04-02T00:00:00Z,1680393600013,0.00004527
2023-04-02T08:00:00Z,1680422400014,0.00006893
2023-04-02T16:00:00Z,1680451200001,0.00004514
2023-04-03T00:00:00Z,1680480000000,0.00001759
2023-04-03T08:00:00Z,1680508800013,-0.00001240
2023-04-03T16:00:00Z,1680537600011,0.00005688
2023-04-04T00:00:00Z,1680566400002,-0.00006009
2023-04-04T08:00:00Z,1680595200017,-0.00001357
2023-04-04T16:00:00Z,1680624000008,-0.00001276
2023-04-05T00:00:00Z,1680652800000,0.00002760
2023-04-05T08:00:00Z,1680681600016,0.00008517
2023-04-05T16:00:00Z,1680710400004,0.00005265
2023-04-06T00:00:00Z,1680739200000,0.00001442
2023-04-06T08:00:00Z,1680768000011,0.00003598
2023-04-06T16:00:00Z,1680796800000,-0.00002975
2023-04-07T00:00:00Z,1680825600006,0.00001004
2023-04-07T08:00:00Z,1680854400005,-0.00001473
2023-04-07T16:00:00Z,1680883200000,0.00001055
2023-04-08T00:00:00Z,1680912000000,0.00000268
2023-04-08T08:00:00Z,1680940800014,0.00000466
2023-04-08T16:00:00Z,1680969600018,0.00003192
2023-04-09T00:00:00Z,1680998400013,0.00000950
2023-04-09T08:00:00Z,1681027200024,-0.00000904
2023-04-09T16:00:00Z,1681056000010,-0.00000853
2023-04-10T00:00:00Z,1681084800000,0.00010000
2023-04-10T08:00:00Z,1681113600010,0.00010000
2023-04-10T16:00:00Z,1681142400006,0.00006167
2023-04-11T00:00:00Z,1681171200008,0.00010000
2023-04-11T08:00:00Z,1681200000007,0.00010000
2023-04-11T16:00:00Z,1681228800016,0.00010000
2023-04-12T00:00:00Z,1681257600006,0.00009582
2023-04-12T08:00:00Z,1681286400008,0.00008195
2023-04-12T16:00:00Z,1681315200014,0.00001747
2023-04-13T00:00:00Z,1681344000027,0.00006665
2023-04-13T08:00:00Z,1681372800010,0.00004427
2023-04-13T16:00:00Z,1681401600000,0.00010000
2023-04-14T00:00:00Z,1681430400001,-0.00000113
2023-04-14T08:00:00Z,1681459200008,0.00010000
2023-04-14T16:00:00Z,1681488000007,0.00003420
2023-04-15T00:00:00Z,1681516800007,-0.00004975
2023-04-15T08:00:00Z,1681545600007,0.00008455
2023-04-15T16:00:00Z,1681574400011,0.00010000
2023-04-16T00:00:00Z,1681603200014,0.00007144
2023-04-16T08:00:00Z,1681632000007,0.00010000
2023-04-16T16:00:00Z,1681660800002,0.00010000
2023-04-17T00:00:00Z,1681689600017,0.00010000
2023-04-17T08:00:00Z,1681718400006,0.00007376
2023-04-17T16:00:00Z,1681747200000,0.00010000
2023-04-18T00:00:00Z,1681776000013,0.00004683
2023-04-18T08:00:00Z,1681804800017,-0.00000510
2023-04-18T16:00:00Z,1681833600000,0.00006772
2023-04-19T00:00:00Z,1681862400022,0.00010000
2023-04-19T08:00:00Z,1681891200014,0.00006231
2023-04-19T16:00:00Z,1681920000000,-0.00000081
2023-04-20T00:00:00Z,1681948800010,0.00008579
2023-04-20T08:00:00Z,1681977600012,0.00003668
2023-04-20T16:00:00Z,1682006400012,0.00005898
2023-04-21T00:00:00Z,1682035200009,0.00006297
2023-04-21T08:00:00Z,1682064000009,0.00010000
2023-04-21T16:00:00Z,1682092800003,0.00010000
2023-04-22T00:00:00Z,1682121600000,0.00010000
2023-04-22T08:00:00Z,1682150400000,0.00006858
2023-04-22T16:00:00Z,1682179200016,0.00002090
2023-04-23T00:00:00Z,1682208000009,0.00003768
2023-04-23T08:00:00Z,1682236800020,0.00001376
2023-04-23T16:00:00Z,1682265600007,0.00002369
2023-04-24T00:00:00Z,1682294400000,0.00004679
2023-04-24T08:00:00Z,1682323200008,0.00003694
2023-04-24T16:00:00Z,1682352000006,0.00002630
2023-04-25T00:00:00Z,1682380800014,0.00005066
2023-04-25T08:00:00Z,1682409600009,0.00006606
2023-04-25T16:00:00Z,1682438400015,0.00008541
2023-04-26T00:00:00Z,1682467200015,0.00004346
2023-04-26T08:00:00Z,1682496000013,0.00001686
2023-04-26T16:00:00Z,1682524800001,0.00010000
2023-04-27T00:00:00Z,1682553600014,0.00002518
2023-04-27T08:00:00Z,1682582400008,0.00005769
2023-04-27T16:00:00Z,1682611200005,0.00003265
2023-04-28T00:00:00Z,1682640000011,0.00010000
2023-04-28T08:00:00Z,1682668800007,0.00010000
2023-04-28T16:00:00Z,1682697600006,0.00004476
2023-04-29T00:00:00Z,1682726400004,0.00000037
2023-04-29T08:00:00Z,1682755200016,0.00006751
2023-04-29T16:00:00Z,1682784000001,0.00007826
2023-04-30T00:00:00Z,1682812800008,0.00003132
2023-04-30T08:00:00Z,1682841600000,0.00003501
2023-04-30T16:00:00Z,1682870400010,0.00006078
2023-05-01T00:00:00Z,1682899200004,0.00002435
2023-05-01T08:00:00Z,1682928000008,-0.00006370
2023-05-01T16:00:00Z,1682956800014,0.00000566
2023-05-02T00:00:00Z,1682985600015,0.00000968
2023-05-02T08:00:00Z,1683014400018,0.00006135
2023-05-02T16:00:00Z,1683043200000,0.00001204
2023-05-03T00:00:00Z,1683072000009,0.00008568
2023-05-03T08:00:00Z,1683100800003,0.00005435
2023-05-03T16:00:00Z,1683129600011,0.00005701
2023-05-04T00:00:00Z,1683158400000,0.00010000
2023-05-04T08:00:00Z,1683187200000,0.00009992
2023-05-04T16:00:00Z,1683216000011,0.00004314
2023-05-05T00:00:00Z,1683244800002,0.00003731
2023-05-05T08:00:00Z,1683273600000,0.00009909
2023-05-05T16:00:00Z,1683302400000,0.00008548
2023-05-06T00:00:00Z,1683331200009,0.00010000
2023-05-06T08:00:00Z,1683360000000,0.00010000
2023-05-06T16:00:00Z,1683388800000,0.00010000
2023-05-07T00:00:00Z,1683417600000,0.00004321
2023-05-07T08:00:00Z,1683446400000,0.00004047
2023-05-07T16:00:00Z,1683475200006,0.00006046
2023-05-08T00:00:00Z,1683504000000,0.00000720
2023-05-08T08:00:00Z,1683532800007,0.00000407
2023-05-08T16:00:00Z,1683561600015,0.00003902
2023-05-09T00:00:00Z,1683590400015,0.00005110
2023-05-09T08:00:00Z,1683619200000,0.00006841
2023-05-09T16:00:00Z,1683648000000,0.00000378
2023-05-10T00:00:00Z,1683676800007,0.00003752
2023-05-10T08:00:00Z,1683705600003,0.00004785
2023-05-10T16:00:00Z,1683734400000,0.00003792
2023-05-11T00:00:00Z,1683763200011,0.00001596
2023-05-11T08:00:00Z,1683792000000,0.00006926
2023-05-11T16:00:00Z,1683820800005,0.00005207
2023-05-12T00:00:00Z,1683849600020,0.00003633
2023-05-12T08:00:00Z,1683878400001,0.00003964
2023-05-12T16:00:00Z,1683907200010,0.00002762
2023-05-13T00:00:00Z,1683936000000,-0.00000010
2023-05-13T08:00:00Z,1683964800000,0.00005385
2023-05-13T16:00:00Z,1683993600026,0.00004494
2023-05-14T00:00:00Z,1684022400029,0.00001715
2023-05-14T08:00:00Z,1684051200010,0.00003039
2023-05-14T16:00:00Z,1684080000008,0.00003537
2023-05-15T00:00:00Z,1684108800006,0.00004407
2023-05-15T08:00:00Z,1684137600005,-0.00001576
2023-05-15T16:00:00Z,1684166400008,-0.00000190
2023-05-16T00:00:00Z,1684195200021,0.00008660
2023-05-16T08:00:00Z,1684224000000,0.00003165
2023-05-16T16:00:00Z,1684252800000,0.00005800
2023-05-17T00:00:00Z,1684281600010,0.00008392
2023-05-17T08:00:00Z,1684310400000,0.00007029
2023-05-17T16:00:00Z,1684339200001,0.00004461
2023-05-18T00:00:00Z,1684368000000,0.00010000
2023-05-18T08:00:00Z,1684396800026,0.00010000
2023-05-18T16:00:00Z,1684425600019,0.00008342
2023-05-19T00:00:00Z,1684454400000,0.00002716
2023-05-19T08:00:00Z,1684483200002,0.00004474
2023-05-19T16:00:00Z,1684512000000,0.00003815
2023-05-20T00:00:00Z,1684540800005,0.00005313
2023-05-20T08:00:00Z,1684569600014,0.00002455
2023-05-20T16:00:00Z,1684598400020,-0.00000849
2023-05-21T00:00:00Z,1684627200014,0.00004776
2023-05-21T08:00:00Z,1684656000001,0.00007262
2023-05-21T16:00:00Z,1684684800015,0.00005071
2023-05-22T00:00:00Z,1684713600028,0.00003019
2023-05-22T08:00:00Z,1684742400000,0.00000210
2023-05-22T16:00:00Z,1684771200012,0.00004770
2023-05-23T00:00:00Z,1684800000006,0.00010000
2023-05-23T08:00:00Z,1684828800014,0.00010000
2023-05-23T16:00:00Z,1684857600008,0.00010000
2023-05-24T00:00:00Z,1684886400000,0.00010000
2023-05-24T08:00:00Z,1684915200025,0.00002067
2023-05-24T16:00:00Z,1684944000008,0.00004362
2023-05-25T00:00:00Z,1684972800000,0.00005820
2023-05-25T08:00:00Z,1685001600025,0.00010000
2023-05-25T16:00:00Z,1685030400016,0.00010000
2023-05-26T00:00:00Z,1685059200000,0.00010000
2023-05-26T08:00:00Z,1685088000024,0.00009583
2023-05-26T16:00:00Z,1685116800012,0.00004953
2023-05-27T00:00:00Z,1685145600012,0.00007146
2023-05-27T08:00:00Z,1685174400018,0.00008564
2023-05-27T16:00:00Z,1685203200008,0.00007362
2023-05-28T00:00:00Z,1685232000017,0.00009880
2023-05-28T08:00:00Z,1685260800015,0.00010000
2023-05-28T16:00:00Z,1685289600000,0.00010000
2023-05-29T00:00:00Z,1685318400000,0.00010000
2023-05-29T08:00:00Z,1685347200020,0.00010000
2023-05-29T16:00:00Z,1685376000011,0.00010000
2023-05-30T00:00:00Z,1685404800003,0.00006187
2023-05-30T08:00:00Z,1685433600000,0.00009036
2023-05-30T16:00:00Z,1685462400003,0.00003861
2023-05-31T00:00:00Z,1685491200013,0.00002344
2023-05-31T08:00:00Z,1685520000000,0.00002864
2023-05-31T16:00:00Z,1685548800000,0.00009865
2023-06-01T00:00:00Z,1685577600008,0.00002096
2023-06-01T08:00:00Z,1685606400012,0.00009641
2023-06-01T16:00:00Z,1685635200000,0.00010000
2023-06-02T00:00:00Z,1685664000000,0.00004770
2023-06-02T08:00:00Z,1685692800006,0.00009266
2023-06-02T16:00:00Z,1685721600012,0.00009946
2023-06-03T00:00:00Z,1685750400000,0.00007420
2023-06-03T08:00:00Z,1685779200011,0.00010000
2023-06-03T16:00:00Z,1685808000003,0.00005566
2023-06-04T00:00:00Z,1685836800000,0.00004850
2023-06-04T08:00:00Z,1685865600000,0.00010000
2023-06-04T16:00:00Z,1685894400000,0.00010000
2023-06-05T00:00:00Z,1685923200005,0.00010000
2023-06-05T08:00:00Z,1685952000000,0.00009538
2023-06-05T16:00:00Z,1685980800000,0.00007856
2023-06-06T00:00:00Z,1686009600000,-0.00007157
2023-06-06T08:00:00Z,1686038400009,-0.00003047
2023-06-06T16:00:00Z,1686067200013,0.00004288
2023-06-07T00:00:00Z,1686096000000,0.00010000
2023-06-07T08:00:00Z,1686124800016,0.00010000
2023-06-07T16:00:00Z,1686153600000,0.00004005
2023-06-08T00:00:00Z,1686182400006,0.00005504
2023-06-08T08:00:00Z,1686211200000,0.00003090
2023-06-08T16:00:00Z,1686240000000,0.00004011
2023-06-09T00:00:00Z,1686268800000,0.00006588
2023-06-09T08:00:00Z,1686297600000,0.00007916
2023-06-09T16:00:00Z,1686326400000,0.00004404
2023-06-10T00:00:00Z,1686355200000,0.00008702
2023-06-10T08:00:00Z,1686384000000,0.00002417
2023-06-10T16:00:00Z,1686412800000,0.00003854
2023-06-11T00:00:00Z,1686441600001,0.00004450
2023-06-11T08:00:00Z,1686470400000,0.00003197
2023-06-11T16:00:00Z,1686499200000,0.00005925
2023-06-12T00:00:00Z,1686528000000,0.00008660
2023-06-12T08:00:00Z,1686556800000,0.00003065
2023-06-12T16:00:00Z,1686585600001,0.00003624
2023-06-13T00:00:00Z,1686614400000,0.00010000
2023-06-13T08:00:00Z,1686643200000,0.00006180
2023-06-13T16:00:00Z,1686672000000,0.00006503
2023-06-14T00:00:00Z,1686700800000,0.00002438
2023-06-14T08:00:00Z,1686729600000,0.00002716
2023-06-14T16:00:00Z,1686758400000,0.00003661
2023-06-15T00:00:00Z,1686787200000,-0.00003265
2023-06-15T08:00:00Z,1686816000000,0.00006193
2023-06-15T16:00:00Z,1686844800000,0.00006687
2023-06-16T00:00:00Z,1686873600000,0.00003971
2023-06-16T08:00:00Z,1686902400000,0.00000781
2023-06-16T16:00:00Z,1686931200000,0.00000236
2023-06-17T00:00:00Z,1686960000000,0.00009868
2023-06-17T08:00:00Z,1686988800000,0.00010000
2023-06-17T16:00:00Z,1687017600000,0.00007543
2023-06-18T00:00:00Z,1687046400000,0.00003706
2023-06-18T08:00:00Z,1687075200000,0.00008233
2023-06-18T16:00:00Z,1687104000000,0.00006705
2023-06-19T00:00:00Z,1687132800000,0.00007040
2023-06-19T08:00:00Z,1687161600000,0.00006397
2023-06-19T16:00:00Z,1687190400000,0.00003690
2023-06-20T00:00:00Z,1687219200001,0.00004350
2023-06-20T08:00:00Z,1687248000000,-0.00000448
2023-06-20T16:00:00Z,1687276800000,-0.00002597
2023-06-21T00:00:00Z,1687305600000,0.00006295
2023-06-21T08:00:00Z,1687334400000,0.00010000
2023-06-21T16:00:00Z,1687363200000,0.00002551
2023-06-22T00:00:00Z,1687392000000,0.00010000
2023-06-22T08:00:00Z,1687420800001,0.00010000
2023-06-22T16:00:00Z,1687449600000,0.00009236
2023-06-23T00:00:00Z,1687478400000,0.00010000
2023-06-23T08:00:00Z,1687507200000,0.00010000
2023-06-23T16:00:00Z,1687536000000,0.00010000
2023-06-24T00:00:00Z,1687564800000,0.00010000
2023-06-24T08:00:00Z,1687593600000,0.00010000
2023-06-24T16:00:00Z,1687622400000,0.00010000
2023-06-25T00:00:00Z,1687651200000,0.00010000
2023-06-25T08:00:00Z,1687680000000,0.00010000
2023-06-25T16:00:00Z,1687708800000,0.00010000
2023-06-26T00:00:00Z,1687737600000,0.00010000
2023-06-26T08:00:00Z,1687766400000,0.00010000
2023-06-26T16:00:00Z,1687795200000,0.00010000
2023-06-27T00:00:00Z,1687824000000,0.00010000
2023-06-27T08:00:00Z,1687852800000,0.00010000
2023-06-27T16:00:00Z,1687881600000,0.00010000
2023-06-28T00:00:00Z,1687910400000,0.00010000
2023-06-28T08:00:00Z,1687939200000,0.00009302
2023-06-28T16:00:00Z,1687968000000,0.00004598
2023-06-29T00:00:00Z,1687996800000,0.00006574
2023-06-29T08:00:00Z,1688025600000,0.00009300
2023-06-29T16:00:00Z,1688054400000,0.00010000
2023-06-30T00:00:00Z,1688083200000,0.00010000
2023-06-30T08:00:00Z,1688112000000,0.00010000
2023-06-30T16:00:00Z,1688140800001,0.00010000
2023-07-01T00:00:00Z,1688169600000,0.00010000
2023-07-01T08:00:00Z,1688198400000,0.00010000
2023-07-01T16:00:00Z,1688227200000,0.00010000
2023-07-02T00:00:00Z,1688256000000,0.00010000
2023-07-02T08:00:00Z,1688284800000,0.00010000
2023-07-02T16:00:00Z,1688313600001,0.00010000
2023-07-03T00:00:00Z,1688342400000,0.00010000
2023-07-03T08:00:00Z,1688371200000,0.00010000
2023-07-03T16:00:00Z,1688400000000,0.00010000
2023-07-04T00:00:00Z,1688428800001,0.00010000
2023-07-04T08:00:00Z,1688457600000,0.00010000
2023-07-04T16:00:00Z,1688486400000,0.00010000
2023-07-05T00:00:00Z,1688515200000,0.00010000
2023-07-05T08:00:00Z,1688544000000,0.00010000
2023-07-05T16:00:00Z,1688572800000,0.00010000
2023-07-06T00:00:00Z,1688601600000,0.00010000
2023-07-06T08:00:00Z,1688630400000,0.00007720
2023-07-06T16:00:00Z,1688659200000,0.00001492
2023-07-07T00:00:00Z,1688688000000,0.00000698
2023-07-07T08:00:00Z,1688716800000,0.00004221
2023-07-07T16:00:00Z,1688745600000,-0.00000658
2023-07-08T00:00:00Z,1688774400000,0.00003757
2023-07-08T08:00:00Z,1688803200000,0.00002631
2023-07-08T16:00:00Z,1688832000000,0.00001686
2023-07-09T00:00:00Z,1688860800000,0.00005707
2023-07-09T08:00:00Z,1688889600000,0.00006821
2023-07-09T16:00:00Z,1688918400000,0.00006153
2023-07-10T00:00:00Z,1688947200000,-0.00002182
2023-07-10T08:00:00Z,1688976000000,0.00004850
2023-07-10T16:00:00Z,1689004800000,0.00002995
2023-07-11T00:00:00Z,1689033600000,0.00008010
2023-07-11T08:00:00Z,1689062400000,0.00008265
2023-07-11T16:00:00Z,1689091200000,0.00003954
2023-07-12T00:00:00Z,1689120000000,0.00007041
2023-07-12T08:00:00Z,1689148800000,0.00006479
2023-07-12T16:00:00Z,1689177600000,0.00004650
2023-07-13T00:00:00Z,1689206400000,-0.00001135
2023-07-13T08:00:00Z,1689235200000,0.00006120
2023-07-13T16:00:00Z,1689264000000,0.00000529
2023-07-14T00:00:00Z,1689292800000,0.00010000
2023-07-14T08:00:00Z,1689321600000,0.00010000
2023-07-14T16:00:00Z,1689350400000,0.00010000
2023-07-15T00:00:00Z,1689379200000,-0.00007313
2023-07-15T08:00:00Z,1689408000000,0.00003007
2023-07-15T16:00:00Z,1689436800000,0.00002984
2023-07-16T00:00:00Z,1689465600001,0.00001993
2023-07-16T08:00:00Z,1689494400000,0.00007772
2023-07-16T16:00:00Z,1689523200000,0.00004583
2023-07-17T00:00:00Z,1689552000000,0.00002785
2023-07-17T08:00:00Z,1689580800000,0.00006278
2023-07-17T16:00:00Z,1689609600000,0.00006261
2023-07-18T00:00:00Z,1689638400000,0.00003983
2023-07-18T08:00:00Z,1689667200000,0.00006798
2023-07-18T16:00:00Z,1689696000000,0.00007477
2023-07-19T00:00:00Z,1689724800000,0.00010000
2023-07-19T08:00:00Z,1689753600000,0.00005224
2023-07-19T16:00:00Z,1689782400001,0.00007690
2023-07-20T00:00:00Z,1689811200000,0.00002652
2023-07-20T08:00:00Z,1689840000000,0.00009641
2023-07-20T16:00:00Z,1689868800000,0.00005563
2023-07-21T00:00:00Z,1689897600001,0.00002877
2023-07-21T08:00:00Z,1689926400000,0.00000777
2023-07-21T16:00:00Z,1689955200000,0.00003717
2023-07-22T00:00:00Z,1689984000000,0.00002195
2023-07-22T08:00:00Z,1690012800000,0.00000944
2023-07-22T16:00:00Z,1690041600000,0.00000177
2023-07-23T00:00:00Z,1690070400000,0.00002908
2023-07-23T08:00:00Z,1690099200000,0.00010000
2023-07-23T16:00:00Z,1690128000000,0.00009372
2023-07-24T00:00:00Z,1690156800000,0.00010000
2023-07-24T08:00:00Z,1690185600000,0.00004338
2023-07-24T16:00:00Z,1690214400000,0.00010000
2023-07-25T00:00:00Z,1690243200000,0.00007702
2023-07-25T08:00:00Z,1690272000000,0.00006913
2023-07-25T16:00:00Z,1690300800000,0.00009465
2023-07-26T00:00:00Z,1690329600000,0.00009451
2023-07-26T08:00:00Z,1690358400001,0.00010000
2023-07-26T16:00:00Z,1690387200000,0.00005768
2023-07-27T00:00:00Z,1690416000000,0.00003136
2023-07-27T08:00:00Z,1690444800000,0.00003830
2023-07-27T16:00:00Z,1690473600001,0.00002876
2023-07-28T00:00:00Z,1690502400000,0.00004373
2023-07-28T08:00:00Z,1690531200000,0.00006675
2023-07-28T16:00:00Z,1690560000000,0.00010000
2023-07-29T00:00:00Z,1690588800000,0.00010000
2023-07-29T08:00:00Z,1690617600000,0.00004567
2023-07-29T16:00:00Z,1690646400001,0.00007530
2023-07-30T00:00:00Z,1690675200000,0.00008151
2023-07-30T08:00:00Z,1690704000000,0.00005560
2023-07-30T16:00:00Z,1690732800000,0.00004357
2023-07-31T00:00:00Z,1690761600000,0.00002369
2023-07-31T08:00:00Z,1690790400000,0.00007362
2023-07-31T16:00:00Z,1690819200001,0.00008239
2023-08-01T00:00:00Z,1690848000000,0.00006300
2023-08-01T08:00:00Z,1690876800000,0.00006768
2023-08-01T16:00:00Z,1690905600000,0.00010000
2023-08-02T00:00:00Z,1690934400000,0.00010000
2023-08-02T08:00:00Z,1690963200000,0.00010000
2023-08-02T16:00:00Z,1690992000000,0.00010000
2023-08-03T00:00:00Z,1691020800000,0.00010000
2023-08-03T08:00:00Z,1691049600000,0.00010000
2023-08-03T16:00:00Z,1691078400001,0.00010000
2023-08-04T00:00:00Z,1691107200000,0.00008116
2023-08-04T08:00:00Z,1691136000000,0.00010000
2023-08-04T16:00:00Z,1691164800000,0.00010000
2023-08-05T00:00:00Z,1691193600000,0.00004181
2023-08-05T08:00:00Z,1691222400000,0.00010000
2023-08-05T16:00:00Z,1691251200001,0.00010000
2023-08-06T00:00:00Z,1691280000000,0.00010000
2023-08-06T08:00:00Z,1691308800001,0.00010000
2023-08-06T16:00:00Z,1691337600005,0.00010000
2023-08-07T00:00:00Z,1691366400000,0.00010000
2023-08-07T08:00:00Z,1691395200000,0.00007669
2023-08-07T16:00:00Z,1691424000000,0.00010000
2023-08-08T00:00:00Z,1691452800000,0.00010000
2023-08-08T08:00:00Z,1691481600000,0.00009136
2023-08-08T16:00:00Z,1691510400000,0.00005944
2023-08-09T00:00:00Z,1691539200000,0.00008110
2023-08-09T08:00:00Z,1691568000000,0.00009527
2023-08-09T16:00:00Z,1691596800000,0.00008877
2023-08-10T00:00:00Z,1691625600001,0.00010000
2023-08-10T08:00:00Z,1691654400000,0.00010000
2023-08-10T16:00:00Z,1691683200000,0.00008277
2023-08-11T00:00:00Z,1691712000000,0.00010000
2023-08-11T08:00:00Z,1691740800000,0.00010000
2023-08-11T16:00:00Z,1691769600000,0.00007123
2023-08-12T00:00:00Z,1691798400000,0.00010000
2023-08-12T08:00:00Z,1691827200000,0.00010000
2023-08-12T16:00:00Z,1691856000000,0.00009305
2023-08-13T00:00:00Z,1691884800000,0.00010000
2023-08-13T08:00:00Z,1691913600000,0.00004637
2023-08-13T16:00:00Z,1691942400000,0.00010000
2023-08-14T00:00:00Z,1691971200001,0.00010000
2023-08-14T08:00:00Z,1692000000000,0.00010000
2023-08-14T16:00:00Z,1692028800000,0.00010000
2023-08-15T00:00:00Z,1692057600001,0.00010000
2023-08-15T08:00:00Z,1692086400000,0.00010000
2023-08-15T16:00:00Z,1692115200000,0.00010000
2023-08-16T00:00:00Z,1692144000000,0.00010000
2023-08-16T08:00:00Z,1692172800001,0.00010000
2023-08-16T16:00:00Z,1692201600000,0.00010000
2023-08-17T00:00:00Z,1692230400000,0.00010000
2023-08-17T08:00:00Z,1692259200000,0.00010000
2023-08-17T16:00:00Z,1692288000000,0.00010000
2023-08-18T00:00:00Z,1692316800000,0.00010000
2023-08-18T08:00:00Z,1692345600000,-0.00000046
2023-08-18T16:00:00Z,1692374400000,0.00005166
2023-08-19T00:00:00Z,1692403200000,-0.00000274
2023-08-19T08:00:00Z,1692432000000,-0.00000322
2023-08-19T16:00:00Z,1692460800000,-0.00005286
2023-08-20T00:00:00Z,1692489600000,-0.00003069
2023-08-20T08:00:00Z,1692518400000,-0.00004364
2023-08-20T16:00:00Z,1692547200000,-0.00000193
2023-08-21T00:00:00Z,1692576000000,-0.00002797
2023-08-21T08:00:00Z,1692604800000,0.00000816
2023-08-21T16:00:00Z,1692633600000,-0.00001619
2023-08-22T00:00:00Z,1692662400000,-0.00000308
2023-08-22T08:00:00Z,1692691200000,-0.00001928
2023-08-22T16:00:00Z,1692720000000,0.00003048
2023-08-23T00:00:00Z,1692748800000,0.00000739
2023-08-23T08:00:00Z,1692777600000,-0.00001020
2023-08-23T16:00:00Z,1692806400000,0.00003247
2023-08-24T00:00:00Z,1692835200000,-0.00002822
2023-08-24T08:00:00Z,1692864000000,0.00002506
2023-08-24T16:00:00Z,1692892800000,0.00004900
2023-08-25T00:00:00Z,1692921600000,-0.00000659
2023-08-25T08:00:00Z,1692950400000,0.00002802
2023-08-25T16:00:00Z,1692979200000,0.00005218
2023-08-26T00:00:00Z,1693008000000,0.00003820
2023-08-26T08:00:00Z,1693036800000,0.00005334
2023-08-26T16:00:00Z,1693065600000,0.00002096
2023-08-27T00:00:00Z,1693094400000,0.00000099
2023-08-27T08:00:00Z,1693123200000,0.00003976
2023-08-27T16:00:00Z,1693152000000,0.00001232
2023-08-28T00:00:00Z,1693180800000,-0.00000395
2023-08-28T08:00:00Z,1693209600001,0.00004424
2023-08-28T16:00:00Z,1693238400001,0.00004524
2023-08-29T00:00:00Z,1693267200000,0.00000824
2023-08-29T08:00:00Z,1693296000000,0.00003769
2023-08-29T16:00:00Z,1693324800000,-0.00010934
2023-08-30T00:00:00Z,1693353600000,0.00004868
2023-08-30T08:00:00Z,1693382400000,0.00005731
2023-08-30T16:00:00Z,1693411200000,0.00003944
2023-08-31T00:00:00Z,1693440000000,0.00002909
2023-08-31T08:00:00Z,1693468800000,0.00006859
2023-08-31T16:00:00Z,1693497600000,0.00008105
2023-09-01T00:00:00Z,1693526400000,0.00002583
2023-09-01T08:00:00Z,1693555200000,0.00005968
2023-09-01T16:00:00Z,1693584000001,0.00006254
2023-09-02T00:00:00Z,1693612800000,0.00004998
2023-09-02T08:00:00Z,1693641600000,0.00001937
2023-09-02T16:00:00Z,1693670400000,-0.00002018
2023-09-03T00:00:00Z,1693699200000,0.00004839
2023-09-03T08:00:00Z,1693728000000,0.00000235
2023-09-03T16:00:00Z,1693756800000,0.00002890
2023-09-04T00:00:00Z,1693785600000,0.00002690
2023-09-04T08:00:00Z,1693814400000,0.00001469
2023-09-04T16:00:00Z,1693843200000,-0.00001059
2023-09-05T00:00:00Z,1693872000000,0.00000053
2023-09-05T08:00:00Z,1693900800000,0.00001975
2023-09-05T16:00:00Z,1693929600000,0.00003366
2023-09-06T00:00:00Z,1693958400000,0.00001737
2023-09-06T08:00:00Z,1693987200000,-0.00002763
2023-09-06T16:00:00Z,1694016000001,0.00002135
2023-09-07T00:00:00Z,1694044800000,0.00003830
2023-09-07T08:00:00Z,1694073600000,0.00003883
2023-09-07T16:00:00Z,1694102400000,0.00006924
2023-09-08T00:00:00Z,1694131200000,-0.00001525
2023-09-08T08:00:00Z,1694160000000,0.00000512
2023-09-08T16:00:00Z,1694188800000,-0.00001691
2023-09-09T00:00:00Z,1694217600000,-0.00005057
2023-09-09T08:00:00Z,1694246400000,-0.00000377
2023-09-09T16:00:00Z,1694275200000,0.00001423
2023-09-10T00:00:00Z,1694304000000,-0.00000073
2023-09-10T08:00:00Z,1694332800000,0.00003294
2023-09-10T16:00:00Z,1694361600000,0.00002609
2023-09-11T00:00:00Z,1694390400000,-0.00000300
2023-09-11T08:00:00Z,1694419200000,0.00001823
2023-09-11T16:00:00Z,1694448000001,0.00001838
2023-09-12T00:00:00Z,1694476800000,0.00002730
2023-09-12T08:00:00Z,1694505600000,0.00005425
2023-09-12T16:00:00Z,1694534400000,-0.00003502
2023-09-13T00:00:00Z,1694563200000,0.00002342
2023-09-13T08:00:00Z,1694592000000,0.00001260
2023-09-13T16:00:00Z,1694620800000,0.00003099
2023-09-14T00:00:00Z,1694649600000,0.00000461
2023-09-14T08:00:00Z,1694678400001,0.00003428
2023-09-14T16:00:00Z,1694707200000,-0.00004748
2023-09-15T00:00:00Z,1694736000000,-0.00002641
2023-09-15T08:00:00Z,1694764800000,-0.00000761
2023-09-15T16:00:00Z,1694793600000,0.00007561
2023-09-16T00:00:00Z,1694822400000,-0.00001381
2023-09-16T08:00:00Z,1694851200000,-0.00004320
2023-09-16T16:00:00Z,1694880000000,-0.00003161
2023-09-17T00:00:00Z,1694908800000,0.00000897
2023-09-17T08:00:00Z,1694937600000,0.00001142
2023-09-17T16:00:00Z,1694966400000,0.00000649
2023-09-18T00:00:00Z,1694995200000,-0.00000508
2023-09-18T08:00:00Z,1695024000000,0.00000579
2023-09-18T16:00:00Z,1695052800000,-0.00006774
2023-09-19T00:00:00Z,1695081600000,0.00002468
2023-09-19T08:00:00Z,1695110400001,-0.00001972
2023-09-19T16:00:00Z,1695139200000,-0.00001756
2023-09-20T00:00:00Z,1695168000000,-0.00002614
2023-09-20T08:00:00Z,1695196800000,-0.00003777
2023-09-20T16:00:00Z,1695225600000,-0.00000991
2023-09-21T00:00:00Z,1695254400001,-0.00000029
2023-09-21T08:00:00Z,1695283200000,0.00004303
2023-09-21T16:00:00Z,1695312000000,0.00007429
2023-09-22T00:00:00Z,1695340800000,-0.00000062
2023-09-22T08:00:00Z,1695369600000,0.00001034
2023-09-22T16:00:00Z,1695398400000,0.00002136
2023-09-23T00:00:00Z,1695427200000,0.00006676
2023-09-23T08:00:00Z,1695456000000,0.00001556
2023-09-23T16:00:00Z,1695484800000,0.00000209
2023-09-24T00:00:00Z,1695513600000,-0.00001392
2023-09-24T08:00:00Z,1695542400000,0.00004721
2023-09-24T16:00:00Z,1695571200000,0.00002887
2023-09-25T00:00:00Z,1695600000000,-0.00001260
2023-09-25T08:00:00Z,1695628800000,0.00008565
2023-09-25T16:00:00Z,1695657600000,0.00004792
2023-09-26T00:00:00Z,1695686400000,-0.00003910
2023-09-26T08:00:00Z,1695715200000,-0.00001215
2023-09-26T16:00:00Z,1695744000000,0.00005626
2023-09-27T00:00:00Z,1695772800000,0.00009944
2023-09-27T08:00:00Z,1695801600001,0.00003378
2023-09-27T16:00:00Z,1695830400000,0.00002074
2023-09-28T00:00:00Z,1695859200000,0.00000674
2023-09-28T08:00:00Z,1695888000000,-0.00001581
2023-09-28T16:00:00Z,1695916800000,-0.00004732
2023-09-29T00:00:00Z,1695945600000,-0.00003894
2023-09-29T08:00:00Z,1695974400000,-0.00002567
2023-09-29T16:00:00Z,1696003200000,0.00000476
2023-09-30T00:00:00Z,1696032000000,0.00000643
2023-09-30T08:00:00Z,1696060800000,0.00001864
2023-09-30T16:00:00Z,1696089600000,0.00001525
2023-10-01T00:00:00Z,1696118400000,0.00000295
2023-10-01T08:00:00Z,1696147200000,-0.00000619
2023-10-01T16:00:00Z,1696176000000,-0.00002263
2023-10-02T00:00:00Z,1696204800000,0.00005831
2023-10-02T08:00:00Z,1696233600000,0.00000728
2023-10-02T16:00:00Z,1696262400000,-0.00001477
2023-10-03T00:00:00Z,1696291200000,0.00004172
2023-10-03T08:00:00Z,1696320000000,0.00001667
2023-10-03T16:00:00Z,1696348800000,0.00002500
2023-10-04T00:00:00Z,1696377600000,0.00006031
2023-10-04T08:00:00Z,1696406400000,0.00006200
2023-10-04T16:00:00Z,1696435200000,-0.00002857
2023-10-05T00:00:00Z,1696464000000,-0.00003807
2023-10-05T08:00:00Z,1696492800000,-0.00004268
2023-10-05T16:00:00Z,1696521600001,-0.00002302
2023-10-06T00:00:00Z,1696550400000,-0.00001106
2023-10-06T08:00:00Z,1696579200000,0.00001436
2023-10-06T16:00:00Z,1696608000000,-0.00003149
2023-10-07T00:00:00Z,1696636800000,0.00002124
2023-10-07T08:00:00Z,1696665600000,0.00002849
2023-10-07T16:00:00Z,1696694400000,0.00002083
2023-10-08T00:00:00Z,1696723200000,0.00000314
2023-10-08T08:00:00Z,1696752000001,0.00000974
2023-10-08T16:00:00Z,1696780800000,0.00005163
2023-10-09T00:00:00Z,1696809600000,0.00003992
2023-10-09T08:00:00Z,1696838400000,0.00003515
2023-10-09T16:00:00Z,1696867200000,0.00007838
2023-10-10T00:00:00Z,1696896000000,0.00006349
2023-10-10T08:00:00Z,1696924800000,0.00001894
2023-10-10T16:00:00Z,1696953600000,0.00004548
2023-10-11T00:00:00Z,1696982400000,0.00005918
2023-10-11T08:00:00Z,1697011200000,0.00008330
2023-10-11T16:00:00Z,1697040000000,0.00006319
2023-10-12T00:00:00Z,1697068800000,0.00010000
2023-10-12T08:00:00Z,1697097600000,0.00002661
2023-10-12T16:00:00Z,1697126400000,0.00007304
2023-10-13T00:00:00Z,1697155200000,0.00002294
2023-10-13T08:00:00Z,1697184000000,0.00002039
2023-10-13T16:00:00Z,1697212800000,0.00002326
2023-10-14T00:00:00Z,1697241600000,0.00000105
2023-10-14T08:00:00Z,1697270400000,0.00002211
2023-10-14T16:00:00Z,1697299200000,0.00002456
2023-10-15T00:00:00Z,1697328000000,-0.00001509
2023-10-15T08:00:00Z,1697356800000,0.00004292
2023-10-15T16:00:00Z,1697385600000,0.00002224
2023-10-16T00:00:00Z,1697414400000,0.00000511
2023-10-16T08:00:00Z,1697443200000,0.00000028
2023-10-16T16:00:00Z,1697472000000,0.00009644
2023-10-17T00:00:00Z,1697500800000,0.00000204
2023-10-17T08:00:00Z,1697529600000,0.00001493
2023-10-17T16:00:00Z,1697558400000,-0.00002311
2023-10-18T00:00:00Z,1697587200000,-0.00003343
2023-10-18T08:00:00Z,1697616000000,-0.00001216
2023-10-18T16:00:00Z,1697644800000,0.00001644
2023-10-19T00:00:00Z,1697673600000,-0.00001028
2023-10-19T08:00:00Z,1697702400001,-0.00000624
2023-10-19T16:00:00Z,1697731200000,-0.00011006
2023-10-20T00:00:00Z,1697760000000,-0.00009272
2023-10-20T08:00:00Z,1697788800005,0.00001938
2023-10-20T16:00:00Z,1697817600000,0.00002687
2023-10-21T00:00:00Z,1697846400000,-0.00001585
2023-10-21T08:00:00Z,1697875200000,0.00004374
2023-10-21T16:00:00Z,1697904000000,0.00005827
2023-10-22T00:00:00Z,1697932800000,0.00002567
2023-10-22T08:00:00Z,1697961600000,0.00002579
2023-10-22T16:00:00Z,1697990400000,0.00003115
2023-10-23T00:00:00Z,1698019200000,0.00008250
2023-10-23T08:00:00Z,1698048000001,0.00009590
2023-10-23T16:00:00Z,1698076800001,0.00000648
2023-10-24T00:00:00Z,1698105600000,0.00010000
2023-10-24T08:00:00Z,1698134400000,0.00010000
2023-10-24T16:00:00Z,1698163200000,0.00010000
2023-10-25T00:00:00Z,1698192000000,0.00010000
2023-10-25T08:00:00Z,1698220800000,0.00010000
2023-10-25T16:00:00Z,1698249600001,0.00010000
2023-10-26T00:00:00Z,1698278400001,0.00010000
2023-10-26T08:00:00Z,1698307200000,0.00010000
2023-10-26T16:00:00Z,1698336000000,0.00010000
2023-10-27T00:00:00Z,1698364800000,0.00010000
2023-10-27T08:00:00Z,1698393600000,0.00010000
2023-10-27T16:00:00Z,1698422400000,0.00010000
2023-10-28T00:00:00Z,1698451200000,0.00010000
2023-10-28T08:00:00Z,1698480000001,0.00010000
2023-10-28T16:00:00Z,1698508800000,0.00010000
2023-10-29T00:00:00Z,1698537600000,0.00010000
2023-10-29T08:00:00Z,1698566400000,0.00010000
2023-10-29T16:00:00Z,1698595200000,0.00010000
2023-10-30T00:00:00Z,1698624000000,0.00010000
2023-10-30T08:00:00Z,1698652800000,0.00010000
2023-10-30T16:00:00Z,1698681600000,0.00010000
2023-10-31T00:00:00Z,1698710400001,0.00010000
2023-10-31T08:00:00Z,1698739200000,0.00010000
2023-10-31T16:00:00Z,1698768000000,0.00010000
2023-11-01T00:00:00Z,1698796800000,0.00010000
2023-11-01T08:00:00Z,1698825600000,0.00010000
2023-11-01T16:00:00Z,1698854400000,0.00010000
2023-11-02T00:00:00Z,1698883200001,0.00010000
2023-11-02T08:00:00Z,1698912000000,0.00010000
2023-11-02T16:00:00Z,1698940800000,0.00010000
2023-11-03T00:00:00Z,1698969600000,0.00010000
2023-11-03T08:00:00Z,1698998400000,0.00010000
2023-11-03T16:00:00Z,1699027200000,0.00010000
2023-11-04T00:00:00Z,1699056000000,0.00010000
2023-11-04T08:00:00Z,1699084800000,0.00010000
2023-11-04T16:00:00Z,1699113600000,0.00010000
2023-11-05T00:00:00Z,1699142400000,0.00010000
2023-11-05T08:00:00Z,1699171200000,0.00010000
2023-11-05T16:00:00Z,1699200000000,0.00010000
2023-11-06T00:00:00Z,1699228800000,0.00010000
2023-11-06T08:00:00Z,1699257600001,0.00010000
2023-11-06T16:00:00Z,1699286400000,0.00010000
2023-11-07T00:00:00Z,1699315200001,0.00010000
2023-11-07T08:00:00Z,1699344000000,0.00010000
2023-11-07T16:00:00Z,1699372800000,0.00010000
2023-11-08T00:00:00Z,1699401600000,0.00010000
2023-11-08T08:00:00Z,1699430400000,0.00010000
2023-11-08T16:00:00Z,1699459200000,0.00010000
2023-11-09T00:00:00Z,1699488000000,0.00010000
2023-11-09T08:00:00Z,1699516800000,0.00010000
2023-11-09T16:00:00Z,1699545600000,0.00020027
2023-11-10T00:00:00Z,1699574400000,0.00010000
2023-11-10T08:00:00Z,1699603200000,0.00011682
2023-11-10T16:00:00Z,1699632000000,0.00010000
2023-11-11T00:00:00Z,1699660800000,0.00010000
2023-11-11T08:00:00Z,1699689600000,0.00016607
2023-11-11T16:00:00Z,1699718400000,0.00014648
2023-11-12T00:00:00Z,1699747200000,0.00015430
2023-11-12T08:00:00Z,1699776000000,0.00023487
2023-11-12T16:00:00Z,1699804800001,0.00027221
2023-11-13T00:00:00Z,1699833600000,0.00032467
2023-11-13T08:00:00Z,1699862400000,0.00010893
2023-11-13T16:00:00Z,1699891200000,0.00020492
2023-11-14T00:00:00Z,1699920000000,0.00017382
2023-11-14T08:00:00Z,1699948800000,0.00016369
2023-11-14T16:00:00Z,1699977600001,0.00014477
2023-11-15T00:00:00Z,1700006400000,0.00010000
2023-11-15T08:00:00Z,1700035200000,0.00010000
2023-11-15T16:00:00Z,1700064000000,0.00010000
2023-11-16T00:00:00Z,1700092800000,0.00010000
2023-11-16T08:00:00Z,1700121600000,0.00015199
2023-11-16T16:00:00Z,1700150400001,0.00012014
2023-11-17T00:00:00Z,1700179200000,0.00010000
2023-11-17T08:00:00Z,1700208000001,0.00010000
2023-11-17T16:00:00Z,1700236800001,0.00010000
2023-11-18T00:00:00Z,1700265600000,0.00010000
2023-11-18T08:00:00Z,1700294400000,0.00010000
2023-11-18T16:00:00Z,1700323200000,0.00010000
2023-11-19T00:00:00Z,1700352000000,0.00010000
2023-11-19T08:00:00Z,1700380800000,0.00010000
2023-11-19T16:00:00Z,1700409600000,0.00010000
2023-11-20T00:00:00Z,1700438400000,0.00010000
2023-11-20T08:00:00Z,1700467200000,0.00010000
2023-11-20T16:00:00Z,1700496000000,0.00010000
2023-11-21T00:00:00Z,1700524800000,0.00010000
2023-11-21T08:00:00Z,1700553600000,0.00010000
2023-11-21T16:00:00Z,1700582400000,0.00010000
2023-11-22T00:00:00Z,1700611200000,0.00010000
2023-11-22T08:00:00Z,1700640000000,0.00010000
2023-11-22T16:00:00Z,1700668800000,0.00010000
2023-11-23T00:00:00Z,1700697600000,0.00010000
2023-11-23T08:00:00Z,1700726400000,0.00010000
2023-11-23T16:00:00Z,1700755200001,0.00010000
2023-11-24T00:00:00Z,1700784000000,0.00010000
2023-11-24T08:00:00Z,1700812800000,0.00010000
2023-11-24T16:00:00Z,1700841600000,0.00010000
2023-11-25T00:00:00Z,1700870400000,0.00010000
2023-11-25T08:00:00Z,1700899200000,0.00010000
2023-11-25T16:00:00Z,1700928000000,0.00010000
2023-11-26T00:00:00Z,1700956800000,0.00010000
2023-11-26T08:00:00Z,1700985600000,0.00010000
2023-11-26T16:00:00Z,1701014400000,0.00010000
2023-11-27T00:00:00Z,1701043200000,0.00010000
2023-11-27T08:00:00Z,1701072000001,0.00010000
2023-11-27T16:00:00Z,1701100800000,0.00010000
2023-11-28T00:00:00Z,1701129600000,0.00010000
2023-11-28T08:00:00Z,1701158400000,0.00010000
2023-11-28T16:00:00Z,1701187200000,0.00010000
2023-11-29T00:00:00Z,1701216000001,0.00010000
2023-11-29T08:00:00Z,1701244800000,0.00010000
2023-11-29T16:00:00Z,1701273600000,0.00010000
2023-11-30T00:00:00Z,1701302400000,0.00010000
2023-11-30T08:00:00Z,1701331200000,0.00010000
2023-11-30T16:00:00Z,1701360000000,0.00010000
2023-12-01T00:00:00Z,1701388800000,0.00010000
2023-12-01T08:00:00Z,1701417600000,0.00010000
2023-12-01T16:00:00Z,1701446400000,0.00010000
2023-12-02T00:00:00Z,1701475200000,0.00009950
2023-12-02T08:00:00Z,1701504000000,0.00006973
2023-12-02T16:00:00Z,1701532800000,0.00008541
2023-12-03T00:00:00Z,1701561600000,0.00010000
2023-12-03T08:00:00Z,1701590400000,0.00010000
2023-12-03T16:00:00Z,1701619200000,0.00010000
2023-12-04T00:00:00Z,1701648000000,0.00010000
2023-12-04T08:00:00Z,1701676800000,0.00010000
2023-12-04T16:00:00Z,1701705600000,0.00010000
2023-12-05T00:00:00Z,1701734400000,0.00010000
2023-12-05T08:00:00Z,1701763200000,0.00010000
2023-12-05T16:00:00Z,1701792000000,0.00010000
2023-12-06T00:00:00Z,1701820800000,0.00010000
2023-12-06T08:00:00Z,1701849600000,0.00010000
2023-12-06T16:00:00Z,1701878400000,0.00010000
2023-12-07T00:00:00Z,1701907200000,0.00010000
2023-12-07T08:00:00Z,1701936000000,0.00010000
2023-12-07T16:00:00Z,1701964800000,0.00010000
2023-12-08T00:00:00Z,1701993600000,0.00010000
2023-12-08T08:00:00Z,1702022400000,0.00023288
2023-12-08T16:00:00Z,1702051200000,0.00020242
2023-12-09T00:00:00Z,1702080000000,0.00011504
2023-12-09T08:00:00Z,1702108800000,0.00030159
2023-12-09T16:00:00Z,1702137600000,0.00017192
2023-12-10T00:00:00Z,1702166400000,0.00020724
2023-12-10T08:00:00Z,1702195200000,0.00020383
2023-12-10T16:00:00Z,1702224000000,0.00023923
2023-12-11T00:00:00Z,1702252800000,0.00014730
2023-12-11T08:00:00Z,1702281600000,0.00010000
2023-12-11T16:00:00Z,1702310400000,0.00010000
2023-12-12T00:00:00Z,1702339200000,0.00010000
2023-12-12T08:00:00Z,1702368000000,0.00010000
2023-12-12T16:00:00Z,1702396800000,0.00010000
2023-12-13T00:00:00Z,1702425600000,0.00011909
2023-12-13T08:00:00Z,1702454400000,0.00010162
2023-12-13T16:00:00Z,1702483200001,0.00012601
2023-12-14T00:00:00Z,1702512000000,0.00010000
2023-12-14T08:00:00Z,1702540800000,0.00010000
2023-12-14T16:00:00Z,1702569600000,0.00010000
2023-12-15T00:00:00Z,1702598400000,0.00010000
2023-12-15T08:00:00Z,1702627200000,0.00010000
2023-12-15T16:00:00Z,1702656000000,0.00010000
2023-12-16T00:00:00Z,1702684800000,0.00010000
2023-12-16T08:00:00Z,1702713600000,0.00010000
2023-12-16T16:00:00Z,1702742400001,0.00010000
2023-12-17T00:00:00Z,1702771200000,0.00010000
2023-12-17T08:00:00Z,1702800000000,0.00010000
2023-12-17T16:00:00Z,1702828800000,0.00010000
2023-12-18T00:00:00Z,1702857600000,0.00013355
2023-12-18T08:00:00Z,1702886400001,0.00010000
2023-12-18T16:00:00Z,1702915200000,0.00015611
2023-12-19T00:00:00Z,1702944000000,0.00010000
2023-12-19T08:00:00Z,1702972800000,0.00010000
2023-12-19T16:00:00Z,1703001600000,0.00010000
2023-12-20T00:00:00Z,1703030400000,0.00010506
2023-12-20T08:00:00Z,1703059200000,0.00010000
2023-12-20T16:00:00Z,1703088000000,0.00023637
2023-12-21T00:00:00Z,1703116800000,0.00027143
2023-12-21T08:00:00Z,1703145600000,0.00029216
2023-12-21T16:00:00Z,1703174400000,0.00028948
2023-12-22T00:00:00Z,1703203200000,0.00030806
2023-12-22T08:00:00Z,1703232000000,0.00029610
2023-12-22T16:00:00Z,1703260800000,0.00018011
2023-12-23T00:00:00Z,1703289600000,0.00016285
2023-12-23T08:00:00Z,1703318400001,0.00010000
2023-12-23T16:00:00Z,1703347200000,0.00015066
2023-12-24T00:00:00Z,1703376000000,0.00010000
2023-12-24T08:00:00Z,1703404800000,0.00020790
2023-12-24T16:00:00Z,1703433600000,0.00019729
2023-12-25T00:00:00Z,1703462400000,0.00010000
2023-12-25T08:00:00Z,1703491200000,0.00010000
2023-12-25T16:00:00Z,1703520000000,0.00037908
2023-12-26T00:00:00Z,1703548800000,0.00043391
2023-12-26T08:00:00Z,1703577600000,0.00023757
2023-12-26T16:00:00Z,1703606400000,0.00029559
2023-12-27T00:00:00Z,1703635200000,0.00027621
2023-12-27T08:00:00Z,1703664000000,0.00037942
2023-12-27T16:00:00Z,1703692800000,0.00032304
2023-12-28T00:00:00Z,1703721600000,0.00013021
2023-12-28T08:00:00Z,1703750400000,0.00037879
2023-12-28T16:00:00Z,1703779200000,0.00050152
2023-12-29T00:00:00Z,1703808000001,0.00055170
2023-12-29T08:00:00Z,1703836800000,0.00049912
2023-12-29T16:00:00Z,1703865600000,0.00047082
2023-12-30T00:00:00Z,1703894400001,0.00033033
2023-12-30T08:00:00Z,1703923200000,0.00043580
2023-12-30T16:00:00Z,1703952000000,0.00037842
2023-12-31T00:00:00Z,1703980800000,0.00027855
2023-12-31T08:00:00Z,1704009600001,0.00034573
2023-12-31T16:00:00Z,1704038400000,0.00033597
2024-01-01T00:00:00Z,1704067200000,0.00037409
2024-01-01T08:00:00Z,1704096000000,0.00027213
2024-01-01T16:00:00Z,1704124800000,0.00033601
2024-01-02T00:00:00Z,1704153600000,0.00065846
2024-01-02T08:00:00Z,1704182400000,0.00035179
2024-01-02T16:00:00Z,1704211200000,0.00053730
2024-01-03T00:00:00Z,1704240000000,0.00021159
2024-01-03T08:00:00Z,1704268800000,0.00017123
2024-01-03T16:00:00Z,1704297600000,0.00010000
2024-01-04T00:00:00Z,1704326400000,0.00010000
2024-01-04T08:00:00Z,1704355200000,0.00010000
2024-01-04T16:00:00Z,1704384000000,0.00010000
2024-01-05T00:00:00Z,1704412800001,0.00010000
2024-01-05T08:00:00Z,1704441600000,0.00010000
2024-01-05T16:00:00Z,1704470400000,0.00010000
2024-01-06T00:00:00Z,1704499200000,0.00010000
2024-01-06T08:00:00Z,1704528000000,0.00010000
2024-01-06T16:00:00Z,1704556800000,0.00010000
2024-01-07T00:00:00Z,1704585600000,0.00010000
2024-01-07T08:00:00Z,1704614400001,0.00010000
2024-01-07T16:00:00Z,1704643200001,0.00010000
2024-01-08T00:00:00Z,1704672000000,0.00010000
2024-01-08T08:00:00Z,1704700800000,0.00010000
2024-01-08T16:00:00Z,1704729600000,0.00010000
2024-01-09T00:00:00Z,1704758400001,0.00010000
2024-01-09T08:00:00Z,1704787200000,0.00010000
2024-01-09T16:00:00Z,1704816000000,0.00010000
2024-01-10T00:00:00Z,1704844800000,0.00010000
2024-01-10T08:00:00Z,1704873600000,0.00010000
2024-01-10T16:00:00Z,1704902400000,0.00010000
2024-01-11T00:00:00Z,1704931200000,0.00010000
2024-01-11T08:00:00Z,1704960000000,0.00010000
2024-01-11T16:00:00Z,1704988800000,0.00010000
2024-01-12T00:00:00Z,1705017600001,0.00010000
2024-01-12T08:00:00Z,1705046400000,0.00010000
2024-01-12T16:00:00Z,1705075200000,0.00010000
2024-01-13T00:00:00Z,1705104000000,0.00010000
2024-01-13T08:00:00Z,1705132800000,0.00010000
2024-01-13T16:00:00Z,1705161600001,0.00010000
2024-01-14T00:00:00Z,1705190400000,0.00010000
2024-01-14T08:00:00Z,1705219200000,0.00010000
2024-01-14T16:00:00Z,1705248000001,0.00010000
2024-01-15T00:00:00Z,1705276800000,0.00010000
2024-01-15T08:00:00Z,1705305600000,0.00010000
2024-01-15T16:00:00Z,1705334400000,0.00010000
2024-01-16T00:00:00Z,1705363200000,0.00010000
2024-01-16T08:00:00Z,1705392000000,0.00010000
2024-01-16T16:00:00Z,1705420800001,0.00010000
2024-01-17T00:00:00Z,1705449600000,0.00010000
2024-01-17T08:00:00Z,1705478400000,0.00010000
2024-01-17T16:00:00Z,1705507200000,0.00010000
2024-01-18T00:00:00Z,1705536000001,0.00010000
2024-01-18T08:00:00Z,1705564800000,0.00010000
2024-01-18T16:00:00Z,1705593600000,0.00010000
2024-01-19T00:00:00Z,1705622400000,0.00010000
2024-01-19T08:00:00Z,1705651200000,0.00010000
2024-01-19T16:00:00Z,1705680000002,0.00010000
2024-01-20T00:00:00Z,1705708800000,0.00010000
2024-01-20T08:00:00Z,1705737600003,0.00010000
2024-01-20T16:00:00Z,1705766400000,0.00010000
2024-01-21T00:00:00Z,1705795200000,0.00010000
2024-01-21T08:00:00Z,1705824000000,0.00010000
2024-01-21T16:00:00Z,1705852800000,0.00010000
2024-01-22T00:00:00Z,1705881600000,0.00010000
2024-01-22T08:00:00Z,1705910400000,0.00010000
2024-01-22T16:00:00Z,1705939200000,0.00010000
2024-01-23T00:00:00Z,1705968000000,0.00010000
2024-01-23T08:00:00Z,1705996800000,0.00010000
2024-01-23T16:00:00Z,1706025600000,0.00010000
2024-01-24T00:00:00Z,1706054400000,0.00010000
2024-01-24T08:00:00Z,1706083200000,0.00010000
2024-01-24T16:00:00Z,1706112000000,0.00010000
2024-01-25T00:00:00Z,1706140800000,0.00010000
2024-01-25T08:00:00Z,1706169600001,0.00010000
2024-01-25T16:00:00Z,1706198400000,0.00010000
2024-01-26T00:00:00Z,1706227200001,0.00010000
2024-01-26T08:00:00Z,1706256000000,0.00010000
2024-01-26T16:00:00Z,1706284800000,0.00010000
2024-01-27T00:00:00Z,1706313600000,0.00008966
2024-01-27T08:00:00Z,1706342400000,0.00010000
2024-01-27T16:00:00Z,1706371200000,0.00008300
2024-01-28T00:00:00Z,1706400000000,0.00010000
2024-01-28T08:00:00Z,1706428800000,0.00004725
2024-01-28T16:00:00Z,1706457600000,0.00010000
2024-01-29T00:00:00Z,1706486400000,0.00010000
2024-01-29T08:00:00Z,1706515200001,0.00009142
2024-01-29T16:00:00Z,1706544000000,0.00010000
2024-01-30T00:00:00Z,1706572800000,0.00010000
2024-01-30T08:00:00Z,1706601600000,0.00009492
2024-01-30T16:00:00Z,1706630400001,0.00005149
2024-01-31T00:00:00Z,1706659200000,0.00002154
2024-01-31T08:00:00Z,1706688000000,0.00010000
2024-01-31T16:00:00Z,1706716800000,0.00010000
2024-02-01T00:00:00Z,1706745600000,0.00010000
2024-02-01T08:00:00Z,1706774400000,0.00010000
2024-02-01T16:00:00Z,1706803200002,0.00010000
2024-02-02T00:00:00Z,1706832000000,0.00010000
2024-02-02T08:00:00Z,1706860800000,0.00010000
2024-02-02T16:00:00Z,1706889600000,0.00010000
2024-02-03T00:00:00Z,1706918400000,0.00007627
2024-02-03T08:00:00Z,1706947200000,0.00009042
2024-02-03T16:00:00Z,1706976000001,0.00008028
2024-02-04T00:00:00Z,1707004800000,0.00008307
2024-02-04T08:00:00Z,1707033600004,0.00008846
2024-02-04T16:00:00Z,1707062400000,0.00010000
2024-02-05T00:00:00Z,1707091200000,0.00010000
2024-02-05T08:00:00Z,1707120000000,0.00010000
2024-02-05T16:00:00Z,1707148800000,0.00010000
2024-02-06T00:00:00Z,1707177600000,0.00010000
2024-02-06T08:00:00Z,1707206400001,0.00006723
2024-02-06T16:00:00Z,1707235200000,0.00010000
2024-02-07T00:00:00Z,1707264000000,0.00007527
2024-02-07T08:00:00Z,1707292800000,0.00005373
2024-02-07T16:00:00Z,1707321600000,0.00008306
2024-02-08T00:00:00Z,1707350400000,0.00010000
2024-02-08T08:00:00Z,1707379200000,0.00006535
2024-02-08T16:00:00Z,1707408000000,0.00002590
2024-02-09T00:00:00Z,1707436800000,0.00003160
2024-02-09T08:00:00Z,1707465600000,0.00010000
2024-02-09T16:00:00Z,1707494400001,0.00009801
2024-02-10T00:00:00Z,1707523200001,0.00008041
2024-02-10T08:00:00Z,1707552000000,0.00010000
2024-02-10T16:00:00Z,1707580800000,0.00010000
2024-02-11T00:00:00Z,1707609600000,0.00010000
2024-02-11T08:00:00Z,1707638400001,0.00010000
2024-02-11T16:00:00Z,1707667200000,0.00010000
2024-02-12T00:00:00Z,1707696000000,0.00010000
2024-02-12T08:00:00Z,1707724800000,0.00010000
2024-02-12T16:00:00Z,1707753600000,0.00010000
2024-02-13T00:00:00Z,1707782400000,0.00010000
2024-02-13T08:00:00Z,1707811200000,0.00010000
2024-02-13T16:00:00Z,1707840000000,0.00010000
2024-02-14T00:00:00Z,1707868800000,0.00010000
2024-02-14T08:00:00Z,1707897600000,0.00010000
2024-02-14T16:00:00Z,1707926400000,0.00012283
2024-02-15T00:00:00Z,1707955200000,0.00010000
2024-02-15T08:00:00Z,1707984000000,0.00010000
2024-02-15T16:00:00Z,1708012800000,0.00010000
2024-02-16T00:00:00Z,1708041600000,0.00010000
2024-02-16T08:00:00Z,1708070400000,0.00010000
2024-02-16T16:00:00Z,1708099200000,0.00010000
2024-02-17T00:00:00Z,1708128000000,0.00010000
2024-02-17T08:00:00Z,1708156800000,0.00010000
2024-02-17T16:00:00Z,1708185600000,0.00016041
2024-02-18T00:00:00Z,1708214400000,0.00017240
2024-02-18T08:00:00Z,1708243200000,0.00015305
2024-02-18T16:00:00Z,1708272000000,0.00017095
2024-02-19T00:00:00Z,1708300800000,0.00023064
2024-02-19T08:00:00Z,1708329600000,0.00019594
2024-02-19T16:00:00Z,1708358400000,0.00013327
2024-02-20T00:00:00Z,1708387200000,0.00010461
2024-02-20T08:00:00Z,1708416000000,0.00010912
2024-02-20T16:00:00Z,1708444800000,0.00020259
2024-02-21T00:00:00Z,1708473600000,0.00010000
2024-02-21T08:00:00Z,1708502400000,0.00011242
2024-02-21T16:00:00Z,1708531200000,0.00010000
2024-02-22T00:00:00Z,1708560000001,0.00010000
2024-02-22T08:00:00Z,1708588800001,0.00013480
2024-02-22T16:00:00Z,1708617600000,0.00012557
2024-02-23T00:00:00Z,1708646400000,0.00010000
2024-02-23T08:00:00Z,1708675200000,0.00010000
2024-02-23T16:00:00Z,1708704000000,0.00012991
2024-02-24T00:00:00Z,1708732800000,0.00010000
2024-02-24T08:00:00Z,1708761600001,0.00010000
2024-02-24T16:00:00Z,1708790400000,0.00010000
2024-02-25T00:00:00Z,1708819200001,0.00011438
2024-02-25T08:00:00Z,1708848000000,0.00015012
2024-02-25T16:00:00Z,1708876800000,0.00015062
2024-02-26T00:00:00Z,1708905600000,0.00026761
2024-02-26T08:00:00Z,1708934400000,0.00021567
2024-02-26T16:00:00Z,1708963200000,0.00027227
2024-02-27T00:00:00Z,1708992000000,0.00032262
2024-02-27T08:00:00Z,1709020800000,0.00073521
2024-02-27T16:00:00Z,1709049600000,0.00022965
2024-02-28T00:00:00Z,1709078400000,0.00026729
2024-02-28T08:00:00Z,1709107200000,0.00023682
2024-02-28T16:00:00Z,1709136000000,0.00053538
2024-02-29T00:00:00Z,1709164800000,0.00069091
2024-02-29T08:00:00Z,1709193600000,0.00076337
2024-02-29T16:00:00Z,1709222400000,0.00057031
2024-03-01T00:00:00Z,1709251200000,0.00053322
2024-03-01T08:00:00Z,1709280000000,0.00064824
2024-03-01T16:00:00Z,1709308800000,0.00046010
2024-03-02T00:00:00Z,1709337600000,0.00033426
2024-03-02T08:00:00Z,1709366400001,0.00057174
2024-03-02T16:00:00Z,1709395200000,0.00056396
2024-03-03T00:00:00Z,1709424000000,0.00046267
2024-03-03T08:00:00Z,1709452800000,0.00042989
2024-03-03T16:00:00Z,1709481600000,0.00044598
2024-03-04T00:00:00Z,1709510400000,0.00055071
2024-03-04T08:00:00Z,1709539200000,0.00046833
2024-03-04T16:00:00Z,1709568000000,0.00063620
2024-03-05T00:00:00Z,1709596800000,0.00048960
2024-03-05T08:00:00Z,1709625600000,0.00082969
2024-03-05T16:00:00Z,1709654400000,0.00088148
2024-03-06T00:00:00Z,1709683200000,0.00036280
2024-03-06T08:00:00Z,1709712000001,0.00033876
2024-03-06T16:00:00Z,1709740800000,0.00049354
2024-03-07T00:00:00Z,1709769600000,0.00030311
2024-03-07T08:00:00Z,1709798400000,0.00040984
2024-03-07T16:00:00Z,1709827200000,0.00054217
2024-03-08T00:00:00Z,1709856000000,0.00034819
2024-03-08T08:00:00Z,1709884800000,0.00043497
2024-03-08T16:00:00Z,1709913600000,0.00062913
2024-03-09T00:00:00Z,1709942400000,0.00019134
2024-03-09T08:00:00Z,1709971200001,0.00031281
2024-03-09T16:00:00Z,1710000000000,0.00026407
2024-03-10T00:00:00Z,1710028800000,0.00031010
2024-03-10T08:00:00Z,1710057600000,0.00063451
2024-03-10T16:00:00Z,1710086400000,0.00054479
2024-03-11T00:00:00Z,1710115200000,0.00035489
2024-03-11T08:00:00Z,1710144000000,0.00078428
2024-03-11T16:00:00Z,1710172800000,0.00066396
2024-03-12T00:00:00Z,1710201600000,0.00044470
2024-03-12T08:00:00Z,1710230400000,0.00045300
2024-03-12T16:00:00Z,1710259200000,0.00047935
2024-03-13T00:00:00Z,1710288000000,0.00033224
2024-03-13T08:00:00Z,1710316800001,0.00064420
2024-03-13T16:00:00Z,1710345600000,0.00045402
2024-03-14T00:00:00Z,1710374400001,0.00024393
2024-03-14T08:00:00Z,1710403200000,0.00038753
2024-03-14T16:00:00Z,1710432000000,0.00038258
2024-03-15T00:00:00Z,1710460800000,0.00038515
2024-03-15T08:00:00Z,1710489600000,0.00014328
2024-03-15T16:00:00Z,1710518400000,0.00015306
2024-03-16T00:00:00Z,1710547200000,0.00010000
2024-03-16T08:00:00Z,1710576000000,0.00023202
2024-03-16T16:00:00Z,1710604800000,0.00020813
2024-03-17T00:00:00Z,1710633600000,0.00013089
2024-03-17T08:00:00Z,1710662400000,0.00017773
2024-03-17T16:00:00Z,1710691200000,0.00024827
2024-03-18T00:00:00Z,1710720000000,0.00020181
2024-03-18T08:00:00Z,1710748800000,0.00030597
2024-03-18T16:00:00Z,1710777600001,0.00027195
2024-03-19T00:00:00Z,1710806400000,0.00026923
2024-03-19T08:00:00Z,1710835200000,0.00029065
2024-03-19T16:00:00Z,1710864000001,0.00024018
2024-03-20T00:00:00Z,1710892800000,0.00015847
2024-03-20T08:00:00Z,1710921600004,0.00018388
2024-03-20T16:00:00Z,1710950400000,0.00010000
2024-03-21T00:00:00Z,1710979200000,0.00010403
2024-03-21T08:00:00Z,1711008000000,0.00019304
2024-03-21T16:00:00Z,1711036800000,0.00019510
2024-03-22T00:00:00Z,1711065600000,0.00016271
2024-03-22T08:00:00Z,1711094400000,0.00010000
2024-03-22T16:00:00Z,1711123200000,0.00011993
2024-03-23T00:00:00Z,1711152000000,0.00010000
2024-03-23T08:00:00Z,1711180800000,0.00010000
2024-03-23T16:00:00Z,1711209600000,0.00010806
2024-03-24T00:00:00Z,1711238400000,0.00010351
2024-03-24T08:00:00Z,1711267200000,0.00014616
2024-03-24T16:00:00Z,1711296000000,0.00015884
2024-03-25T00:00:00Z,1711324800000,0.00025549
2024-03-25T08:00:00Z,1711353600001,0.00016324
2024-03-25T16:00:00Z,1711382400000,0.00028815
2024-03-26T00:00:00Z,1711411200000,0.00021963
2024-03-26T08:00:00Z,1711440000000,0.00018348
2024-03-26T16:00:00Z,1711468800000,0.00026764
2024-03-27T00:00:00Z,1711497600000,0.00028757
2024-03-27T08:00:00Z,1711526400001,0.00029551
2024-03-27T16:00:00Z,1711555200000,0.00043631
2024-03-28T00:00:00Z,1711584000000,0.00024195
2024-03-28T08:00:00Z,1711612800000,0.00029899
2024-03-28T16:00:00Z,1711641600000,0.00029430
2024-03-29T00:00:00Z,1711670400000,0.00018250
2024-03-29T08:00:00Z,1711699200000,0.00025456
2024-03-29T16:00:00Z,1711728000000,0.00030170
2024-03-30T00:00:00Z,1711756800000,0.00019624
2024-03-30T08:00:00Z,1711785600000,0.00032267
2024-03-30T16:00:00Z,1711814400000,0.00034360
2024-03-31T00:00:00Z,1711843200000,0.00032351
2024-03-31T08:00:00Z,1711872000000,0.00039889
2024-03-31T16:00:00Z,1711900800001,0.00040301
2024-04-01T00:00:00Z,1711929600000,0.00070161
2024-04-01T08:00:00Z,1711958400000,0.00033491
2024-04-01T16:00:00Z,1711987200000,0.00027469
2024-04-02T00:00:00Z,1712016000007,0.00010926
2024-04-02T08:00:00Z,1712044800015,0.00010000
2024-04-02T16:00:00Z,1712073600000,0.00016456
2024-04-03T00:00:00Z,1712102400000,0.00010000
2024-04-03T08:00:00Z,1712131200000,0.00010000
2024-04-03T16:00:00Z,1712160000000,0.00010000
2024-04-04T00:00:00Z,1712188800000,0.00010000
2024-04-04T08:00:00Z,1712217600000,0.00010000
2024-04-04T16:00:00Z,1712246400000,0.00010000
2024-04-05T00:00:00Z,1712275200000,0.00010000
2024-04-05T08:00:00Z,1712304000000,0.00010000
2024-04-05T16:00:00Z,1712332800000,0.00010000
2024-04-06T00:00:00Z,1712361600000,0.00010000
2024-04-06T08:00:00Z,1712390400000,0.00010000
2024-04-06T16:00:00Z,1712419200000,0.00010000
2024-04-07T00:00:00Z,1712448000000,0.00010000
2024-04-07T08:00:00Z,1712476800000,0.00010000
2024-04-07T16:00:00Z,1712505600000,0.00010000
2024-04-08T00:00:00Z,1712534400001,0.00010000
2024-04-08T08:00:00Z,1712563200000,0.00010000
2024-04-08T16:00:00Z,1712592000006,0.00035189
2024-04-09T00:00:00Z,1712620800000,0.00020915
2024-04-09T08:00:00Z,1712649600001,0.00020603
2024-04-09T16:00:00Z,1712678400001,0.00019061
2024-04-10T00:00:00Z,1712707200000,0.00011929
2024-04-10T08:00:00Z,1712736000001,0.00012457
2024-04-10T16:00:00Z,1712764800000,0.00010000
2024-04-11T00:00:00Z,1712793600000,0.00013979
2024-04-11T08:00:00Z,1712822400000,0.00020153
2024-04-11T16:00:00Z,1712851200000,0.00019763
2024-04-12T00:00:00Z,1712880000000,0.00011258
2024-04-12T08:00:00Z,1712908800001,0.00025630
2024-04-12T16:00:00Z,1712937600000,0.00012214
2024-04-13T00:00:00Z,1712966400000,0.00010000
2024-04-13T08:00:00Z,1712995200000,0.00010000
2024-04-13T16:00:00Z,1713024000001,0.00010000
2024-04-14T00:00:00Z,1713052800000,0.00010000
2024-04-14T08:00:00Z,1713081600000,0.00010000
2024-04-14T16:00:00Z,1713110400000,0.00010000
2024-04-15T00:00:00Z,1713139200000,0.00010000
2024-04-15T08:00:00Z,1713168000001,0.00001759
2024-04-15T16:00:00Z,1713196800000,0.00010000
2024-04-16T00:00:00Z,1713225600001,0.00005953
2024-04-16T08:00:00Z,1713254400000,0.00009525
2024-04-16T16:00:00Z,1713283200000,0.00003513
2024-04-17T00:00:00Z,1713312000000,0.00006375
2024-04-17T08:00:00Z,1713340800000,0.00003574
2024-04-17T16:00:00Z,1713369600000,0.00006534
2024-04-18T00:00:00Z,1713398400000,0.00006937
2024-04-18T08:00:00Z,1713427200000,0.00005982
2024-04-18T16:00:00Z,1713456000000,-0.00003334
2024-04-19T00:00:00Z,1713484800001,-0.00003120
2024-04-19T08:00:00Z,1713513600000,0.00006641
2024-04-19T16:00:00Z,1713542400000,0.00005880
2024-04-20T00:00:00Z,1713571200000,0.00010000
2024-04-20T08:00:00Z,1713600000000,-0.00000766
2024-04-20T16:00:00Z,1713628800000,0.00004204
2024-04-21T00:00:00Z,1713657600000,0.00003186
2024-04-21T08:00:00Z,1713686400000,-0.00002093
2024-04-21T16:00:00Z,1713715200000,0.00008271
2024-04-22T00:00:00Z,1713744000000,0.00004409
2024-04-22T08:00:00Z,1713772800000,0.00002497
2024-04-22T16:00:00Z,1713801600000,0.00000898
2024-04-23T00:00:00Z,1713830400000,-0.00001236
2024-04-23T08:00:00Z,1713859200000,0.00005240
2024-04-23T16:00:00Z,1713888000001,-0.00001083
2024-04-24T00:00:00Z,1713916800000,0.00001413
2024-04-24T08:00:00Z,1713945600000,0.00005302
2024-04-24T16:00:00Z,1713974400000,0.00007047
2024-04-25T00:00:00Z,1714003200000,0.00007020
2024-04-25T08:00:00Z,1714032000000,0.00004069
2024-04-25T16:00:00Z,1714060800010,0.00001140
2024-04-26T00:00:00Z,1714089600001,0.00001709
2024-04-26T08:00:00Z,1714118400000,0.00000685
2024-04-26T16:00:00Z,1714147200000,0.00005562
2024-04-27T00:00:00Z,1714176000000,0.00010000
2024-04-27T08:00:00Z,1714204800001,0.00007470
2024-04-27T16:00:00Z,1714233600000,0.00002834
2024-04-28T00:00:00Z,1714262400000,0.00001006
2024-04-28T08:00:00Z,1714291200000,-0.00002081
2024-04-28T16:00:00Z,1714320000000,0.00002782
2024-04-29T00:00:00Z,1714348800000,0.00002472
2024-04-29T08:00:00Z,1714377600000,0.00005544
2024-04-29T16:00:00Z,1714406400000,0.00006828
2024-04-30T00:00:00Z,1714435200000,0.00009740
2024-04-30T08:00:00Z,1714464000000,0.00009154
2024-04-30T16:00:00Z,1714492800000,0.00010000
2024-05-01T00:00:00Z,1714521600000,0.00010000
2024-05-01T08:00:00Z,1714550400000,0.00008946
2024-05-01T16:00:00Z,1714579200000,0.00009902
2024-05-02T00:00:00Z,1714608000000,0.00006634
2024-05-02T08:00:00Z,1714636800000,0.00006169
2024-05-02T16:00:00Z,1714665600002,-0.00000123
2024-05-03T00:00:00Z,1714694400000,-0.00001549
2024-05-03T08:00:00Z,1714723200000,-0.00003764
2024-05-03T16:00:00Z,1714752000000,0.00008091
2024-05-04T00:00:00Z,1714780800000,0.00002703
2024-05-04T08:00:00Z,1714809600000,0.00007455
2024-05-04T16:00:00Z,1714838400000,0.00006265
2024-05-05T00:00:00Z,1714867200000,0.00006906
2024-05-05T08:00:00Z,1714896000000,0.00000647
2024-05-05T16:00:00Z,1714924800000,0.00003893
2024-05-06T00:00:00Z,1714953600000,0.00000602
2024-05-06T08:00:00Z,1714982400000,-0.00001031
2024-05-06T16:00:00Z,1715011200000,0.00007746
2024-05-07T00:00:00Z,1715040000000,0.00006064
2024-05-07T08:00:00Z,1715068800000,0.00001581
2024-05-07T16:00:00Z,1715097600000,0.00009028
2024-05-08T00:00:00Z,1715126400000,0.00004891
2024-05-08T08:00:00Z,1715155200000,0.00005553
2024-05-08T16:00:00Z,1715184000000,0.00009292
2024-05-09T00:00:00Z,1715212800000,0.00005648
2024-05-09T08:00:00Z,1715241600000,0.00003315
2024-05-09T16:00:00Z,1715270400000,0.00007253
2024-05-10T00:00:00Z,1715299200000,0.00001026
2024-05-10T08:00:00Z,1715328000000,0.00005934
2024-05-10T16:00:00Z,1715356800000,0.00007653
2024-05-11T00:00:00Z,1715385600000,0.00008881
2024-05-11T08:00:00Z,1715414400000,0.00003771
2024-05-11T16:00:00Z,1715443200000,0.00005067
2024-05-12T00:00:00Z,1715472000000,0.00002604
2024-05-12T08:00:00Z,1715500800000,0.00002830
2024-05-12T16:00:00Z,1715529600000,0.00010000
2024-05-13T00:00:00Z,1715558400001,0.00010000
2024-05-13T08:00:00Z,1715587200001,0.00008469
2024-05-13T16:00:00Z,1715616000000,0.00009151
2024-05-14T00:00:00Z,1715644800000,0.00009866
2024-05-14T08:00:00Z,1715673600000,0.00010000
2024-05-14T16:00:00Z,1715702400000,0.00004392
2024-05-15T00:00:00Z,1715731200000,0.00010000
2024-05-15T08:00:00Z,1715760000000,-0.00000385
2024-05-15T16:00:00Z,1715788800000,0.00002373
2024-05-16T00:00:00Z,1715817600004,0.00002103
2024-05-16T08:00:00Z,1715846400000,0.00005148
2024-05-16T16:00:00Z,1715875200000,0.00003543
2024-05-17T00:00:00Z,1715904000000,0.00004647
2024-05-17T08:00:00Z,1715932800000,0.00000815
2024-05-17T16:00:00Z,1715961600000,-0.00000298
2024-05-18T00:00:00Z,1715990400000,0.00000628
2024-05-18T08:00:00Z,1716019200000,0.00008012
2024-05-18T16:00:00Z,1716048000000,-0.00000792
2024-05-19T00:00:00Z,1716076800000,0.00003339
2024-05-19T08:00:00Z,1716105600000,0.00005210
2024-05-19T16:00:00Z,1716134400000,0.00004779
2024-05-20T00:00:00Z,1716163200000,0.00005607
2024-05-20T08:00:00Z,1716192000000,0.00002479
2024-05-20T16:00:00Z,1716220800003,0.00002552
2024-05-21T00:00:00Z,1716249600000,0.00010000
2024-05-21T08:00:00Z,1716278400001,0.00010517
2024-05-21T16:00:00Z,1716307200000,0.00010000
2024-05-22T00:00:00Z,1716336000000,0.00010000
2024-05-22T08:00:00Z,1716364800000,0.00015759
2024-05-22T16:00:00Z,1716393600000,0.00010000
2024-05-23T00:00:00Z,1716422400000,0.00010000
2024-05-23T08:00:00Z,1716451200000,0.00010000
2024-05-23T16:00:00Z,1716480000000,0.00010000
2024-05-24T00:00:00Z,1716508800000,0.00010000
2024-05-24T08:00:00Z,1716537600000,0.00010000
2024-05-24T16:00:00Z,1716566400000,0.00010000
2024-05-25T00:00:00Z,1716595200000,0.00010000
2024-05-25T08:00:00Z,1716624000000,0.00010000
2024-05-25T16:00:00Z,1716652800000,0.00010000
2024-05-26T00:00:00Z,1716681600000,0.00010000
2024-05-26T08:00:00Z,1716710400000,0.00010000
2024-05-26T16:00:00Z,1716739200000,0.00010000
2024-05-27T00:00:00Z,1716768000000,0.00010000
2024-05-27T08:00:00Z,1716796800000,0.00010000
2024-05-27T16:00:00Z,1716825600000,0.00010000
2024-05-28T00:00:00Z,1716854400000,0.00010000
2024-05-28T08:00:00Z,1716883200000,0.00010000
2024-05-28T16:00:00Z,1716912000000,0.00010000
2024-05-29T00:00:00Z,1716940800001,0.00010000
2024-05-29T08:00:00Z,1716969600000,0.00010000
2024-05-29T16:00:00Z,1716998400000,0.00012558
2024-05-30T00:00:00Z,1717027200000,0.00010000
2024-05-30T08:00:00Z,1717056000000,0.00010000
2024-05-30T16:00:00Z,1717084800000,0.00010000
2024-05-31T00:00:00Z,1717113600000,0.00014599
2024-05-31T08:00:00Z,1717142400000,0.00012268
2024-05-31T16:00:00Z,1717171200000,0.00010000
2024-06-01T00:00:00Z,1717200000000,0.00010000
2024-06-01T08:00:00Z,1717228800000,0.00010000
2024-06-01T16:00:00Z,1717257600001,0.00010250
2024-06-02T00:00:00Z,1717286400000,0.00010000
2024-06-02T08:00:00Z,1717315200000,0.00010000
2024-06-02T16:00:00Z,1717344000000,0.00010000
2024-06-03T00:00:00Z,1717372800000,0.00010000
2024-06-03T08:00:00Z,1717401600000,0.00014135
2024-06-03T16:00:00Z,1717430400000,0.00010000
2024-06-04T00:00:00Z,1717459200000,0.00012008
2024-06-04T08:00:00Z,1717488000000,0.00010000
2024-06-04T16:00:00Z,1717516800000,0.00010000
2024-06-05T00:00:00Z,1717545600000,0.00010000
2024-06-05T08:00:00Z,1717574400000,0.00016387
2024-06-05T16:00:00Z,1717603200000,0.00013226
2024-06-06T00:00:00Z,1717632000000,0.00010000
2024-06-06T08:00:00Z,1717660800008,0.00010438
2024-06-06T16:00:00Z,1717689600000,0.00011770
2024-06-07T00:00:00Z,1717718400000,0.00010000
2024-06-07T08:00:00Z,1717747200000,0.00010000
2024-06-07T16:00:00Z,1717776000000,0.00010166
2024-06-08T00:00:00Z,1717804800000,0.00010000
2024-06-08T08:00:00Z,1717833600000,0.00010000
2024-06-08T16:00:00Z,1717862400000,0.00010000
2024-06-09T00:00:00Z,1717891200000,0.00010000
2024-06-09T08:00:00Z,1717920000000,0.00010000
2024-06-09T16:00:00Z,1717948800001,0.00010000
2024-06-10T00:00:00Z,1717977600000,0.00010000
2024-06-10T08:00:00Z,1718006400000,0.00010000
2024-06-10T16:00:00Z,1718035200001,0.00010000
2024-06-11T00:00:00Z,1718064000001,0.00010000
2024-06-11T08:00:00Z,1718092800000,0.00010000
2024-06-11T16:00:00Z,1718121600000,0.00010000
2024-06-12T00:00:00Z,1718150400000,0.00010000
2024-06-12T08:00:00Z,1718179200000,0.00010000
2024-06-12T16:00:00Z,1718208000000,0.00010000
2024-06-13T00:00:00Z,1718236800000,0.00010000
2024-06-13T08:00:00Z,1718265600001,0.00010000
2024-06-13T16:00:00Z,1718294400000,0.00010000
2024-06-14T00:00:00Z,1718323200000,0.00010000
2024-06-14T08:00:00Z,1718352000000,0.00010000
2024-06-14T16:00:00Z,1718380800000,0.00010000
2024-06-15T00:00:00Z,1718409600000,0.00010000
2024-06-15T08:00:00Z,1718438400000,0.00010000
2024-06-15T16:00:00Z,1718467200000,0.00010000
2024-06-16T00:00:00Z,1718496000001,0.00010000
2024-06-16T08:00:00Z,1718524800000,0.00010000
2024-06-16T16:00:00Z,1718553600000,0.00010000
2024-06-17T00:00:00Z,1718582400000,0.00010000
2024-06-17T08:00:00Z,1718611200000,0.00010000
2024-06-17T16:00:00Z,1718640000000,0.00010000
2024-06-18T00:00:00Z,1718668800000,0.00010000
2024-06-18T08:00:00Z,1718697600000,0.00008236
2024-06-18T16:00:00Z,1718726400000,0.00010000
2024-06-19T00:00:00Z,1718755200001,0.00010000
2024-06-19T08:00:00Z,1718784000001,0.00004127
2024-06-19T16:00:00Z,1718812800000,0.00002967
2024-06-20T00:00:00Z,1718841600000,0.00003934
2024-06-20T08:00:00Z,1718870400000,0.00005953
2024-06-20T16:00:00Z,1718899200000,0.00006879
2024-06-21T00:00:00Z,1718928000000,0.00003344
2024-06-21T08:00:00Z,1718956800000,0.00007328
2024-06-21T16:00:00Z,1718985600000,0.00010000
2024-06-22T00:00:00Z,1719014400000,0.00010000
2024-06-22T08:00:00Z,1719043200000,0.00004146
2024-06-22T16:00:00Z,1719072000000,0.00010000
2024-06-23T00:00:00Z,1719100800000,0.00010000
2024-06-23T08:00:00Z,1719129600000,0.00002307
2024-06-23T16:00:00Z,1719158400000,0.00004676
2024-06-24T00:00:00Z,1719187200002,0.00009534
2024-06-24T08:00:00Z,1719216000000,0.00010000
2024-06-24T16:00:00Z,1719244800000,0.00007488
2024-06-25T00:00:00Z,1719273600000,0.00007447
2024-06-25T08:00:00Z,1719302400000,0.00005949
2024-06-25T16:00:00Z,1719331200000,0.00007752
2024-06-26T00:00:00Z,1719360000002,0.00010000
2024-06-26T08:00:00Z,1719388800000,0.00010000
2024-06-26T16:00:00Z,1719417600000,0.00010000
2024-06-27T00:00:00Z,1719446400000,0.00010000
2024-06-27T08:00:00Z,1719475200001,0.00010000
2024-06-27T16:00:00Z,1719504000000,0.00010000
2024-06-28T00:00:00Z,1719532800000,0.00010000
2024-06-28T08:00:00Z,1719561600000,0.00010000
2024-06-28T16:00:00Z,1719590400000,0.00010000
2024-06-29T00:00:00Z,1719619200001,0.00010000
2024-06-29T08:00:00Z,1719648000000,0.00010000
2024-06-29T16:00:00Z,1719676800000,0.00010000
2024-06-30T00:00:00Z,1719705600000,0.00010000
2024-06-30T08:00:00Z,1719734400000,0.00010000
2024-06-30T16:00:00Z,1719763200000,0.00010000
2024-07-01T00:00:00Z,1719792000000,0.00010000
2024-07-01T08:00:00Z,1719820800000,0.00010000
2024-07-01T16:00:00Z,1719849600001,0.00010000
2024-07-02T00:00:00Z,1719878400000,0.00010000
2024-07-02T08:00:00Z,1719907200000,0.00010000
2024-07-02T16:00:00Z,1719936000000,0.00010000
2024-07-03T00:00:00Z,1719964800000,0.00010000
2024-07-03T08:00:00Z,1719993600001,0.00010000
2024-07-03T16:00:00Z,1720022400000,0.00010000
2024-07-04T00:00:00Z,1720051200000,0.00010000
2024-07-04T08:00:00Z,1720080000000,0.00010000
2024-07-04T16:00:00Z,1720108800000,0.00010000
2024-07-05T00:00:00Z,1720137600000,0.00010000
2024-07-05T08:00:00Z,1720166400000,0.00010000
2024-07-05T16:00:00Z,1720195200000,0.00001762
2024-07-06T00:00:00Z,1720224000000,0.00005729
2024-07-06T08:00:00Z,1720252800000,0.00007512
2024-07-06T16:00:00Z,1720281600000,0.00003250
2024-07-07T00:00:00Z,1720310400001,0.00008164
2024-07-07T08:00:00Z,1720339200000,0.00010000
2024-07-07T16:00:00Z,1720368000000,0.00010000
2024-07-08T00:00:00Z,1720396800000,0.00007905
2024-07-08T08:00:00Z,1720425600000,0.00008222
2024-07-08T16:00:00Z,1720454400000,0.00010000
2024-07-09T00:00:00Z,1720483200000,0.00010000
2024-07-09T08:00:00Z,1720512000001,0.00000861
2024-07-09T16:00:00Z,1720540800000,0.00010000
2024-07-10T00:00:00Z,1720569600000,0.00010000
2024-07-10T08:00:00Z,1720598400000,0.00009225
2024-07-10T16:00:00Z,1720627200000,0.00005485
2024-07-11T00:00:00Z,1720656000002,0.00010000
2024-07-11T08:00:00Z,1720684800002,0.00010000
2024-07-11T16:00:00Z,1720713600004,0.00010000
2024-07-12T00:00:00Z,1720742400000,0.00006378
2024-07-12T08:00:00Z,1720771200000,0.00003026
2024-07-12T16:00:00Z,1720800000000,0.00004037
2024-07-13T00:00:00Z,1720828800000,0.00008319
2024-07-13T08:00:00Z,1720857600000,0.00006865
2024-07-13T16:00:00Z,1720886400000,0.00010000
2024-07-14T00:00:00Z,1720915200000,0.00008737
2024-07-14T08:00:00Z,1720944000000,0.00003710
2024-07-14T16:00:00Z,1720972800000,0.00008342
2024-07-15T00:00:00Z,1721001600000,0.00004590
2024-07-15T08:00:00Z,1721030400000,0.00003202
2024-07-15T16:00:00Z,1721059200000,-0.00000514
2024-07-16T00:00:00Z,1721088000000,-0.00005062
2024-07-16T08:00:00Z,1721116800000,0.00008814
2024-07-16T16:00:00Z,1721145600000,0.00002717
2024-07-17T00:00:00Z,1721174400000,-0.00003419
2024-07-17T08:00:00Z,1721203200001,0.00001775
2024-07-17T16:00:00Z,1721232000000,0.00002143
2024-07-18T00:00:00Z,1721260800000,0.00000689
2024-07-18T08:00:00Z,1721289600000,0.00001546
2024-07-18T16:00:00Z,1721318400000,0.00003127
2024-07-19T00:00:00Z,1721347200000,0.00004029
2024-07-19T08:00:00Z,1721376000000,0.00004855
2024-07-19T16:00:00Z,1721404800000,0.00004606
2024-07-20T00:00:00Z,1721433600001,-0.00003077
2024-07-20T08:00:00Z,1721462400000,0.00001944
2024-07-20T16:00:00Z,1721491200000,0.00001622
2024-07-21T00:00:00Z,1721520000000,-0.00005313
2024-07-21T08:00:00Z,1721548800000,0.00002194
2024-07-21T16:00:00Z,1721577600000,0.00000646
2024-07-22T00:00:00Z,1721606400000,0.00009136
2024-07-22T08:00:00Z,1721635200000,0.00005953
2024-07-22T16:00:00Z,1721664000000,0.00002769
2024-07-23T00:00:00Z,1721692800000,0.00004709
2024-07-23T08:00:00Z,1721721600000,0.00004310
2024-07-23T16:00:00Z,1721750400000,0.00004642
2024-07-24T00:00:00Z,1721779200000,0.00010000
2024-07-24T08:00:00Z,1721808000000,0.00010000
2024-07-24T16:00:00Z,1721836800000,0.00010000
2024-07-25T00:00:00Z,1721865600000,0.00010000
2024-07-25T08:00:00Z,1721894400000,0.00010000
2024-07-25T16:00:00Z,1721923200000,0.00010000
2024-07-26T00:00:00Z,1721952000000,0.00010000
2024-07-26T08:00:00Z,1721980800000,0.00010000
2024-07-26T16:00:00Z,1722009600000,0.00003340
2024-07-27T00:00:00Z,1722038400000,0.00006547
2024-07-27T08:00:00Z,1722067200000,0.00008022
2024-07-27T16:00:00Z,1722096000000,0.00009109
2024-07-28T00:00:00Z,1722124800000,0.00008180
2024-07-28T08:00:00Z,1722153600000,0.00009177
2024-07-28T16:00:00Z,1722182400001,0.00002804
2024-07-29T00:00:00Z,1722211200001,0.00008361
2024-07-29T08:00:00Z,1722240000000,0.00005623
2024-07-29T16:00:00Z,1722268800001,0.00010000
2024-07-30T00:00:00Z,1722297600000,0.00003396
2024-07-30T08:00:00Z,1722326400001,0.00003562
2024-07-30T16:00:00Z,1722355200000,0.00007691
2024-07-31T00:00:00Z,1722384000000,0.00003063
2024-07-31T08:00:00Z,1722412800000,0.00007178
2024-07-31T16:00:00Z,1722441600000,0.00003826
2024-08-01T00:00:00Z,1722470400000,0.00008208
2024-08-01T08:00:00Z,1722499200000,0.00010000
2024-08-01T16:00:00Z,1722528000000,0.00010000
2024-08-02T00:00:00Z,1722556800000,0.00010000
2024-08-02T08:00:00Z,1722585600001,0.00010000
2024-08-02T16:00:00Z,1722614400000,0.00010000
2024-08-03T00:00:00Z,1722643200000,0.00010000
2024-08-03T08:00:00Z,1722672000000,0.00009788
2024-08-03T16:00:00Z,1722700800001,0.00004247
2024-08-04T00:00:00Z,1722729600000,0.00010000
2024-08-04T08:00:00Z,1722758400000,0.00005343
2024-08-04T16:00:00Z,1722787200000,0.00010000
2024-08-05T00:00:00Z,1722816000000,0.00010000
2024-08-05T08:00:00Z,1722844800000,0.00004429
2024-08-05T16:00:00Z,1722873600000,0.00005967
2024-08-06T00:00:00Z,1722902400000,0.00003566
2024-08-06T08:00:00Z,1722931200000,-0.00002845
2024-08-06T16:00:00Z,1722960000000,0.00004485
2024-08-07T00:00:00Z,1722988800000,-0.00000730
2024-08-07T08:00:00Z,1723017600001,-0.00006859
2024-08-07T16:00:00Z,1723046400000,0.00003241
2024-08-08T00:00:00Z,1723075200001,0.00002637
2024-08-08T08:00:00Z,1723104000000,0.00003086
2024-08-08T16:00:00Z,1723132800000,0.00001147
2024-08-09T00:00:00Z,1723161600000,0.00004994
2024-08-09T08:00:00Z,1723190400000,0.00002184
2024-08-09T16:00:00Z,1723219200000,0.00004846
2024-08-10T00:00:00Z,1723248000000,-0.00003942
2024-08-10T08:00:00Z,1723276800000,-0.00001379
2024-08-10T16:00:00Z,1723305600000,-0.00001949
2024-08-11T00:00:00Z,1723334400000,0.00004049
2024-08-11T08:00:00Z,1723363200000,-0.00001839
2024-08-11T16:00:00Z,1723392000001,0.00001185
2024-08-12T00:00:00Z,1723420800000,0.00001113
2024-08-12T08:00:00Z,1723449600000,0.00008783
2024-08-12T16:00:00Z,1723478400000,-0.00002238
2024-08-13T00:00:00Z,1723507200000,0.00006140
2024-08-13T08:00:00Z,1723536000000,0.00000521
2024-08-13T16:00:00Z,1723564800000,-0.00003902
2024-08-14T00:00:00Z,1723593600000,0.00001152
2024-08-14T08:00:00Z,1723622400000,-0.00001330
2024-08-14T16:00:00Z,1723651200000,-0.00007811
2024-08-15T00:00:00Z,1723680000000,-0.00008488
2024-08-15T08:00:00Z,1723708800000,0.00006339
2024-08-15T16:00:00Z,1723737600000,-0.00006181
2024-08-16T00:00:00Z,1723766400000,-0.00011235
2024-08-16T08:00:00Z,1723795200000,-0.00007387
2024-08-16T16:00:00Z,1723824000000,-0.00000557
2024-08-17T00:00:00Z,1723852800000,0.00001912
2024-08-17T08:00:00Z,1723881600000,0.00004177
2024-08-17T16:00:00Z,1723910400000,-0.00000152
2024-08-18T00:00:00Z,1723939200000,0.00003966
2024-08-18T08:00:00Z,1723968000000,-0.00001323
2024-08-18T16:00:00Z,1723996800000,-0.00003149
2024-08-19T00:00:00Z,1724025600000,-0.00003616
2024-08-19T08:00:00Z,1724054400000,-0.00006750
2024-08-19T16:00:00Z,1724083200002,-0.00001957
2024-08-20T00:00:00Z,1724112000000,-0.00002656
2024-08-20T08:00:00Z,1724140800000,0.00001349
2024-08-20T16:00:00Z,1724169600001,0.00001419
2024-08-21T00:00:00Z,1724198400001,-0.00006756
2024-08-21T08:00:00Z,1724227200000,-0.00000591
2024-08-21T16:00:00Z,1724256000001,0.00000396
2024-08-22T00:00:00Z,1724284800000,-0.00002229
2024-08-22T08:00:00Z,1724313600000,0.00001338
2024-08-22T16:00:00Z,1724342400008,-0.00007261
2024-08-23T00:00:00Z,1724371200000,-0.00003329
2024-08-23T08:00:00Z,1724400000000,0.00002391
2024-08-23T16:00:00Z,1724428800000,-0.00004317
2024-08-24T00:00:00Z,1724457600000,-0.00000772
2024-08-24T08:00:00Z,1724486400005,-0.00000723
2024-08-24T16:00:00Z,1724515200000,0.00006395
2024-08-25T00:00:00Z,1724544000000,-0.00004806
2024-08-25T08:00:00Z,1724572800000,-0.00001531
2024-08-25T16:00:00Z,1724601600000,0.00003108
2024-08-26T00:00:00Z,1724630400000,0.00002439
2024-08-26T08:00:00Z,1724659200001,0.00003448
2024-08-26T16:00:00Z,1724688000000,0.00003789
2024-08-27T00:00:00Z,1724716800001,0.00002795
2024-08-27T08:00:00Z,1724745600000,0.00001751
2024-08-27T16:00:00Z,1724774400000,0.00007753
2024-08-28T00:00:00Z,1724803200000,-0.00006803
2024-08-28T08:00:00Z,1724832000000,0.00002433
2024-08-28T16:00:00Z,1724860800001,0.00001143
2024-08-29T00:00:00Z,1724889600000,-0.00000976
2024-08-29T08:00:00Z,1724918400001,-0.00001644
2024-08-29T16:00:00Z,1724947200000,0.00000559
2024-08-30T00:00:00Z,1724976000000,0.00000936
2024-08-30T08:00:00Z,1725004800000,0.00003578
2024-08-30T16:00:00Z,1725033600000,0.00002927
2024-08-31T00:00:00Z,1725062400000,-0.00001749
2024-08-31T08:00:00Z,1725091200000,0.00003578
2024-08-31T16:00:00Z,1725120000000,0.00003800
2024-09-01T00:00:00Z,1725148800000,0.00004113
2024-09-01T08:00:00Z,1725177600001,-0.00003432
2024-09-01T16:00:00Z,1725206400000,-0.00000382
2024-09-02T00:00:00Z,1725235200001,-0.00003386
2024-09-02T08:00:00Z,1725264000001,0.00000248
2024-09-02T16:00:00Z,1725292800000,-0.00000363
2024-09-03T00:00:00Z,1725321600000,0.00006245
2024-09-03T08:00:00Z,1725350400001,0.00005123
2024-09-03T16:00:00Z,1725379200000,0.00004598
2024-09-04T00:00:00Z,1725408000000,0.00002209
2024-09-04T08:00:00Z,1725436800000,0.00001050
2024-09-04T16:00:00Z,1725465600000,-0.00001470
2024-09-05T00:00:00Z,1725494400000,0.00009016
2024-09-05T08:00:00Z,1725523200000,0.00002025
2024-09-05T16:00:00Z,1725552000005,0.00002490
2024-09-06T00:00:00Z,1725580800000,0.00002280
2024-09-06T08:00:00Z,1725609600001,-0.00000001
2024-09-06T16:00:00Z,1725638400000,0.00001428
2024-09-07T00:00:00Z,1725667200000,-0.00000557
2024-09-07T08:00:00Z,1725696000000,-0.00007634
2024-09-07T16:00:00Z,1725724800000,-0.00007236
2024-09-08T00:00:00Z,1725753600000,0.00003745
2024-09-08T08:00:00Z,1725782400000,-0.00005999
2024-09-08T16:00:00Z,1725811200000,-0.00005245
2024-09-09T00:00:00Z,1725840000000,-0.00007585
2024-09-09T08:00:00Z,1725868800000,-0.00007108
2024-09-09T16:00:00Z,1725897600001,-0.00003875
2024-09-10T00:00:00Z,1725926400000,-0.00006028
2024-09-10T08:00:00Z,1725955200000,-0.00002930
2024-09-10T16:00:00Z,1725984000000,-0.00001126
2024-09-11T00:00:00Z,1726012800000,-0.00008953
2024-09-11T08:00:00Z,1726041600000,-0.00002247
2024-09-11T16:00:00Z,1726070400000,-0.00005212
2024-09-12T00:00:00Z,1726099200000,-0.00001951
2024-09-12T08:00:00Z,1726128000000,-0.00000546
2024-09-12T16:00:00Z,1726156800000,-0.00002950
2024-09-13T00:00:00Z,1726185600000,-0.00000069
2024-09-13T08:00:00Z,1726214400001,-0.00000869
2024-09-13T16:00:00Z,1726243200001,-0.00002443
2024-09-14T00:00:00Z,1726272000000,-0.00008699
2024-09-14T08:00:00Z,1726300800000,0.00000859
2024-09-14T16:00:00Z,1726329600001,0.00002326
2024-09-15T00:00:00Z,1726358400000,-0.00000491
2024-09-15T08:00:00Z,1726387200000,0.00000001
2024-09-15T16:00:00Z,1726416000000,0.00000402
2024-09-16T00:00:00Z,1726444800000,0.00002402
2024-09-16T08:00:00Z,1726473600001,0.00003564
2024-09-16T16:00:00Z,1726502400000,0.00006762
2024-09-17T00:00:00Z,1726531200001,0.00008529
2024-09-17T08:00:00Z,1726560000000,0.00001911
2024-09-17T16:00:00Z,1726588800000,0.00005327
2024-09-18T00:00:00Z,1726617600000,0.00001344
2024-09-18T08:00:00Z,1726646400000,0.00001678
2024-09-18T16:00:00Z,1726675200004,0.00004648
2024-09-19T00:00:00Z,1726704000000,0.00003512
2024-09-19T08:00:00Z,1726732800000,0.00002949
2024-09-19T16:00:00Z,1726761600001,0.00004072
2024-09-20T00:00:00Z,1726790400000,0.00008065
2024-09-20T08:00:00Z,1726819200001,-0.00000503
2024-09-20T16:00:00Z,1726848000000,0.00005543
2024-09-21T00:00:00Z,1726876800001,0.00004638
2024-09-21T08:00:00Z,1726905600000,0.00010000
2024-09-21T16:00:00Z,1726934400000,0.00008234
2024-09-22T00:00:00Z,1726963200000,0.00006285
2024-09-22T08:00:00Z,1726992000000,0.00009254
2024-09-22T16:00:00Z,1727020800000,0.00005537
2024-09-23T00:00:00Z,1727049600000,0.00006546
2024-09-23T08:00:00Z,1727078400000,0.00001364
2024-09-23T16:00:00Z,1727107200000,0.00005304
2024-09-24T00:00:00Z,1727136000000,0.00002324
2024-09-24T08:00:00Z,1727164800000,0.00002895
2024-09-24T16:00:00Z,1727193600001,-0.00000182
2024-09-25T00:00:00Z,1727222400000,0.00001223
2024-09-25T08:00:00Z,1727251200003,0.00001141
2024-09-25T16:00:00Z,1727280000000,0.00001336
2024-09-26T00:00:00Z,1727308800005,0.00001650
2024-09-26T08:00:00Z,1727337600000,0.00006246
2024-09-26T16:00:00Z,1727366400000,0.00010000
2024-09-27T00:00:00Z,1727395200000,0.00010000
2024-09-27T08:00:00Z,1727424000000,0.00006722
2024-09-27T16:00:00Z,1727452800000,0.00002275
2024-09-28T00:00:00Z,1727481600000,0.00005455
2024-09-28T08:00:00Z,1727510400001,0.00008300
2024-09-28T16:00:00Z,1727539200000,0.00001414
2024-09-29T00:00:00Z,1727568000001,0.00000725
2024-09-29T08:00:00Z,1727596800000,0.00003128
2024-09-29T16:00:00Z,1727625600000,0.00007253
2024-09-30T00:00:00Z,1727654400000,0.00003077
2024-09-30T08:00:00Z,1727683200001,0.00007939
2024-09-30T16:00:00Z,1727712000000,0.00010000
2024-10-01T00:00:00Z,1727740800000,0.00010000
2024-10-01T08:00:00Z,1727769600000,0.00010000
2024-10-01T16:00:00Z,1727798400001,0.00010000
2024-10-02T00:00:00Z,1727827200000,0.00006632
2024-10-02T08:00:00Z,1727856000000,0.00008409
2024-10-02T16:00:00Z,1727884800000,0.00008191
2024-10-03T00:00:00Z,1727913600000,0.00004381
2024-10-03T08:00:00Z,1727942400000,0.00003746
2024-10-03T16:00:00Z,1727971200000,0.00004990
2024-10-04T00:00:00Z,1728000000000,0.00007097
2024-10-04T08:00:00Z,1728028800000,0.00002119
2024-10-04T16:00:00Z,1728057600001,0.00000243
2024-10-05T00:00:00Z,1728086400000,-0.00001596
2024-10-05T08:00:00Z,1728115200000,0.00001088
2024-10-05T16:00:00Z,1728144000000,0.00000861
2024-10-06T00:00:00Z,1728172800000,0.00000572
2024-10-06T08:00:00Z,1728201600001,0.00003288
2024-10-06T16:00:00Z,1728230400000,0.00004180
2024-10-07T00:00:00Z,1728259200000,0.00004573
2024-10-07T08:00:00Z,1728288000000,-0.00000952
2024-10-07T16:00:00Z,1728316800001,0.00002177
2024-10-08T00:00:00Z,1728345600000,-0.00001678
2024-10-08T08:00:00Z,1728374400000,0.00007094
2024-10-08T16:00:00Z,1728403200000,0.00008100
2024-10-09T00:00:00Z,1728432000000,0.00010000
2024-10-09T08:00:00Z,1728460800000,0.00005138
2024-10-09T16:00:00Z,1728489600000,0.00007939
2024-10-10T00:00:00Z,1728518400000,0.00002090
2024-10-10T08:00:00Z,1728547200000,0.00001532
2024-10-10T16:00:00Z,1728576000000,0.00010000
2024-10-11T00:00:00Z,1728604800000,0.00002231
2024-10-11T08:00:00Z,1728633600000,-0.00001874
2024-10-11T16:00:00Z,1728662400001,0.00000120
2024-10-12T00:00:00Z,1728691200000,0.00004558
2024-10-12T08:00:00Z,1728720000001,0.00007664
2024-10-12T16:00:00Z,1728748800000,-0.00001489
2024-10-13T00:00:00Z,1728777600000,0.00000693
2024-10-13T08:00:00Z,1728806400000,0.00001638
2024-10-13T16:00:00Z,1728835200000,0.00003938
2024-10-14T00:00:00Z,1728864000000,0.00005429
2024-10-14T08:00:00Z,1728892800000,0.00010000
2024-10-14T16:00:00Z,1728921600000,0.00010000
2024-10-15T00:00:00Z,1728950400000,0.00010000
2024-10-15T08:00:00Z,1728979200000,0.00010000
2024-10-15T16:00:00Z,1729008000000,0.00010000
2024-10-16T00:00:00Z,1729036800000,0.00008325
2024-10-16T08:00:00Z,1729065600001,0.00008500
2024-10-16T16:00:00Z,1729094400000,0.00010000
2024-10-17T00:00:00Z,1729123200000,0.00010000
2024-10-17T08:00:00Z,1729152000000,0.00010000
2024-10-17T16:00:00Z,1729180800001,0.00010000
2024-10-18T00:00:00Z,1729209600010,0.00010000
2024-10-18T08:00:00Z,1729238400001,0.00010000
2024-10-18T16:00:00Z,1729267200000,0.00010000
2024-10-19T00:00:00Z,1729296000000,0.00010000
2024-10-19T08:00:00Z,1729324800000,0.00010000
2024-10-19T16:00:00Z,1729353600000,0.00010000
2024-10-20T00:00:00Z,1729382400000,0.00010000
2024-10-20T08:00:00Z,1729411200000,0.00010000
2024-10-20T16:00:00Z,1729440000000,0.00010000
2024-10-21T00:00:00Z,1729468800000,0.00010000
2024-10-21T08:00:00Z,1729497600000,0.00010000
2024-10-21T16:00:00Z,1729526400000,0.00010000
2024-10-22T00:00:00Z,1729555200000,0.00010000
2024-10-22T08:00:00Z,1729584000000,0.00010000
2024-10-22T16:00:00Z,1729612800000,0.00010000
2024-10-23T00:00:00Z,1729641600000,0.00010000
2024-10-23T08:00:00Z,1729670400000,0.00010000
2024-10-23T16:00:00Z,1729699200000,0.00010000
2024-10-24T00:00:00Z,1729728000000,0.00010000
2024-10-24T08:00:00Z,1729756800000,0.00010000
2024-10-24T16:00:00Z,1729785600000,0.00010000
2024-10-25T00:00:00Z,1729814400000,0.00010000
2024-10-25T08:00:00Z,1729843200000,0.00010000
2024-10-25T16:00:00Z,1729872000000,0.00010000
2024-10-26T00:00:00Z,1729900800000,0.00004755
2024-10-26T08:00:00Z,1729929600001,0.00007569
2024-10-26T16:00:00Z,1729958400000,0.00010000
2024-10-27T00:00:00Z,1729987200000,0.00010000
2024-10-27T08:00:00Z,1730016000000,0.00009724
2024-10-27T16:00:00Z,1730044800000,0.00010000
2024-10-28T00:00:00Z,1730073600000,0.00009425
2024-10-28T08:00:00Z,1730102400001,0.00010000
2024-10-28T16:00:00Z,1730131200000,0.00008946
2024-10-29T00:00:00Z,1730160000000,0.00010000
2024-10-29T08:00:00Z,1730188800000,0.00010000
2024-10-29T16:00:00Z,1730217600004,0.00010000
2024-10-30T00:00:00Z,1730246400000,0.00010000
2024-10-30T08:00:00Z,1730275200000,0.00010000
2024-10-30T16:00:00Z,1730304000013,0.00010000
2024-10-31T00:00:00Z,1730332800000,0.00010000
2024-10-31T08:00:00Z,1730361600000,0.00010000
2024-10-31T16:00:00Z,1730390400000,0.00010000
2024-11-01T00:00:00Z,1730419200000,0.00010000
2024-11-01T08:00:00Z,1730448000000,0.00010000
2024-11-01T16:00:00Z,1730476800000,0.00010000
2024-11-02T00:00:00Z,1730505600000,0.00010000
2024-11-02T08:00:00Z,1730534400000,0.00010000
2024-11-02T16:00:00Z,1730563200000,0.00010000
2024-11-03T00:00:00Z,1730592000000,0.00010000
2024-11-03T08:00:00Z,1730620800000,0.00010000
2024-11-03T16:00:00Z,1730649600000,0.00010000
2024-11-04T00:00:00Z,1730678400000,0.00010000
2024-11-04T08:00:00Z,1730707200000,0.00010000
2024-11-04T16:00:00Z,1730736000000,0.00010000
2024-11-05T00:00:00Z,1730764800000,0.00010000
2024-11-05T08:00:00Z,1730793600003,0.00010000
2024-11-05T16:00:00Z,1730822400001,0.00010000
2024-11-06T00:00:00Z,1730851200000,0.00010000
2024-11-06T08:00:00Z,1730880000000,0.00010000
2024-11-06T16:00:00Z,1730908800000,0.00010000
2024-11-07T00:00:00Z,1730937600000,0.00010000
2024-11-07T08:00:00Z,1730966400000,0.00010000
2024-11-07T16:00:00Z,1730995200000,0.00010000
2024-11-08T00:00:00Z,1731024000000,0.00010000
2024-11-08T08:00:00Z,1731052800000,0.00010000
2024-11-08T16:00:00Z,1731081600000,0.00010000
2024-11-09T00:00:00Z,1731110400000,0.00010000
2024-11-09T08:00:00Z,1731139200000,0.00010000
2024-11-09T16:00:00Z,1731168000000,0.00010000
2024-11-10T00:00:00Z,1731196800000,0.00010000
2024-11-10T08:00:00Z,1731225600000,0.00025603
2024-11-10T16:00:00Z,1731254400000,0.00014113
2024-11-11T00:00:00Z,1731283200001,0.00036878
2024-11-11T08:00:00Z,1731312000000,0.00010000
2024-11-11T16:00:00Z,1731340800000,0.00010000
2024-11-12T00:00:00Z,1731369600002,0.00049133
2024-11-12T08:00:00Z,1731398400000,0.00043737
2024-11-12T16:00:00Z,1731427200000,0.00038754
2024-11-13T00:00:00Z,1731456000000,0.00010000
2024-11-13T08:00:00Z,1731484800010,0.00013101
2024-11-13T16:00:00Z,1731513600000,0.00021856
2024-11-14T00:00:00Z,1731542400001,0.00010000
2024-11-14T08:00:00Z,1731571200000,0.00010000
2024-11-14T16:00:00Z,1731600000000,0.00010000
2024-11-15T00:00:00Z,1731628800000,0.00010000
2024-11-15T08:00:00Z,1731657600000,0.00010000
2024-11-15T16:00:00Z,1731686400000,0.00010977
2024-11-16T00:00:00Z,1731715200001,0.00010000
2024-11-16T08:00:00Z,1731744000001,0.00010000
2024-11-16T16:00:00Z,1731772800000,0.00013231
2024-11-17T00:00:00Z,1731801600000,0.00015765
2024-11-17T08:00:00Z,1731830400000,0.00010000
2024-11-17T16:00:00Z,1731859200001,0.00010577
2024-11-18T00:00:00Z,1731888000000,0.00010000
2024-11-18T08:00:00Z,1731916800000,0.00036450
2024-11-18T16:00:00Z,1731945600000,0.00021318
2024-11-19T00:00:00Z,1731974400000,0.00021606
2024-11-19T08:00:00Z,1732003200000,0.00030216
2024-11-19T16:00:00Z,1732032000000,0.00017959
2024-11-20T00:00:00Z,1732060800003,0.00010000
2024-11-20T08:00:00Z,1732089600000,0.00010000
2024-11-20T16:00:00Z,1732118400000,0.00010000
2024-11-21T00:00:00Z,1732147200001,0.00010000
2024-11-21T08:00:00Z,1732176000000,0.00010000
2024-11-21T16:00:00Z,1732204800001,0.00010000
2024-11-22T00:00:00Z,1732233600000,0.00010000
2024-11-22T08:00:00Z,1732262400000,0.00010000
2024-11-22T16:00:00Z,1732291200001,0.00010000
2024-11-23T00:00:00Z,1732320000000,0.00010000
2024-11-23T08:00:00Z,1732348800000,0.00010000
2024-11-23T16:00:00Z,1732377600000,0.00010000
2024-11-24T00:00:00Z,1732406400001,0.00010000
2024-11-24T08:00:00Z,1732435200000,0.00016148
2024-11-24T16:00:00Z,1732464000000,0.00023228
2024-11-25T00:00:00Z,1732492800000,0.00021035
2024-11-25T08:00:00Z,1732521600000,0.00010000
2024-11-25T16:00:00Z,1732550400000,0.00025233
2024-11-26T00:00:00Z,1732579200000,0.00021902
2024-11-26T08:00:00Z,1732608000000,0.00017936
2024-11-26T16:00:00Z,1732636800000,0.00029599
2024-11-27T00:00:00Z,1732665600000,0.00031205
2024-11-27T08:00:00Z,1732694400000,0.00016795
2024-11-27T16:00:00Z,1732723200001,0.00010000
2024-11-28T00:00:00Z,1732752000000,0.00010000
2024-11-28T08:00:00Z,1732780800000,0.00014326
2024-11-28T16:00:00Z,1732809600000,0.00011859
2024-11-29T00:00:00Z,1732838400000,0.00020619
2024-11-29T08:00:00Z,1732867200000,0.00011747
2024-11-29T16:00:00Z,1732896000000,0.00021921
2024-11-30T00:00:00Z,1732924800000,0.00010000
2024-11-30T08:00:00Z,1732953600000,0.00015909
2024-11-30T16:00:00Z,1732982400000,0.00012063
2024-12-01T00:00:00Z,1733011200000,0.00015901
2024-12-01T08:00:00Z,1733040000000,0.00019581
2024-12-01T16:00:00Z,1733068800000,0.00010000
2024-12-02T00:00:00Z,1733097600001,0.00025726
2024-12-02T08:00:00Z,1733126400001,0.00024556
2024-12-02T16:00:00Z,1733155200000,0.00013387
2024-12-03T00:00:00Z,1733184000000,0.00012779
2024-12-03T08:00:00Z,1733212800000,0.00024926
2024-12-03T16:00:00Z,1733241600000,0.00011952
2024-12-04T00:00:00Z,1733270400000,0.00026634
2024-12-04T08:00:00Z,1733299200000,0.00026254
2024-12-04T16:00:00Z,1733328000000,0.00023234
2024-12-05T00:00:00Z,1733356800001,0.00027625
2024-12-05T08:00:00Z,1733385600000,0.00072446
2024-12-05T16:00:00Z,1733414400000,0.00047059
2024-12-06T00:00:00Z,1733443200000,0.00010000
2024-12-06T08:00:00Z,1733472000000,0.00014634
2024-12-06T16:00:00Z,1733500800000,0.00010000
2024-12-07T00:00:00Z,1733529600000,0.00031972
2024-12-07T08:00:00Z,1733558400000,0.00012374
2024-12-07T16:00:00Z,1733587200000,0.00014090
2024-12-08T00:00:00Z,1733616000000,0.00016985
2024-12-08T08:00:00Z,1733644800000,0.00016572
2024-12-08T16:00:00Z,1733673600000,0.00017580
2024-12-09T00:00:00Z,1733702400000,0.00030413
2024-12-09T08:00:00Z,1733731200000,0.00021032
2024-12-09T16:00:00Z,1733760000001,0.00011115
2024-12-10T00:00:00Z,1733788800007,0.00010000
2024-12-10T08:00:00Z,1733817600000,0.00010000
2024-12-10T16:00:00Z,1733846400000,0.00010000
2024-12-11T00:00:00Z,1733875200000,0.00010000
2024-12-11T08:00:00Z,1733904000000,0.00010000
2024-12-11T16:00:00Z,1733932800001,0.00010000
2024-12-12T00:00:00Z,1733961600001,0.00010000
2024-12-12T08:00:00Z,1733990400000,0.00010000
2024-12-12T16:00:00Z,1734019200001,0.00010000
2024-12-13T00:00:00Z,1734048000000,0.00010000
2024-12-13T08:00:00Z,1734076800000,0.00010000
2024-12-13T16:00:00Z,1734105600001,0.00010000
2024-12-14T00:00:00Z,1734134400000,0.00006750
2024-12-14T08:00:00Z,1734163200000,0.00010000
2024-12-14T16:00:00Z,1734192000000,0.00010000
2024-12-15T00:00:00Z,1734220800000,0.00010000
2024-12-15T08:00:00Z,1734249600000,0.00008194
2024-12-15T16:00:00Z,1734278400000,0.00010000
2024-12-16T00:00:00Z,1734307200000,0.00010000
2024-12-16T08:00:00Z,1734336000001,0.00010000
2024-12-16T16:00:00Z,1734364800000,0.00009181
2024-12-17T00:00:00Z,1734393600000,0.00007866
2024-12-17T08:00:00Z,1734422400000,0.00010000
2024-12-17T16:00:00Z,1734451200000,0.00010000
2024-12-18T00:00:00Z,1734480000000,0.00010000
2024-12-18T08:00:00Z,1734508800000,0.00009159
2024-12-18T16:00:00Z,1734537600000,0.00010000
2024-12-19T00:00:00Z,1734566400000,0.00010000
2024-12-19T08:00:00Z,1734595200000,0.00010000
2024-12-19T16:00:00Z,1734624000000,0.00010000
2024-12-20T00:00:00Z,1734652800000,0.00010000
2024-12-20T08:00:00Z,1734681600001,0.00010000
2024-12-20T16:00:00Z,1734710400014,0.00010000
2024-12-21T00:00:00Z,1734739200000,0.00010000
2024-12-21T08:00:00Z,1734768000000,0.00001206
2024-12-21T16:00:00Z,1734796800001,0.00010000
2024-12-22T00:00:00Z,1734825600000,0.00010000
2024-12-22T08:00:00Z,1734854400000,0.00010000
2024-12-22T16:00:00Z,1734883200000,0.00009629
2024-12-23T00:00:00Z,1734912000000,0.00010000
2024-12-23T08:00:00Z,1734940800000,0.00010000
2024-12-23T16:00:00Z,1734969600001,0.00008981
2024-12-24T00:00:00Z,1734998400000,0.00010000
2024-12-24T08:00:00Z,1735027200000,0.00010000
2024-12-24T16:00:00Z,1735056000001,0.00010000
2024-12-25T00:00:00Z,1735084800001,0.00010000
2024-12-25T08:00:00Z,1735113600000,0.00010000
2024-12-25T16:00:00Z,1735142400000,0.00010000
2024-12-26T00:00:00Z,1735171200000,0.00009827
2024-12-26T08:00:00Z,1735200000000,0.00007453
2024-12-26T16:00:00Z,1735228800000,0.00008585
2024-12-27T00:00:00Z,1735257600000,0.00010000
2024-12-27T08:00:00Z,1735286400000,0.00010000
2024-12-27T16:00:00Z,1735315200000,0.00010000
2024-12-28T00:00:00Z,1735344000001,0.00010000
2024-12-28T08:00:00Z,1735372800000,0.00007639
2024-12-28T16:00:00Z,1735401600000,0.00005173
2024-12-29T00:00:00Z,1735430400000,0.00008013
2024-12-29T08:00:00Z,1735459200000,0.00010000
2024-12-29T16:00:00Z,1735488000000,0.00010000
2024-12-30T00:00:00Z,1735516800000,-0.00000042
2024-12-30T08:00:00Z,1735545600001,0.00008791
2024-12-30T16:00:00Z,1735574400000,0.00010000
2024-12-31T00:00:00Z,1735603200000,0.00010000
2024-12-31T08:00:00Z,1735632000000,0.00010000
2024-12-31T16:00:00Z,1735660800000,0.00010000
2025-01-01T00:00:00Z,1735689600015,0.00010000
2025-01-01T08:00:00Z,1735718400000,0.00010000
2025-01-01T16:00:00Z,1735747200001,0.00010000
2025-01-02T00:00:00Z,1735776000000,0.00010000
2025-01-02T08:00:00Z,1735804800006,0.00010000
2025-01-02T16:00:00Z,1735833600000,0.00010000
2025-01-03T00:00:00Z,1735862400000,0.00010000
2025-01-03T08:00:00Z,1735891200000,0.00010000
2025-01-03T16:00:00Z,1735920000000,0.00005242
2025-01-04T00:00:00Z,1735948800000,0.00007699
2025-01-04T08:00:00Z,1735977600000,0.00010000
2025-01-04T16:00:00Z,1736006400000,0.00000798
2025-01-05T00:00:00Z,1736035200000,0.00010000
2025-01-05T08:00:00Z,1736064000000,0.00010000
2025-01-05T16:00:00Z,1736092800000,0.00008320
2025-01-06T00:00:00Z,1736121600000,0.00010000
2025-01-06T08:00:00Z,1736150400001,0.00010000
2025-01-06T16:00:00Z,1736179200000,0.00010000
2025-01-07T00:00:00Z,1736208000000,0.00010000
2025-01-07T08:00:00Z,1736236800000,0.00008903
2025-01-07T16:00:00Z,1736265600008,0.00008279
2025-01-08T00:00:00Z,1736294400001,0.00010000
2025-01-08T08:00:00Z,1736323200000,0.00010000
2025-01-08T16:00:00Z,1736352000000,0.00010000
2025-01-09T00:00:00Z,1736380800000,0.00010000
2025-01-09T08:00:00Z,1736409600000,0.00009834
2025-01-09T16:00:00Z,1736438400000,-0.00000544
2025-01-10T00:00:00Z,1736467200000,0.00003966
2025-01-10T08:00:00Z,1736496000000,-0.00001060
2025-01-10T16:00:00Z,1736524800000,0.00008078
2025-01-11T00:00:00Z,1736553600000,0.00005680
2025-01-11T08:00:00Z,1736582400000,0.00004055
2025-01-11T16:00:00Z,1736611200000,0.00002608
2025-01-12T00:00:00Z,1736640000000,0.00005009
2025-01-12T08:00:00Z,1736668800000,0.00003210
2025-01-12T16:00:00Z,1736697600000,0.00006647
2025-01-13T00:00:00Z,1736726400000,0.00005266
2025-01-13T08:00:00Z,1736755200000,0.00006989
2025-01-13T16:00:00Z,1736784000000,0.00000881
2025-01-14T00:00:00Z,1736812800000,0.00010000
2025-01-14T08:00:00Z,1736841600000,0.00010000
2025-01-14T16:00:00Z,1736870400000,0.00009496
2025-01-15T00:00:00Z,1736899200000,0.00004989
2025-01-15T08:00:00Z,1736928000000,0.00008795
2025-01-15T16:00:00Z,1736956800000,0.00005844
2025-01-16T00:00:00Z,1736985600000,0.00000728
2025-01-16T08:00:00Z,1737014400000,0.00007568
2025-01-16T16:00:00Z,1737043200000,0.00004598
2025-01-17T00:00:00Z,1737072000004,0.00004597
2025-01-17T08:00:00Z,1737100800000,0.00009386
2025-01-17T16:00:00Z,1737129600008,0.00003432
2025-01-18T00:00:00Z,1737158400000,0.00006707
2025-01-18T08:00:00Z,1737187200007,0.00010000
2025-01-18T16:00:00Z,1737216000000,0.00010000
2025-01-19T00:00:00Z,1737244800000,0.00010000
2025-01-19T08:00:00Z,1737273600000,0.00010000
2025-01-19T16:00:00Z,1737302400000,0.00010000
2025-01-20T00:00:00Z,1737331200000,0.00010000
2025-01-20T08:00:00Z,1737360000009,0.00010000
2025-01-20T16:00:00Z,1737388800000,0.00010000
2025-01-21T00:00:00Z,1737417600000,0.00010000
2025-01-21T08:00:00Z,1737446400000,0.00010000
2025-01-21T16:00:00Z,1737475200000,0.00010000
2025-01-22T00:00:00Z,1737504000000,0.00010000
2025-01-22T08:00:00Z,1737532800000,0.00010000
2025-01-22T16:00:00Z,1737561600000,0.00010000
2025-01-23T00:00:00Z,1737590400001,0.00008654
2025-01-23T08:00:00Z,1737619200000,0.00010000
2025-01-23T16:00:00Z,1737648000000,0.00008616
2025-01-24T00:00:00Z,1737676800000,0.00000334
2025-01-24T08:00:00Z,1737705600000,0.00007537
2025-01-24T16:00:00Z,1737734400000,0.00009540
2025-01-25T00:00:00Z,1737763200000,0.00005702
2025-01-25T08:00:00Z,1737792000000,0.00008495
2025-01-25T16:00:00Z,1737820800001,0.00007782
2025-01-26T00:00:00Z,1737849600000,0.00008363
2025-01-26T08:00:00Z,1737878400000,0.00010000
2025-01-26T16:00:00Z,1737907200000,0.00008443
2025-01-27T00:00:00Z,1737936000000,0.00009084
2025-01-27T08:00:00Z,1737964800000,0.00003712
2025-01-27T16:00:00Z,1737993600000,0.00000098
2025-01-28T00:00:00Z,1738022400000,0.00010000
2025-01-28T08:00:00Z,1738051200000,0.00003714
2025-01-28T16:00:00Z,1738080000000,0.00009848
2025-01-29T00:00:00Z,1738108800000,0.00010000
2025-01-29T08:00:00Z,1738137600000,0.00010000
2025-01-29T16:00:00Z,1738166400000,0.00009949
2025-01-30T00:00:00Z,1738195200000,0.00007590
2025-01-30T08:00:00Z,1738224000000,0.00010000
2025-01-30T16:00:00Z,1738252800000,0.00009499
2025-01-31T00:00:00Z,1738281600000,0.00001225
2025-01-31T08:00:00Z,1738310400000,0.00010000
2025-01-31T16:00:00Z,1738339200000,0.00010000
2025-02-01T00:00:00Z,1738368000000,0.00008098
2025-02-01T08:00:00Z,1738396800000,0.00005369
2025-02-01T16:00:00Z,1738425600000,0.00005968
2025-02-02T00:00:00Z,1738454400001,0.00005824
2025-02-02T08:00:00Z,1738483200000,0.00003380
2025-02-02T16:00:00Z,1738512000000,-0.00000861
2025-02-03T00:00:00Z,1738540800000,0.00010000
2025-02-03T08:00:00Z,1738569600000,0.00010000
2025-02-03T16:00:00Z,1738598400000,0.00004845
2025-02-04T00:00:00Z,1738627200000,0.00002612
2025-02-04T08:00:00Z,1738656000001,0.00006800
2025-02-04T16:00:00Z,1738684800000,0.00004138
2025-02-05T00:00:00Z,1738713600001,-0.00000461
2025-02-05T08:00:00Z,1738742400001,0.00004774
2025-02-05T16:00:00Z,1738771200000,0.00001610
2025-02-06T00:00:00Z,1738800000001,0.00002186
2025-02-06T08:00:00Z,1738828800001,-0.00000238
2025-02-06T16:00:00Z,1738857600000,0.00005903
2025-02-07T00:00:00Z,1738886400000,0.00007983
2025-02-07T08:00:00Z,1738915200000,0.00006989
2025-02-07T16:00:00Z,1738944000000,0.00005167
2025-02-08T00:00:00Z,1738972800000,-0.00004100
2025-02-08T08:00:00Z,1739001600000,0.00001137
2025-02-08T16:00:00Z,1739030400000,0.00000324
2025-02-09T00:00:00Z,1739059200000,0.00003873
2025-02-09T08:00:00Z,1739088000000,0.00009600
2025-02-09T16:00:00Z,1739116800000,0.00002839
2025-02-10T00:00:00Z,1739145600000,0.00001802
2025-02-10T08:00:00Z,1739174400000,0.00009176
2025-02-10T16:00:00Z,1739203200000,0.00007457
2025-02-11T00:00:00Z,1739232000000,0.00004218
2025-02-11T08:00:00Z,1739260800000,0.00007090
2025-02-11T16:00:00Z,1739289600000,-0.00002446
2025-02-12T00:00:00Z,1739318400000,0.00001298
2025-02-12T08:00:00Z,1739347200000,0.00004899
2025-02-12T16:00:00Z,1739376000001,0.00004960
2025-02-13T00:00:00Z,1739404800001,0.00010000
2025-02-13T08:00:00Z,1739433600000,0.00004117
2025-02-13T16:00:00Z,1739462400001,0.00000805
2025-02-14T00:00:00Z,1739491200000,0.00004100
2025-02-14T08:00:00Z,1739520000001,0.00005510
2025-02-14T16:00:00Z,1739548800000,0.00007093
2025-02-15T00:00:00Z,1739577600000,0.00000055
2025-02-15T08:00:00Z,1739606400000,0.00003297
2025-02-15T16:00:00Z,1739635200000,0.00003735
2025-02-16T00:00:00Z,1739664000000,0.00003390
2025-02-16T08:00:00Z,1739692800000,0.00000182
2025-02-16T16:00:00Z,1739721600000,0.00003799
2025-02-17T00:00:00Z,1739750400000,0.00006239
2025-02-17T08:00:00Z,1739779200000,0.00006397
2025-02-17T16:00:00Z,1739808000000,0.00002009
2025-02-18T00:00:00Z,1739836800000,0.00009488
2025-02-18T08:00:00Z,1739865600000,0.00010000
2025-02-18T16:00:00Z,1739894400000,0.00010000
2025-02-19T00:00:00Z,1739923200000,0.00007007
2025-02-19T08:00:00Z,1739952000000,0.00007779
2025-02-19T16:00:00Z,1739980800000,0.00008960
2025-02-20T00:00:00Z,1740009600000,0.00002420
2025-02-20T08:00:00Z,1740038400000,0.00003269
2025-02-20T16:00:00Z,1740067200000,0.00007346
2025-02-21T00:00:00Z,1740096000001,0.00000123
2025-02-21T08:00:00Z,1740124800000,0.00002286
2025-02-21T16:00:00Z,1740153600000,-0.00000097
2025-02-22T00:00:00Z,1740182400000,0.00010000
2025-02-22T08:00:00Z,1740211200000,0.00006466
2025-02-22T16:00:00Z,1740240000000,0.00002318
2025-02-23T00:00:00Z,1740268800000,0.00004112
2025-02-23T08:00:00Z,1740297600000,0.00003140
2025-02-23T16:00:00Z,1740326400000,0.00001478
2025-02-24T00:00:00Z,1740355200000,-0.00002970
2025-02-24T08:00:00Z,1740384000000,0.00006881
2025-02-24T16:00:00Z,1740412800000,0.00002050
2025-02-25T00:00:00Z,1740441600000,0.00010000
2025-02-25T08:00:00Z,1740470400000,0.00005245
2025-02-25T16:00:00Z,1740499200000,0.00001385
2025-02-26T00:00:00Z,1740528000000,0.00003521
2025-02-26T08:00:00Z,1740556800000,0.00006005
2025-02-26T16:00:00Z,1740585600000,0.00010000
2025-02-27T00:00:00Z,1740614400001,0.00009305
2025-02-27T08:00:00Z,1740643200000,-0.00000617
2025-02-27T16:00:00Z,1740672000000,0.00009433
2025-02-28T00:00:00Z,1740700800001,0.00009444
2025-02-28T08:00:00Z,1740729600000,0.00009521
2025-02-28T16:00:00Z,1740758400000,-0.00000373
2025-03-01T00:00:00Z,1740787200000,-0.00000014
2025-03-01T08:00:00Z,1740816000000,-0.00006108
2025-03-01T16:00:00Z,1740844800001,-0.00000858
2025-03-02T00:00:00Z,1740873600000,-0.00001094
2025-03-02T08:00:00Z,1740902400000,-0.00002783
2025-03-02T16:00:00Z,1740931200000,-0.00002869
2025-03-03T00:00:00Z,1740960000001,-0.00005518
2025-03-03T08:00:00Z,1740988800000,0.00000791
2025-03-03T16:00:00Z,1741017600000,0.00005272
2025-03-04T00:00:00Z,1741046400001,-0.00001526
2025-03-04T08:00:00Z,1741075200005,-0.00000270
2025-03-04T16:00:00Z,1741104000000,0.00001306
2025-03-05T00:00:00Z,1741132800000,0.00004113
2025-03-05T08:00:00Z,1741161600000,0.00002722
2025-03-05T16:00:00Z,1741190400000,0.00005028
2025-03-06T00:00:00Z,1741219200000,0.00003538
2025-03-06T08:00:00Z,1741248000001,0.00006413
2025-03-06T16:00:00Z,1741276800000,0.00006818
2025-03-07T00:00:00Z,1741305600000,-0.00000612
2025-03-07T08:00:00Z,1741334400001,-0.00001539
2025-03-07T16:00:00Z,1741363200000,0.00002028
2025-03-08T00:00:00Z,1741392000000,0.00005328
2025-03-08T08:00:00Z,1741420800001,0.00000373
2025-03-08T16:00:00Z,1741449600001,0.00001208
2025-03-09T00:00:00Z,1741478400001,-0.00002779
2025-03-09T08:00:00Z,1741507200000,0.00003218
2025-03-09T16:00:00Z,1741536000000,0.00010000
2025-03-10T00:00:00Z,1741564800000,0.00003952
2025-03-10T08:00:00Z,1741593600000,0.00001344
2025-03-10T16:00:00Z,1741622400000,0.00004037
2025-03-11T00:00:00Z,1741651200000,0.00004705
2025-03-11T08:00:00Z,1741680000000,0.00003260
2025-03-11T16:00:00Z,1741708800001,0.00008746
2025-03-12T00:00:00Z,1741737600000,0.00000576
2025-03-12T08:00:00Z,1741766400000,0.00005815
2025-03-12T16:00:00Z,1741795200001,0.00004013
2025-03-13T00:00:00Z,1741824000000,0.00000430
2025-03-13T08:00:00Z,1741852800000,0.00002069
2025-03-13T16:00:00Z,1741881600000,0.00003190
2025-03-14T00:00:00Z,1741910400000,0.00005386
2025-03-14T08:00:00Z,1741939200000,0.00005331
2025-03-14T16:00:00Z,1741968000000,0.00000357
2025-03-15T00:00:00Z,1741996800000,-0.00006035
2025-03-15T08:00:00Z,1742025600000,-0.00002389
2025-03-15T16:00:00Z,1742054400000,-0.00000321
2025-03-16T00:00:00Z,1742083200000,0.00000432
2025-03-16T08:00:00Z,1742112000000,0.00004236
2025-03-16T16:00:00Z,1742140800000,0.00001247
2025-03-17T00:00:00Z,1742169600000,0.00001065
2025-03-17T08:00:00Z,1742198400000,0.00008474
2025-03-17T16:00:00Z,1742227200000,0.00000859
2025-03-18T00:00:00Z,1742256000000,0.00000703
2025-03-18T08:00:00Z,1742284800000,0.00002059
2025-03-18T16:00:00Z,1742313600000,0.00003514
2025-03-19T00:00:00Z,1742342400000,0.00000200
2025-03-19T08:00:00Z,1742371200000,0.00005961
2025-03-19T16:00:00Z,1742400000000,0.00005024
2025-03-20T00:00:00Z,1742428800000,0.00001944
2025-03-20T08:00:00Z,1742457600000,0.00003790
2025-03-20T16:00:00Z,1742486400000,0.00001086
2025-03-21T00:00:00Z,1742515200000,0.00001615
2025-03-21T08:00:00Z,1742544000000,0.00005324
2025-03-21T16:00:00Z,1742572800000,0.00002518
2025-03-22T00:00:00Z,1742601600000,0.00002836
2025-03-22T08:00:00Z,1742630400004,-0.00001770
2025-03-22T16:00:00Z,1742659200000,0.00005092
2025-03-23T00:00:00Z,1742688000000,0.00002099
2025-03-23T08:00:00Z,1742716800000,-0.00000184
2025-03-23T16:00:00Z,1742745600000,0.00004020
2025-03-24T00:00:00Z,1742774400000,0.00002039
2025-03-24T08:00:00Z,1742803200000,0.00005512
2025-03-24T16:00:00Z,1742832000000,-0.00003422
2025-03-25T00:00:00Z,1742860800001,-0.00000247
2025-03-25T08:00:00Z,1742889600000,0.00001150
2025-03-25T16:00:00Z,1742918400000,-0.00003776
2025-03-26T00:00:00Z,1742947200000,-0.00002990
2025-03-26T08:00:00Z,1742976000000,0.00001659
2025-03-26T16:00:00Z,1743004800001,-0.00003082
2025-03-27T00:00:00Z,1743033600001,0.00003136
2025-03-27T08:00:00Z,1743062400001,0.00005512
2025-03-27T16:00:00Z,1743091200002,-0.00003760
2025-03-28T00:00:00Z,1743120000001,0.00001584
2025-03-28T08:00:00Z,1743148800001,-0.00000457
2025-03-28T16:00:00Z,1743177600000,0.00008118
2025-03-29T00:00:00Z,1743206400000,0.00005364
2025-03-29T08:00:00Z,1743235200000,0.00008214
2025-03-29T16:00:00Z,1743264000000,0.00002530
2025-03-30T00:00:00Z,1743292800000,0.00000341
2025-03-30T08:00:00Z,1743321600000,0.00000427
2025-03-30T16:00:00Z,1743350400000,0.00004588
2025-03-31T00:00:00Z,1743379200000,0.00002643
2025-03-31T08:00:00Z,1743408000000,0.00006020
2025-03-31T16:00:00Z,1743436800000,0.00001845
2025-04-01T00:00:00Z,1743465600000,0.00003961
2025-04-01T08:00:00Z,1743494400001,0.00002889
2025-04-01T16:00:00Z,1743523200000,0.00003573
2025-04-02T00:00:00Z,1743552000001,-0.00002112
2025-04-02T08:00:00Z,1743580800000,0.00003036
2025-04-02T16:00:00Z,1743609600000,0.00000733
2025-04-03T00:00:00Z,1743638400000,0.00005862
2025-04-03T08:00:00Z,1743667200000,0.00005038
2025-04-03T16:00:00Z,1743696000000,0.00006484
2025-04-04T00:00:00Z,1743724800000,0.00004283
2025-04-04T08:00:00Z,1743753600000,0.00004736
2025-04-04T16:00:00Z,1743782400000,0.00008038
2025-04-05T00:00:00Z,1743811200000,0.00008559
2025-04-05T08:00:00Z,1743840000000,0.00007437
2025-04-05T16:00:00Z,1743868800000,0.00000408
2025-04-06T00:00:00Z,1743897600000,0.00000221
2025-04-06T08:00:00Z,1743926400000,0.00005363
2025-04-06T16:00:00Z,1743955200002,-0.00000603
2025-04-07T00:00:00Z,1743984000000,0.00004946
2025-04-07T08:00:00Z,1744012800000,0.00006857
2025-04-07T16:00:00Z,1744041600000,0.00004998
2025-04-08T00:00:00Z,1744070400000,0.00004074
2025-04-08T08:00:00Z,1744099200000,0.00003575
2025-04-08T16:00:00Z,1744128000000,0.00003134
2025-04-09T00:00:00Z,1744156800000,0.00009568
2025-04-09T08:00:00Z,1744185600001,-0.00002252
2025-04-09T16:00:00Z,1744214400000,0.00006856
2025-04-10T00:00:00Z,1744243200000,0.00007705
2025-04-10T08:00:00Z,1744272000000,0.00000114
2025-04-10T16:00:00Z,1744300800000,0.00006775
2025-04-11T00:00:00Z,1744329600001,0.00002065
2025-04-11T08:00:00Z,1744358400000,-0.00004294
2025-04-11T16:00:00Z,1744387200000,0.00003290
2025-04-12T00:00:00Z,1744416000000,0.00003654
2025-04-12T08:00:00Z,1744444800001,0.00005640
2025-04-12T16:00:00Z,1744473600000,0.00005388
2025-04-13T00:00:00Z,1744502400000,0.00005057
2025-04-13T08:00:00Z,1744531200000,0.00008429
2025-04-13T16:00:00Z,1744560000000,0.00009642
2025-04-14T00:00:00Z,1744588800000,0.00008113
2025-04-14T08:00:00Z,1744617600000,0.00007127
2025-04-14T16:00:00Z,1744646400000,0.00002428
2025-04-15T00:00:00Z,1744675200000,-0.00002073
2025-04-15T08:00:00Z,1744704000000,0.00006606
2025-04-15T16:00:00Z,1744732800001,0.00001883
2025-04-16T00:00:00Z,1744761600000,0.00002428
2025-04-16T08:00:00Z,1744790400000,0.00006917
2025-04-16T16:00:00Z,1744819200000,0.00001978
2025-04-17T00:00:00Z,1744848000001,0.00001404
2025-04-17T08:00:00Z,1744876800000,0.00005679
2025-04-17T16:00:00Z,1744905600001,0.00003425
2025-04-18T00:00:00Z,1744934400000,0.00001788
2025-04-18T08:00:00Z,1744963200000,0.00007071
2025-04-18T16:00:00Z,1744992000000,0.00002995
2025-04-19T00:00:00Z,1745020800000,0.00002930
2025-04-19T08:00:00Z,1745049600000,0.00006024
2025-04-19T16:00:00Z,1745078400000,-0.00001953
2025-04-20T00:00:00Z,1745107200000,-0.00000298
2025-04-20T08:00:00Z,1745136000000,-0.00001078
2025-04-20T16:00:00Z,1745164800000,-0.00002258
2025-04-21T00:00:00Z,1745193600000,0.00005232
2025-04-21T08:00:00Z,1745222400005,0.00005403
2025-04-21T16:00:00Z,1745251200003,0.00001553
2025-04-22T00:00:00Z,1745280000008,0.00007749
2025-04-22T08:00:00Z,1745308800000,-0.00000744
2025-04-22T16:00:00Z,1745337600000,-0.00007045
2025-04-23T00:00:00Z,1745366400000,-0.00001389
2025-04-23T08:00:00Z,1745395200002,0.00001374
2025-04-23T16:00:00Z,1745424000000,0.00004587
2025-04-24T00:00:00Z,1745452800000,-0.00002671
2025-04-24T08:00:00Z,1745481600001,0.00005210
2025-04-24T16:00:00Z,1745510400001,-0.00002165
2025-04-25T00:00:00Z,1745539200007,-0.00001764
2025-04-25T08:00:00Z,1745568000002,0.00000170
2025-04-25T16:00:00Z,1745596800003,0.00000120
2025-04-26T00:00:00Z,1745625600002,-0.00010085
2025-04-26T08:00:00Z,1745654400000,-0.00002774
2025-04-26T16:00:00Z,1745683200002,0.00002855
2025-04-27T00:00:00Z,1745712000001,-0.00001500
2025-04-27T08:00:00Z,1745740800000,-0.00000660
2025-04-27T16:00:00Z,1745769600000,-0.00000421
2025-04-28T00:00:00Z,1745798400001,0.00000373
2025-04-28T08:00:00Z,1745827200003,0.00000246
2025-04-28T16:00:00Z,1745856000005,-0.00005821
2025-04-29T00:00:00Z,1745884800000,-0.00000773
2025-04-29T08:00:00Z,1745913600000,0.00000413
2025-04-29T16:00:00Z,1745942400010,0.00001305
2025-04-30T00:00:00Z,1745971200001,-0.00005181
2025-04-30T08:00:00Z,1746000000000,0.00002939
2025-04-30T16:00:00Z,1746028800003,-0.00003797
2025-05-01T00:00:00Z,1746057600000,0.00003519
2025-05-01T08:00:00Z,1746086400000,0.00005755
2025-05-01T16:00:00Z,1746115200001,-0.00008028
2025-05-02T00:00:00Z,1746144000000,-0.00012232
2025-05-02T08:00:00Z,1746172800000,-0.00009382
2025-05-02T16:00:00Z,1746201600003,-0.00008689
2025-05-03T00:00:00Z,1746230400000,-0.00005953
2025-05-03T08:00:00Z,1746259200000,0.00003198
2025-05-03T16:00:00Z,1746288000000,-0.00001483
2025-05-04T00:00:00Z,1746316800001,0.00000370
2025-05-04T08:00:00Z,1746345600001,0.00003229
2025-05-04T16:00:00Z,1746374400002,0.00003745
2025-05-05T00:00:00Z,1746403200000,-0.00002404
2025-05-05T08:00:00Z,1746432000000,0.00003636
2025-05-05T16:00:00Z,1746460800006,-0.00002247
2025-05-06T00:00:00Z,1746489600002,0.00001978
2025-05-06T08:00:00Z,1746518400005,0.00004440
2025-05-06T16:00:00Z,1746547200000,0.00000757
2025-05-07T00:00:00Z,1746576000002,0.00001218
2025-05-07T08:00:00Z,1746604800000,-0.00000025
2025-05-07T16:00:00Z,1746633600006,0.00001320
2025-05-08T00:00:00Z,1746662400000,0.00002318
2025-05-08T08:00:00Z,1746691200001,0.00004608
2025-05-08T16:00:00Z,1746720000002,0.00005728
2025-05-09T00:00:00Z,1746748800001,0.00010000
2025-05-09T08:00:00Z,1746777600006,0.00010000
2025-05-09T16:00:00Z,1746806400000,0.00004378
2025-05-10T00:00:00Z,1746835200001,0.00009657
2025-05-10T08:00:00Z,1746864000000,0.00010000
2025-05-10T16:00:00Z,1746892800001,0.00004257
2025-05-11T00:00:00Z,1746921600000,0.00010000
2025-05-11T08:00:00Z,1746950400001,0.00004150
2025-05-11T16:00:00Z,1746979200001,0.00010000
2025-05-12T00:00:00Z,1747008000004,0.00004454
2025-05-12T08:00:00Z,1747036800000,0.00010000
2025-05-12T16:00:00Z,1747065600000,0.00002301
2025-05-13T00:00:00Z,1747094400000,0.00006847
2025-05-13T08:00:00Z,1747123200008,0.00010000
2025-05-13T16:00:00Z,1747152000001,0.00007256
2025-05-14T00:00:00Z,1747180800007,0.00009921
2025-05-14T08:00:00Z,1747209600000,0.00007542
2025-05-14T16:00:00Z,1747238400002,0.00003175
2025-05-15T00:00:00Z,1747267200000,0.00002978
2025-05-15T08:00:00Z,1747296000003,0.00005336
2025-05-15T16:00:00Z,1747324800000,0.00001439
2025-05-16T00:00:00Z,1747353600001,0.00004504
2025-05-16T08:00:00Z,1747382400000,0.00007535
2025-05-16T16:00:00Z,1747411200000,0.00004768
2025-05-17T00:00:00Z,1747440000000,0.00002821
2025-05-17T08:00:00Z,1747468800001,0.00003340
2025-05-17T16:00:00Z,1747497600004,0.00000597
2025-05-18T00:00:00Z,1747526400000,0.00006742
2025-05-18T08:00:00Z,1747555200000,0.00005903
2025-05-18T16:00:00Z,1747584000000,0.00010000
2025-05-19T00:00:00Z,1747612800000,0.00005990
2025-05-19T08:00:00Z,1747641600006,0.00006040
2025-05-19T16:00:00Z,1747670400010,0.00002110
2025-05-20T00:00:00Z,1747699200000,0.00008378
2025-05-20T08:00:00Z,1747728000002,0.00007107
2025-05-20T16:00:00Z,1747756800000,0.00001266
2025-05-21T00:00:00Z,1747785600000,0.00008767
2025-05-21T08:00:00Z,1747814400001,0.00007147
2025-05-21T16:00:00Z,1747843200004,0.00005119
2025-05-22T00:00:00Z,1747872000001,0.00010000
2025-05-22T08:00:00Z,1747900800000,0.00010000
2025-05-22T16:00:00Z,1747929600002,0.00010000
2025-05-23T00:00:00Z,1747958400006,0.00009321
2025-05-23T08:00:00Z,1747987200000,0.00007261
2025-05-23T16:00:00Z,1748016000007,0.00008614
2025-05-24T00:00:00Z,1748044800010,0.00003524
2025-05-24T08:00:00Z,1748073600000,0.00004590
2025-05-24T16:00:00Z,1748102400003,0.00007837
2025-05-25T00:00:00Z,1748131200004,0.00009794
2025-05-25T08:00:00Z,1748160000000,0.00005113
2025-05-25T16:00:00Z,1748188800000,0.00003651
2025-05-26T00:00:00Z,1748217600000,0.00007331
2025-05-26T08:00:00Z,1748246400000,0.00010000
2025-05-26T16:00:00Z,1748275200002,0.00009782
2025-05-27T00:00:00Z,1748304000003,0.00007650
2025-05-27T08:00:00Z,1748332800001,0.00007266
2025-05-27T16:00:00Z,1748361600005,0.00002476
2025-05-28T00:00:00Z,1748390400002,0.00003260
2025-05-28T08:00:00Z,1748419200003,0.00002164
2025-05-28T16:00:00Z,1748448000002,0.00005368
2025-05-29T00:00:00Z,1748476800000,0.00003186
2025-05-29T08:00:00Z,1748505600006,0.00002812
2025-05-29T16:00:00Z,1748534400000,0.00008379
2025-05-30T00:00:00Z,1748563200003,0.00002622
2025-05-30T08:00:00Z,1748592000003,0.00003849
2025-05-30T16:00:00Z,1748620800000,0.00007392
2025-05-31T00:00:00Z,1748649600000,0.00008506
2025-05-31T08:00:00Z,1748678400000,0.00007552
2025-05-31T16:00:00Z,1748707200000,0.00004687
2025-06-01T00:00:00Z,1748736000001,-0.00000582
2025-06-01T08:00:00Z,1748764800002,0.00002335
2025-06-01T16:00:00Z,1748793600000,0.00004117
2025-06-02T00:00:00Z,1748822400001,-0.00000642
2025-06-02T08:00:00Z,1748851200000,0.00005593
2025-06-02T16:00:00Z,1748880000000,0.00004467
2025-06-03T00:00:00Z,1748908800000,0.00005005
2025-06-03T08:00:00Z,1748937600000,0.00006066
2025-06-03T16:00:00Z,1748966400001,0.00004456
2025-06-04T00:00:00Z,1748995200000,-0.00000011
2025-06-04T08:00:00Z,1749024000000,0.00002611
2025-06-04T16:00:00Z,1749052800000,0.00000962
2025-06-05T00:00:00Z,1749081600016,0.00000074
2025-06-05T08:00:00Z,1749110400000,0.00002871
2025-06-05T16:00:00Z,1749139200000,0.00005156
2025-06-06T00:00:00Z,1749168000002,-0.00003491
2025-06-06T08:00:00Z,1749196800000,-0.00003030
2025-06-06T16:00:00Z,1749225600006,-0.00002995
2025-06-07T00:00:00Z,1749254400000,-0.00002890
2025-06-07T08:00:00Z,1749283200000,-0.00003158
2025-06-07T16:00:00Z,1749312000002,0.00000294
2025-06-08T00:00:00Z,1749340800000,0.00004808
2025-06-08T08:00:00Z,1749369600000,0.00005613
2025-06-08T16:00:00Z,1749398400000,-0.00003602
2025-06-09T00:00:00Z,1749427200000,-0.00002164
2025-06-09T08:00:00Z,1749456000001,0.00004024
2025-06-09T16:00:00Z,1749484800001,0.00003057
2025-06-10T00:00:00Z,1749513600000,0.00006374
2025-06-10T08:00:00Z,1749542400001,0.00010000
2025-06-10T16:00:00Z,1749571200003,0.00008165
2025-06-11T00:00:00Z,1749600000000,0.00008779
2025-06-11T08:00:00Z,1749628800000,0.00008390
2025-06-11T16:00:00Z,1749657600010,0.00005039
2025-06-12T00:00:00Z,1749686400002,0.00001856
2025-06-12T08:00:00Z,1749715200003,0.00007247
2025-06-12T16:00:00Z,1749744000001,0.00001198
2025-06-13T00:00:00Z,1749772800000,-0.00001801
2025-06-13T08:00:00Z,1749801600001,-0.00000270
2025-06-13T16:00:00Z,1749830400004,0.00003857
2025-06-14T00:00:00Z,1749859200000,0.00001958
2025-06-14T08:00:00Z,1749888000000,0.00003858
2025-06-14T16:00:00Z,1749916800000,0.00001135
2025-06-15T00:00:00Z,1749945600005,-0.00003641
2025-06-15T08:00:00Z,1749974400009,0.00001439
2025-06-15T16:00:00Z,1750003200000,0.00007369
2025-06-16T00:00:00Z,1750032000000,0.00000936
2025-06-16T08:00:00Z,1750060800000,0.00005070
2025-06-16T16:00:00Z,1750089600003,0.00002793
2025-06-17T00:00:00Z,1750118400000,0.00001847
2025-06-17T08:00:00Z,1750147200006,0.00005776
2025-06-17T16:00:00Z,1750176000001,0.00002211
2025-06-18T00:00:00Z,1750204800001,-0.00001752
2025-06-18T08:00:00Z,1750233600001,0.00003695
2025-06-18T16:00:00Z,1750262400001,0.00006692
2025-06-19T00:00:00Z,1750291200005,0.00000845
2025-06-19T08:00:00Z,1750320000003,0.00000616
2025-06-19T16:00:00Z,1750348800000,0.00002396
2025-06-20T00:00:00Z,1750377600000,0.00003565
2025-06-20T08:00:00Z,1750406400002,0.00007862
2025-06-20T16:00:00Z,1750435200001,0.00002400
2025-06-21T00:00:00Z,1750464000002,0.00003977
2025-06-21T08:00:00Z,1750492800005,0.00001933
2025-06-21T16:00:00Z,1750521600000,0.00007440
2025-06-22T00:00:00Z,1750550400005,0.00002883
2025-06-22T08:00:00Z,1750579200000,0.00010000
2025-06-22T16:00:00Z,1750608000003,0.00004145
2025-06-23T00:00:00Z,1750636800000,-0.00001061
2025-06-23T08:00:00Z,1750665600004,-0.00002809
2025-06-23T16:00:00Z,1750694400013,0.00004889
2025-06-24T00:00:00Z,1750723200003,0.00001245
2025-06-24T08:00:00Z,1750752000000,0.00001218
2025-06-24T16:00:00Z,1750780800000,0.00000447
2025-06-25T00:00:00Z,1750809600005,-0.00003174
2025-06-25T08:00:00Z,1750838400000,0.00002747
2025-06-25T16:00:00Z,1750867200005,0.00000962
2025-06-26T00:00:00Z,1750896000000,0.00000141
2025-06-26T08:00:00Z,1750924800006,0.00003805
2025-06-26T16:00:00Z,1750953600007,0.00000682
2025-06-27T00:00:00Z,1750982400000,0.00001113
2025-06-27T08:00:00Z,1751011200000,0.00002663
2025-06-27T16:00:00Z,1751040000009,0.00002557
2025-06-28T00:00:00Z,1751068800001,-0.00001161
2025-06-28T08:00:00Z,1751097600002,0.00006053
2025-06-28T16:00:00Z,1751126400000,0.00004434
2025-06-29T00:00:00Z,1751155200004,0.00001250
2025-06-29T08:00:00Z,1751184000001,0.00005360
2025-06-29T16:00:00Z,1751212800001,0.00010000
2025-06-30T00:00:00Z,1751241600000,0.00001084
2025-06-30T08:00:00Z,1751270400005,0.00002959
2025-06-30T16:00:00Z,1751299200002,0.00004923
2025-07-01T00:00:00Z,1751328000007,0.00001053
2025-07-01T08:00:00Z,1751356800002,0.00004334
2025-07-01T16:00:00Z,1751385600000,0.00001109
2025-07-02T00:00:00Z,1751414400001,0.00001807
2025-07-02T08:00:00Z,1751443200000,0.00003403
2025-07-02T16:00:00Z,1751472000003,0.00004130
2025-07-03T00:00:00Z,1751500800006,0.00004871
2025-07-03T08:00:00Z,1751529600003,0.00003562
2025-07-03T16:00:00Z,1751558400003,0.00005028
2025-07-04T00:00:00Z,1751587200005,0.00005230
2025-07-04T08:00:00Z,1751616000003,0.00005009
2025-07-04T16:00:00Z,1751644800001,0.00001797
2025-07-05T00:00:00Z,1751673600004,0.00001066
2025-07-05T08:00:00Z,1751702400009,0.00003055
2025-07-05T16:00:00Z,1751731200006,0.00004005
2025-07-06T00:00:00Z,1751760000001,0.00001941
2025-07-06T08:00:00Z,1751788800002,0.00001665
2025-07-06T16:00:00Z,1751817600004,0.00001028
2025-07-07T00:00:00Z,1751846400000,0.00002360
2025-07-07T08:00:00Z,1751875200007,0.00003438
2025-07-07T16:00:00Z,1751904000000,0.00004271
2025-07-08T00:00:00Z,1751932800010,0.00001073
2025-07-08T08:00:00Z,1751961600003,0.00004563
2025-07-08T16:00:00Z,1751990400000,0.00003601
2025-07-09T00:00:00Z,1752019200002,0.00003093
2025-07-09T08:00:00Z,1752048000006,0.00003396
2025-07-09T16:00:00Z,1752076800001,0.00004253
2025-07-10T00:00:00Z,1752105600003,0.00010000
2025-07-10T08:00:00Z,1752134400000,0.00008523
2025-07-10T16:00:00Z,1752163200004,0.00001908
2025-07-11T00:00:00Z,1752192000004,0.00010000
2025-07-11T08:00:00Z,1752220800007,0.00010000
2025-07-11T16:00:00Z,1752249600001,0.00010000
2025-07-12T00:00:00Z,1752278400000,0.00010000
2025-07-12T08:00:00Z,1752307200001,0.00010000
2025-07-12T16:00:00Z,1752336000002,0.00010000
2025-07-13T00:00:00Z,1752364800006,0.00010000
2025-07-13T08:00:00Z,1752393600001,0.00010000
2025-07-13T16:00:00Z,1752422400003,0.00010000
2025-07-14T00:00:00Z,1752451200000,0.00008051
2025-07-14T08:00:00Z,1752480000000,0.00010000
2025-07-14T16:00:00Z,1752508800000,0.00010000
2025-07-15T00:00:00Z,1752537600002,0.00010000
2025-07-15T08:00:00Z,1752566400000,0.00010000
2025-07-15T16:00:00Z,1752595200000,0.00010000
2025-07-16T00:00:00Z,1752624000000,0.00010000
2025-07-16T08:00:00Z,1752652800000,0.00010000
2025-07-16T16:00:00Z,1752681600008,0.00010000
2025-07-17T00:00:00Z,1752710400003,0.00010000
2025-07-17T08:00:00Z,1752739200000,0.00010000
2025-07-17T16:00:00Z,1752768000000,0.00010000
2025-07-18T00:00:00Z,1752796800004,0.00010000
2025-07-18T08:00:00Z,1752825600000,0.00010000
2025-07-18T16:00:00Z,1752854400000,0.00010000
2025-07-19T00:00:00Z,1752883200009,0.00010000
2025-07-19T08:00:00Z,1752912000000,0.00010000
2025-07-19T16:00:00Z,1752940800002,0.00010000
2025-07-20T00:00:00Z,1752969600000,0.00010000
2025-07-20T08:00:00Z,1752998400000,0.00010000
2025-07-20T16:00:00Z,1753027200000,0.00010000
2025-07-21T00:00:00Z,1753056000001,0.00010000
2025-07-21T08:00:00Z,1753084800000,0.00010000
2025-07-21T16:00:00Z,1753113600001,0.00010000
2025-07-22T00:00:00Z,1753142400000,0.00010000
2025-07-22T08:00:00Z,1753171200010,0.00010000
2025-07-22T16:00:00Z,1753200000007,0.00010000
2025-07-23T00:00:00Z,1753228800000,0.00010000
2025-07-23T08:00:00Z,1753257600004,0.00010000
2025-07-23T16:00:00Z,1753286400002,0.00010000
2025-07-24T00:00:00Z,1753315200000,0.00010000
2025-07-24T08:00:00Z,1753344000001,0.00010000
2025-07-24T16:00:00Z,1753372800000,0.00010000
2025-07-25T00:00:00Z,1753401600000,0.00010000
2025-07-25T08:00:00Z,1753430400000,0.00010000
2025-07-25T16:00:00Z,1753459200000,0.00010000
2025-07-26T00:00:00Z,1753488000001,0.00010000
2025-07-26T08:00:00Z,1753516800005,0.00010000
2025-07-26T16:00:00Z,1753545600001,0.00010000
2025-07-27T00:00:00Z,1753574400001,0.00010000
2025-07-27T08:00:00Z,1753603200000,0.00010000
2025-07-27T16:00:00Z,1753632000008,0.00010000
2025-07-28T00:00:00Z,1753660800005,0.00010000
2025-07-28T08:00:00Z,1753689600000,0.00010000
2025-07-28T16:00:00Z,1753718400000,0.00010000
2025-07-29T00:00:00Z,1753747200001,0.00010000
2025-07-29T08:00:00Z,1753776000000,0.00010000
2025-07-29T16:00:00Z,1753804800000,0.00010000
2025-07-30T00:00:00Z,1753833600011,0.00010000
2025-07-30T08:00:00Z,1753862400000,0.00010000
2025-07-30T16:00:00Z,1753891200008,0.00010000
2025-07-31T00:00:00Z,1753920000000,0.00005694
2025-07-31T08:00:00Z,1753948800009,0.00010000
2025-07-31T16:00:00Z,1753977600000,0.00010000
2025-08-01T00:00:00Z,1754006400001,-0.00001408
2025-08-01T08:00:00Z,1754035200003,0.00001549
2025-08-01T16:00:00Z,1754064000000,0.00005681
2025-08-02T00:00:00Z,1754092800004,0.00004810
2025-08-02T08:00:00Z,1754121600000,0.00000894
2025-08-02T16:00:00Z,1754150400000,0.00004437
2025-08-03T00:00:00Z,1754179200000,0.00005633
2025-08-03T08:00:00Z,1754208000000,0.00004533
2025-08-03T16:00:00Z,1754236800003,0.00007504
2025-08-04T00:00:00Z,1754265600004,0.00004188
2025-08-04T08:00:00Z,1754294400000,0.00005719
2025-08-04T16:00:00Z,1754323200002,0.00003912
2025-08-05T00:00:00Z,1754352000000,0.00007101
2025-08-05T08:00:00Z,1754380800000,0.00008589
2025-08-05T16:00:00Z,1754409600000,0.00004784
2025-08-06T00:00:00Z,1754438400005,0.00005172
2025-08-06T08:00:00Z,1754467200000,0.00009275
2025-08-06T16:00:00Z,1754496000000,0.00008288
2025-08-07T00:00:00Z,1754524800003,0.00004843
2025-08-07T08:00:00Z,1754553600002,0.00007574
2025-08-07T16:00:00Z,1754582400002,0.00006275
2025-08-08T00:00:00Z,1754611200002,0.00002403
2025-08-08T08:00:00Z,1754640000004,0.00001729
2025-08-08T16:00:00Z,1754668800000,0.00007973
2025-08-09T00:00:00Z,1754697600005,0.00008835
2025-08-09T08:00:00Z,1754726400000,0.00009087
2025-08-09T16:00:00Z,1754755200007,0.00005151
2025-08-10T00:00:00Z,1754784000003,0.00009849
2025-08-10T08:00:00Z,1754812800005,0.00010000
2025-08-10T16:00:00Z,1754841600002,0.00010000
2025-08-11T00:00:00Z,1754870400000,0.00010000
2025-08-11T08:00:00Z,1754899200000,0.00010000
2025-08-11T16:00:00Z,1754928000000,0.00010000
2025-08-12T00:00:00Z,1754956800000,0.00010000
2025-08-12T08:00:00Z,1754985600001,0.00007988
2025-08-12T16:00:00Z,1755014400005,0.00008543
2025-08-13T00:00:00Z,1755043200000,0.00007123
2025-08-13T08:00:00Z,1755072000002,0.00010000
2025-08-13T16:00:00Z,1755100800006,0.00010000
2025-08-14T00:00:00Z,1755129600002,0.00010000
2025-08-14T08:00:00Z,1755158400003,0.00010000
2025-08-14T16:00:00Z,1755187200000,0.00010000
2025-08-15T00:00:00Z,1755216000000,0.00001939
2025-08-15T08:00:00Z,1755244800000,0.00007990
2025-08-15T16:00:00Z,1755273600000,0.00003722
2025-08-16T00:00:00Z,1755302400004,0.00008850
2025-08-16T08:00:00Z,1755331200000,0.00008268
2025-08-16T16:00:00Z,1755360000002,0.00009023
2025-08-17T00:00:00Z,1755388800000,0.00008206
2025-08-17T08:00:00Z,1755417600001,0.00004680
2025-08-17T16:00:00Z,1755446400007,0.00001862
2025-08-18T00:00:00Z,1755475200000,0.00002846
2025-08-18T08:00:00Z,1755504000001,-0.00000682
2025-08-18T16:00:00Z,1755532800002,0.00005296
2025-08-19T00:00:00Z,1755561600000,0.00007137
2025-08-19T08:00:00Z,1755590400001,0.00006262
2025-08-19T16:00:00Z,1755619200000,0.00003167
2025-08-20T00:00:00Z,1755648000000,0.00004543
2025-08-20T08:00:00Z,1755676800000,0.00001364
2025-08-20T16:00:00Z,1755705600000,0.00004936
2025-08-21T00:00:00Z,1755734400006,0.00001143
2025-08-21T08:00:00Z,1755763200000,0.00007757
2025-08-21T16:00:00Z,1755792000003,0.00007414
2025-08-22T00:00:00Z,1755820800010,0.00007296
2025-08-22T08:00:00Z,1755849600007,0.00010000
2025-08-22T16:00:00Z,1755878400001,0.00005867
2025-08-23T00:00:00Z,1755907200004,0.00010000
2025-08-23T08:00:00Z,1755936000006,0.00010000
2025-08-23T16:00:00Z,1755964800000,0.00009711
2025-08-24T00:00:00Z,1755993600001,0.00010000
2025-08-24T08:00:00Z,1756022400002,0.00010000
2025-08-24T16:00:00Z,1756051200001,0.00010000
2025-08-25T00:00:00Z,1756080000000,0.00010000
2025-08-25T08:00:00Z,1756108800002,0.00010000
2025-08-25T16:00:00Z,1756137600002,0.00008344
2025-08-26T00:00:00Z,1756166400000,0.00004522
2025-08-26T08:00:00Z,1756195200000,0.00003900
2025-08-26T16:00:00Z,1756224000000,0.00010000
2025-08-27T00:00:00Z,1756252800003,0.00001802
2025-08-27T08:00:00Z,1756281600000,0.00005503
2025-08-27T16:00:00Z,1756310400009,0.00003496
2025-08-28T00:00:00Z,1756339200000,0.00005297
2025-08-28T08:00:00Z,1756368000005,0.00009693
2025-08-28T16:00:00Z,1756396800004,0.00007512
2025-08-29T00:00:00Z,1756425600000,0.00004261
2025-08-29T08:00:00Z,1756454400000,0.00005856
2025-08-29T16:00:00Z,1756483200005,0.00000644
2025-08-30T00:00:00Z,1756512000000,0.00007523
2025-08-30T08:00:00Z,1756540800002,0.00007979
2025-08-30T16:00:00Z,1756569600003,0.00008042
2025-08-31T00:00:00Z,1756598400016,-0.00001232
2025-08-31T08:00:00Z,1756627200000,0.00004749
2025-08-31T16:00:00Z,1756656000001,0.00010000
2025-09-01T00:00:00Z,1756684800000,0.00004660
2025-09-01T08:00:00Z,1756713600000,0.00010000
2025-09-01T16:00:00Z,1756742400001,0.00004963
2025-09-02T00:00:00Z,1756771200000,0.00006946
2025-09-02T08:00:00Z,1756800000005,0.00008805
2025-09-02T16:00:00Z,1756828800007,0.00006356
2025-09-03T00:00:00Z,1756857600006,0.00000767
2025-09-03T08:00:00Z,1756886400002,0.00005127
2025-09-03T16:00:00Z,1756915200002,0.00002344
2025-09-04T00:00:00Z,1756944000002,0.00001808
2025-09-04T08:00:00Z,1756972800000,0.00004385
2025-09-04T16:00:00Z,1757001600000,0.00007941
2025-09-05T00:00:00Z,1757030400001,0.00007532
2025-09-05T08:00:00Z,1757059200006,0.00010000
2025-09-05T16:00:00Z,1757088000000,0.00007872
2025-09-06T00:00:00Z,1757116800000,0.00001297
2025-09-06T08:00:00Z,1757145600005,0.00005660
2025-09-06T16:00:00Z,1757174400000,0.00005110
2025-09-07T00:00:00Z,1757203200000,0.00001970
2025-09-07T08:00:00Z,1757232000000,0.00003611
2025-09-07T16:00:00Z,1757260800000,0.00006969
2025-09-08T00:00:00Z,1757289600007,0.00009404
2025-09-08T08:00:00Z,1757318400000,0.00006682
2025-09-08T16:00:00Z,1757347200000,0.00007311
2025-09-09T00:00:00Z,1757376000000,0.00003799
2025-09-09T08:00:00Z,1757404800000,0.00010000
2025-09-09T16:00:00Z,1757433600000,0.00010000
2025-09-10T00:00:00Z,1757462400000,0.00005805
2025-09-10T08:00:00Z,1757491200002,0.00005026
2025-09-10T16:00:00Z,1757520000000,0.00010000
2025-09-11T00:00:00Z,1757548800000,0.00005843
2025-09-11T08:00:00Z,1757577600000,0.00004283
2025-09-11T16:00:00Z,1757606400001,0.00003326
2025-09-12T00:00:00Z,1757635200002,0.00006137
2025-09-12T08:00:00Z,1757664000001,0.00003768
2025-09-12T16:00:00Z,1757692800005,0.00006891
2025-09-13T00:00:00Z,1757721600005,-0.00001554
2025-09-13T08:00:00Z,1757750400002,0.00002251
2025-09-13T16:00:00Z,1757779200000,0.00003137
2025-09-14T00:00:00Z,1757808000006,0.00008182
2025-09-14T08:00:00Z,1757836800000,0.00004780
2025-09-14T16:00:00Z,1757865600001,0.00003115
2025-09-15T00:00:00Z,1757894400006,0.00006207
2025-09-15T08:00:00Z,1757923200002,0.00008259
2025-09-15T16:00:00Z,1757952000001,0.00008189
2025-09-16T00:00:00Z,1757980800001,0.00000997
2025-09-16T08:00:00Z,1758009600000,0.00006991
2025-09-16T16:00:00Z,1758038400000,0.00006472
2025-09-17T00:00:00Z,1758067200001,0.00006972
2025-09-17T08:00:00Z,1758096000000,0.00008441
2025-09-17T16:00:00Z,1758124800003,0.00006303
2025-09-18T00:00:00Z,1758153600006,0.00004941
2025-09-18T08:00:00Z,1758182400002,0.00008928
2025-09-18T16:00:00Z,1758211200000,0.00004208
2025-09-19T00:00:00Z,1758240000000,-0.00000231
2025-09-19T08:00:00Z,1758268800005,0.00002109
2025-09-19T16:00:00Z,1758297600000,0.00005264
2025-09-20T00:00:00Z,1758326400000,0.00003757
2025-09-20T08:00:00Z,1758355200000,-0.00000027
2025-09-20T16:00:00Z,1758384000002,-0.00001006
2025-09-21T00:00:00Z,1758412800000,-0.00005322
2025-09-21T08:00:00Z,1758441600000,0.00002563
2025-09-21T16:00:00Z,1758470400000,0.00003742
2025-09-22T00:00:00Z,1758499200005,0.00006665
2025-09-22T08:00:00Z,1758528000003,0.00001743
2025-09-22T16:00:00Z,1758556800000,0.00004838
2025-09-23T00:00:00Z,1758585600000,0.00007062
2025-09-23T08:00:00Z,1758614400001,0.00007083
2025-09-23T16:00:00Z,1758643200000,0.00007478
2025-09-24T00:00:00Z,1758672000003,0.00005794
2025-09-24T08:00:00Z,1758700800001,0.00006267
2025-09-24T16:00:00Z,1758729600002,0.00004886
2025-09-25T00:00:00Z,1758758400000,-0.00000220
2025-09-25T08:00:00Z,1758787200001,0.00001730
2025-09-25T16:00:00Z,1758816000000,0.00009560
2025-09-26T00:00:00Z,1758844800000,0.00003143
2025-09-26T08:00:00Z,1758873600000,0.00004360
2025-09-26T16:00:00Z,1758902400008,0.00007716
2025-09-27T00:00:00Z,1758931200000,-0.00000010
2025-09-27T08:00:00Z,1758960000010,0.00003425
2025-09-27T16:00:00Z,1758988800003,0.00007821
2025-09-28T00:00:00Z,1759017600000,0.00003314
2025-09-28T08:00:00Z,1759046400000,0.00004976
2025-09-28T16:00:00Z,1759075200000,0.00005261
2025-09-29T00:00:00Z,1759104000000,0.00002312
2025-09-29T08:00:00Z,1759132800002,0.00001304
2025-09-29T16:00:00Z,1759161600001,0.00000032
2025-09-30T00:00:00Z,1759190400002,0.00002353
2025-09-30T08:00:00Z,1759219200005,0.00005893
2025-09-30T16:00:00Z,1759248000000,0.00002584
2025-10-01T00:00:00Z,1759276800000,0.00003355
2025-10-01T08:00:00Z,1759305600000,0.00003457
2025-10-01T16:00:00Z,1759334400000,0.00010000
2025-10-02T00:00:00Z,1759363200000,0.00007784
2025-10-02T08:00:00Z,1759392000013,0.00010000
2025-10-02T16:00:00Z,1759420800000,0.00009543
2025-10-03T00:00:00Z,1759449600006,0.00009926
2025-10-03T08:00:00Z,1759478400006,0.00010000
2025-10-03T16:00:00Z,1759507200000,0.00010000
2025-10-04T00:00:00Z,1759536000001,0.00010000
2025-10-04T08:00:00Z,1759564800000,0.00010000
2025-10-04T16:00:00Z,1759593600000,0.00008312
2025-10-05T00:00:00Z,1759622400000,0.00008648
2025-10-05T08:00:00Z,1759651200003,0.00010000
2025-10-05T16:00:00Z,1759680000009,0.00009566
2025-10-06T00:00:00Z,1759708800004,0.00007672
2025-10-06T08:00:00Z,1759737600002,0.00009708
2025-10-06T16:00:00Z,1759766400004,0.00005831
2025-10-07T00:00:00Z,1759795200000,0.00010000
2025-10-07T08:00:00Z,1759824000003,0.00008608
2025-10-07T16:00:00Z,1759852800000,0.00006194
2025-10-08T00:00:00Z,1759881600000,0.00002542
2025-10-08T08:00:00Z,1759910400006,0.00010000
2025-10-08T16:00:00Z,1759939200002,0.00005396
2025-10-09T00:00:00Z,1759968000001,0.00001344
2025-10-09T08:00:00Z,1759996800000,0.00005350
2025-10-09T16:00:00Z,1760025600000,0.00001455
2025-10-10T00:00:00Z,1760054400005,0.00000785
2025-10-10T08:00:00Z,1760083200002,0.00003879
2025-10-10T16:00:00Z,1760112000014,0.00001013
2025-10-11T00:00:00Z,1760140800000,0.00010000
2025-10-11T08:00:00Z,1760169600003,0.00010000
2025-10-11T16:00:00Z,1760198400000,0.00000467
2025-10-12T00:00:00Z,1760227200004,-0.00003055
2025-10-12T08:00:00Z,1760256000002,0.00002865
2025-10-12T16:00:00Z,1760284800000,-0.00010915
2025-10-13T00:00:00Z,1760313600003,-0.00003942
2025-10-13T08:00:00Z,1760342400002,0.00002519
2025-10-13T16:00:00Z,1760371200003,-0.00002305
2025-10-14T00:00:00Z,1760400000000,-0.00004041
2025-10-14T08:00:00Z,1760428800000,0.00000712
2025-10-14T16:00:00Z,1760457600000,-0.00004498
2025-10-15T00:00:00Z,1760486400006,-0.00005425
2025-10-15T08:00:00Z,1760515200002,0.00003973
2025-10-15T16:00:00Z,1760544000000,0.00000225
2025-10-16T00:00:00Z,1760572800000,-0.00002741
2025-10-16T08:00:00Z,1760601600003,-0.00002230
2025-10-16T16:00:00Z,1760630400002,-0.00003004
2025-10-17T00:00:00Z,1760659200001,-0.00000285
2025-10-17T08:00:00Z,1760688000005,-0.00000634
2025-10-17T16:00:00Z,1760716800003,-0.00000291
2025-10-18T00:00:00Z,1760745600000,-0.00004819
2025-10-18T08:00:00Z,1760774400002,-0.00006376
2025-10-18T16:00:00Z,1760803200001,-0.00003681
2025-10-19T00:00:00Z,1760832000001,-0.00001411
2025-10-19T08:00:00Z,1760860800001,0.00001512
2025-10-19T16:00:00Z,1760889600001,0.00002787
2025-10-20T00:00:00Z,1760918400004,-0.00002197
2025-10-20T08:00:00Z,1760947200001,-0.00000665
2025-10-20T16:00:00Z,1760976000000,-0.00000018
2025-10-21T00:00:00Z,1761004800009,-0.00005567
2025-10-21T08:00:00Z,1761033600000,0.00002222
2025-10-21T16:00:00Z,1761062400000,-0.00002506
2025-10-22T00:00:00Z,1761091200004,-0.00004212
2025-10-22T08:00:00Z,1761120000000,0.00002445
2025-10-22T16:00:00Z,1761148800000,0.00005702
2025-10-23T00:00:00Z,1761177600000,0.00008911
2025-10-23T08:00:00Z,1761206400001,0.00002673
2025-10-23T16:00:00Z,1761235200004,0.00003933
2025-10-24T00:00:00Z,1761264000000,0.00003391
2025-10-24T08:00:00Z,1761292800000,0.00001783
2025-10-24T16:00:00Z,1761321600009,0.00003224
2025-10-25T00:00:00Z,1761350400000,0.00005020
2025-10-25T08:00:00Z,1761379200001,0.00001484
2025-10-25T16:00:00Z,1761408000001,0.00005570
2025-10-26T00:00:00Z,1761436800001,0.00001903
2025-10-26T08:00:00Z,1761465600001,0.00000535
2025-10-26T16:00:00Z,1761494400000,0.00006904
2025-10-27T00:00:00Z,1761523200000,0.00010000
2025-10-27T08:00:00Z,1761552000005,0.00010000
2025-10-27T16:00:00Z,1761580800000,0.00007304
2025-10-28T00:00:00Z,1761609600000,0.00006059
2025-10-28T08:00:00Z,1761638400000,0.00007806
2025-10-28T16:00:00Z,1761667200004,0.00002992
2025-10-29T00:00:00Z,1761696000004,-0.00000032
2025-10-29T08:00:00Z,1761724800005,0.00003588
2025-10-29T16:00:00Z,1761753600000,0.00005003
2025-10-30T00:00:00Z,1761782400004,0.00001097
2025-10-30T08:00:00Z,1761811200008,0.00003449
2025-10-30T16:00:00Z,1761840000001,0.00003562
2025-10-31T00:00:00Z,1761868800000,0.00000213
2025-10-31T08:00:00Z,1761897600008,0.00010000
2025-10-31T16:00:00Z,1761926400007,0.00010000
2025-11-01T00:00:00Z,1761955200001,0.00010000
2025-11-01T08:00:00Z,1761984000000,0.00010000
2025-11-01T16:00:00Z,1762012800000,0.00009782
2025-11-02T00:00:00Z,1762041600007,0.00008200
2025-11-02T08:00:00Z,1762070400000,0.00008150
2025-11-02T16:00:00Z,1762099200001,0.00005635
2025-11-03T00:00:00Z,1762128000000,0.00006098
2025-11-03T08:00:00Z,1762156800010,0.00006853
2025-11-03T16:00:00Z,1762185600000,0.00005329
2025-11-04T00:00:00Z,1762214400002,0.00010000
2025-11-04T08:00:00Z,1762243200004,0.00005808
2025-11-04T16:00:00Z,1762272000000,0.00006339
2025-11-05T00:00:00Z,1762300800000,0.00007132
2025-11-05T08:00:00Z,1762329600000,0.00002831
2025-11-05T16:00:00Z,1762358400004,0.00002816
2025-11-06T00:00:00Z,1762387200001,0.00003985
2025-11-06T08:00:00Z,1762416000000,0.00007916
2025-11-06T16:00:00Z,1762444800001,0.00004494
2025-11-07T00:00:00Z,1762473600005,0.00004705
2025-11-07T08:00:00Z,1762502400003,0.00004227
2025-11-07T16:00:00Z,1762531200005,0.00008631
2025-11-08T00:00:00Z,1762560000011,0.00007776
2025-11-08T08:00:00Z,1762588800015,0.00003047
2025-11-08T16:00:00Z,1762617600001,0.00003740
2025-11-09T00:00:00Z,1762646400004,-0.00001640
2025-11-09T08:00:00Z,1762675200000,0.00004187
2025-11-09T16:00:00Z,1762704000005,0.00008948
2025-11-10T00:00:00Z,1762732800000,0.00008870
2025-11-10T08:00:00Z,1762761600000,0.00007355
2025-11-10T16:00:00Z,1762790400003,0.00004979
2025-11-11T00:00:00Z,1762819200007,0.00002818
2025-11-11T08:00:00Z,1762848000000,-0.00002775
2025-11-11T16:00:00Z,1762876800009,0.00005823
2025-11-12T00:00:00Z,1762905600000,0.00002462
2025-11-12T08:00:00Z,1762934400002,0.00000687
2025-11-12T16:00:00Z,1762963200000,0.00005786
2025-11-13T00:00:00Z,1762992000002,0.00001077
2025-11-13T08:00:00Z,1763020800000,0.00009352
2025-11-13T16:00:00Z,1763049600001,0.00007448
2025-11-14T00:00:00Z,1763078400000,0.00008569
2025-11-14T08:00:00Z,1763107200000,0.00009126
2025-11-14T16:00:00Z,1763136000001,0.00009078
2025-11-15T00:00:00Z,1763164800005,0.00008507
2025-11-15T08:00:00Z,1763193600000,0.00010000
2025-11-15T16:00:00Z,1763222400001,0.00005923
2025-11-16T00:00:00Z,1763251200001,0.00007745
2025-11-16T08:00:00Z,1763280000000,0.00010000
2025-11-16T16:00:00Z,1763308800000,0.00007060
2025-11-17T00:00:00Z,1763337600003,0.00010000
2025-11-17T08:00:00Z,1763366400003,0.00009568
2025-11-17T16:00:00Z,1763395200000,0.00007208
2025-11-18T00:00:00Z,1763424000002,0.00010000
2025-11-18T08:00:00Z,1763452800004,0.00010000
2025-11-18T16:00:00Z,1763481600000,0.00003725
2025-11-19T00:00:00Z,1763510400000,0.00007496
2025-11-19T08:00:00Z,1763539200000,0.00005012
2025-11-19T16:00:00Z,1763568000008,0.00003980
2025-11-20T00:00:00Z,1763596800000,0.00004259
2025-11-20T08:00:00Z,1763625600000,0.00010000
2025-11-20T16:00:00Z,1763654400000,0.00008999
2025-11-21T00:00:00Z,1763683200001,0.00004272
2025-11-21T08:00:00Z,1763712000000,0.00004524
2025-11-21T16:00:00Z,1763740800001,0.00002642
2025-11-22T00:00:00Z,1763769600004,0.00001373
2025-11-22T08:00:00Z,1763798400000,0.00006735
2025-11-22T16:00:00Z,1763827200000,0.00005057
2025-11-23T00:00:00Z,1763856000000,0.00003812
2025-11-23T08:00:00Z,1763884800008,0.00000153
2025-11-23T16:00:00Z,1763913600003,-0.00000893
2025-11-24T00:00:00Z,1763942400004,-0.00000006
2025-11-24T08:00:00Z,1763971200000,-0.00000134
2025-11-24T16:00:00Z,1764000000006,0.00005044
2025-11-25T00:00:00Z,1764028800000,-0.00005290
2025-11-25T08:00:00Z,1764057600009,0.00001996
2025-11-25T16:00:00Z,1764086400007,-0.00003019
2025-11-26T00:00:00Z,1764115200001,0.00004038
2025-11-26T08:00:00Z,1764144000001,0.00005388
2025-11-26T16:00:00Z,1764172800000,-0.00000419
2025-11-27T00:00:00Z,1764201600013,-0.00002599
2025-11-27T08:00:00Z,1764230400000,0.00002408
2025-11-27T16:00:00Z,1764259200004,0.00004624
2025-11-28T00:00:00Z,1764288000008,0.00001771
2025-11-28T08:00:00Z,1764316800000,0.00006007
2025-11-28T16:00:00Z,1764345600008,-0.00001703
2025-11-29T00:00:00Z,1764374400000,-0.00001982
2025-11-29T08:00:00Z,1764403200005,0.00001778
2025-11-29T16:00:00Z,1764432000001,0.00002635
2025-11-30T00:00:00Z,1764460800003,0.00006082
2025-11-30T08:00:00Z,1764489600000,0.00003556
2025-11-30T16:00:00Z,1764518400004,0.00003880
2025-12-01T00:00:00Z,1764547200000,0.00003593
2025-12-01T08:00:00Z,1764576000004,0.00003153
2025-12-01T16:00:00Z,1764604800000,0.00001491
2025-12-02T00:00:00Z,1764633600004,-0.00001009
2025-12-02T08:00:00Z,1764662400000,0.00002643
2025-12-02T16:00:00Z,1764691200000,0.00003999
2025-12-03T00:00:00Z,1764720000000,-0.00001732
2025-12-03T08:00:00Z,1764748800000,0.00004206
2025-12-03T16:00:00Z,1764777600005,-0.00000885
2025-12-04T00:00:00Z,1764806400012,-0.00000395
2025-12-04T08:00:00Z,1764835200000,0.00007435
2025-12-04T16:00:00Z,1764864000011,0.00003928
2025-12-05T00:00:00Z,1764892800000,0.00004837
2025-12-05T08:00:00Z,1764921600000,0.00004944
2025-12-05T16:00:00Z,1764950400010,0.00000391
2025-12-06T00:00:00Z,1764979200001,0.00003693
2025-12-06T08:00:00Z,1765008000001,0.00001919
2025-12-06T16:00:00Z,1765036800008,-0.00001822
2025-12-07T00:00:00Z,1765065600000,0.00004192
2025-12-07T08:00:00Z,1765094400004,0.00001666
2025-12-07T16:00:00Z,1765123200000,0.00005212
2025-12-08T00:00:00Z,1765152000000,-0.00000539
2025-12-08T08:00:00Z,1765180800000,0.00006545
2025-12-08T16:00:00Z,1765209600001,0.00003395
2025-12-09T00:00:00Z,1765238400001,0.00000852
2025-12-09T08:00:00Z,1765267200001,0.00006379
2025-12-09T16:00:00Z,1765296000007,0.00005443
2025-12-10T00:00:00Z,1765324800007,0.00002777
2025-12-10T08:00:00Z,1765353600002,0.00001996
2025-12-10T16:00:00Z,1765382400012,0.00003205
2025-12-11T00:00:00Z,1765411200001,0.00002590
2025-12-11T08:00:00Z,1765440000000,-0.00001577
2025-12-11T16:00:00Z,1765468800000,0.00006100
2025-12-12T00:00:00Z,1765497600005,0.00006914
2025-12-12T08:00:00Z,1765526400007,0.00004698
2025-12-12T16:00:00Z,1765555200002,0.00003383
2025-12-13T00:00:00Z,1765584000001,0.00000121
2025-12-13T08:00:00Z,1765612800006,0.00006020
2025-12-13T16:00:00Z,1765641600000,0.00006041
2025-12-14T00:00:00Z,1765670400000,0.00010000
2025-12-14T08:00:00Z,1765699200003,0.00002898
2025-12-14T16:00:00Z,1765728000005,0.00003773
2025-12-15T00:00:00Z,1765756800000,0.00000190
2025-12-15T08:00:00Z,1765785600000,-0.00000893
2025-12-15T16:00:00Z,1765814400000,0.00003081
2025-12-16T00:00:00Z,1765843200002,0.00007467
2025-12-16T08:00:00Z,1765872000000,0.00001350
2025-12-16T16:00:00Z,1765900800002,0.00004089
2025-12-17T00:00:00Z,1765929600004,0.00006221
2025-12-17T08:00:00Z,1765958400000,0.00008987
2025-12-17T16:00:00Z,1765987200000,0.00005917
2025-12-18T00:00:00Z,1766016000005,0.00006230
2025-12-18T08:00:00Z,1766044800007,-0.00000867
2025-12-18T16:00:00Z,1766073600001,0.00008355
2025-12-19T00:00:00Z,1766102400000,0.00005491
2025-12-19T08:00:00Z,1766131200001,0.00010000
2025-12-19T16:00:00Z,1766160000000,0.00010000
2025-12-20T00:00:00Z,1766188800005,0.00010000
2025-12-20T08:00:00Z,1766217600000,0.00001234
2025-12-20T16:00:00Z,1766246400002,0.00007171
2025-12-21T00:00:00Z,1766275200000,0.00009682
2025-12-21T08:00:00Z,1766304000009,0.00008873
2025-12-21T16:00:00Z,1766332800000,0.00003977
2025-12-22T00:00:00Z,1766361600000,0.00004389
2025-12-22T08:00:00Z,1766390400005,0.00004524
2025-12-22T16:00:00Z,1766419200009,0.00006654
2025-12-23T00:00:00Z,1766448000000,0.00002633
2025-12-23T08:00:00Z,1766476800000,0.00005231
2025-12-23T16:00:00Z,1766505600001,0.00001795
2025-12-24T00:00:00Z,1766534400001,0.00010000
2025-12-24T08:00:00Z,1766563200001,0.00008455
2025-12-24T16:00:00Z,1766592000000,0.00005927
2025-12-25T00:00:00Z,1766620800000,0.00005953
2025-12-25T08:00:00Z,1766649600001,0.00007953
2025-12-25T16:00:00Z,1766678400005,0.00008322
2025-12-26T00:00:00Z,1766707200004,0.00004378
2025-12-26T08:00:00Z,1766736000001,0.00005427
2025-12-26T16:00:00Z,1766764800007,0.00010000
2025-12-27T00:00:00Z,1766793600000,0.00001809
2025-12-27T08:00:00Z,1766822400000,0.00002788
2025-12-27T16:00:00Z,1766851200011,0.00005850
2025-12-28T00:00:00Z,1766880000008,-0.00000036
2025-12-28T08:00:00Z,1766908800000,0.00007955
2025-12-28T16:00:00Z,1766937600000,0.00009464
2025-12-29T00:00:00Z,1766966400016,0.00010000
2025-12-29T08:00:00Z,1766995200001,0.00010000
2025-12-29T16:00:00Z,1767024000000,0.00004826
2025-12-30T00:00:00Z,1767052800005,0.00010000
2025-12-30T08:00:00Z,1767081600001,0.00004613
2025-12-30T16:00:00Z,1767110400003,0.00008345
2025-12-31T00:00:00Z,1767139200004,0.00002922
2025-12-31T08:00:00Z,1767168000001,0.00001453
2025-12-31T16:00:00Z,1767196800001,0.00003750
2026-01-01T00:00:00Z,1767225600008,0.00010000
2026-01-01T08:00:00Z,1767254400002,0.00010000
2026-01-01T16:00:00Z,1767283200001,0.00001711
2026-01-02T00:00:00Z,1767312000006,0.00005608
2026-01-02T08:00:00Z,1767340800007,0.00004219
2026-01-02T16:00:00Z,1767369600000,0.00004813
2026-01-03T00:00:00Z,1767398400001,0.00003110
2026-01-03T08:00:00Z,1767427200000,0.00001055
2026-01-03T16:00:00Z,1767456000000,0.00006938
2026-01-04T00:00:00Z,1767484800000,0.00009488
2026-01-04T08:00:00Z,1767513600000,0.00005813
2026-01-04T16:00:00Z,1767542400001,0.00004436
2026-01-05T00:00:00Z,1767571200000,0.00008893
2026-01-05T08:00:00Z,1767600000000,0.00005230
2026-01-05T16:00:00Z,1767628800000,0.00007723
2026-01-06T00:00:00Z,1767657600010,-0.00001376
2026-01-06T08:00:00Z,1767686400000,0.00002816
2026-01-06T16:00:00Z,1767715200000,0.00002691
2026-01-07T00:00:00Z,1767744000001,0.00006582
2026-01-07T08:00:00Z,1767772800001,0.00010000
2026-01-07T16:00:00Z,1767801600001,0.00002885
2026-01-08T00:00:00Z,1767830400001,0.00008693
2026-01-08T08:00:00Z,1767859200000,0.00010000
2026-01-08T16:00:00Z,1767888000000,0.00006436
2026-01-09T00:00:00Z,1767916800003,-0.00002813
2026-01-09T08:00:00Z,1767945600000,0.00007258
2026-01-09T16:00:00Z,1767974400001,0.00000218
2026-01-10T00:00:00Z,1768003200000,0.00005643
2026-01-10T08:00:00Z,1768032000002,0.00007657
2026-01-10T16:00:00Z,1768060800001,0.00006235
2026-01-11T00:00:00Z,1768089600003,0.00008744
2026-01-11T08:00:00Z,1768118400006,0.00004670
2026-01-11T16:00:00Z,1768147200000,0.00001667
2026-01-12T00:00:00Z,1768176000005,0.00001813
2026-01-12T08:00:00Z,1768204800000,0.00002902
2026-01-12T16:00:00Z,1768233600000,0.00004650
2026-01-13T00:00:00Z,1768262400007,0.00002245
2026-01-13T08:00:00Z,1768291200009,0.00009838
2026-01-13T16:00:00Z,1768320000002,0.00003445
2026-01-14T00:00:00Z,1768348800000,0.00000129
2026-01-14T08:00:00Z,1768377600001,0.00002497
2026-01-14T16:00:00Z,1768406400004,0.00004076
2026-01-15T00:00:00Z,1768435200000,-0.00000367
2026-01-15T08:00:00Z,1768464000004,0.00001749
2026-01-15T16:00:00Z,1768492800002,0.00001526
2026-01-16T00:00:00Z,1768521600000,0.00007340
2026-01-16T08:00:00Z,1768550400000,0.00007337
2026-01-16T16:00:00Z,1768579200001,0.00002495
2026-01-17T00:00:00Z,1768608000000,-0.00000178
2026-01-17T08:00:00Z,1768636800000,0.00003007
2026-01-17T16:00:00Z,1768665600002,0.00002976
2026-01-18T00:00:00Z,1768694400001,0.00003503
2026-01-18T08:00:00Z,1768723200000,0.00009616
2026-01-18T16:00:00Z,1768752000000,0.00006571
2026-01-19T00:00:00Z,1768780800007,0.00003473
2026-01-19T08:00:00Z,1768809600007,0.00001943
2026-01-19T16:00:00Z,1768838400007,0.00002494
2026-01-20T00:00:00Z,1768867200005,0.00009819
2026-01-20T08:00:00Z,1768896000001,0.00006626
2026-01-20T16:00:00Z,1768924800009,0.00005652
2026-01-21T00:00:00Z,1768953600001,0.00010000
2026-01-21T08:00:00Z,1768982400011,0.00006055
2026-01-21T16:00:00Z,1769011200011,0.00002410
2026-01-22T00:00:00Z,1769040000010,0.00006355
2026-01-22T08:00:00Z,1769068800003,0.00005110
2026-01-22T16:00:00Z,1769097600005,0.00009419
2026-01-23T00:00:00Z,1769126400005,0.00005090
2026-01-23T08:00:00Z,1769155200000,0.00003390
2026-01-23T16:00:00Z,1769184000011,0.00006968
2026-01-24T00:00:00Z,1769212800011,0.00001531
2026-01-24T08:00:00Z,1769241600002,0.00008909
2026-01-24T16:00:00Z,1769270400001,0.00003901
2026-01-25T00:00:00Z,1769299200002,0.00001336
2026-01-25T08:00:00Z,1769328000011,0.00008051
2026-01-25T16:00:00Z,1769356800005,0.00004917
2026-01-26T00:00:00Z,1769385600000,0.00004067
2026-01-26T08:00:00Z,1769414400003,0.00002847
2026-01-26T16:00:00Z,1769443200000,0.00005606
2026-01-27T00:00:00Z,1769472000002,0.00004267
2026-01-27T08:00:00Z,1769500800000,0.00006028
2026-01-27T16:00:00Z,1769529600000,0.00007503
2026-01-28T00:00:00Z,1769558400000,0.00006237
2026-01-28T08:00:00Z,1769587200000,0.00006174
2026-01-28T16:00:00Z,1769616000000,0.00003830
2026-01-29T00:00:00Z,1769644800000,0.00007210
2026-01-29T08:00:00Z,1769673600009,0.00005856
2026-01-29T16:00:00Z,1769702400000,0.00004023
2026-01-30T00:00:00Z,1769731200008,0.00004478
2026-01-30T08:00:00Z,1769760000000,0.00001714
2026-01-30T16:00:00Z,1769788800001,0.00000310
2026-01-31T00:00:00Z,1769817600000,0.00009693
2026-01-31T08:00:00Z,1769846400001,0.00003548
2026-01-31T16:00:00Z,1769875200009,0.00006585
2026-02-01T00:00:00Z,1769904000001,-0.00003267
2026-02-01T08:00:00Z,1769932800004,0.00003421
2026-02-01T16:00:00Z,1769961600000,0.00001722
2026-02-02T00:00:00Z,1769990400000,0.00000068
2026-02-02T08:00:00Z,1770019200014,-0.00003043
2026-02-02T16:00:00Z,1770048000000,-0.00005713
2026-02-03T00:00:00Z,1770076800000,-0.00002203
2026-02-03T08:00:00Z,1770105600007,0.00002245
2026-02-03T16:00:00Z,1770134400000,-0.00000465
2026-02-04T00:00:00Z,1770163200002,0.00000119
2026-02-04T08:00:00Z,1770192000007,0.00003551
2026-02-04T16:00:00Z,1770220800000,0.00004618
2026-02-05T00:00:00Z,1770249600011,0.00009173
2026-02-05T08:00:00Z,1770278400000,0.00000298
2026-02-05T16:00:00Z,1770307200007,-0.00004957
2026-02-06T00:00:00Z,1770336000000,-0.00001597
2026-02-06T08:00:00Z,1770364800001,-0.00013688
2026-02-06T16:00:00Z,1770393600000,-0.00013478
2026-02-07T00:00:00Z,1770422400003,-0.00015178
2026-02-07T08:00:00Z,1770451200000,-0.00008326
2026-02-07T16:00:00Z,1770480000010,-0.00002907
2026-02-08T00:00:00Z,1770508800003,-0.00003403
2026-02-08T08:00:00Z,1770537600000,-0.00003546
2026-02-08T16:00:00Z,1770566400000,-0.00004864
2026-02-09T00:00:00Z,1770595200002,-0.00003075
2026-02-09T08:00:00Z,1770624000001,0.00001846
2026-02-09T16:00:00Z,1770652800007,-0.00004284
2026-02-10T00:00:00Z,1770681600000,-0.00008798
2026-02-10T08:00:00Z,1770710400007,-0.00004829
2026-02-10T16:00:00Z,1770739200000,-0.00008816
2026-02-11T00:00:00Z,1770768000000,0.00001400
2026-02-11T08:00:00Z,1770796800006,-0.00008417
2026-02-11T16:00:00Z,1770825600000,-0.00001169
2026-02-12T00:00:00Z,1770854400000,-0.00001381
2026-02-12T08:00:00Z,1770883200001,0.00003499
2026-02-12T16:00:00Z,1770912000001,-0.00001728
2026-02-13T00:00:00Z,1770940800007,0.00005834
2026-02-13T08:00:00Z,1770969600003,0.00000716
2026-02-13T16:00:00Z,1770998400005,-0.00001274
2026-02-14T00:00:00Z,1771027200002,0.00001291
2026-02-14T08:00:00Z,1771056000004,0.00003174
2026-02-14T16:00:00Z,1771084800002,-0.00003094
2026-02-15T00:00:00Z,1771113600000,-0.00001068
2026-02-15T08:00:00Z,1771142400002,0.00004664
2026-02-15T16:00:00Z,1771171200000,-0.00002371
2026-02-16T00:00:00Z,1771200000001,0.00002659
2026-02-16T08:00:00Z,1771228800003,-0.00003277
2026-02-16T16:00:00Z,1771257600000,-0.00004112
2026-02-17T00:00:00Z,1771286400008,0.00005883
2026-02-17T08:00:00Z,1771315200001,0.00002672
2026-02-17T16:00:00Z,1771344000002,0.00005077
2026-02-18T00:00:00Z,1771372800000,0.00003215
2026-02-18T08:00:00Z,1771401600000,-0.00000141
2026-02-18T16:00:00Z,1771430400011,0.00003604
2026-02-19T00:00:00Z,1771459200013,-0.00004014
2026-02-19T08:00:00Z,1771488000000,0.00002686
2026-02-19T16:00:00Z,1771516800003,-0.00003052
2026-02-20T00:00:00Z,1771545600000,0.00005365
2026-02-20T08:00:00Z,1771574400000,0.00001302
2026-02-20T16:00:00Z,1771603200000,-0.00000671
2026-02-21T00:00:00Z,1771632000004,0.00004456
2026-02-21T08:00:00Z,1771660800000,0.00002485
2026-02-21T16:00:00Z,1771689600005,0.00003235
2026-02-22T00:00:00Z,1771718400001,0.00000730
2026-02-22T08:00:00Z,1771747200004,0.00000042
2026-02-22T16:00:00Z,1771776000000,0.00004972
2026-02-23T00:00:00Z,1771804800001,0.00006946
2026-02-23T08:00:00Z,1771833600000,-0.00009317
2026-02-23T16:00:00Z,1771862400000,0.00002251
2026-02-24T00:00:00Z,1771891200007,0.00005706
2026-02-24T08:00:00Z,1771920000000,-0.00001193
2026-02-24T16:00:00Z,1771948800001,-0.00000182
2026-02-25T00:00:00Z,1771977600001,0.00002375
2026-02-25T08:00:00Z,1772006400007,0.00000033
2026-02-25T16:00:00Z,1772035200000,-0.00000968
2026-02-26T00:00:00Z,1772064000000,-0.00001998
2026-02-26T08:00:00Z,1772092800006,-0.00001128
2026-02-26T16:00:00Z,1772121600002,0.00004007
2026-02-27T00:00:00Z,1772150400007,-0.00000991
2026-02-27T08:00:00Z,1772179200000,-0.00008123
2026-02-27T16:00:00Z,1772208000001,-0.00000656
2026-02-28T00:00:00Z,1772236800000,0.00004041
2026-02-28T08:00:00Z,1772265600000,-0.00003727
2026-02-28T16:00:00Z,1772294400004,-0.00004305
2026-03-01T00:00:00Z,1772323200005,-0.00000688
2026-03-01T08:00:00Z,1772352000000,0.00004563
2026-03-01T16:00:00Z,1772380800002,0.00002948
2026-03-02T00:00:00Z,1772409600001,-0.00000299
2026-03-02T08:00:00Z,1772438400007,-0.00001956
2026-03-02T16:00:00Z,1772467200000,-0.00001083
2026-03-03T00:00:00Z,1772496000000,-0.00000186
2026-03-03T08:00:00Z,1772524800000,0.00001437
2026-03-03T16:00:00Z,1772553600007,0.00001481
2026-03-04T00:00:00Z,1772582400001,-0.00005390
2026-03-04T08:00:00Z,1772611200005,0.00002520
2026-03-04T16:00:00Z,1772640000000,0.00004683
2026-03-05T00:00:00Z,1772668800000,0.00003567
2026-03-05T08:00:00Z,1772697600000,0.00004965
2026-03-05T16:00:00Z,1772726400004,0.00000174
2026-03-06T00:00:00Z,1772755200001,0.00001689
2026-03-06T08:00:00Z,1772784000001,-0.00003061
2026-03-06T16:00:00Z,1772812800004,-0.00002176
2026-03-07T00:00:00Z,1772841600001,0.00000619
2026-03-07T08:00:00Z,1772870400012,0.00003525
2026-03-07T16:00:00Z,1772899200001,-0.00004217
2026-03-08T00:00:00Z,1772928000001,-0.00004496
2026-03-08T08:00:00Z,1772956800000,-0.00001115
2026-03-08T16:00:00Z,1772985600002,-0.00002868
2026-03-09T00:00:00Z,1773014400000,-0.00005770
2026-03-09T08:00:00Z,1773043200004,-0.00004579
2026-03-09T16:00:00Z,1773072000003,-0.00003431
2026-03-10T00:00:00Z,1773100800012,-0.00002394
2026-03-10T08:00:00Z,1773129600002,0.00001230
2026-03-10T16:00:00Z,1773158400001,0.00001738
2026-03-11T00:00:00Z,1773187200000,-0.00011052
2026-03-11T08:00:00Z,1773216000007,-0.00005252
2026-03-11T16:00:00Z,1773244800010,-0.00005824
2026-03-12T00:00:00Z,1773273600000,-0.00007802
2026-03-12T08:00:00Z,1773302400000,-0.00005392
2026-03-12T16:00:00Z,1773331200000,-0.00007381
2026-03-13T00:00:00Z,1773360000006,-0.00002789
2026-03-13T08:00:00Z,1773388800001,0.00004263
2026-03-13T16:00:00Z,1773417600000,-0.00000638
2026-03-14T00:00:00Z,1773446400001,-0.00000379
2026-03-14T08:00:00Z,1773475200000,-0.00003988
2026-03-14T16:00:00Z,1773504000007,-0.00004851
2026-03-15T00:00:00Z,1773532800000,-0.00001883
2026-03-15T08:00:00Z,1773561600000,-0.00006461
2026-03-15T16:00:00Z,1773590400000,0.00002659
2026-03-16T00:00:00Z,1773619200000,0.00002513
2026-03-16T08:00:00Z,1773648000010,0.00007139
2026-03-16T16:00:00Z,1773676800000,0.00002015
2026-03-17T00:00:00Z,1773705600000,0.00000241
2026-03-17T08:00:00Z,1773734400002,-0.00002505
2026-03-17T16:00:00Z,1773763200011,-0.00001260
2026-03-18T00:00:00Z,1773792000002,-0.00006569
2026-03-18T08:00:00Z,1773820800002,-0.00004813
2026-03-18T16:00:00Z,1773849600005,0.00002418
2026-03-19T00:00:00Z,1773878400000,-0.00000974
2026-03-19T08:00:00Z,1773907200003,-0.00003012
2026-03-19T16:00:00Z,1773936000003,0.00001205
2026-03-20T00:00:00Z,1773964800002,0.00000625
2026-03-20T08:00:00Z,1773993600000,0.00000753
2026-03-20T16:00:00Z,1774022400000,-0.00000223
2026-03-21T00:00:00Z,1774051200000,-0.00001493
2026-03-21T08:00:00Z,1774080000000,-0.00000738
2026-03-21T16:00:00Z,1774108800014,0.00001093
2026-03-22T00:00:00Z,1774137600012,0.00000806
2026-03-22T08:00:00Z,1774166400007,-0.00004425
2026-03-22T16:00:00Z,1774195200002,-0.00006837
2026-03-23T00:00:00Z,1774224000000,-0.00002079
2026-03-23T08:00:00Z,1774252800003,-0.00002863
2026-03-23T16:00:00Z,1774281600002,0.00000160
