ts_iso,t_ms,rate
2026-03-24T00:00:00Z,1774310400000,0.00002880
2026-03-24T08:00:00Z,1774339200000,0.00002122
2026-03-24T16:00:00Z,1774368000003,-0.00002682
2026-03-25T00:00:00Z,1774396800000,0.00003540
2026-03-25T08:00:00Z,1774425600000,-0.00004168
2026-03-25T16:00:00Z,1774454400013,0.00000527
2026-03-26T00:00:00Z,1774483200001,0.00004453
2026-03-26T08:00:00Z,1774512000001,0.00000715
2026-03-26T16:00:00Z,1774540800000,-0.00008212
2026-03-27T00:00:00Z,1774569600006,-0.00000208
2026-03-27T08:00:00Z,1774598400000,-0.00005164
2026-03-27T16:00:00Z,1774627200000,-0.00018104
2026-03-28T00:00:00Z,1774656000005,-0.00004999
2026-03-28T08:00:00Z,1774684800005,-0.00008079
2026-03-28T16:00:00Z,1774713600000,0.00000045
2026-03-29T00:00:00Z,1774742400003,-0.00001122
2026-03-29T08:00:00Z,1774771200001,-0.00003677
2026-03-29T16:00:00Z,1774800000000,-0.00003760
2026-03-30T00:00:00Z,1774828800000,-0.00002586
2026-03-30T08:00:00Z,1774857600005,0.00001177
2026-03-30T16:00:00Z,1774886400000,0.00004113
2026-03-31T00:00:00Z,1774915200000,0.00000257
2026-03-31T08:00:00Z,1774944000000,0.00001748
2026-03-31T16:00:00Z,1774972800000,-0.00000962
2026-04-01T00:00:00Z,1775001600000,-0.00000257
2026-04-01T08:00:00Z,1775030400000,0.00004782
2026-04-01T16:00:00Z,1775059200000,0.00004428
2026-04-02T00:00:00Z,1775088000003,-0.00008956
2026-04-02T08:00:00Z,1775116800001,-0.00013372
2026-04-02T16:00:00Z,1775145600001,-0.00007283
2026-04-03T00:00:00Z,1775174400000,-0.00002988
2026-04-03T08:00:00Z,1775203200008,0.00000637
2026-04-03T16:00:00Z,1775232000008,-0.00000958
2026-04-04T00:00:00Z,1775260800000,-0.00000030
2026-04-04T08:00:00Z,1775289600003,0.00004915
2026-04-04T16:00:00Z,1775318400000,0.00000735
2026-04-05T00:00:00Z,1775347200008,0.00002442
2026-04-05T08:00:00Z,1775376000000,0.00000623
2026-04-05T16:00:00Z,1775404800001,-0.00004340
2026-04-06T00:00:00Z,1775433600004,0.00002356
2026-04-06T08:00:00Z,1775462400001,0.00006201
2026-04-06T16:00:00Z,1775491200003,0.00002033
2026-04-07T00:00:00Z,1775520000000,-0.00003933
2026-04-07T08:00:00Z,1775548800000,-0.00002975
2026-04-07T16:00:00Z,1775577600000,0.00001031
2026-04-08T00:00:00Z,1775606400000,0.00010000
2026-04-08T08:00:00Z,1775635200000,0.00005834
2026-04-08T16:00:00Z,1775664000006,0.00006711
2026-04-09T00:00:00Z,1775692800000,0.00003320
2026-04-09T08:00:00Z,1775721600010,-0.00001493
2026-04-09T16:00:00Z,1775750400001,0.00001917
2026-04-10T00:00:00Z,1775779200000,0.00001250
2026-04-10T08:00:00Z,1775808000005,0.00000283
2026-04-10T16:00:00Z,1775836800000,-0.00000448
2026-04-11T00:00:00Z,1775865600000,-0.00006627
2026-04-11T08:00:00Z,1775894400000,-0.00007635
2026-04-11T16:00:00Z,1775923200003,-0.00003260
2026-04-12T00:00:00Z,1775952000000,0.00008271
2026-04-12T08:00:00Z,1775980800000,-0.00003576
2026-04-12T16:00:00Z,1776009600000,-0.00005477
2026-04-13T00:00:00Z,1776038400011,-0.00000986
2026-04-13T08:00:00Z,1776067200006,0.00003028
2026-04-13T16:00:00Z,1776096000000,0.00003014
2026-04-14T00:00:00Z,1776124800005,0.00010000
2026-04-14T08:00:00Z,1776153600003,0.00010000
2026-04-14T16:00:00Z,1776182400001,0.00003490
2026-04-15T00:00:00Z,1776211200000,0.00001802
2026-04-15T08:00:00Z,1776240000000,0.00001648
2026-04-15T16:00:00Z,1776268800000,0.00000261
2026-04-16T00:00:00Z,1776297600013,-0.00001717
2026-04-16T08:00:00Z,1776326400000,-0.00005141
2026-04-16T16:00:00Z,1776355200000,-0.00003792
2026-04-17T00:00:00Z,1776384000001,0.00000861
2026-04-17T08:00:00Z,1776412800011,0.00000822
2026-04-17T16:00:00Z,1776441600001,0.00001819
2026-04-18T00:00:00Z,1776470400001,-0.00002327
2026-04-18T08:00:00Z,1776499200006,-0.00001075
2026-04-18T16:00:00Z,1776528000000,-0.00015064
2026-04-19T00:00:00Z,1776556800002,-0.00010377
2026-04-19T08:00:00Z,1776585600010,-0.00011438
2026-04-19T16:00:00Z,1776614400001,-0.00022976
2026-04-20T00:00:00Z,1776643200000,-0.00000927
2026-04-20T08:00:00Z,1776672000000,-0.00001408
2026-04-20T16:00:00Z,1776700800001,0.00000810
2026-04-21T00:00:00Z,1776729600000,-0.00004382
2026-04-21T08:00:00Z,1776758400004,-0.00003720
2026-04-21T16:00:00Z,1776787200004,-0.00003676
2026-04-22T00:00:00Z,1776816000004,-0.00002128
2026-04-22T08:00:00Z,1776844800000,0.00010000
2026-04-22T16:00:00Z,1776873600000,0.00007797
2026-04-23T00:00:00Z,1776902400000,0.00010000
2026-04-23T08:00:00Z,1776931200000,-0.00001984
2026-04-23T16:00:00Z,1776960000004,-0.00006025
2026-04-24T00:00:00Z,1776988800006,-0.00003645
2026-04-24T08:00:00Z,1777017600000,-0.00006980
2026-04-24T16:00:00Z,1777046400000,-0.00012145
2026-04-25T00:00:00Z,1777075200000,-0.00004387
2026-04-25T08:00:00Z,1777104000002,-0.00002141
2026-04-25T16:00:00Z,1777132800002,-0.00004431
2026-04-26T00:00:00Z,1777161600003,-0.00001131
2026-04-26T08:00:00Z,1777190400007,-0.00001931
2026-04-26T16:00:00Z,1777219200004,-0.00002842
2026-04-27T00:00:00Z,1777248000004,-0.00006636
2026-04-27T08:00:00Z,1777276800000,-0.00007865
2026-04-27T16:00:00Z,1777305600002,-0.00007593
2026-04-28T00:00:00Z,1777334400001,-0.00016104
2026-04-28T08:00:00Z,1777363200000,-0.00011678
2026-04-28T16:00:00Z,1777392000004,0.00000025
2026-04-29T00:00:00Z,1777420800006,0.00002842
2026-04-29T08:00:00Z,1777449600011,0.00004666
2026-04-29T16:00:00Z,1777478400003,0.00004782
2026-04-30T00:00:00Z,1777507200002,-0.00006092
2026-04-30T08:00:00Z,1777536000000,-0.00004636
2026-04-30T16:00:00Z,1777564800000,-0.00007717
2026-05-01T00:00:00Z,1777593600000,-0.00004000
2026-05-01T08:00:00Z,1777622400005,-0.00001877
2026-05-01T16:00:00Z,1777651200000,-0.00002131
2026-05-02T00:00:00Z,1777680000006,-0.00000436
2026-05-02T08:00:00Z,1777708800000,-0.00003820
2026-05-02T16:00:00Z,1777737600010,-0.00000388
2026-05-03T00:00:00Z,1777766400005,0.00003520
2026-05-03T08:00:00Z,1777795200003,-0.00001628
2026-05-03T16:00:00Z,1777824000000,0.00008747
2026-05-04T00:00:00Z,1777852800000,0.00004305
2026-05-04T08:00:00Z,1777881600000,0.00008648
2026-05-04T16:00:00Z,1777910400003,-0.00000209
2026-05-05T00:00:00Z,1777939200000,-0.00001957
2026-05-05T08:00:00Z,1777968000011,-0.00002410
2026-05-05T16:00:00Z,1777996800000,-0.00006520
2026-05-06T00:00:00Z,1778025600010,-0.00002041
2026-05-06T08:00:00Z,1778054400000,-0.00009447
2026-05-06T16:00:00Z,1778083200002,-0.00005114
2026-05-07T00:00:00Z,1778112000000,-0.00006585
2026-05-07T08:00:00Z,1778140800000,-0.00011993
2026-05-07T16:00:00Z,1778169600004,-0.00004319
2026-05-08T00:00:00Z,1778198400003,-0.00000968
2026-05-08T08:00:00Z,1778227200002,-0.00002849
2026-05-08T16:00:00Z,1778256000003,-0.00003358
2026-05-09T00:00:00Z,1778284800000,0.00006199
2026-05-09T08:00:00Z,1778313600001,0.00004314
2026-05-09T16:00:00Z,1778342400002,0.00008760
2026-05-10T00:00:00Z,1778371200003,0.00010000
2026-05-10T08:00:00Z,1778400000000,0.00008268
2026-05-10T16:00:00Z,1778428800000,0.00006714
2026-05-11T00:00:00Z,1778457600000,0.00007463
2026-05-11T08:00:00Z,1778486400000,0.00001995
2026-05-11T16:00:00Z,1778515200000,0.00003355
2026-05-12T00:00:00Z,1778544000002,0.00003946
2026-05-12T08:00:00Z,1778572800008,0.00000708
2026-05-12T16:00:00Z,1778601600000,0.00003956
2026-05-13T00:00:00Z,1778630400010,0.00001323
2026-05-13T08:00:00Z,1778659200003,0.00005046
2026-05-13T16:00:00Z,1778688000001,0.00000545
2026-05-14T00:00:00Z,1778716800005,0.00005942
2026-05-14T08:00:00Z,1778745600000,0.00005526
2026-05-14T16:00:00Z,1778774400000,0.00003946
2026-05-15T00:00:00Z,1778803200000,-0.00000693
2026-05-15T08:00:00Z,1778832000016,0.00000388
2026-05-15T16:00:00Z,1778860800012,0.00001397
2026-05-16T00:00:00Z,1778889600005,0.00007065
2026-05-16T08:00:00Z,1778918400000,0.00004496
2026-05-16T16:00:00Z,1778947200005,0.00006508
2026-05-17T00:00:00Z,1778976000000,0.00007161
2026-05-17T08:00:00Z,1779004800010,0.00004855
2026-05-17T16:00:00Z,1779033600009,0.00005341
2026-05-18T00:00:00Z,1779062400007,0.00001925
2026-05-18T08:00:00Z,1779091200002,0.00000652
2026-05-18T16:00:00Z,1779120000007,0.00005159
2026-05-19T00:00:00Z,1779148800001,0.00010000
2026-05-19T08:00:00Z,1779177600001,0.00005687
2026-05-19T16:00:00Z,1779206400009,0.00003588
2026-05-20T00:00:00Z,1779235200001,0.00005523
2026-05-20T08:00:00Z,1779264000006,0.00003051
2026-05-20T16:00:00Z,1779292800000,0.00005290
2026-05-21T00:00:00Z,1779321600001,0.00005867
2026-05-21T08:00:00Z,1779350400000,0.00002532
2026-05-21T16:00:00Z,1779379200000,0.00003837
2026-05-22T00:00:00Z,1779408000000,0.00004926
2026-05-22T08:00:00Z,1779436800004,0.00003093
2026-05-22T16:00:00Z,1779465600001,0.00005943
2026-05-23T00:00:00Z,1779494400009,0.00005720
2026-05-23T08:00:00Z,1779523200001,0.00004466
2026-05-23T16:00:00Z,1779552000003,0.00006360
2026-05-24T00:00:00Z,1779580800011,0.00008020
2026-05-24T08:00:00Z,1779609600008,0.00008039
2026-05-24T16:00:00Z,1779638400000,0.00004195
2026-05-25T00:00:00Z,1779667200001,0.00005359
2026-05-25T08:00:00Z,1779696000001,0.00005508
2026-05-25T16:00:00Z,1779724800001,0.00003249
2026-05-26T00:00:00Z,1779753600000,0.00003458
2026-05-26T08:00:00Z,1779782400003,0.00003793
2026-05-26T16:00:00Z,1779811200000,0.00003408
2026-05-27T00:00:00Z,1779840000000,0.00007351
2026-05-27T08:00:00Z,1779868800004,0.00003072
2026-05-27T16:00:00Z,1779897600009,0.00006097
2026-05-28T00:00:00Z,1779926400001,0.00002421
2026-05-28T08:00:00Z,1779955200000,0.00002543
2026-05-28T16:00:00Z,1779984000001,0.00002984
2026-05-29T00:00:00Z,1780012800000,0.00008553
2026-05-29T08:00:00Z,1780041600001,0.00007040
2026-05-29T16:00:00Z,1780070400008,0.00006595
2026-05-30T00:00:00Z,1780099200000,0.00004540
2026-05-30T08:00:00Z,1780128000001,0.00006842
2026-05-30T16:00:00Z,1780156800000,0.00005705
2026-05-31T00:00:00Z,1780185600000,0.00009397
2026-05-31T08:00:00Z,1780214400000,0.00007226
2026-05-31T16:00:00Z,1780243200004,0.00001691
2026-06-01T00:00:00Z,1780272000001,0.00006445
2026-06-01T08:00:00Z,1780300800001,0.00005339
2026-06-01T16:00:00Z,1780329600000,0.00009572
2026-06-02T00:00:00Z,1780358400000,0.00010000
2026-06-02T08:00:00Z,1780387200000,0.00010000
2026-06-02T16:00:00Z,1780416000000,0.00005699
2026-06-03T00:00:00Z,1780444800013,0.00002021
2026-06-03T08:00:00Z,1780473600000,0.00009862
2026-06-03T16:00:00Z,1780502400001,0.00007361
2026-06-04T00:00:00Z,1780531200009,0.00007651
2026-06-04T08:00:00Z,1780560000000,0.00004482
2026-06-04T16:00:00Z,1780588800003,0.00003946
2026-06-05T00:00:00Z,1780617600000,0.00004670
2026-06-05T08:00:00Z,1780646400004,-0.00003129
2026-06-05T16:00:00Z,1780675200009,-0.00007387
2026-06-06T00:00:00Z,1780704000000,-0.00007917
2026-06-06T08:00:00Z,1780732800000,-0.00003161
2026-06-06T16:00:00Z,1780761600000,-0.00003461
2026-06-07T00:00:00Z,1780790400001,-0.00006624
2026-06-07T08:00:00Z,1780819200000,-0.00010189
2026-06-07T16:00:00Z,1780848000000,0.00000472
2026-06-08T00:00:00Z,1780876800000,-0.00008235
2026-06-08T08:00:00Z,1780905600005,-0.00006599
2026-06-08T16:00:00Z,1780934400004,-0.00004515
2026-06-09T00:00:00Z,1780963200000,-0.00004506
2026-06-09T08:00:00Z,1780992000000,0.00000036
2026-06-09T16:00:00Z,1781020800001,-0.00005182
2026-06-10T00:00:00Z,1781049600001,-0.00004089
2026-06-10T08:00:00Z,1781078400011,-0.00004578
2026-06-10T16:00:00Z,1781107200009,-0.00003121
2026-06-11T00:00:00Z,1781136000000,-0.00003684
2026-06-11T08:00:00Z,1781164800004,0.00000754
2026-06-11T16:00:00Z,1781193600000,-0.00002432
2026-06-12T00:00:00Z,1781222400000,-0.00002404
2026-06-12T08:00:00Z,1781251200000,-0.00005854
2026-06-12T16:00:00Z,1781280000000,-0.00002216
2026-06-13T00:00:00Z,1781308800000,-0.00000631
2026-06-13T08:00:00Z,1781337600007,0.00003562
2026-06-13T16:00:00Z,1781366400002,0.00002664
2026-06-14T00:00:00Z,1781395200005,-0.00000644
2026-06-14T08:00:00Z,1781424000009,-0.00001080
2026-06-14T16:00:00Z,1781452800000,-0.00001919
2026-06-15T00:00:00Z,1781481600013,0.00002920
2026-06-15T08:00:00Z,1781510400013,-0.00000745
2026-06-15T16:00:00Z,1781539200004,0.00006867
2026-06-16T00:00:00Z,1781568000000,0.00002969
2026-06-16T08:00:00Z,1781596800000,-0.00002070
2026-06-16T16:00:00Z,1781625600001,0.00003160
2026-06-17T00:00:00Z,1781654400012,0.00003038
2026-06-17T08:00:00Z,1781683200000,0.00002339
2026-06-17T16:00:00Z,1781712000000,-0.00000737
2026-06-18T00:00:00Z,1781740800002,0.00004630
2026-06-18T08:00:00Z,1781769600000,0.00000687
2026-06-18T16:00:00Z,1781798400001,-0.00000691
2026-06-19T00:00:00Z,1781827200005,0.00006551
2026-06-19T08:00:00Z,1781856000001,-0.00002067
2026-06-19T16:00:00Z,1781884800001,-0.00000027
2026-06-20T00:00:00Z,1781913600001,0.00002505
2026-06-20T08:00:00Z,1781942400000,0.00003170
2026-06-20T16:00:00Z,1781971200001,0.00003209
2026-06-21T00:00:00Z,1782000000000,0.00002892
2026-06-21T08:00:00Z,1782028800000,0.00002602
2026-06-21T16:00:00Z,1782057600000,0.00000757
2026-06-22T00:00:00Z,1782086400000,0.00003880
2026-06-22T08:00:00Z,1782115200000,0.00001941
2026-06-22T16:00:00Z,1782144000002,0.00000789
2026-06-23T00:00:00Z,1782172800003,0.00002370
2026-06-23T08:00:00Z,1782201600005,0.00000335
2026-06-23T16:00:00Z,1782230400002,-0.00003854
2026-06-24T00:00:00Z,1782259200005,0.00004579
2026-06-24T08:00:00Z,1782288000005,0.00002212
2026-06-24T16:00:00Z,1782316800003,0.00000043
2026-06-25T00:00:00Z,1782345600000,0.00000542
2026-06-25T08:00:00Z,1782374400000,0.00004282
2026-06-25T16:00:00Z,1782403200000,-0.00008135
2026-06-26T00:00:00Z,1782432000010,-0.00001665
2026-06-26T08:00:00Z,1782460800002,-0.00001968
2026-06-26T16:00:00Z,1782489600000,0.00000522
2026-06-27T00:00:00Z,1782518400000,0.00001807
2026-06-27T08:00:00Z,1782547200000,-0.00000597
2026-06-27T16:00:00Z,1782576000009,0.00001769
2026-06-28T00:00:00Z,1782604800000,-0.00005389
2026-06-28T08:00:00Z,1782633600013,-0.00002947
2026-06-28T16:00:00Z,1782662400000,0.00001924
2026-06-29T00:00:00Z,1782691200006,-0.00000185
2026-06-29T08:00:00Z,1782720000013,0.00000216
2026-06-29T16:00:00Z,1782748800004,0.00002144
2026-06-30T00:00:00Z,1782777600000,0.00004490
2026-06-30T08:00:00Z,1782806400000,0.00004566
2026-06-30T16:00:00Z,1782835200005,0.00003059
2026-07-01T00:00:00Z,1782864000000,0.00006151
2026-07-01T08:00:00Z,1782892800000,0.00005330
2026-07-01T16:00:00Z,1782921600000,0.00002077
2026-07-02T00:00:00Z,1782950400000,0.00001960
2026-07-02T08:00:00Z,1782979200000,0.00005020
2026-07-02T16:00:00Z,1783008000000,0.00007321
2026-07-03T00:00:00Z,1783036800000,0.00007837
2026-07-03T08:00:00Z,1783065600007,0.00010000
2026-07-03T16:00:00Z,1783094400000,0.00005241
2026-07-04T00:00:00Z,1783123200000,0.00009748
2026-07-04T08:00:00Z,1783152000000,0.00007642
2026-07-04T16:00:00Z,1783180800007,0.00005167
2026-07-05T00:00:00Z,1783209600003,0.00007818
2026-07-05T08:00:00Z,1783238400001,0.00006162
2026-07-05T16:00:00Z,1783267200000,0.00004748
2026-07-06T00:00:00Z,1783296000000,0.00008332
2026-07-06T08:00:00Z,1783324800000,0.00004679
2026-07-06T16:00:00Z,1783353600000,0.00006963
2026-07-07T00:00:00Z,1783382400000,0.00007620
2026-07-07T08:00:00Z,1783411200000,0.00003271
2026-07-07T16:00:00Z,1783440000000,0.00004088
2026-07-08T00:00:00Z,1783468800000,0.00001519
2026-07-08T08:00:00Z,1783497600000,0.00002984
2026-07-08T16:00:00Z,1783526400000,0.00004537
2026-07-09T00:00:00Z,1783555200000,0.00007189
2026-07-09T08:00:00Z,1783584000001,0.00005342
2026-07-09T16:00:00Z,1783612800001,0.00002748
2026-07-10T00:00:00Z,1783641600000,0.00002613
2026-07-10T08:00:00Z,1783670400005,0.00003355
2026-07-10T16:00:00Z,1783699200005,0.00004632
2026-07-11T00:00:00Z,1783728000000,0.00005051
2026-07-11T08:00:00Z,1783756800000,0.00002190
2026-07-11T16:00:00Z,1783785600000,0.00006296
2026-07-12T00:00:00Z,1783814400000,0.00000646
2026-07-12T08:00:00Z,1783843200003,0.00000996
2026-07-12T16:00:00Z,1783872000000,0.00003016
2026-07-13T00:00:00Z,1783900800000,0.00002248
2026-07-13T08:00:00Z,1783929600001,0.00000542
2026-07-13T16:00:00Z,1783958400004,0.00001969
2026-07-14T00:00:00Z,1783987200000,0.00000126
2026-07-14T08:00:00Z,1784016000002,0.00003639
2026-07-14T16:00:00Z,1784044800001,0.00006925
2026-07-15T00:00:00Z,1784073600005,0.00003834
2026-07-15T08:00:00Z,1784102400002,0.00005006
2026-07-15T16:00:00Z,1784131200000,0.00008736
2026-07-16T00:00:00Z,1784160000000,0.00004350
2026-07-16T08:00:00Z,1784188800003,0.00006079
2026-07-16T16:00:00Z,1784217600002,0.00003526
2026-07-17T00:00:00Z,1784246400000,0.00006892
2026-07-17T08:00:00Z,1784275200010,0.00004774
2026-07-17T16:00:00Z,1784304000004,0.00002442
2026-07-18T00:00:00Z,1784332800000,0.00002552
2026-07-18T08:00:00Z,1784361600000,0.00003939
2026-07-18T16:00:00Z,1784390400001,0.00003042
2026-07-19T00:00:00Z,1784419200003,-0.00001262
2026-07-19T08:00:00Z,1784448000000,0.00004255
2026-07-19T16:00:00Z,1784476800001,0.00007448
2026-07-20T00:00:00Z,1784505600000,0.00002897
2026-07-20T08:00:00Z,1784534400001,0.00002124
2026-07-20T16:00:00Z,1784563200004,0.00002476
2026-07-21T00:00:00Z,1784592000001,0.00002585
2026-07-21T08:00:00Z,1784620800000,0.00004126
2026-07-21T16:00:00Z,1784649600002,0.00003598
2026-07-22T00:00:00Z,1784678400000,0.00001055
2026-07-22T08:00:00Z,1784707200000,0.00001429
2026-07-22T16:00:00Z,1784736000001,0.00006454
2026-07-23T00:00:00Z,1784764800000,0.00000414
2026-07-23T08:00:00Z,1784793600000,-0.00003313
2026-07-23T16:00:00Z,1784822400000,-0.00003252
2026-07-24T00:00:00Z,1784851200000,-0.00001139
2026-07-24T08:00:00Z,1784880000000,0.00001776
2026-07-24T16:00:00Z,1784908800008,0.00001716
2026-07-25T00:00:00Z,1784937600002,0.00005412
2026-07-25T08:00:00Z,1784966400000,0.00002278
2026-07-25T16:00:00Z,1784995200000,0.00003434
2026-07-26T00:00:00Z,1785024000000,-0.00001884
2026-07-26T08:00:00Z,1785052800002,0.00002358
2026-07-26T16:00:00Z,1785081600000,0.00001943
2026-07-27T00:00:00Z,1785110400010,0.00010000
2026-07-27T08:00:00Z,1785139200000,0.00008160
2026-07-27T16:00:00Z,1785168000001,0.00001607
2026-07-28T00:00:00Z,1785196800000,0.00001456
2026-07-28T08:00:00Z,1785225600000,-0.00003657
2026-07-28T16:00:00Z,1785254400000,0.00002816
2026-07-29T00:00:00Z,1785283200000,0.00005737
2026-07-29T08:00:00Z,1785312000002,0.00006871
2026-07-29T16:00:00Z,1785340800000,0.00002143
2026-07-30T00:00:00Z,1785369600000,0.00003854
2026-07-30T08:00:00Z,1785398400000,0.00004661
2026-07-30T16:00:00Z,1785427200000,0.00001990
2026-07-31T00:00:00Z,1785456000003,0.00005729
2026-07-31T08:00:00Z,1785484800000,0.00001208
2026-07-31T16:00:00Z,1785513600000,-0.00002045
2026-08-01T00:00:00Z,1785542400001,0.00006744
2026-08-01T08:00:00Z,1785571200000,0.00002308
2026-08-01T16:00:00Z,1785600000000,0.00005777
2026-08-02T00:00:00Z,1785628800000,0.00002775
2026-08-02T08:00:00Z,1785657600000,0.00005607
2026-08-02T16:00:00Z,1785686400000,0.00001434
2026-08-03T00:00:00Z,1785715200000,0.00010000
2026-08-03T08:00:00Z,1785744000000,-0.00000869
2026-08-03T16:00:00Z,1785772800000,0.00003664
2026-08-04T00:00:00Z,1785801600004,0.00005396
2026-08-04T08:00:00Z,1785830400002,0.00005342
2026-08-04T16:00:00Z,1785859200000,0.00007309
2026-08-05T00:00:00Z,1785888000003,0.00003467
2026-08-05T08:00:00Z,1785916800004,0.00000613
2026-08-05T16:00:00Z,1785945600000,0.00003054
2026-08-06T00:00:00Z,1785974400002,0.00000394
2026-08-06T08:00:00Z,1786003200000,0.00000987
2026-08-06T16:00:00Z,1786032000000,0.00000987
2026-08-07T00:00:00Z,1786060800000,-0.00000562
2026-08-07T08:00:00Z,1786089600000,0.00005102
2026-08-07T16:00:00Z,1786118400000,0.00003625
2026-08-08T00:00:00Z,1786147200001,0.00000034
2026-08-08T08:00:00Z,1786176000000,0.00002738
2026-08-08T16:00:00Z,1786204800002,0.00007172
2026-08-09T00:00:00Z,1786233600000,0.00003196
2026-08-09T08:00:00Z,1786262400005,0.00004185
2026-08-09T16:00:00Z,1786291200000,0.00007977
2026-08-10T00:00:00Z,1786320000001,0.00004828
2026-08-10T08:00:00Z,1786348800005,0.00003426
2026-08-10T16:00:00Z,1786377600000,0.00001434
2026-08-11T00:00:00Z,1786406400000,0.00001104
2026-08-11T08:00:00Z,1786435200006,0.00006272
2026-08-11T16:00:00Z,1786464000000,0.00005425
2026-08-12T00:00:00Z,1786492800001,0.00010000
2026-08-12T08:00:00Z,1786521600000,0.00007290
2026-08-12T16:00:00Z,1786550400000,0.00005726
2026-08-13T00:00:00Z,1786579200000,0.00005218
2026-08-13T08:00:00Z,1786608000000,0.00008523
2026-08-13T16:00:00Z,1786636800000,0.00005923
2026-08-14T00:00:00Z,1786665600000,0.00002697
2026-08-14T08:00:00Z,1786694400001,-0.00000675
2026-08-14T16:00:00Z,1786723200001,0.00000686
2026-08-15T00:00:00Z,1786752000003,0.00005131
2026-08-15T08:00:00Z,1786780800002,0.00004368
2026-08-15T16:00:00Z,1786809600000,0.00005945
2026-08-16T00:00:00Z,1786838400000,-0.00000423
2026-08-16T08:00:00Z,1786867200002,0.00001949
2026-08-16T16:00:00Z,1786896000000,0.00003970
2026-08-17T00:00:00Z,1786924800001,0.00002723
2026-08-17T08:00:00Z,1786953600003,0.00006731
2026-08-17T16:00:00Z,1786982400005,0.00006471
2026-08-18T00:00:00Z,1787011200006,0.00004633
2026-08-18T08:00:00Z,1787040000001,0.00002206
2026-08-18T16:00:00Z,1787068800003,0.00004443
2026-08-19T00:00:00Z,1787097600000,0.00003595
2026-08-19T08:00:00Z,1787126400000,0.00002640
2026-08-19T16:00:00Z,1787155200004,0.00010000
2026-08-20T00:00:00Z,1787184000001,0.00010000
2026-08-20T08:00:00Z,1787212800000,0.00010000
2026-08-20T16:00:00Z,1787241600005,0.00010000
2026-08-21T00:00:00Z,1787270400004,0.00009031
2026-08-21T08:00:00Z,1787299200000,0.00010000
2026-08-21T16:00:00Z,1787328000001,0.00010000
2026-08-22T00:00:00Z,1787356800000,0.00010000
2026-08-22T08:00:00Z,1787385600000,0.00010000
2026-08-22T16:00:00Z,1787414400000,0.00010000
2026-08-23T00:00:00Z,1787443200000,0.00010000
2026-08-23T08:00:00Z,1787472000000,0.00010000
2026-08-23T16:00:00Z,1787500800006,0.00010000
2026-08-24T00:00:00Z,1787529600001,0.00010000
2026-08-24T08:00:00Z,1787558400002,0.00010000
2026-08-24T16:00:00Z,1787587200000,0.00010000
2026-08-25T00:00:00Z,1787616000001,0.00009302
2026-08-25T08:00:00Z,1787644800000,0.00006736
2026-08-25T16:00:00Z,1787673600005,0.00007398
2026-08-26T00:00:00Z,1787702400000,0.00003144
2026-08-26T08:00:00Z,1787731200005,0.00010000
2026-08-26T16:00:00Z,1787760000000,0.00007451
2026-08-27T00:00:00Z,1787788800000,0.00010000
2026-08-27T08:00:00Z,1787817600000,0.00006226
2026-08-27T16:00:00Z,1787846400013,0.00001082
2026-08-28T00:00:00Z,1787875200026,0.00002071
2026-08-28T08:00:00Z,1787904000000,-0.00000133
2026-08-28T16:00:00Z,1787932800001,0.00005622
2026-08-29T00:00:00Z,1787961600000,0.00001591
2026-08-29T08:00:00Z,1787990400000,0.00002808
2026-08-29T16:00:00Z,1788019200002,0.00006071
2026-08-30T00:00:00Z,1788048000000,0.00003166
2026-08-30T08:00:00Z,1788076800000,0.00002817
2026-08-30T16:00:00Z,1788105600001,0.00004116
2026-08-31T00:00:00Z,1788134400002,0.00002364
2026-08-31T08:00:00Z,1788163200002,0.00003522
2026-08-31T16:00:00Z,1788192000001,0.00007702
2026-09-01T00:00:00Z,1788220800005,0.00005716
2026-09-01T08:00:00Z,1788249600000,0.00008569
2026-09-01T16:00:00Z,1788278400000,0.00001100
2026-09-02T00:00:00Z,1788307200000,0.00000092
2026-09-02T08:00:00Z,1788336000001,0.00005096
2026-09-02T16:00:00Z,1788364800005,0.00005184
2026-09-03T00:00:00Z,1788393600000,0.00008972
2026-09-03T08:00:00Z,1788422400000,0.00008397
2026-09-03T16:00:00Z,1788451200000,0.00008789
2026-09-04T00:00:00Z,1788480000000,0.00009533
2026-09-04T08:00:00Z,1788508800000,0.00006004
2026-09-04T16:00:00Z,1788537600009,0.00000594
2026-09-05T00:00:00Z,1788566400000,0.00002001
2026-09-05T08:00:00Z,1788595200000,0.00006104
2026-09-05T16:00:00Z,1788624000001,0.00001860
2026-09-06T00:00:00Z,1788652800000,0.00007020
2026-09-06T08:00:00Z,1788681600000,0.00007140
2019-11-27T08:00:00Z,1574841600000,0.00010000
2019-11-27T16:00:00Z,1574870400000,0.00010000
2019-11-28T00:00:00Z,1574899200000,0.00010000
2019-11-28T08:00:00Z,1574928000000,0.00001401
2019-11-28T16:00:00Z,1574956800000,-0.00010610
2019-11-29T00:00:00Z,1574985600000,-0.00022765
2019-11-29T08:00:00Z,1575014400000,-0.00020527
2019-11-29T16:00:00Z,1575043200000,-0.00008117
2019-11-30T00:00:00Z,1575072000000,0.00000127
2019-11-30T08:00:00Z,1575100800000,-0.00003953
2019-11-30T16:00:00Z,1575129600000,0.00010000
2019-12-01T00:00:00Z,1575158400000,0.00010000
2019-12-01T08:00:00Z,1575187200000,0.00010000
2019-12-01T16:00:00Z,1575216000000,0.00010000
2019-12-02T00:00:00Z,1575244800000,0.00010000
2019-12-02T08:00:00Z,1575273600000,0.00010000
2019-12-02T16:00:00Z,1575302400000,0.00010000
2019-12-03T00:00:00Z,1575331200000,0.00010000
2019-12-03T08:00:00Z,1575360000000,0.00010000
2019-12-03T16:00:00Z,1575388800000,0.00010000
2019-12-04T00:00:00Z,1575417600000,0.00010000
2019-12-04T08:00:00Z,1575446400000,0.00010000
2019-12-04T16:00:00Z,1575475200000,0.00010000
2019-12-05T00:00:00Z,1575504000000,0.00001618
2019-12-05T08:00:00Z,1575532800001,0.00010000
2019-12-05T16:00:00Z,1575561600000,0.00010000
2019-12-06T00:00:00Z,1575590400000,0.00010000
2019-12-06T08:00:00Z,1575619200000,0.00008067
2019-12-06T16:00:00Z,1575648000000,0.00010000
2019-12-07T00:00:00Z,1575676800000,0.00010000
2019-12-07T08:00:00Z,1575705600001,0.00010000
2019-12-07T16:00:00Z,1575734400000,0.00010000
2019-12-08T00:00:00Z,1575763200000,0.00010000
2019-12-08T08:00:00Z,1575792000000,0.00010000
2019-12-08T16:00:00Z,1575820800000,0.00003335
2019-12-09T00:00:00Z,1575849600000,0.00010000
2019-12-09T08:00:00Z,1575878400000,0.00010000
2019-12-09T16:00:00Z,1575907200000,0.00010000
2019-12-10T00:00:00Z,1575936000000,0.00010000
2019-12-10T08:00:00Z,1575964800001,0.00010000
2019-12-10T16:00:00Z,1575993600000,0.00010000
2019-12-11T00:00:00Z,1576022400000,0.00010000
2019-12-11T08:00:00Z,1576051200000,0.00010000
2019-12-11T16:00:00Z,1576080000000,0.00010000
2019-12-12T00:00:00Z,1576108800000,0.00010000
2019-12-12T08:00:00Z,1576137600001,0.00010000
2019-12-12T16:00:00Z,1576166400000,0.00010000
2019-12-13T00:00:00Z,1576195200000,0.00010000
2019-12-13T08:00:00Z,1576224000000,0.00010000
2019-12-13T16:00:00Z,1576252800000,0.00010000
2019-12-14T00:00:00Z,1576281600000,0.00000256
2019-12-14T08:00:00Z,1576310400000,0.00009895
2019-12-14T16:00:00Z,1576339200000,0.00010000
2019-12-15T00:00:00Z,1576368000000,0.00010000
2019-12-15T08:00:00Z,1576396800001,0.00010000
2019-12-15T16:00:00Z,1576425600000,0.00010000
2019-12-16T00:00:00Z,1576454400001,0.00010000
2019-12-16T08:00:00Z,1576483200000,0.00010000
2019-12-16T16:00:00Z,1576512000003,0.00006449
2019-12-17T00:00:00Z,1576540800008,0.00010000
2019-12-17T08:00:00Z,1576569600000,0.00009649
2019-12-17T16:00:00Z,1576598400000,0.00003382
2019-12-18T00:00:00Z,1576627200006,0.00005835
2019-12-18T08:00:00Z,1576656000000,0.00009072
2019-12-18T16:00:00Z,1576684800000,0.00010000
2019-12-19T00:00:00Z,1576713600001,0.00010000
2019-12-19T08:00:00Z,1576742400001,0.00010000
2019-12-19T16:00:00Z,1576771200000,0.00010000
2019-12-20T00:00:00Z,1576800000000,0.00010000
2019-12-20T08:00:00Z,1576828800000,0.00010000
2019-12-20T16:00:00Z,1576857600000,0.00010000
2019-12-21T00:00:00Z,1576886400000,0.00010000
2019-12-21T08:00:00Z,1576915200000,0.00010000
2019-12-21T16:00:00Z,1576944000000,0.00010000
2019-12-22T00:00:00Z,1576972800000,0.00010000
2019-12-22T08:00:00Z,1577001600001,0.00010000
2019-12-22T16:00:00Z,1577030400000,0.00010000
2019-12-23T00:00:00Z,1577059200000,0.00010000
2019-12-23T08:00:00Z,1577088000000,0.00010000
2019-12-23T16:00:00Z,1577116800000,0.00010000
2019-12-24T00:00:00Z,1577145600000,0.00010000
2019-12-24T08:00:00Z,1577174400000,0.00010000
2019-12-24T16:00:00Z,1577203200000,0.00010000
2019-12-25T00:00:00Z,1577232000000,0.00010000
2019-12-25T08:00:00Z,1577260800000,0.00010000
2019-12-25T16:00:00Z,1577289600000,0.00010000
2019-12-26T00:00:00Z,1577318400000,0.00009698
2019-12-26T08:00:00Z,1577347200000,0.00010000
2019-12-26T16:00:00Z,1577376000000,0.00010000
2019-12-27T00:00:00Z,1577404800001,0.00010000
2019-12-27T08:00:00Z,1577433600000,0.00010000
2019-12-27T16:00:00Z,1577462400000,0.00010000
2019-12-28T00:00:00Z,1577491200000,0.00010000
2019-12-28T08:00:00Z,1577520000000,0.00010000
2019-12-28T16:00:00Z,1577548800000,0.00010000
2019-12-29T00:00:00Z,1577577600000,0.00010000
2019-12-29T08:00:00Z,1577606400000,0.00002169
2019-12-29T16:00:00Z,1577635200000,0.00008291
2019-12-30T00:00:00Z,1577664000000,0.00003707
2019-12-30T08:00:00Z,1577692800000,0.00010000
2019-12-30T16:00:00Z,1577721600000,0.00010000
2019-12-31T00:00:00Z,1577750400000,0.00010000
2019-12-31T08:00:00Z,1577779200000,0.00009660
2019-12-31T16:00:00Z,1577808000000,0.00010000
2020-01-01T00:00:00Z,1577836800000,0.00010000
2020-01-01T08:00:00Z,1577865600000,0.00007354
2020-01-01T16:00:00Z,1577894400000,-0.00016125
2020-01-02T00:00:00Z,1577923200002,0.00005047
2020-01-02T08:00:00Z,1577952000000,0.00010000
2020-01-02T16:00:00Z,1577980800000,0.00010000
2020-01-03T00:00:00Z,1578009600000,0.00010000
2020-01-03T08:00:00Z,1578038400000,0.00010000
2020-01-03T16:00:00Z,1578067200001,0.00010000
2020-01-04T00:00:00Z,1578096000000,0.00010000
2020-01-04T08:00:00Z,1578124800000,0.00010000
2020-01-04T16:00:00Z,1578153600000,0.00010000
2020-01-05T00:00:00Z,1578182400000,0.00010000
2020-01-05T08:00:00Z,1578211200000,0.00010000
2020-01-05T16:00:00Z,1578240000000,0.00010000
2020-01-06T00:00:00Z,1578268800000,0.00010000
2020-01-06T08:00:00Z,1578297600000,0.00010000
2020-01-06T16:00:00Z,1578326400000,0.00010000
2020-01-07T00:00:00Z,1578355200000,0.00010000
2020-01-07T08:00:00Z,1578384000001,0.00010000
2020-01-07T16:00:00Z,1578412800000,0.00010000
2020-01-08T00:00:00Z,1578441600000,0.00010000
2020-01-08T08:00:00Z,1578470400000,0.00010000
2020-01-08T16:00:00Z,1578499200001,0.00010000
2020-01-09T00:00:00Z,1578528000000,0.00010000
2020-01-09T08:00:00Z,1578556800000,0.00010000
2020-01-09T16:00:00Z,1578585600000,0.00010000
2020-01-10T00:00:00Z,1578614400000,0.00010000
2020-01-10T08:00:00Z,1578643200000,0.00010000
2020-01-10T16:00:00Z,1578672000000,0.00010000
2020-01-11T00:00:00Z,1578700800000,0.00010000
2020-01-11T08:00:00Z,1578729600000,0.00010000
2020-01-11T16:00:00Z,1578758400000,0.00010000
2020-01-12T00:00:00Z,1578787200000,0.00010000
2020-01-12T08:00:00Z,1578816000000,0.00010000
2020-01-12T16:00:00Z,1578844800000,0.00010000
2020-01-13T00:00:00Z,1578873600001,0.00010000
2020-01-13T08:00:00Z,1578902400000,0.00010000
2020-01-13T16:00:00Z,1578931200000,0.00010000
2020-01-14T00:00:00Z,1578960000000,0.00010000
2020-01-14T08:00:00Z,1578988800000,0.00010000
2020-01-14T16:00:00Z,1579017600001,0.00010000
2020-01-15T00:00:00Z,1579046400000,0.00011544
2020-01-15T08:00:00Z,1579075200000,0.00020223
2020-01-15T16:00:00Z,1579104000000,0.00031864
2020-01-16T00:00:00Z,1579132800000,0.00017165
2020-01-16T08:00:00Z,1579161600000,0.00038406
2020-01-16T16:00:00Z,1579190400000,0.00042240
2020-01-17T00:00:00Z,1579219200000,0.00018772
2020-01-17T08:00:00Z,1579248000000,0.00010000
2020-01-17T16:00:00Z,1579276800000,0.00020327
2020-01-18T00:00:00Z,1579305600001,0.00010000
2020-01-18T08:00:00Z,1579334400001,0.00010000
2020-01-18T16:00:00Z,1579363200000,0.00011014
2020-01-19T00:00:00Z,1579392000000,0.00044662
2020-01-19T08:00:00Z,1579420800000,0.00019851
2020-01-19T16:00:00Z,1579449600000,0.00023852
2020-01-20T00:00:00Z,1579478400000,0.00047503
2020-01-20T08:00:00Z,1579507200000,0.00054081
2020-01-20T16:00:00Z,1579536000000,0.00038562
2020-01-21T00:00:00Z,1579564800000,0.00021637
2020-01-21T08:00:00Z,1579593600000,0.00016823
2020-01-21T16:00:00Z,1579622400000,0.00018627
2020-01-22T00:00:00Z,1579651200000,0.00015350
2020-01-22T08:00:00Z,1579680000001,0.00010000
2020-01-22T16:00:00Z,1579708800000,0.00010000
2020-01-23T00:00:00Z,1579737600000,0.00010000
2020-01-23T08:00:00Z,1579766400000,0.00010000
2020-01-23T16:00:00Z,1579795200000,0.00021994
2020-01-24T00:00:00Z,1579824000000,0.00017114
2020-01-24T08:00:00Z,1579852800000,0.00017748
2020-01-24T16:00:00Z,1579881600001,0.00025923
2020-01-25T00:00:00Z,1579910400000,0.00010000
2020-01-25T08:00:00Z,1579939200000,0.00010000
2020-01-25T16:00:00Z,1579968000001,0.00027793
2020-01-26T00:00:00Z,1579996800000,0.00031959
2020-01-26T08:00:00Z,1580025600000,0.00026387
2020-01-26T16:00:00Z,1580054400000,0.00010000
2020-01-27T00:00:00Z,1580083200000,0.00010000
2020-01-27T08:00:00Z,1580112000001,0.00010000
2020-01-27T16:00:00Z,1580140800000,0.00010000
2020-01-28T00:00:00Z,1580169600000,0.00010167
2020-01-28T08:00:00Z,1580198400000,0.00049212
2020-01-28T16:00:00Z,1580227200000,0.00091788
2020-01-29T00:00:00Z,1580256000001,0.00122251
2020-01-29T08:00:00Z,1580284800000,0.00106130
2020-01-29T16:00:00Z,1580313600002,0.00055576
2020-01-30T00:00:00Z,1580342400000,0.00054882
2020-01-30T08:00:00Z,1580371200000,0.00049058
2020-01-30T16:00:00Z,1580400000000,0.00054951
2020-01-31T00:00:00Z,1580428800000,0.00082589
2020-01-31T08:00:00Z,1580457600000,0.00132017
2020-01-31T16:00:00Z,1580486400000,0.00093741
2020-02-01T00:00:00Z,1580515200000,0.00072010
2020-02-01T08:00:00Z,1580544000000,0.00070775
2020-02-01T16:00:00Z,1580572800000,0.00052861
2020-02-02T00:00:00Z,1580601600000,0.00035200
2020-02-02T08:00:00Z,1580630400000,0.00016128
2020-02-02T16:00:00Z,1580659200000,0.00010000
2020-02-03T00:00:00Z,1580688000000,0.00010000
2020-02-03T08:00:00Z,1580716800000,0.00010000
2020-02-03T16:00:00Z,1580745600000,0.00010000
2020-02-04T00:00:00Z,1580774400000,0.00036575
2020-02-04T08:00:00Z,1580803200001,0.00014722
2020-02-04T16:00:00Z,1580832000000,0.00039381
2020-02-05T00:00:00Z,1580860800002,0.00010000
2020-02-05T08:00:00Z,1580889600000,0.00010000
2020-02-05T16:00:00Z,1580918400000,0.00095515
2020-02-06T00:00:00Z,1580947200000,0.00112654
2020-02-06T08:00:00Z,1580976000000,0.00077325
2020-02-06T16:00:00Z,1581004800000,0.00053238
2020-02-07T00:00:00Z,1581033600000,0.00032775
2020-02-07T08:00:00Z,1581062400000,0.00014913
2020-02-07T16:00:00Z,1581091200001,0.00045718
2020-02-08T00:00:00Z,1581120000000,0.00026524
2020-02-08T08:00:00Z,1581148800000,0.00027312
2020-02-08T16:00:00Z,1581177600000,0.00029946
2020-02-09T00:00:00Z,1581206400000,0.00097062
2020-02-09T08:00:00Z,1581235200000,0.00063224
2020-02-09T16:00:00Z,1581264000000,0.00136228
2020-02-10T00:00:00Z,1581292800000,0.00130685
2020-02-10T08:00:00Z,1581321600000,0.00193444
2020-02-10T16:00:00Z,1581350400009,0.00295694
2020-02-11T00:00:00Z,1581379200000,0.00118120
2020-02-11T08:00:00Z,1581408000000,0.00150902
2020-02-11T16:00:00Z,1581436800000,0.00107512
2020-02-12T00:00:00Z,1581465600000,0.00284470
2020-02-12T08:00:00Z,1581494400001,0.00367190
2020-02-12T16:00:00Z,1581523200000,0.00148984
2020-02-13T00:00:00Z,1581552000001,0.00119193
2020-02-13T08:00:00Z,1581580800000,0.00141789
2020-02-13T16:00:00Z,1581609600000,0.00178950
2020-02-14T00:00:00Z,1581638400000,0.00133922
2020-02-14T08:00:00Z,1581667200000,0.00081527
2020-02-14T16:00:00Z,1581696000000,0.00097804
2020-02-15T00:00:00Z,1581724800000,0.00084363
2020-02-15T08:00:00Z,1581753600000,0.00099519
2020-02-15T16:00:00Z,1581782400000,0.00116429
2020-02-16T00:00:00Z,1581811200000,0.00191229
2020-02-16T08:00:00Z,1581840000000,0.00042143
2020-02-16T16:00:00Z,1581868800000,0.00063291
2020-02-17T00:00:00Z,1581897600000,0.00065370
2020-02-17T08:00:00Z,1581926400000,0.00052153
2020-02-17T16:00:00Z,1581955200000,0.00088411
2020-02-18T00:00:00Z,1581984000000,0.00024205
2020-02-18T08:00:00Z,1582012800000,0.00012422
2020-02-18T16:00:00Z,1582041600000,0.00023619
2020-02-19T00:00:00Z,1582070400000,0.00071740
2020-02-19T08:00:00Z,1582099200001,0.00095567
2020-02-19T16:00:00Z,1582128000000,0.00068394
2020-02-20T00:00:00Z,1582156800004,0.00019490
2020-02-20T08:00:00Z,1582185600000,0.00010000
2020-02-20T16:00:00Z,1582214400000,0.00053851
2020-02-21T00:00:00Z,1582243200000,0.00069899
2020-02-21T08:00:00Z,1582272000000,0.00053530
2020-02-21T16:00:00Z,1582300800000,0.00057420
2020-02-22T00:00:00Z,1582329600000,0.00051605
2020-02-22T08:00:00Z,1582358400001,0.00056424
2020-02-22T16:00:00Z,1582387200000,0.00045883
2020-02-23T00:00:00Z,1582416000000,0.00077311
2020-02-23T08:00:00Z,1582444800000,0.00043317
2020-02-23T16:00:00Z,1582473600000,0.00048157
2020-02-24T00:00:00Z,1582502400015,0.00054128
2020-02-24T08:00:00Z,1582531200000,0.00037142
2020-02-24T16:00:00Z,1582560000000,0.00020954
2020-02-25T00:00:00Z,1582588800001,0.00031422
2020-02-25T08:00:00Z,1582617600000,0.00040545
2020-02-25T16:00:00Z,1582646400001,0.00052084
2020-02-26T00:00:00Z,1582675200000,0.00047129
2020-02-26T08:00:00Z,1582704000001,0.00079802
2020-02-26T16:00:00Z,1582732800000,0.00071497
2020-02-27T00:00:00Z,1582761600001,0.00010000
2020-02-27T08:00:00Z,1582790400001,0.00025833
2020-02-27T16:00:00Z,1582819200000,0.00010335
2020-02-28T00:00:00Z,1582848000000,0.00012465
2020-02-28T08:00:00Z,1582876800000,0.00025289
2020-02-28T16:00:00Z,1582905600000,0.00030522
2020-02-29T00:00:00Z,1582934400000,0.00040998
2020-02-29T08:00:00Z,1582963200000,0.00055451
2020-02-29T16:00:00Z,1582992000000,0.00047771
2020-03-01T00:00:00Z,1583020800000,0.00032216
2020-03-01T08:00:00Z,1583049600000,0.00018986
2020-03-01T16:00:00Z,1583078400001,0.00015628
2020-03-02T00:00:00Z,1583107200000,0.00014747
2020-03-02T08:00:00Z,1583136000000,0.00015638
2020-03-02T16:00:00Z,1583164800004,0.00010000
2020-03-03T00:00:00Z,1583193600000,0.00010000
2020-03-03T08:00:00Z,1583222400003,0.00010000
2020-03-03T16:00:00Z,1583251200000,0.00031403
2020-03-04T00:00:00Z,1583280000002,0.00030731
2020-03-04T08:00:00Z,1583308800000,0.00030432
2020-03-04T16:00:00Z,1583337600001,0.00032821
2020-03-05T00:00:00Z,1583366400000,0.00029022
2020-03-05T08:00:00Z,1583395200000,0.00039893
2020-03-05T16:00:00Z,1583424000000,0.00036018
2020-03-06T00:00:00Z,1583452800003,0.00037380
2020-03-06T08:00:00Z,1583481600000,0.00010000
2020-03-06T16:00:00Z,1583510400000,0.00010000
2020-03-07T00:00:00Z,1583539200000,0.00010000
2020-03-07T08:00:00Z,1583568000001,0.00010000
2020-03-07T16:00:00Z,1583596800000,0.00013739
2020-03-08T00:00:00Z,1583625600001,0.00032347
2020-03-08T08:00:00Z,1583654400000,0.00045820
2020-03-08T16:00:00Z,1583683200006,0.00037933
2020-03-09T00:00:00Z,1583712000000,0.00010000
2020-03-09T08:00:00Z,1583740800000,0.00011432
2020-03-09T16:00:00Z,1583769600000,0.00016188
2020-03-10T00:00:00Z,1583798400000,0.00025018
2020-03-10T08:00:00Z,1583827200000,0.00010000
2020-03-10T16:00:00Z,1583856000000,0.00025409
2020-03-11T00:00:00Z,1583884800001,0.00010000
2020-03-11T08:00:00Z,1583913600000,0.00016304
2020-03-11T16:00:00Z,1583942400000,0.00037247
2020-03-12T00:00:00Z,1583971200001,0.00036391
2020-03-12T08:00:00Z,1584000000001,0.00054526
2020-03-12T16:00:00Z,1584028800000,0.00010000
2020-03-13T00:00:00Z,1584057600000,0.00010000
2020-03-13T08:00:00Z,1584086400000,-0.00281778
2020-03-13T16:00:00Z,1584115200002,-0.00027991
2020-03-14T00:00:00Z,1584144000000,0.00010000
2020-03-14T08:00:00Z,1584172800001,0.00010000
2020-03-14T16:00:00Z,1584201600000,0.00010000
2020-03-15T00:00:00Z,1584230400000,0.00010000
2020-03-15T08:00:00Z,1584259200000,0.00010000
2020-03-15T16:00:00Z,1584288000001,0.00010000
2020-03-16T00:00:00Z,1584316800000,0.00010000
2020-03-16T08:00:00Z,1584345600000,0.00010000
2020-03-16T16:00:00Z,1584374400001,-0.00022932
2020-03-17T00:00:00Z,1584403200000,0.00010000
2020-03-17T08:00:00Z,1584432000000,0.00010000
2020-03-17T16:00:00Z,1584460800000,0.00010000
2020-03-18T00:00:00Z,1584489600000,0.00010000
2020-03-18T08:00:00Z,1584518400000,0.00010000
2020-03-18T16:00:00Z,1584547200000,0.00010000
2020-03-19T00:00:00Z,1584576000000,0.00010000
2020-03-19T08:00:00Z,1584604800000,0.00010000
2020-03-19T16:00:00Z,1584633600000,0.00010000
2020-03-20T00:00:00Z,1584662400000,0.00010000
2020-03-20T08:00:00Z,1584691200000,0.00010000
2020-03-20T16:00:00Z,1584720000000,0.00010000
2020-03-21T00:00:00Z,1584748800000,0.00010000
2020-03-21T08:00:00Z,1584777600000,0.00010000
2020-03-21T16:00:00Z,1584806400000,0.00010000
2020-03-22T00:00:00Z,1584835200000,0.00010000
2020-03-22T08:00:00Z,1584864000001,0.00010000
2020-03-22T16:00:00Z,1584892800000,0.00010000
2020-03-23T00:00:00Z,1584921600000,0.00010000
2020-03-23T08:00:00Z,1584950400000,0.00010000
2020-03-23T16:00:00Z,1584979200000,0.00010000
2020-03-24T00:00:00Z,1585008000000,0.00010000
2020-03-24T08:00:00Z,1585036800000,0.00010000
2020-03-24T16:00:00Z,1585065600000,0.00010000
2020-03-25T00:00:00Z,1585094400000,0.00010000
2020-03-25T08:00:00Z,1585123200000,0.00010000
2020-03-25T16:00:00Z,1585152000001,0.00010000
2020-03-26T00:00:00Z,1585180800006,0.00010000
2020-03-26T08:00:00Z,1585209600002,0.00010000
2020-03-26T16:00:00Z,1585238400000,0.00010000
2020-03-27T00:00:00Z,1585267200000,0.00010000
2020-03-27T08:00:00Z,1585296000000,0.00010000
2020-03-27T16:00:00Z,1585324800000,0.00010000
2020-03-28T00:00:00Z,1585353600000,0.00010000
2020-03-28T08:00:00Z,1585382400000,-0.00002715
2020-03-28T16:00:00Z,1585411200000,0.00010000
2020-03-29T00:00:00Z,1585440000000,0.00010000
2020-03-29T08:00:00Z,1585468800001,0.00010000
2020-03-29T16:00:00Z,1585497600000,0.00010000
2020-03-30T00:00:00Z,1585526400000,0.00010000
2020-03-30T08:00:00Z,1585555200000,-0.00009910
2020-03-30T16:00:00Z,1585584000000,0.00010000
2020-03-31T00:00:00Z,1585612800000,0.00010000
2020-03-31T08:00:00Z,1585641600001,0.00010000
2020-03-31T16:00:00Z,1585670400001,0.00010000
2020-04-01T00:00:00Z,1585699200002,0.00010000
2020-04-01T08:00:00Z,1585728000000,0.00010000
2020-04-01T16:00:00Z,1585756800001,-0.00007368
2020-04-02T00:00:00Z,1585785600000,-0.00005170
2020-04-02T08:00:00Z,1585814400000,0.00010000
2020-04-02T16:00:00Z,1585843200000,0.00010000
2020-04-03T00:00:00Z,1585872000000,0.00010000
2020-04-03T08:00:00Z,1585900800000,0.00010000
2020-04-03T16:00:00Z,1585929600000,0.00010000
2020-04-04T00:00:00Z,1585958400000,0.00004881
2020-04-04T08:00:00Z,1585987200000,0.00010000
2020-04-04T16:00:00Z,1586016000000,0.00010000
2020-04-05T00:00:00Z,1586044800001,0.00010000
2020-04-05T08:00:00Z,1586073600000,0.00003554
2020-04-05T16:00:00Z,1586102400000,0.00010000
2020-04-06T00:00:00Z,1586131200000,0.00010000
2020-04-06T08:00:00Z,1586160000000,0.00007540
2020-04-06T16:00:00Z,1586188800000,0.00005027
2020-04-07T00:00:00Z,1586217600000,-0.00014221
2020-04-07T08:00:00Z,1586246400000,-0.00008712
2020-04-07T16:00:00Z,1586275200000,0.00008758
2020-04-08T00:00:00Z,1586304000000,0.00010000
2020-04-08T08:00:00Z,1586332800000,0.00010000
2020-04-08T16:00:00Z,1586361600000,0.00010000
2020-04-09T00:00:00Z,1586390400000,0.00010000
2020-04-09T08:00:00Z,1586419200001,0.00010000
2020-04-09T16:00:00Z,1586448000000,0.00010000
2020-04-10T00:00:00Z,1586476800001,0.00010000
2020-04-10T08:00:00Z,1586505600000,0.00010000
2020-04-10T16:00:00Z,1586534400000,0.00010000
2020-04-11T00:00:00Z,1586563200000,-0.00000690
2020-04-11T08:00:00Z,1586592000000,0.00009267
2020-04-11T16:00:00Z,1586620800000,0.00010000
2020-04-12T00:00:00Z,1586649600000,0.00010000
2020-04-12T08:00:00Z,1586678400006,0.00001985
2020-04-12T16:00:00Z,1586707200001,0.00010000
2020-04-13T00:00:00Z,1586736000001,0.00010000
2020-04-13T08:00:00Z,1586764800000,0.00010000
2020-04-13T16:00:00Z,1586793600000,0.00010000
2020-04-14T00:00:00Z,1586822400000,0.00010000
2020-04-14T08:00:00Z,1586851200000,0.00010000
2020-04-14T16:00:00Z,1586880000000,0.00010000
2020-04-15T00:00:00Z,1586908800000,0.00010000
2020-04-15T08:00:00Z,1586937600000,0.00010000
2020-04-15T16:00:00Z,1586966400000,0.00010000
2020-04-16T00:00:00Z,1586995200000,0.00010000
2020-04-16T08:00:00Z,1587024000000,-0.00002526
2020-04-16T16:00:00Z,1587052800000,0.00010000
2020-04-17T00:00:00Z,1587081600000,0.00010000
2020-04-17T08:00:00Z,1587110400000,0.00010000
2020-04-17T16:00:00Z,1587139200000,0.00010000
2020-04-18T00:00:00Z,1587168000000,0.00010000
2020-04-18T08:00:00Z,1587196800000,0.00009454
2020-04-18T16:00:00Z,1587225600000,0.00010000
2020-04-19T00:00:00Z,1587254400000,0.00010000
2020-04-19T08:00:00Z,1587283200000,0.00010000
2020-04-19T16:00:00Z,1587312000000,0.00010000
2020-04-20T00:00:00Z,1587340800000,0.00010000
2020-04-20T08:00:00Z,1587369600000,0.00010000
2020-04-20T16:00:00Z,1587398400000,0.00010000
2020-04-21T00:00:00Z,1587427200000,0.00010000
2020-04-21T08:00:00Z,1587456000001,0.00010000
2020-04-21T16:00:00Z,1587484800000,0.00010000
2020-04-22T00:00:00Z,1587513600001,0.00010000
2020-04-22T08:00:00Z,1587542400000,0.00010000
2020-04-22T16:00:00Z,1587571200000,0.00010000
2020-04-23T00:00:00Z,1587600000000,0.00010000
2020-04-23T08:00:00Z,1587628800001,0.00010000
2020-04-23T16:00:00Z,1587657600000,0.00010000
2020-04-24T00:00:00Z,1587686400000,0.00010000
2020-04-24T08:00:00Z,1587715200000,0.00010000
2020-04-24T16:00:00Z,1587744000000,0.00010000
2020-04-25T00:00:00Z,1587772800003,0.00010000
2020-04-25T08:00:00Z,1587801600000,0.00010000
2020-04-25T16:00:00Z,1587830400000,0.00010000
2020-04-26T00:00:00Z,1587859200000,0.00010000
2020-04-26T08:00:00Z,1587888000000,0.00010000
2020-04-26T16:00:00Z,1587916800000,0.00010000
2020-04-27T00:00:00Z,1587945600000,0.00010000
2020-04-27T08:00:00Z,1587974400005,0.00010000
2020-04-27T16:00:00Z,1588003200000,0.00010000
2020-04-28T00:00:00Z,1588032000000,0.00010000
2020-04-28T08:00:00Z,1588060800000,0.00010000
2020-04-28T16:00:00Z,1588089600000,0.00010000
2020-04-29T00:00:00Z,1588118400000,0.00010000
2020-04-29T08:00:00Z,1588147200001,0.00010000
2020-04-29T16:00:00Z,1588176000000,0.00010000
2020-04-30T00:00:00Z,1588204800000,0.00010000
2020-04-30T08:00:00Z,1588233600000,0.00040543
2020-04-30T16:00:00Z,1588262400000,0.00010000
2020-05-01T00:00:00Z,1588291200000,0.00010000
2020-05-01T08:00:00Z,1588320000000,0.00019630
2020-05-01T16:00:00Z,1588348800000,0.00033541
2020-05-02T00:00:00Z,1588377600000,0.00020286
2020-05-02T08:00:00Z,1588406400000,0.00028799
2020-05-02T16:00:00Z,1588435200000,0.00065493
2020-05-03T00:00:00Z,1588464000000,0.00020530
2020-05-03T08:00:00Z,1588492800000,0.00033679
2020-05-03T16:00:00Z,1588521600000,0.00030318
2020-05-04T00:00:00Z,1588550400000,0.00010000
2020-05-04T08:00:00Z,1588579200005,0.00020259
2020-05-04T16:00:00Z,1588608000000,0.00018353
2020-05-05T00:00:00Z,1588636800000,0.00021158
2020-05-05T08:00:00Z,1588665600000,0.00033589
2020-05-05T16:00:00Z,1588694400000,0.00010000
2020-05-06T00:00:00Z,1588723200001,0.00010000
2020-05-06T08:00:00Z,1588752000000,0.00023099
2020-05-06T16:00:00Z,1588780800000,0.00058198
2020-05-07T00:00:00Z,1588809600000,0.00010000
2020-05-07T08:00:00Z,1588838400011,0.00010000
2020-05-07T16:00:00Z,1588867200000,0.00010111
2020-05-08T00:00:00Z,1588896000000,0.00068700
2020-05-08T08:00:00Z,1588924800001,0.00027607
2020-05-08T16:00:00Z,1588953600000,0.00021374
2020-05-09T00:00:00Z,1588982400000,0.00039213
2020-05-09T08:00:00Z,1589011200000,0.00018668
2020-05-09T16:00:00Z,1589040000000,0.00021700
2020-05-10T00:00:00Z,1589068800000,0.00015215
2020-05-10T08:00:00Z,1589097600000,0.00010000
2020-05-10T16:00:00Z,1589126400000,0.00010000
2020-05-11T00:00:00Z,1589155200000,0.00010000
2020-05-11T08:00:00Z,1589184000000,0.00010000
2020-05-11T16:00:00Z,1589212800000,0.00010000
2020-05-12T00:00:00Z,1589241600000,0.00010000
2020-05-12T08:00:00Z,1589270400001,0.00010000
2020-05-12T16:00:00Z,1589299200000,0.00010000
2020-05-13T00:00:00Z,1589328000000,0.00010000
2020-05-13T08:00:00Z,1589356800000,0.00010000
2020-05-13T16:00:00Z,1589385600000,0.00010000
2020-05-14T00:00:00Z,1589414400000,0.00010000
2020-05-14T08:00:00Z,1589443200000,0.00010000
2020-05-14T16:00:00Z,1589472000000,0.00010000
2020-05-15T00:00:00Z,1589500800000,0.00004486
2020-05-15T08:00:00Z,1589529600000,-0.00003957
2020-05-15T16:00:00Z,1589558400001,0.00010000
2020-05-16T00:00:00Z,1589587200008,0.00010000
2020-05-16T08:00:00Z,1589616000000,-0.00005470
2020-05-16T16:00:00Z,1589644800000,0.00010000
2020-05-17T00:00:00Z,1589673600002,0.00010000
2020-05-17T08:00:00Z,1589702400000,-0.00004057
2020-05-17T16:00:00Z,1589731200000,0.00010000
2020-05-18T00:00:00Z,1589760000000,0.00010000
2020-05-18T08:00:00Z,1589788800000,0.00010000
2020-05-18T16:00:00Z,1589817600001,0.00010000
2020-05-19T00:00:00Z,1589846400005,0.00010000
2020-05-19T08:00:00Z,1589875200000,0.00010000
2020-05-19T16:00:00Z,1589904000000,0.00010000
2020-05-20T00:00:00Z,1589932800000,0.00010000
2020-05-20T08:00:00Z,1589961600000,0.00010000
2020-05-20T16:00:00Z,1589990400006,0.00010000
2020-05-21T00:00:00Z,1590019200000,0.00010000
2020-05-21T08:00:00Z,1590048000000,0.00010000
2020-05-21T16:00:00Z,1590076800000,0.00010000
2020-05-22T00:00:00Z,1590105600006,0.00003518
2020-05-22T08:00:00Z,1590134400000,0.00010000
2020-05-22T16:00:00Z,1590163200000,0.00010000
2020-05-23T00:00:00Z,1590192000003,0.00010000
2020-05-23T08:00:00Z,1590220800000,0.00010000
2020-05-23T16:00:00Z,1590249600000,0.00010000
2020-05-24T00:00:00Z,1590278400006,0.00010000
2020-05-24T08:00:00Z,1590307200000,0.00010000
2020-05-24T16:00:00Z,1590336000000,0.00010000
2020-05-25T00:00:00Z,1590364800000,0.00010000
2020-05-25T08:00:00Z,1590393600000,0.00010000
2020-05-25T16:00:00Z,1590422400000,0.00010000
2020-05-26T00:00:00Z,1590451200000,0.00010000
2020-05-26T08:00:00Z,1590480000006,0.00010000
2020-05-26T16:00:00Z,1590508800000,0.00010000
2020-05-27T00:00:00Z,1590537600000,0.00010000
2020-05-27T08:00:00Z,1590566400000,0.00010000
2020-05-27T16:00:00Z,1590595200000,0.00010000
2020-05-28T00:00:00Z,1590624000000,0.00010000
2020-05-28T08:00:00Z,1590652800000,0.00010000
2020-05-28T16:00:00Z,1590681600000,0.00010000
2020-05-29T00:00:00Z,1590710400000,0.00010000
2020-05-29T08:00:00Z,1590739200000,0.00010000
2020-05-29T16:00:00Z,1590768000000,0.00010000
2020-05-30T00:00:00Z,1590796800000,0.00010000
2020-05-30T08:00:00Z,1590825600001,0.00010000
2020-05-30T16:00:00Z,1590854400000,0.00010000
2020-05-31T00:00:00Z,1590883200000,0.00010000
2020-05-31T08:00:00Z,1590912000001,0.00010000
2020-05-31T16:00:00Z,1590940800000,0.00010000
2020-06-01T00:00:00Z,1590969600000,0.00010000
2020-06-01T08:00:00Z,1590998400001,0.00010000
2020-06-01T16:00:00Z,1591027200000,0.00010000
2020-06-02T00:00:00Z,1591056000000,0.00034764
2020-06-02T08:00:00Z,1591084800002,0.00018222
2020-06-02T16:00:00Z,1591113600000,0.00010000
2020-06-03T00:00:00Z,1591142400000,0.00010000
2020-06-03T08:00:00Z,1591171200000,0.00010000
2020-06-03T16:00:00Z,1591200000002,0.00010000
2020-06-04T00:00:00Z,1591228800001,0.00010000
2020-06-04T08:00:00Z,1591257600004,0.00010000
2020-06-04T16:00:00Z,1591286400001,0.00010000
2020-06-05T00:00:00Z,1591315200001,0.00010000
2020-06-05T08:00:00Z,1591344000000,0.00010000
2020-06-05T16:00:00Z,1591372800001,0.00010000
2020-06-06T00:00:00Z,1591401600000,0.00010000
2020-06-06T08:00:00Z,1591430400000,0.00010000
2020-06-06T16:00:00Z,1591459200000,0.00010000
2020-06-07T00:00:00Z,1591488000000,0.00010000
2020-06-07T08:00:00Z,1591516800000,0.00010000
2020-06-07T16:00:00Z,1591545600006,0.00010000
2020-06-08T00:00:00Z,1591574400008,0.00010000
2020-06-08T08:00:00Z,1591603200007,0.00021080
2020-06-08T16:00:00Z,1591632000000,0.00023671
2020-06-09T00:00:00Z,1591660800000,0.00021431
2020-06-09T08:00:00Z,1591689600000,0.00010000
2020-06-09T16:00:00Z,1591718400000,0.00012471
2020-06-10T00:00:00Z,1591747200000,0.00010000
2020-06-10T08:00:00Z,1591776000000,0.00010000
2020-06-10T16:00:00Z,1591804800000,0.00010000
2020-06-11T00:00:00Z,1591833600008,0.00023457
2020-06-11T08:00:00Z,1591862400001,0.00010000
2020-06-11T16:00:00Z,1591891200000,0.00010000
2020-06-12T00:00:00Z,1591920000003,0.00010000
2020-06-12T08:00:00Z,1591948800000,0.00010000
2020-06-12T16:00:00Z,1591977600002,0.00010000
2020-06-13T00:00:00Z,1592006400000,0.00010000
2020-06-13T08:00:00Z,1592035200001,0.00010000
2020-06-13T16:00:00Z,1592064000000,0.00010000
2020-06-14T00:00:00Z,1592092800007,0.00010000
2020-06-14T08:00:00Z,1592121600000,0.00010000
2020-06-14T16:00:00Z,1592150400001,0.00010000
2020-06-15T00:00:00Z,1592179200000,0.00010000
2020-06-15T08:00:00Z,1592208000001,0.00010000
2020-06-15T16:00:00Z,1592236800000,0.00010000
2020-06-16T00:00:00Z,1592265600002,0.00010000
2020-06-16T08:00:00Z,1592294400000,0.00010000
2020-06-16T16:00:00Z,1592323200006,0.00010000
2020-06-17T00:00:00Z,1592352000000,0.00010000
2020-06-17T08:00:00Z,1592380800007,0.00010000
2020-06-17T16:00:00Z,1592409600000,0.00010000
2020-06-18T00:00:00Z,1592438400003,0.00010000
2020-06-18T08:00:00Z,1592467200001,0.00010000
2020-06-18T16:00:00Z,1592496000002,0.00010000
2020-06-19T00:00:00Z,1592524800001,0.00010000
2020-06-19T08:00:00Z,1592553600003,0.00010000
2020-06-19T16:00:00Z,1592582400000,0.00010000
2020-06-20T00:00:00Z,1592611200000,0.00010000
2020-06-20T08:00:00Z,1592640000009,0.00010000
2020-06-20T16:00:00Z,1592668800006,0.00010000
2020-06-21T00:00:00Z,1592697600000,0.00010000
2020-06-21T08:00:00Z,1592726400000,0.00010000
2020-06-21T16:00:00Z,1592755200000,0.00010000
2020-06-22T00:00:00Z,1592784000000,0.00010000
2020-06-22T08:00:00Z,1592812800000,0.00010000
2020-06-22T16:00:00Z,1592841600001,0.00010000
2020-06-23T00:00:00Z,1592870400000,0.00010000
2020-06-23T08:00:00Z,1592899200002,0.00010000
2020-06-23T16:00:00Z,1592928000000,0.00010000
2020-06-24T00:00:00Z,1592956800001,0.00010000
2020-06-24T08:00:00Z,1592985600000,0.00010000
2020-06-24T16:00:00Z,1593014400000,0.00010000
2020-06-25T00:00:00Z,1593043200000,0.00010000
2020-06-25T08:00:00Z,1593072000000,0.00010000
2020-06-25T16:00:00Z,1593100800000,0.00010000
2020-06-26T00:00:00Z,1593129600000,0.00010000
2020-06-26T08:00:00Z,1593158400000,0.00010000
2020-06-26T16:00:00Z,1593187200000,0.00010000
2020-06-27T00:00:00Z,1593216000003,0.00010000
2020-06-27T08:00:00Z,1593244800004,0.00010000
2020-06-27T16:00:00Z,1593273600000,0.00010000
2020-06-28T00:00:00Z,1593302400003,0.00010000
2020-06-28T08:00:00Z,1593331200001,0.00010000
2020-06-28T16:00:00Z,1593360000000,0.00010000
2020-06-29T00:00:00Z,1593388800000,0.00010000
2020-06-29T08:00:00Z,1593417600005,0.00010000
2020-06-29T16:00:00Z,1593446400000,0.00010000
2020-06-30T00:00:00Z,1593475200000,0.00010000
2020-06-30T08:00:00Z,1593504000001,0.00010000
2020-06-30T16:00:00Z,1593532800002,0.00010000
2020-07-01T00:00:00Z,1593561600002,0.00010000
2020-07-01T08:00:00Z,1593590400000,0.00010000
2020-07-01T16:00:00Z,1593619200000,0.00010000
2020-07-02T00:00:00Z,1593648000001,0.00010000
2020-07-02T08:00:00Z,1593676800001,0.00010000
2020-07-02T16:00:00Z,1593705600000,0.00010000
2020-07-03T00:00:00Z,1593734400000,0.00010000
2020-07-03T08:00:00Z,1593763200001,0.00010000
2020-07-03T16:00:00Z,1593792000000,0.00010000
2020-07-04T00:00:00Z,1593820800002,0.00010000
2020-07-04T08:00:00Z,1593849600002,0.00010000
2020-07-04T16:00:00Z,1593878400001,0.00010000
2020-07-05T00:00:00Z,1593907200000,0.00010000
2020-07-05T08:00:00Z,1593936000000,0.00010000
2020-07-05T16:00:00Z,1593964800000,0.00010000
2020-07-06T00:00:00Z,1593993600000,0.00010000
2020-07-06T08:00:00Z,1594022400001,0.00010000
2020-07-06T16:00:00Z,1594051200000,0.00010000
2020-07-07T00:00:00Z,1594080000000,0.00010000
2020-07-07T08:00:00Z,1594108800006,0.00010000
2020-07-07T16:00:00Z,1594137600000,0.00010000
2020-07-08T00:00:00Z,1594166400000,0.00010000
2020-07-08T08:00:00Z,1594195200000,0.00010000
2020-07-08T16:00:00Z,1594224000000,0.00010000
2020-07-09T00:00:00Z,1594252800001,0.00011645
2020-07-09T08:00:00Z,1594281600002,0.00011218
2020-07-09T16:00:00Z,1594310400000,0.00010104
2020-07-10T00:00:00Z,1594339200000,0.00010000
2020-07-10T08:00:00Z,1594368000001,0.00010000
2020-07-10T16:00:00Z,1594396800000,0.00010000
2020-07-11T00:00:00Z,1594425600000,0.00010000
2020-07-11T08:00:00Z,1594454400000,0.00010000
2020-07-11T16:00:00Z,1594483200000,0.00010000
2020-07-12T00:00:00Z,1594512000000,0.00010000
2020-07-12T08:00:00Z,1594540800000,0.00010000
2020-07-12T16:00:00Z,1594569600000,0.00010000
2020-07-13T00:00:00Z,1594598400000,0.00010000
2020-07-13T08:00:00Z,1594627200001,0.00010000
2020-07-13T16:00:00Z,1594656000000,0.00012899
2020-07-14T00:00:00Z,1594684800001,0.00010000
2020-07-14T08:00:00Z,1594713600000,0.00010000
2020-07-14T16:00:00Z,1594742400000,0.00010000
2020-07-15T00:00:00Z,1594771200000,0.00010000
2020-07-15T08:00:00Z,1594800000000,0.00010000
2020-07-15T16:00:00Z,1594828800000,0.00010000
2020-07-16T00:00:00Z,1594857600000,0.00010000
2020-07-16T08:00:00Z,1594886400002,0.00010000
2020-07-16T16:00:00Z,1594915200001,0.00010000
2020-07-17T00:00:00Z,1594944000001,0.00010000
2020-07-17T08:00:00Z,1594972800000,0.00010000
2020-07-17T16:00:00Z,1595001600000,0.00010000
2020-07-18T00:00:00Z,1595030400003,0.00010000
2020-07-18T08:00:00Z,1595059200001,0.00010000
2020-07-18T16:00:00Z,1595088000000,0.00010000
2020-07-19T00:00:00Z,1595116800000,0.00010000
2020-07-19T08:00:00Z,1595145600000,0.00010000
2020-07-19T16:00:00Z,1595174400000,0.00010000
2020-07-20T00:00:00Z,1595203200000,0.00010000
2020-07-20T08:00:00Z,1595232000000,0.00010000
2020-07-20T16:00:00Z,1595260800001,0.00010000
2020-07-21T00:00:00Z,1595289600000,0.00010000
2020-07-21T08:00:00Z,1595318400001,0.00010000
2020-07-21T16:00:00Z,1595347200004,0.00010000
2020-07-22T00:00:00Z,1595376000000,0.00010000
2020-07-22T08:00:00Z,1595404800000,0.00010000
2020-07-22T16:00:00Z,1595433600000,0.00010000
2020-07-23T00:00:00Z,1595462400001,0.00055183
2020-07-23T08:00:00Z,1595491200000,0.00079591
2020-07-23T16:00:00Z,1595520000001,0.00047433
2020-07-24T00:00:00Z,1595548800000,0.00058285
2020-07-24T08:00:00Z,1595577600000,0.00094350
2020-07-24T16:00:00Z,1595606400000,0.00042763
2020-07-25T00:00:00Z,1595635200000,0.00032733
2020-07-25T08:00:00Z,1595664000001,0.00019115
2020-07-25T16:00:00Z,1595692800000,0.00023376
2020-07-26T00:00:00Z,1595721600000,0.00039999
2020-07-26T08:00:00Z,1595750400000,0.00091914
2020-07-26T16:00:00Z,1595779200000,0.00090981
2020-07-27T00:00:00Z,1595808000000,0.00069401
2020-07-27T08:00:00Z,1595836800000,0.00076669
2020-07-27T16:00:00Z,1595865600000,0.00091745
2020-07-28T00:00:00Z,1595894400000,0.00113558
2020-07-28T08:00:00Z,1595923200001,0.00120926
2020-07-28T16:00:00Z,1595952000000,0.00114134
2020-07-29T00:00:00Z,1595980800000,0.00086449
2020-07-29T08:00:00Z,1596009600000,0.00095544
2020-07-29T16:00:00Z,1596038400000,0.00071643
2020-07-30T00:00:00Z,1596067200000,0.00068810
2020-07-30T08:00:00Z,1596096000001,0.00062728
2020-07-30T16:00:00Z,1596124800000,0.00060270
2020-07-31T00:00:00Z,1596153600000,0.00108946
2020-07-31T08:00:00Z,1596182400001,0.00070112
2020-07-31T16:00:00Z,1596211200000,0.00061106
2020-08-01T00:00:00Z,1596240000005,0.00035058
2020-08-01T08:00:00Z,1596268800000,0.00044202
2020-08-01T16:00:00Z,1596297600001,0.00053847
2020-08-02T00:00:00Z,1596326400000,0.00163562
2020-08-02T08:00:00Z,1596355200001,0.00094879
2020-08-02T16:00:00Z,1596384000001,0.00033067
2020-08-03T00:00:00Z,1596412800000,0.00029170
2020-08-03T08:00:00Z,1596441600001,0.00050577
2020-08-03T16:00:00Z,1596470400000,0.00054445
2020-08-04T00:00:00Z,1596499200003,0.00036557
2020-08-04T08:00:00Z,1596528000000,0.00054679
2020-08-04T16:00:00Z,1596556800000,0.00063177
2020-08-05T00:00:00Z,1596585600000,0.00061202
2020-08-05T08:00:00Z,1596614400000,0.00053408
2020-08-05T16:00:00Z,1596643200000,0.00089460
2020-08-06T00:00:00Z,1596672000000,0.00062437
2020-08-06T08:00:00Z,1596700800007,0.00056598
2020-08-06T16:00:00Z,1596729600000,0.00069781
2020-08-07T00:00:00Z,1596758400001,0.00052275
2020-08-07T08:00:00Z,1596787200000,0.00046696
2020-08-07T16:00:00Z,1596816000000,0.00029683
2020-08-08T00:00:00Z,1596844800000,0.00010000
2020-08-08T08:00:00Z,1596873600000,0.00020749
2020-08-08T16:00:00Z,1596902400000,0.00044084
2020-08-09T00:00:00Z,1596931200000,0.00032833
2020-08-09T08:00:00Z,1596960000000,0.00046489
2020-08-09T16:00:00Z,1596988800000,0.00034455
2020-08-10T00:00:00Z,1597017600001,0.00033424
2020-08-10T08:00:00Z,1597046400000,0.00108975
2020-08-10T16:00:00Z,1597075200001,0.00052034
2020-08-11T00:00:00Z,1597104000001,0.00048022
2020-08-11T08:00:00Z,1597132800000,0.00052529
2020-08-11T16:00:00Z,1597161600001,0.00052038
2020-08-12T00:00:00Z,1597190400000,0.00034144
2020-08-12T08:00:00Z,1597219200000,0.00034577
2020-08-12T16:00:00Z,1597248000000,0.00024038
2020-08-13T00:00:00Z,1597276800002,0.00031747
2020-08-13T08:00:00Z,1597305600000,0.00060530
2020-08-13T16:00:00Z,1597334400000,0.00051653
2020-08-14T00:00:00Z,1597363200000,0.00136967
2020-08-14T08:00:00Z,1597392000000,0.00146832
2020-08-14T16:00:00Z,1597420800000,0.00124102
2020-08-15T00:00:00Z,1597449600000,0.00079340
2020-08-15T08:00:00Z,1597478400001,0.00084015
2020-08-15T16:00:00Z,1597507200001,0.00075821
2020-08-16T00:00:00Z,1597536000000,0.00092210
2020-08-16T08:00:00Z,1597564800000,0.00086801
2020-08-16T16:00:00Z,1597593600000,0.00046248
2020-08-17T00:00:00Z,1597622400000,0.00074992
2020-08-17T08:00:00Z,1597651200000,0.00061133
2020-08-17T16:00:00Z,1597680000000,0.00103523
2020-08-18T00:00:00Z,1597708800001,0.00133232
2020-08-18T08:00:00Z,1597737600008,0.00085913
2020-08-18T16:00:00Z,1597766400000,0.00054732
2020-08-19T00:00:00Z,1597795200000,0.00034355
2020-08-19T08:00:00Z,1597824000000,0.00021587
2020-08-19T16:00:00Z,1597852800000,0.00040187
2020-08-20T00:00:00Z,1597881600001,0.00035614
2020-08-20T08:00:00Z,1597910400000,0.00026745
2020-08-20T16:00:00Z,1597939200000,0.00010000
2020-08-21T00:00:00Z,1597968000000,0.00010000
2020-08-21T08:00:00Z,1597996800000,0.00010000
2020-08-21T16:00:00Z,1598025600017,0.00021092
2020-08-22T00:00:00Z,1598054400000,0.00010000
2020-08-22T08:00:00Z,1598083200000,0.00010000
2020-08-22T16:00:00Z,1598112000000,0.00010000
2020-08-23T00:00:00Z,1598140800000,0.00016169
2020-08-23T08:00:00Z,1598169600000,0.00014517
2020-08-23T16:00:00Z,1598198400000,0.00030687
2020-08-24T00:00:00Z,1598227200006,0.00031572
2020-08-24T08:00:00Z,1598256000001,0.00022508
2020-08-24T16:00:00Z,1598284800000,0.00031958
2020-08-25T00:00:00Z,1598313600000,0.00022430
2020-08-25T08:00:00Z,1598342400000,0.00011335
2020-08-25T16:00:00Z,1598371200000,0.00011631
2020-08-26T00:00:00Z,1598400000000,0.00020921
2020-08-26T08:00:00Z,1598428800008,0.00010000
2020-08-26T16:00:00Z,1598457600002,0.00015004
2020-08-27T00:00:00Z,1598486400000,0.00011281
2020-08-27T08:00:00Z,1598515200010,0.00010000
2020-08-27T16:00:00Z,1598544000000,0.00010000
2020-08-28T00:00:00Z,1598572800000,0.00010000
2020-08-28T08:00:00Z,1598601600001,0.00010000
2020-08-28T16:00:00Z,1598630400000,0.00012226
2020-08-29T00:00:00Z,1598659200002,0.00010000
2020-08-29T08:00:00Z,1598688000006,0.00010000
2020-08-29T16:00:00Z,1598716800003,0.00010000
2020-08-30T00:00:00Z,1598745600000,0.00010000
2020-08-30T08:00:00Z,1598774400000,0.00010000
2020-08-30T16:00:00Z,1598803200000,0.00010000
2020-08-31T00:00:00Z,1598832000000,0.00010000
2020-08-31T08:00:00Z,1598860800001,0.00010000
2020-08-31T16:00:00Z,1598889600001,0.00010000
2020-09-01T00:00:00Z,1598918400000,0.00010000
2020-09-01T08:00:00Z,1598947200000,0.00027103
2020-09-01T16:00:00Z,1598976000000,0.00055077
2020-09-02T00:00:00Z,1599004800000,0.00045898
2020-09-02T08:00:00Z,1599033600006,0.00060012
2020-09-02T16:00:00Z,1599062400000,0.00010000
2020-09-03T00:00:00Z,1599091200001,0.00014859
2020-09-03T08:00:00Z,1599120000004,0.00010000
2020-09-03T16:00:00Z,1599148800000,0.00010000
2020-09-04T00:00:00Z,1599177600005,0.00010813
2020-09-04T08:00:00Z,1599206400000,0.00020118
2020-09-04T16:00:00Z,1599235200006,0.00011810
2020-09-05T00:00:00Z,1599264000000,0.00010000
2020-09-05T08:00:00Z,1599292800004,0.00010000
2020-09-05T16:00:00Z,1599321600001,0.00010000
2020-09-06T00:00:00Z,1599350400004,0.00010000
2020-09-06T08:00:00Z,1599379200000,0.00010000
2020-09-06T16:00:00Z,1599408000000,0.00010000
2020-09-07T00:00:00Z,1599436800002,0.00010000
2020-09-07T08:00:00Z,1599465600004,0.00006480
2020-09-07T16:00:00Z,1599494400001,0.00010000
2020-09-08T00:00:00Z,1599523200007,0.00010000
2020-09-08T08:00:00Z,1599552000006,0.00010000
2020-09-08T16:00:00Z,1599580800014,0.00010000
2020-09-09T00:00:00Z,1599609600000,0.00010000
2020-09-09T08:00:00Z,1599638400000,0.00010000
2020-09-09T16:00:00Z,1599667200000,0.00010000
2020-09-10T00:00:00Z,1599696000000,0.00010000
2020-09-10T08:00:00Z,1599724800005,0.00010000
2020-09-10T16:00:00Z,1599753600000,0.00006538
2020-09-11T00:00:00Z,1599782400000,0.00003498
2020-09-11T08:00:00Z,1599811200008,0.00009323
2020-09-11T16:00:00Z,1599840000000,0.00007151
2020-09-12T00:00:00Z,1599868800008,0.00010000
2020-09-12T08:00:00Z,1599897600000,0.00010000
2020-09-12T16:00:00Z,1599926400008,0.00003731
2020-09-13T00:00:00Z,1599955200000,0.00010000
2020-09-13T08:00:00Z,1599984000000,0.00010000
2020-09-13T16:00:00Z,1600012800004,0.00010000
2020-09-14T00:00:00Z,1600041600003,0.00010000
2020-09-14T08:00:00Z,1600070400008,0.00010000
2020-09-14T16:00:00Z,1600099200000,0.00010000
2020-09-15T00:00:00Z,1600128000000,0.00010000
2020-09-15T08:00:00Z,1600156800010,0.00010000
2020-09-15T16:00:00Z,1600185600003,0.00010000
2020-09-16T00:00:00Z,1600214400014,0.00010000
2020-09-16T08:00:00Z,1600243200000,0.00010000
2020-09-16T16:00:00Z,1600272000001,0.00010000
2020-09-17T00:00:00Z,1600300800006,0.00010000
2020-09-17T08:00:00Z,1600329600012,0.00010000
2020-09-17T16:00:00Z,1600358400000,0.00010000
2020-09-18T00:00:00Z,1600387200001,0.00010000
2020-09-18T08:00:00Z,1600416000002,0.00010000
2020-09-18T16:00:00Z,1600444800002,0.00010000
2020-09-19T00:00:00Z,1600473600000,0.00010000
2020-09-19T08:00:00Z,1600502400005,0.00010000
2020-09-19T16:00:00Z,1600531200008,0.00010000
2020-09-20T00:00:00Z,1600560000002,0.00010000
2020-09-20T08:00:00Z,1600588800005,0.00010000
2020-09-20T16:00:00Z,1600617600005,-0.00000080
2020-09-21T00:00:00Z,1600646400000,-0.00001481
2020-09-21T08:00:00Z,1600675200001,0.00010000
2020-09-21T16:00:00Z,1600704000000,0.00005075
2020-09-22T00:00:00Z,1600732800001,-0.00022757
2020-09-22T08:00:00Z,1600761600000,0.00000097
2020-09-22T16:00:00Z,1600790400004,0.00001010
2020-09-23T00:00:00Z,1600819200007,0.00010000
2020-09-23T08:00:00Z,1600848000001,0.00001632
2020-09-23T16:00:00Z,1600876800001,0.00010000
2020-09-24T00:00:00Z,1600905600000,-0.00001579
2020-09-24T08:00:00Z,1600934400000,0.00003064
2020-09-24T16:00:00Z,1600963200000,0.00005598
2020-09-25T00:00:00Z,1600992000009,0.00005361
2020-09-25T08:00:00Z,1601020800045,0.00010000
2020-09-25T16:00:00Z,1601049600000,0.00010000
2020-09-26T00:00:00Z,1601078400000,0.00010000
2020-09-26T08:00:00Z,1601107200000,0.00010000
2020-09-26T16:00:00Z,1601136000005,0.00010000
2020-09-27T00:00:00Z,1601164800000,0.00010000
2020-09-27T08:00:00Z,1601193600000,0.00010000
2020-09-27T16:00:00Z,1601222400019,0.00010000
2020-09-28T00:00:00Z,1601251200001,0.00010000
2020-09-28T08:00:00Z,1601280000000,0.00010000
2020-09-28T16:00:00Z,1601308800002,0.00010000
2020-09-29T00:00:00Z,1601337600000,0.00010000
2020-09-29T08:00:00Z,1601366400000,-0.00001526
2020-09-29T16:00:00Z,1601395200000,0.00007388
2020-09-30T00:00:00Z,1601424000005,0.00010000
2020-09-30T08:00:00Z,1601452800000,0.00010000
2020-09-30T16:00:00Z,1601481600000,-0.00000280
2020-10-01T00:00:00Z,1601510400000,0.00009937
2020-10-01T08:00:00Z,1601539200000,0.00010000
2020-10-01T16:00:00Z,1601568000000,0.00010000
2020-10-02T00:00:00Z,1601596800011,0.00004321
2020-10-02T08:00:00Z,1601625600000,0.00010000
2020-10-02T16:00:00Z,1601654400005,-0.00003462
2020-10-03T00:00:00Z,1601683200000,0.00005867
2020-10-03T08:00:00Z,1601712000001,-0.00011916
2020-10-03T16:00:00Z,1601740800000,-0.00003221
2020-10-04T00:00:00Z,1601769600000,-0.00000670
2020-10-04T08:00:00Z,1601798400003,0.00010000
2020-10-04T16:00:00Z,1601827200001,-0.00006384
2020-10-05T00:00:00Z,1601856000000,0.00010000
2020-10-05T08:00:00Z,1601884800000,0.00000305
2020-10-05T16:00:00Z,1601913600012,-0.00001442
2020-10-06T00:00:00Z,1601942400000,-0.00004499
2020-10-06T08:00:00Z,1601971200005,0.00009514
2020-10-06T16:00:00Z,1602000000000,0.00000044
2020-10-07T00:00:00Z,1602028800000,-0.00007208
2020-10-07T08:00:00Z,1602057600000,0.00002716
2020-10-07T16:00:00Z,1602086400000,0.00007205
2020-10-08T00:00:00Z,1602115200000,0.00010000
2020-10-08T08:00:00Z,1602144000009,0.00010000
2020-10-08T16:00:00Z,1602172800003,0.00010000
2020-10-09T00:00:00Z,1602201600001,0.00010000
2020-10-09T08:00:00Z,1602230400000,0.00010000
2020-10-09T16:00:00Z,1602259200004,0.00010000
2020-10-10T00:00:00Z,1602288000005,0.00010000
2020-10-10T08:00:00Z,1602316800000,0.00017330
2020-10-10T16:00:00Z,1602345600011,0.00027917
2020-10-11T00:00:00Z,1602374400002,0.00011995
2020-10-11T08:00:00Z,1602403200003,0.00013127
2020-10-11T16:00:00Z,1602432000004,0.00010000
2020-10-12T00:00:00Z,1602460800001,0.00010000
2020-10-12T08:00:00Z,1602489600000,0.00010000
2020-10-12T16:00:00Z,1602518400011,0.00010000
2020-10-13T00:00:00Z,1602547200003,0.00021910
2020-10-13T08:00:00Z,1602576000000,0.00010000
2020-10-13T16:00:00Z,1602604800001,0.00010000
2020-10-14T00:00:00Z,1602633600001,0.00010000
2020-10-14T08:00:00Z,1602662400000,0.00010000
2020-10-14T16:00:00Z,1602691200001,0.00010000
2020-10-15T00:00:00Z,1602720000000,0.00010000
2020-10-15T08:00:00Z,1602748800000,0.00010000
2020-10-15T16:00:00Z,1602777600000,0.00010000
2020-10-16T00:00:00Z,1602806400002,0.00010000
2020-10-16T08:00:00Z,1602835200003,0.00010000
2020-10-16T16:00:00Z,1602864000000,0.00010000
2020-10-17T00:00:00Z,1602892800006,0.00010000
2020-10-17T08:00:00Z,1602921600007,0.00010000
2020-10-17T16:00:00Z,1602950400009,0.00010000
2020-10-18T00:00:00Z,1602979200006,0.00010000
2020-10-18T08:00:00Z,1603008000000,0.00010000
2020-10-18T16:00:00Z,1603036800000,0.00010000
2020-10-19T00:00:00Z,1603065600000,0.00010000
2020-10-19T08:00:00Z,1603094400000,0.00010000
2020-10-19T16:00:00Z,1603123200000,0.00010000
2020-10-20T00:00:00Z,1603152000015,0.00011516
2020-10-20T08:00:00Z,1603180800000,0.00037754
2020-10-20T16:00:00Z,1603209600008,0.00010000
2020-10-21T00:00:00Z,1603238400009,0.00010000
2020-10-21T08:00:00Z,1603267200004,0.00031887
2020-10-21T16:00:00Z,1603296000000,0.00050823
2020-10-22T00:00:00Z,1603324800000,0.00083557
2020-10-22T08:00:00Z,1603353600000,0.00052961
2020-10-22T16:00:00Z,1603382400004,0.00074052
2020-10-23T00:00:00Z,1603411200007,0.00052590
2020-10-23T08:00:00Z,1603440000000,0.00033468
2020-10-23T16:00:00Z,1603468800000,0.00024975
2020-10-24T00:00:00Z,1603497600000,0.00051273
2020-10-24T08:00:00Z,1603526400000,0.00042291
2020-10-24T16:00:00Z,1603555200008,0.00034696
2020-10-25T00:00:00Z,1603584000005,0.00039795
2020-10-25T08:00:00Z,1603612800014,0.00010000
2020-10-25T16:00:00Z,1603641600000,0.00010000
2020-10-26T00:00:00Z,1603670400004,0.00010000
2020-10-26T08:00:00Z,1603699200000,0.00010000
2020-10-26T16:00:00Z,1603728000000,0.00021330
2020-10-27T00:00:00Z,1603756800000,0.00010000
2020-10-27T08:00:00Z,1603785600000,0.00010000
2020-10-27T16:00:00Z,1603814400000,0.00018409
2020-10-28T00:00:00Z,1603843200000,0.00015253
2020-10-28T08:00:00Z,1603872000006,0.00010000
2020-10-28T16:00:00Z,1603900800001,0.00010000
2020-10-29T00:00:00Z,1603929600000,0.00010000
2020-10-29T08:00:00Z,1603958400000,0.00010000
2020-10-29T16:00:00Z,1603987200000,0.00010000
2020-10-30T00:00:00Z,1604016000000,0.00010000
2020-10-30T08:00:00Z,1604044800002,0.00010000
2020-10-30T16:00:00Z,1604073600002,0.00010000
2020-10-31T00:00:00Z,1604102400003,0.00010000
2020-10-31T08:00:00Z,1604131200000,0.00010000
2020-10-31T16:00:00Z,1604160000000,0.00010000
2020-11-01T00:00:00Z,1604188800000,0.00010000
2020-11-01T08:00:00Z,1604217600000,0.00010000
2020-11-01T16:00:00Z,1604246400000,0.00010000
2020-11-02T00:00:00Z,1604275200000,0.00010000
2020-11-02T08:00:00Z,1604304000010,0.00030095
2020-11-02T16:00:00Z,1604332800000,0.00010000
2020-11-03T00:00:00Z,1604361600000,0.00010000
2020-11-03T08:00:00Z,1604390400004,0.00010000
2020-11-03T16:00:00Z,1604419200009,0.00010000
2020-11-04T00:00:00Z,1604448000000,0.00010000
2020-11-04T08:00:00Z,1604476800000,0.00010000
2020-11-04T16:00:00Z,1604505600005,0.00010000
2020-11-05T00:00:00Z,1604534400017,0.00076235
2020-11-05T08:00:00Z,1604563200001,0.00073669
2020-11-05T16:00:00Z,1604592000000,0.00069168
2020-11-06T00:00:00Z,1604620800000,0.00035727
2020-11-06T08:00:00Z,1604649600001,0.00075470
2020-11-06T16:00:00Z,1604678400001,0.00073654
2020-11-07T00:00:00Z,1604707200001,0.00048047
2020-11-07T08:00:00Z,1604736000000,0.00103009
2020-11-07T16:00:00Z,1604764800006,0.00058950
2020-11-08T00:00:00Z,1604793600000,0.00021269
2020-11-08T08:00:00Z,1604822400000,0.00034732
2020-11-08T16:00:00Z,1604851200000,0.00058594
2020-11-09T00:00:00Z,1604880000007,0.00050128
2020-11-09T08:00:00Z,1604908800001,0.00025588
2020-11-09T16:00:00Z,1604937600002,0.00028775
2020-11-10T00:00:00Z,1604966400003,0.00016695
2020-11-10T08:00:00Z,1604995200011,0.00033730
2020-11-10T16:00:00Z,1605024000000,0.00036401
2020-11-11T00:00:00Z,1605052800000,0.00043021
2020-11-11T08:00:00Z,1605081600009,0.00018601
2020-11-11T16:00:00Z,1605110400003,0.00041035
2020-11-12T00:00:00Z,1605139200001,0.00039191
2020-11-12T08:00:00Z,1605168000001,0.00010000
2020-11-12T16:00:00Z,1605196800000,0.00010000
2020-11-13T00:00:00Z,1605225600000,0.00010000
2020-11-13T08:00:00Z,1605254400000,0.00010000
2020-11-13T16:00:00Z,1605283200000,0.00051032
2020-11-14T00:00:00Z,1605312000005,0.00058724
2020-11-14T08:00:00Z,1605340800004,0.00011914
2020-11-14T16:00:00Z,1605369600001,0.00010000
2020-11-15T00:00:00Z,1605398400001,0.00010000
2020-11-15T08:00:00Z,1605427200000,0.00010000
2020-11-15T16:00:00Z,1605456000003,0.00010000
2020-11-16T00:00:00Z,1605484800000,0.00010000
2020-11-16T08:00:00Z,1605513600010,0.00010000
2020-11-16T16:00:00Z,1605542400001,0.00010000
2020-11-17T00:00:00Z,1605571200002,0.00010000
2020-11-17T08:00:00Z,1605600000003,0.00024182
2020-11-17T16:00:00Z,1605628800003,0.00037880
2020-11-18T00:00:00Z,1605657600005,0.00089819
2020-11-18T08:00:00Z,1605686400006,0.00037818
2020-11-18T16:00:00Z,1605715200000,0.00010000
2020-11-19T00:00:00Z,1605744000008,0.00010000
2020-11-19T08:00:00Z,1605772800000,0.00014096
2020-11-19T16:00:00Z,1605801600001,0.00038994
2020-11-20T00:00:00Z,1605830400003,0.00016511
2020-11-20T08:00:00Z,1605859200005,0.00078136
2020-11-20T16:00:00Z,1605888000000,0.00079930
2020-11-21T00:00:00Z,1605916800000,0.00011376
2020-11-21T08:00:00Z,1605945600000,0.00012145
2020-11-21T16:00:00Z,1605974400001,0.00075533
2020-11-22T00:00:00Z,1606003200005,0.00080539
2020-11-22T08:00:00Z,1606032000000,0.00085010
2020-11-22T16:00:00Z,1606060800000,0.00073816
2020-11-23T00:00:00Z,1606089600005,0.00158187
2020-11-23T08:00:00Z,1606118400000,0.00114125
2020-11-23T16:00:00Z,1606147200003,0.00085758
2020-11-24T00:00:00Z,1606176000000,0.00064276
2020-11-24T08:00:00Z,1606204800000,0.00091981
2020-11-24T16:00:00Z,1606233600005,0.00116688
2020-11-25T00:00:00Z,1606262400005,0.00073994
2020-11-25T08:00:00Z,1606291200005,0.00053128
2020-11-25T16:00:00Z,1606320000015,0.00116534
2020-11-26T00:00:00Z,1606348800012,0.00048837
2020-11-26T08:00:00Z,1606377600002,0.00010000
2020-11-26T16:00:00Z,1606406400001,0.00013275
2020-11-27T00:00:00Z,1606435200001,0.00024750
2020-11-27T08:00:00Z,1606464000000,0.00010000
2020-11-27T16:00:00Z,1606492800007,0.00010000
2020-11-28T00:00:00Z,1606521600007,0.00010000
2020-11-28T08:00:00Z,1606550400012,0.00010000
2020-11-28T16:00:00Z,1606579200000,0.00010000
2020-11-29T00:00:00Z,1606608000007,0.00010000
2020-11-29T08:00:00Z,1606636800000,0.00010000
2020-11-29T16:00:00Z,1606665600000,0.00010000
2020-11-30T00:00:00Z,1606694400004,0.00010000
2020-11-30T08:00:00Z,1606723200007,0.00036965
2020-11-30T16:00:00Z,1606752000000,0.00090116
2020-12-01T00:00:00Z,1606780800000,0.00039869
2020-12-01T08:00:00Z,1606809600003,0.00058752
2020-12-01T16:00:00Z,1606838400000,0.00031592
2020-12-02T00:00:00Z,1606867200001,0.00019429
2020-12-02T08:00:00Z,1606896000011,0.00045805
2020-12-02T16:00:00Z,1606924800005,0.00010000
2020-12-03T00:00:00Z,1606953600001,0.00010000
2020-12-03T08:00:00Z,1606982400031,0.00010000
2020-12-03T16:00:00Z,1607011200000,0.00077331
2020-12-04T00:00:00Z,1607040000006,0.00037142
2020-12-04T08:00:00Z,1607068800009,0.00015116
2020-12-04T16:00:00Z,1607097600000,0.00010000
2020-12-05T00:00:00Z,1607126400000,0.00027833
2020-12-05T08:00:00Z,1607155200000,0.00010000
2020-12-05T16:00:00Z,1607184000000,0.00016022
2020-12-06T00:00:00Z,1607212800004,0.00010000
2020-12-06T08:00:00Z,1607241600000,0.00010000
2020-12-06T16:00:00Z,1607270400001,0.00010000
2020-12-07T00:00:00Z,1607299200000,0.00010000
2020-12-07T08:00:00Z,1607328000008,0.00010000
2020-12-07T16:00:00Z,1607356800000,0.00010000
2020-12-08T00:00:00Z,1607385600003,0.00029366
2020-12-08T08:00:00Z,1607414400003,0.00017744
2020-12-08T16:00:00Z,1607443200033,0.00010000
2020-12-09T00:00:00Z,1607472000000,0.00013842
2020-12-09T08:00:00Z,1607500800010,0.00010000
2020-12-09T16:00:00Z,1607529600000,0.00010000
2020-12-10T00:00:00Z,1607558400000,0.00010000
2020-12-10T08:00:00Z,1607587200000,0.00010000
2020-12-10T16:00:00Z,1607616000007,0.00010000
2020-12-11T00:00:00Z,1607644800000,0.00017393
2020-12-11T08:00:00Z,1607673600016,0.00012389
2020-12-11T16:00:00Z,1607702400010,0.00010000
2020-12-12T00:00:00Z,1607731200009,0.00010000
2020-12-12T08:00:00Z,1607760000002,0.00010000
2020-12-12T16:00:00Z,1607788800000,0.00010000
2020-12-13T00:00:00Z,1607817600007,0.00010000
2020-12-13T08:00:00Z,1607846400000,0.00010000
2020-12-13T16:00:00Z,1607875200000,0.00010000
2020-12-14T00:00:00Z,1607904000000,0.00010000
2020-12-14T08:00:00Z,1607932800000,0.00010000
2020-12-14T16:00:00Z,1607961600000,0.00010000
2020-12-15T00:00:00Z,1607990400006,0.00010000
2020-12-15T08:00:00Z,1608019200001,0.00010000
2020-12-15T16:00:00Z,1608048000000,0.00010000
2020-12-16T00:00:00Z,1608076800001,0.00010000
2020-12-16T08:00:00Z,1608105600000,0.00010000
2020-12-16T16:00:00Z,1608134400000,0.00102460
2020-12-17T00:00:00Z,1608163200000,0.00050069
2020-12-17T08:00:00Z,1608192000000,0.00073138
2020-12-17T16:00:00Z,1608220800011,0.00133961
2020-12-18T00:00:00Z,1608249600000,0.00026396
2020-12-18T08:00:00Z,1608278400000,0.00050887
2020-12-18T16:00:00Z,1608307200000,0.00061589
2020-12-19T00:00:00Z,1608336000000,0.00064688
2020-12-19T08:00:00Z,1608364800018,0.00052066
2020-12-19T16:00:00Z,1608393600000,0.00088042
2020-12-20T00:00:00Z,1608422400001,0.00072872
2020-12-20T08:00:00Z,1608451200011,0.00030872
2020-12-20T16:00:00Z,1608480000023,0.00058382
2020-12-21T00:00:00Z,1608508800011,0.00019993
2020-12-21T08:00:00Z,1608537600000,0.00041128
2020-12-21T16:00:00Z,1608566400000,0.00017551
2020-12-22T00:00:00Z,1608595200001,0.00013065
2020-12-22T08:00:00Z,1608624000006,0.00012634
2020-12-22T16:00:00Z,1608652800000,0.00010000
2020-12-23T00:00:00Z,1608681600000,0.00033124
2020-12-23T08:00:00Z,1608710400000,0.00019732
2020-12-23T16:00:00Z,1608739200000,0.00010000
2020-12-24T00:00:00Z,1608768000012,0.00010000
2020-12-24T08:00:00Z,1608796800009,0.00010000
2020-12-24T16:00:00Z,1608825600001,0.00010000
2020-12-25T00:00:00Z,1608854400000,0.00010000
2020-12-25T08:00:00Z,1608883200000,0.00010000
2020-12-25T16:00:00Z,1608912000000,0.00010889
2020-12-26T00:00:00Z,1608940800009,0.00010000
2020-12-26T08:00:00Z,1608969600001,0.00010000
2020-12-26T16:00:00Z,1608998400006,0.00010000
2020-12-27T00:00:00Z,1609027200000,0.00037063
2020-12-27T08:00:00Z,1609056000000,0.00049062
2020-12-27T16:00:00Z,1609084800001,0.00068798
2020-12-28T00:00:00Z,1609113600015,0.00067850
2020-12-28T08:00:00Z,1609142400019,0.00096296
2020-12-28T16:00:00Z,1609171200000,0.00077510
2020-12-29T00:00:00Z,1609200000004,0.00063783
2020-12-29T08:00:00Z,1609228800003,0.00076943
2020-12-29T16:00:00Z,1609257600000,0.00062907
2020-12-30T00:00:00Z,1609286400001,0.00075238
2020-12-30T08:00:00Z,1609315200001,0.00090448
2020-12-30T16:00:00Z,1609344000012,0.00055831
2020-12-31T00:00:00Z,1609372800009,0.00078059
2020-12-31T08:00:00Z,1609401600000,0.00039102
2020-12-31T16:00:00Z,1609430400010,0.00034870
2021-01-01T00:00:00Z,1609459200002,0.00034491
2021-01-01T08:00:00Z,1609488000006,0.00061141
2021-01-01T16:00:00Z,1609516800003,0.00056803
2021-01-02T00:00:00Z,1609545600000,0.00025572
2021-01-02T08:00:00Z,1609574400000,0.00049233
2021-01-02T16:00:00Z,1609603200006,0.00109186
2021-01-03T00:00:00Z,1609632000018,0.00062004
2021-01-03T08:00:00Z,1609660800000,0.00074404
2021-01-03T16:00:00Z,1609689600002,0.00171498
2021-01-04T00:00:00Z,1609718400000,0.00295549
2021-01-04T08:00:00Z,1609747200000,0.00375000
2021-01-04T16:00:00Z,1609776000000,0.00085432
2021-01-05T00:00:00Z,1609804800020,0.00102541
2021-01-05T08:00:00Z,1609833600003,0.00043050
2021-01-05T16:00:00Z,1609862400003,0.00102796
2021-01-06T00:00:00Z,1609891200010,0.00182180
2021-01-06T08:00:00Z,1609920000003,0.00222459
2021-01-06T16:00:00Z,1609948800000,0.00253317
2021-01-07T00:00:00Z,1609977600007,0.00114512
2021-01-07T08:00:00Z,1610006400000,0.00165953
2021-01-07T16:00:00Z,1610035200004,0.00176605
2021-01-08T00:00:00Z,1610064000000,0.00171757
2021-01-08T08:00:00Z,1610092800000,0.00077262
2021-01-08T16:00:00Z,1610121600000,0.00137534
2021-01-09T00:00:00Z,1610150400009,0.00067690
2021-01-09T08:00:00Z,1610179200004,0.00068612
2021-01-09T16:00:00Z,1610208000000,0.00156908
2021-01-10T00:00:00Z,1610236800000,0.00340522
2021-01-10T08:00:00Z,1610265600005,0.00202919
2021-01-10T16:00:00Z,1610294400000,0.00126049
2021-01-11T00:00:00Z,1610323200000,0.00177547
2021-01-11T08:00:00Z,1610352000012,0.00066240
2021-01-11T16:00:00Z,1610380800000,0.00039691
2021-01-12T00:00:00Z,1610409600000,0.00010000
2021-01-12T08:00:00Z,1610438400000,0.00045084
2021-01-12T16:00:00Z,1610467200008,0.00058059
2021-01-13T00:00:00Z,1610496000001,0.00037339
2021-01-13T08:00:00Z,1610524800000,0.00011840
2021-01-13T16:00:00Z,1610553600003,0.00040496
2021-01-14T00:00:00Z,1610582400000,0.00054804
2021-01-14T08:00:00Z,1610611200012,0.00052290
2021-01-14T16:00:00Z,1610640000000,0.00071650
2021-01-15T00:00:00Z,1610668800002,0.00027278
2021-01-15T08:00:00Z,1610697600000,0.00055774
2021-01-15T16:00:00Z,1610726400004,0.00087472
2021-01-16T00:00:00Z,1610755200000,0.00014675
2021-01-16T08:00:00Z,1610784000008,0.00054404
2021-01-16T16:00:00Z,1610812800000,0.00152456
2021-01-17T00:00:00Z,1610841600009,0.00106467
2021-01-17T08:00:00Z,1610870400000,0.00050098
2021-01-17T16:00:00Z,1610899200001,0.00051088
2021-01-18T00:00:00Z,1610928000000,0.00109082
2021-01-18T08:00:00Z,1610956800004,0.00028606
2021-01-18T16:00:00Z,1610985600000,0.00109269
2021-01-19T00:00:00Z,1611014400000,0.00121462
2021-01-19T08:00:00Z,1611043200005,0.00197982
2021-01-19T16:00:00Z,1611072000012,0.00199604
2021-01-20T00:00:00Z,1611100800012,0.00153883
2021-01-20T08:00:00Z,1611129600001,0.00072796
2021-01-20T16:00:00Z,1611158400001,0.00048461
2021-01-21T00:00:00Z,1611187200000,0.00034937
2021-01-21T08:00:00Z,1611216000000,0.00065753
2021-01-21T16:00:00Z,1611244800004,0.00037547
2021-01-22T00:00:00Z,1611273600012,0.00020251
2021-01-22T08:00:00Z,1611302400003,0.00016737
2021-01-22T16:00:00Z,1611331200001,0.00010000
2021-01-23T00:00:00Z,1611360000000,0.00015431
2021-01-23T08:00:00Z,1611388800002,0.00020659
2021-01-23T16:00:00Z,1611417600000,0.00028319
2021-01-24T00:00:00Z,1611446400001,0.00093097
2021-01-24T08:00:00Z,1611475200011,0.00058705
2021-01-24T16:00:00Z,1611504000005,0.00094274
2021-01-25T00:00:00Z,1611532800007,0.00050723
2021-01-25T08:00:00Z,1611561600012,0.00105754
2021-01-25T16:00:00Z,1611590400000,0.00093264
2021-01-26T00:00:00Z,1611619200007,0.00034093
2021-01-26T08:00:00Z,1611648000000,0.00031895
2021-01-26T16:00:00Z,1611676800000,0.00010000
2021-01-27T00:00:00Z,1611705600000,0.00036342
2021-01-27T08:00:00Z,1611734400011,0.00010000
2021-01-27T16:00:00Z,1611763200003,0.00010000
2021-01-28T00:00:00Z,1611792000000,0.00014794
2021-01-28T08:00:00Z,1611820800000,0.00010000
2021-01-28T16:00:00Z,1611849600000,0.00056884
2021-01-29T00:00:00Z,1611878400009,0.00112844
2021-01-29T08:00:00Z,1611907200000,0.00061388
2021-01-29T16:00:00Z,1611936000000,0.00241392
2021-01-30T00:00:00Z,1611964800000,0.00094051
2021-01-30T08:00:00Z,1611993600000,0.00037882
2021-01-30T16:00:00Z,1612022400000,0.00072777
2021-01-31T00:00:00Z,1612051200009,0.00115111
2021-01-31T08:00:00Z,1612080000000,0.00113497
2021-01-31T16:00:00Z,1612108800000,0.00072236
2021-02-01T00:00:00Z,1612137600001,0.00025014
2021-02-01T08:00:00Z,1612166400014,0.00055359
2021-02-01T16:00:00Z,1612195200000,0.00061764
2021-02-02T00:00:00Z,1612224000000,0.00050304
2021-02-02T08:00:00Z,1612252800006,0.00120708
2021-02-02T16:00:00Z,1612281600000,0.00165937
2021-02-03T00:00:00Z,1612310400009,0.00151935
2021-02-03T08:00:00Z,1612339200006,0.00155522
2021-02-03T16:00:00Z,1612368000006,0.00167923
2021-02-04T00:00:00Z,1612396800005,0.00146092
2021-02-04T08:00:00Z,1612425600000,0.00135459
2021-02-04T16:00:00Z,1612454400011,0.00145079
2021-02-05T00:00:00Z,1612483200009,0.00113736
2021-02-05T08:00:00Z,1612512000004,0.00176430
2021-02-05T16:00:00Z,1612540800000,0.00155465
2021-02-06T00:00:00Z,1612569600008,0.00117123
2021-02-06T08:00:00Z,1612598400009,0.00107002
2021-02-06T16:00:00Z,1612627200000,0.00143968
2021-02-07T00:00:00Z,1612656000000,0.00171115
2021-02-07T08:00:00Z,1612684800005,0.00051183
2021-02-07T16:00:00Z,1612713600001,0.00065683
2021-02-08T00:00:00Z,1612742400000,0.00010000
2021-02-08T08:00:00Z,1612771200001,0.00039877
2021-02-08T16:00:00Z,1612800000000,0.00284408
2021-02-09T00:00:00Z,1612828800010,0.00227548
2021-02-09T08:00:00Z,1612857600006,0.00193315
2021-02-09T16:00:00Z,1612886400007,0.00143234
2021-02-10T00:00:00Z,1612915200009,0.00156788
2021-02-10T08:00:00Z,1612944000014,0.00218071
2021-02-10T16:00:00Z,1612972800005,0.00085146
2021-02-11T00:00:00Z,1613001600000,0.00071884
2021-02-11T08:00:00Z,1613030400000,0.00065956
2021-02-11T16:00:00Z,1613059200000,0.00180566
2021-02-12T00:00:00Z,1613088000000,0.00092117
2021-02-12T08:00:00Z,1613116800000,0.00050482
2021-02-12T16:00:00Z,1613145600000,0.00153886
2021-02-13T00:00:00Z,1613174400001,0.00228313
2021-02-13T08:00:00Z,1613203200003,0.00173035
2021-02-13T16:00:00Z,1613232000000,0.00094692
2021-02-14T00:00:00Z,1613260800013,0.00110785
2021-02-14T08:00:00Z,1613289600000,0.00176822
2021-02-14T16:00:00Z,1613318400008,0.00124260
2021-02-15T00:00:00Z,1613347200000,0.00079460
2021-02-15T08:00:00Z,1613376000006,0.00013827
2021-02-15T16:00:00Z,1613404800000,0.00081146
2021-02-16T00:00:00Z,1613433600001,0.00104485
2021-02-16T08:00:00Z,1613462400000,0.00112937
2021-02-16T16:00:00Z,1613491200010,0.00114441
2021-02-17T00:00:00Z,1613520000005,0.00092761
2021-02-17T08:00:00Z,1613548800010,0.00106083
2021-02-17T16:00:00Z,1613577600008,0.00232282
2021-02-18T00:00:00Z,1613606400012,0.00194950
2021-02-18T08:00:00Z,1613635200000,0.00202078
2021-02-18T16:00:00Z,1613664000009,0.00118984
2021-02-19T00:00:00Z,1613692800010,0.00082051
2021-02-19T08:00:00Z,1613721600002,0.00139773
2021-02-19T16:00:00Z,1613750400008,0.00169023
2021-02-20T00:00:00Z,1613779200000,0.00196264
2021-02-20T08:00:00Z,1613808000009,0.00189841
2021-02-20T16:00:00Z,1613836800000,0.00185880
2021-02-21T00:00:00Z,1613865600007,0.00051516
2021-02-21T08:00:00Z,1613894400012,0.00043550
2021-02-21T16:00:00Z,1613923200001,0.00107233
2021-02-22T00:00:00Z,1613952000006,0.00077647
2021-02-22T08:00:00Z,1613980800002,0.00047334
2021-02-22T16:00:00Z,1614009600000,0.00034567
2021-02-23T00:00:00Z,1614038400000,0.00010000
2021-02-23T08:00:00Z,1614067200006,0.00026168
2021-02-23T16:00:00Z,1614096000000,0.00010000
2021-02-24T00:00:00Z,1614124800012,0.00013438
2021-02-24T08:00:00Z,1614153600016,0.00039328
2021-02-24T16:00:00Z,1614182400011,0.00028758
2021-02-25T00:00:00Z,1614211200007,0.00046770
2021-02-25T08:00:00Z,1614240000000,0.00016178
2021-02-25T16:00:00Z,1614268800010,0.00010000
2021-02-26T00:00:00Z,1614297600000,0.00010000
2021-02-26T08:00:00Z,1614326400025,0.00014852
2021-02-26T16:00:00Z,1614355200010,0.00037736
2021-02-27T00:00:00Z,1614384000001,0.00018181
2021-02-27T08:00:00Z,1614412800000,0.00061960
2021-02-27T16:00:00Z,1614441600000,0.00010000
2021-02-28T00:00:00Z,1614470400021,0.00010000
2021-02-28T08:00:00Z,1614499200009,0.00010000
2021-02-28T16:00:00Z,1614528000000,0.00010000
2021-03-01T00:00:00Z,1614556800000,0.00010000
2021-03-01T08:00:00Z,1614585600003,0.00033427
2021-03-01T16:00:00Z,1614614400001,0.00049119
2021-03-02T00:00:00Z,1614643200000,0.00049538
2021-03-02T08:00:00Z,1614672000000,0.00035713
2021-03-02T16:00:00Z,1614700800004,0.00039154
2021-03-03T00:00:00Z,1614729600000,0.00010000
2021-03-03T08:00:00Z,1614758400016,0.00010000
2021-03-03T16:00:00Z,1614787200000,0.00087091
2021-03-04T00:00:00Z,1614816000000,0.00047552
2021-03-04T08:00:00Z,1614844800015,0.00015927
2021-03-04T16:00:00Z,1614873600001,0.00033061
2021-03-05T00:00:00Z,1614902400000,0.00024885
2021-03-05T08:00:00Z,1614931200002,0.00022561
2021-03-05T16:00:00Z,1614960000008,0.00010000
2021-03-06T00:00:00Z,1614988800000,0.00031476
2021-03-06T08:00:00Z,1615017600000,0.00057512
2021-03-06T16:00:00Z,1615046400000,0.00032891
2021-03-07T00:00:00Z,1615075200006,0.00066496
2021-03-07T08:00:00Z,1615104000005,0.00023263
2021-03-07T16:00:00Z,1615132800008,0.00056927
2021-03-08T00:00:00Z,1615161600000,0.00011144
2021-03-08T08:00:00Z,1615190400000,0.00045102
2021-03-08T16:00:00Z,1615219200006,0.00056057
2021-03-09T00:00:00Z,1615248000000,0.00014784
2021-03-09T08:00:00Z,1615276800000,0.00085203
2021-03-09T16:00:00Z,1615305600000,0.00101744
2021-03-10T00:00:00Z,1615334400009,0.00058485
2021-03-10T08:00:00Z,1615363200006,0.00051290
2021-03-10T16:00:00Z,1615392000008,0.00105856
2021-03-11T00:00:00Z,1615420800000,0.00079368
2021-03-11T08:00:00Z,1615449600000,0.00034874
2021-03-11T16:00:00Z,1615478400014,0.00080049
2021-03-12T00:00:00Z,1615507200002,0.00132622
2021-03-12T08:00:00Z,1615536000005,0.00072213
2021-03-12T16:00:00Z,1615564800011,0.00034512
2021-03-13T00:00:00Z,1615593600000,0.00030351
2021-03-13T08:00:00Z,1615622400002,0.00039972
2021-03-13T16:00:00Z,1615651200000,0.00155198
2021-03-14T00:00:00Z,1615680000011,0.00113056
2021-03-14T08:00:00Z,1615708800000,0.00104800
2021-03-14T16:00:00Z,1615737600000,0.00113023
2021-03-15T00:00:00Z,1615766400012,0.00077413
2021-03-15T08:00:00Z,1615795200016,0.00081452
2021-03-15T16:00:00Z,1615824000030,0.00013021
2021-03-16T00:00:00Z,1615852800005,0.00010000
2021-03-16T08:00:00Z,1615881600008,0.00045668
2021-03-16T16:00:00Z,1615910400012,0.00039653
2021-03-17T00:00:00Z,1615939200010,0.00064671
2021-03-17T08:00:00Z,1615968000000,0.00034812
2021-03-17T16:00:00Z,1615996800009,0.00031521
2021-03-18T00:00:00Z,1616025600001,0.00099682
2021-03-18T08:00:00Z,1616054400000,0.00067631
2021-03-18T16:00:00Z,1616083200000,0.00038027
2021-03-19T00:00:00Z,1616112000011,0.00010000
2021-03-19T08:00:00Z,1616140800001,0.00010000
2021-03-19T16:00:00Z,1616169600000,0.00037762
2021-03-20T00:00:00Z,1616198400000,0.00061811
2021-03-20T08:00:00Z,1616227200000,0.00051100
2021-03-20T16:00:00Z,1616256000007,0.00102646
2021-03-21T00:00:00Z,1616284800000,0.00068264
2021-03-21T08:00:00Z,1616313600000,0.00010000
2021-03-21T16:00:00Z,1616342400000,0.00019064
2021-03-22T00:00:00Z,1616371200007,0.00053821
2021-03-22T08:00:00Z,1616400000001,0.00042754
2021-03-22T16:00:00Z,1616428800000,0.00044797
2021-03-23T00:00:00Z,1616457600000,0.00010000
2021-03-23T08:00:00Z,1616486400010,0.00019899
2021-03-23T16:00:00Z,1616515200023,0.00033090
2021-03-24T00:00:00Z,1616544000002,0.00050608
2021-03-24T08:00:00Z,1616572800000,0.00010655
2021-03-24T16:00:00Z,1616601600000,0.00041690
2021-03-25T00:00:00Z,1616630400000,0.00010000
2021-03-25T08:00:00Z,1616659200000,0.00010000
2021-03-25T16:00:00Z,1616688000000,0.00035938
2021-03-26T00:00:00Z,1616716800008,0.00042431
2021-03-26T08:00:00Z,1616745600000,0.00010000
2021-03-26T16:00:00Z,1616774400012,0.00010000
2021-03-27T00:00:00Z,1616803200018,0.00010000
2021-03-27T08:00:00Z,1616832000000,0.00015922
2021-03-27T16:00:00Z,1616860800001,0.00034067
2021-03-28T00:00:00Z,1616889600000,0.00025751
2021-03-28T08:00:00Z,1616918400000,0.00029541
2021-03-28T16:00:00Z,1616947200005,0.00031424
2021-03-29T00:00:00Z,1616976000003,0.00022015
2021-03-29T08:00:00Z,1617004800000,0.00043803
2021-03-29T16:00:00Z,1617033600000,0.00084253
2021-03-30T00:00:00Z,1617062400018,0.00074011
2021-03-30T08:00:00Z,1617091200012,0.00056645
2021-03-30T16:00:00Z,1617120000001,0.00036654
2021-03-31T00:00:00Z,1617148800000,0.00076506
2021-03-31T08:00:00Z,1617177600000,0.00107130
2021-03-31T16:00:00Z,1617206400000,0.00038554
2021-04-01T00:00:00Z,1617235200025,0.00156864
2021-04-01T08:00:00Z,1617264000011,0.00109222
2021-04-01T16:00:00Z,1617292800004,0.00064672
2021-04-02T00:00:00Z,1617321600000,0.00050452
2021-04-02T08:00:00Z,1617350400000,0.00121799
2021-04-02T16:00:00Z,1617379200000,0.00116568
2021-04-03T00:00:00Z,1617408000003,0.00082856
2021-04-03T08:00:00Z,1617436800000,0.00143194
2021-04-03T16:00:00Z,1617465600000,0.00086456
2021-04-04T00:00:00Z,1617494400000,0.00060523
2021-04-04T08:00:00Z,1617523200000,0.00106146
2021-04-04T16:00:00Z,1617552000016,0.00038114
2021-04-05T00:00:00Z,1617580800000,0.00072788
2021-04-05T08:00:00Z,1617609600001,0.00074688
2021-04-05T16:00:00Z,1617638400001,0.00085226
2021-04-06T00:00:00Z,1617667200010,0.00161366
2021-04-06T08:00:00Z,1617696000000,0.00064189
2021-04-06T16:00:00Z,1617724800003,0.00061542
2021-04-07T00:00:00Z,1617753600000,0.00049128
2021-04-07T08:00:00Z,1617782400006,0.00069613
2021-04-07T16:00:00Z,1617811200004,0.00032907
2021-04-08T00:00:00Z,1617840000013,0.00021468
2021-04-08T08:00:00Z,1617868800003,0.00026979
2021-04-08T16:00:00Z,1617897600005,0.00031551
2021-04-09T00:00:00Z,1617926400000,0.00038906
2021-04-09T08:00:00Z,1617955200004,0.00043318
2021-04-09T16:00:00Z,1617984000004,0.00064034
2021-04-10T00:00:00Z,1618012800011,0.00010000
2021-04-10T08:00:00Z,1618041600005,0.00209663
2021-04-10T16:00:00Z,1618070400000,0.00120257
2021-04-11T00:00:00Z,1618099200004,0.00055892
2021-04-11T08:00:00Z,1618128000000,0.00086343
2021-04-11T16:00:00Z,1618156800000,0.00091114
2021-04-12T00:00:00Z,1618185600001,0.00099657
2021-04-12T08:00:00Z,1618214400001,0.00164512
2021-04-12T16:00:00Z,1618243200008,0.00067862
2021-04-13T00:00:00Z,1618272000003,0.00047138
2021-04-13T08:00:00Z,1618300800008,0.00117821
2021-04-13T16:00:00Z,1618329600008,0.00167603
2021-04-14T00:00:00Z,1618358400008,0.00152762
2021-04-14T08:00:00Z,1618387200000,0.00203587
2021-04-14T16:00:00Z,1618416000012,0.00095658
2021-04-15T00:00:00Z,1618444800006,0.00113562
2021-04-15T08:00:00Z,1618473600000,0.00110097
2021-04-15T16:00:00Z,1618502400008,0.00104862
2021-04-16T00:00:00Z,1618531200008,0.00146805
2021-04-16T08:00:00Z,1618560000000,0.00135711
2021-04-16T16:00:00Z,1618588800002,0.00108120
2021-04-17T00:00:00Z,1618617600008,0.00076639
2021-04-17T08:00:00Z,1618646400000,0.00098330
2021-04-17T16:00:00Z,1618675200001,0.00063599
2021-04-18T00:00:00Z,1618704000006,0.00052118
2021-04-18T08:00:00Z,1618732800004,0.00022241
2021-04-18T16:00:00Z,1618761600000,0.00044396
2021-04-19T00:00:00Z,1618790400000,0.00010000
2021-04-19T08:00:00Z,1618819200000,0.00010000
2021-04-19T16:00:00Z,1618848000009,0.00051920
2021-04-20T00:00:00Z,1618876800004,0.00010000
2021-04-20T08:00:00Z,1618905600000,0.00021279
2021-04-20T16:00:00Z,1618934400001,0.00010000
2021-04-21T00:00:00Z,1618963200013,0.00010000
2021-04-21T08:00:00Z,1618992000001,0.00010000
2021-04-21T16:00:00Z,1619020800002,0.00010000
2021-04-22T00:00:00Z,1619049600000,0.00023315
2021-04-22T08:00:00Z,1619078400000,0.00011151
2021-04-22T16:00:00Z,1619107200001,0.00010000
2021-04-23T00:00:00Z,1619136000002,0.00038980
2021-04-23T08:00:00Z,1619164800009,0.00041263
2021-04-23T16:00:00Z,1619193600001,0.00010000
2021-04-24T00:00:00Z,1619222400019,0.00010335
2021-04-24T08:00:00Z,1619251200001,0.00030056
2021-04-24T16:00:00Z,1619280000011,0.00010000
2021-04-25T00:00:00Z,1619308800000,0.00010000
2021-04-25T08:00:00Z,1619337600010,0.00010000
2021-04-25T16:00:00Z,1619366400000,0.00010000
2021-04-26T00:00:00Z,1619395200003,0.00010000
2021-04-26T08:00:00Z,1619424000002,0.00010000
2021-04-26T16:00:00Z,1619452800004,0.00010000
2021-04-27T00:00:00Z,1619481600000,0.00010000
2021-04-27T08:00:00Z,1619510400000,0.00010000
2021-04-27T16:00:00Z,1619539200009,0.00040663
2021-04-28T00:00:00Z,1619568000000,0.00034144
2021-04-28T08:00:00Z,1619596800000,0.00019211
2021-04-28T16:00:00Z,1619625600001,0.00010000
2021-04-29T00:00:00Z,1619654400004,0.00010000
2021-04-29T08:00:00Z,1619683200013,0.00010000
2021-04-29T16:00:00Z,1619712000003,0.00010000
2021-04-30T00:00:00Z,1619740800004,0.00014665
2021-04-30T08:00:00Z,1619769600019,0.00011668
2021-04-30T16:00:00Z,1619798400003,0.00051157
2021-05-01T00:00:00Z,1619827200002,0.00010000
2021-05-01T08:00:00Z,1619856000006,0.00035155
2021-05-01T16:00:00Z,1619884800000,0.00012262
2021-05-02T00:00:00Z,1619913600010,0.00023451
2021-05-02T08:00:00Z,1619942400011,0.00039722
2021-05-02T16:00:00Z,1619971200007,0.00010000
2021-05-03T00:00:00Z,1620000000003,0.00010000
2021-05-03T08:00:00Z,1620028800000,0.00010000
2021-05-03T16:00:00Z,1620057600043,0.00061627
2021-05-04T00:00:00Z,1620086400004,0.00031687
2021-05-04T08:00:00Z,1620115200003,0.00070707
2021-05-04T16:00:00Z,1620144000011,0.00071637
2021-05-05T00:00:00Z,1620172800001,0.00038408
2021-05-05T08:00:00Z,1620201600007,0.00078274
2021-05-05T16:00:00Z,1620230400001,0.00087977
2021-05-06T00:00:00Z,1620259200003,0.00068239
2021-05-06T08:00:00Z,1620288000001,0.00066648
2021-05-06T16:00:00Z,1620316800000,0.00110886
2021-05-07T00:00:00Z,1620345600000,0.00026032
2021-05-07T08:00:00Z,1620374400000,0.00049147
2021-05-07T16:00:00Z,1620403200001,0.00038025
2021-05-08T00:00:00Z,1620432000006,0.00047199
2021-05-08T08:00:00Z,1620460800000,0.00070136
2021-05-08T16:00:00Z,1620489600000,0.00030149
2021-05-09T00:00:00Z,1620518400005,0.00058991
2021-05-09T08:00:00Z,1620547200016,0.00041522
2021-05-09T16:00:00Z,1620576000000,0.00054148
2021-05-10T00:00:00Z,1620604800004,0.00068787
2021-05-10T08:00:00Z,1620633600000,0.00066380
2021-05-10T16:00:00Z,1620662400013,0.00075749
2021-05-11T00:00:00Z,1620691200000,0.00041169
2021-05-11T08:00:00Z,1620720000000,0.00043204
2021-05-11T16:00:00Z,1620748800002,0.00029649
2021-05-12T00:00:00Z,1620777600004,0.00010000
2021-05-12T08:00:00Z,1620806400007,0.00047462
2021-05-12T16:00:00Z,1620835200012,0.00054381
2021-05-13T00:00:00Z,1620864000016,0.00040983
2021-05-13T08:00:00Z,1620892800000,0.00014687
2021-05-13T16:00:00Z,1620921600008,0.00010000
2021-05-14T00:00:00Z,1620950400007,0.00010000
2021-05-14T08:00:00Z,1620979200001,0.00010000
2021-05-14T16:00:00Z,1621008000004,0.00010000
2021-05-15T00:00:00Z,1621036800022,0.00038785
2021-05-15T08:00:00Z,1621065600014,0.00052101
2021-05-15T16:00:00Z,1621094400002,0.00046056
2021-05-16T00:00:00Z,1621123200000,0.00030702
2021-05-16T08:00:00Z,1621152000003,0.00013134
2021-05-16T16:00:00Z,1621180800002,0.00018829
2021-05-17T00:00:00Z,1621209600005,0.00015608
2021-05-17T08:00:00Z,1621238400001,0.00033500
2021-05-17T16:00:00Z,1621267200000,0.00070010
2021-05-18T00:00:00Z,1621296000019,0.00018459
2021-05-18T08:00:00Z,1621324800001,0.00010000
2021-05-18T16:00:00Z,1621353600006,0.00061460
2021-05-19T00:00:00Z,1621382400000,0.00010000
2021-05-19T08:00:00Z,1621411200003,0.00053311
2021-05-19T16:00:00Z,1621440000018,-0.00356332
2021-05-20T00:00:00Z,1621468800005,0.00011828
2021-05-20T08:00:00Z,1621497600000,0.00010000
2021-05-20T16:00:00Z,1621526400005,0.00010000
2021-05-21T00:00:00Z,1621555200000,0.00010000
2021-05-21T08:00:00Z,1621584000000,0.00010000
2021-05-21T16:00:00Z,1621612800001,0.00010000
2021-05-22T00:00:00Z,1621641600001,0.00010000
2021-05-22T08:00:00Z,1621670400002,0.00010000
2021-05-22T16:00:00Z,1621699200005,0.00010000
2021-05-23T00:00:00Z,1621728000006,0.00010000
2021-05-23T08:00:00Z,1621756800004,0.00010000
2021-05-23T16:00:00Z,1621785600002,0.00010000
2021-05-24T00:00:00Z,1621814400007,0.00010000
2021-05-24T08:00:00Z,1621843200005,0.00010000
2021-05-24T16:00:00Z,1621872000005,0.00010000
2021-05-25T00:00:00Z,1621900800000,0.00010000
2021-05-25T08:00:00Z,1621929600014,0.00010000
2021-05-25T16:00:00Z,1621958400000,0.00010000
2021-05-26T00:00:00Z,1621987200022,0.00010000
2021-05-26T08:00:00Z,1622016000018,0.00010000
2021-05-26T16:00:00Z,1622044800004,0.00010000
2021-05-27T00:00:00Z,1622073600000,0.00010000
2021-05-27T08:00:00Z,1622102400017,0.00010000
2021-05-27T16:00:00Z,1622131200000,0.00010000
2021-05-28T00:00:00Z,1622160000005,0.00010000
2021-05-28T08:00:00Z,1622188800009,0.00010000
2021-05-28T16:00:00Z,1622217600000,0.00010000
2021-05-29T00:00:00Z,1622246400006,0.00010000
2021-05-29T08:00:00Z,1622275200000,0.00010000
2021-05-29T16:00:00Z,1622304000000,0.00010000
2021-05-30T00:00:00Z,1622332800003,0.00010000
2021-05-30T08:00:00Z,1622361600004,0.00010000
2021-05-30T16:00:00Z,1622390400018,0.00010000
2021-05-31T00:00:00Z,1622419200002,0.00010000
2021-05-31T08:00:00Z,1622448000000,0.00010000
2021-05-31T16:00:00Z,1622476800000,0.00010000
2021-06-01T00:00:00Z,1622505600001,0.00010000
2021-06-01T08:00:00Z,1622534400010,0.00010000
2021-06-01T16:00:00Z,1622563200010,0.00010000
2021-06-02T00:00:00Z,1622592000008,0.00010000
2021-06-02T08:00:00Z,1622620800000,0.00010000
2021-06-02T16:00:00Z,1622649600007,0.00010000
2021-06-03T00:00:00Z,1622678400019,0.00010000
2021-06-03T08:00:00Z,1622707200002,0.00010000
2021-06-03T16:00:00Z,1622736000003,0.00010000
2021-06-04T00:00:00Z,1622764800003,0.00010000
2021-06-04T08:00:00Z,1622793600006,0.00010000
2021-06-04T16:00:00Z,1622822400002,0.00010000
2021-06-05T00:00:00Z,1622851200000,0.00010000
2021-06-05T08:00:00Z,1622880000004,0.00010000
2021-06-05T16:00:00Z,1622908800020,0.00010000
2021-06-06T00:00:00Z,1622937600000,0.00010000
2021-06-06T08:00:00Z,1622966400004,0.00010000
2021-06-06T16:00:00Z,1622995200000,0.00010000
2021-06-07T00:00:00Z,1623024000007,0.00010000
2021-06-07T08:00:00Z,1623052800007,0.00010000
2021-06-07T16:00:00Z,1623081600003,0.00010000
2021-06-08T00:00:00Z,1623110400000,0.00010000
2021-06-08T08:00:00Z,1623139200000,0.00010000
2021-06-08T16:00:00Z,1623168000002,0.00010000
2021-06-09T00:00:00Z,1623196800009,0.00010000
2021-06-09T08:00:00Z,1623225600002,0.00010000
2021-06-09T16:00:00Z,1623254400000,0.00010000
2021-06-10T00:00:00Z,1623283200007,0.00010000
2021-06-10T08:00:00Z,1623312000003,0.00010000
2021-06-10T16:00:00Z,1623340800000,0.00010000
2021-06-11T00:00:00Z,1623369600010,0.00010000
2021-06-11T08:00:00Z,1623398400007,0.00010000
2021-06-11T16:00:00Z,1623427200006,0.00008683
2021-06-12T00:00:00Z,1623456000005,0.00010000
2021-06-12T08:00:00Z,1623484800000,0.00010000
2021-06-12T16:00:00Z,1623513600018,0.00010000
2021-06-13T00:00:00Z,1623542400002,0.00010000
2021-06-13T08:00:00Z,1623571200000,0.00010000
2021-06-13T16:00:00Z,1623600000003,0.00010000
2021-06-14T00:00:00Z,1623628800000,0.00010000
2021-06-14T08:00:00Z,1623657600015,0.00010000
2021-06-14T16:00:00Z,1623686400000,0.00003785
2021-06-15T00:00:00Z,1623715200000,0.00010000
2021-06-15T08:00:00Z,1623744000000,0.00010000
2021-06-15T16:00:00Z,1623772800004,0.00010000
2021-06-16T00:00:00Z,1623801600004,0.00010000
2021-06-16T08:00:00Z,1623830400001,0.00010000
2021-06-16T16:00:00Z,1623859200000,0.00010000
2021-06-17T00:00:00Z,1623888000004,0.00010000
2021-06-17T08:00:00Z,1623916800000,0.00010000
2021-06-17T16:00:00Z,1623945600002,0.00010000
2021-06-18T00:00:00Z,1623974400009,-0.00000578
2021-06-18T08:00:00Z,1624003200014,0.00009549
2021-06-18T16:00:00Z,1624032000007,0.00010000
2021-06-19T00:00:00Z,1624060800003,-0.00018201
2021-06-19T08:00:00Z,1624089600001,-0.00000178
2021-06-19T16:00:00Z,1624118400000,0.00010000
2021-06-20T00:00:00Z,1624147200005,0.00004657
2021-06-20T08:00:00Z,1624176000000,0.00000741
2021-06-20T16:00:00Z,1624204800002,-0.00024432
2021-06-21T00:00:00Z,1624233600019,0.00004439
2021-06-21T08:00:00Z,1624262400000,-0.00007382
2021-06-21T16:00:00Z,1624291200024,-0.00007303
2021-06-22T00:00:00Z,1624320000008,0.00010000
2021-06-22T08:00:00Z,1624348800009,0.00004434
2021-06-22T16:00:00Z,1624377600001,-0.00000759
2021-06-23T00:00:00Z,1624406400003,0.00004046
2021-06-23T08:00:00Z,1624435200000,-0.00009115
2021-06-23T16:00:00Z,1624464000000,-0.00006683
2021-06-24T00:00:00Z,1624492800009,-0.00004432
2021-06-24T08:00:00Z,1624521600018,0.00010000
2021-06-24T16:00:00Z,1624550400001,0.00010000
2021-06-25T00:00:00Z,1624579200009,0.00010000
2021-06-25T08:00:00Z,1624608000004,0.00010000
2021-06-25T16:00:00Z,1624636800000,0.00007207
2021-06-26T00:00:00Z,1624665600007,0.00004234
2021-06-26T08:00:00Z,1624694400000,-0.00005794
2021-06-26T16:00:00Z,1624723200002,-0.00014961
2021-06-27T00:00:00Z,1624752000005,-0.00006018
2021-06-27T08:00:00Z,1624780800010,-0.00027281
2021-06-27T16:00:00Z,1624809600001,-0.00013791
2021-06-28T00:00:00Z,1624838400025,-0.00004311
2021-06-28T08:00:00Z,1624867200017,0.00010000
2021-06-28T16:00:00Z,1624896000007,-0.00002358
2021-06-29T00:00:00Z,1624924800008,0.00008669
2021-06-29T08:00:00Z,1624953600000,0.00006012
2021-06-29T16:00:00Z,1624982400000,-0.00011947
2021-06-30T00:00:00Z,1625011200011,0.00010000
2021-06-30T08:00:00Z,1625040000044,0.00010000
2021-06-30T16:00:00Z,1625068800005,0.00010000
2021-07-01T00:00:00Z,1625097600000,0.00010000
2021-07-01T08:00:00Z,1625126400004,0.00010000
2021-07-01T16:00:00Z,1625155200028,0.00004853
2021-07-02T00:00:00Z,1625184000002,-0.00000095
2021-07-02T08:00:00Z,1625212800016,-0.00002734
2021-07-02T16:00:00Z,1625241600007,-0.00014398
2021-07-03T00:00:00Z,1625270400008,0.00007139
2021-07-03T08:00:00Z,1625299200000,0.00002925
2021-07-03T16:00:00Z,1625328000004,-0.00003943
2021-07-04T00:00:00Z,1625356800012,0.00010000
2021-07-04T08:00:00Z,1625385600002,0.00010000
2021-07-04T16:00:00Z,1625414400003,0.00010000
2021-07-05T00:00:00Z,1625443200004,0.00002596
2021-07-05T08:00:00Z,1625472000000,0.00010000
2021-07-05T16:00:00Z,1625500800009,0.00007226
2021-07-06T00:00:00Z,1625529600008,0.00002925
2021-07-06T08:00:00Z,1625558400019,-0.00003935
2021-07-06T16:00:00Z,1625587200000,0.00009559
2021-07-07T00:00:00Z,1625616000007,0.00003679
2021-07-07T08:00:00Z,1625644800001,0.00009363
2021-07-07T16:00:00Z,1625673600008,0.00010000
2021-07-08T00:00:00Z,1625702400002,-0.00001075
2021-07-08T08:00:00Z,1625731200010,0.00008639
2021-07-08T16:00:00Z,1625760000003,0.00010000
2021-07-09T00:00:00Z,1625788800000,0.00010000
2021-07-09T08:00:00Z,1625817600006,0.00002471
2021-07-09T16:00:00Z,1625846400000,0.00010000
2021-07-10T00:00:00Z,1625875200002,0.00010000
2021-07-10T08:00:00Z,1625904000000,0.00010000
2021-07-10T16:00:00Z,1625932800001,0.00010000
2021-07-11T00:00:00Z,1625961600001,0.00010000
2021-07-11T08:00:00Z,1625990400025,0.00010000
2021-07-11T16:00:00Z,1626019200006,0.00010000
2021-07-12T00:00:00Z,1626048000000,0.00010000
2021-07-12T08:00:00Z,1626076800021,0.00010000
2021-07-12T16:00:00Z,1626105600000,0.00010000
2021-07-13T00:00:00Z,1626134400000,0.00010000
2021-07-13T08:00:00Z,1626163200013,-0.00001436
2021-07-13T16:00:00Z,1626192000005,0.00010000
2021-07-14T00:00:00Z,1626220800000,0.00010000
2021-07-14T08:00:00Z,1626249600000,0.00010000
2021-07-14T16:00:00Z,1626278400005,-0.00001550
2021-07-15T00:00:00Z,1626307200005,0.00005808
2021-07-15T08:00:00Z,1626336000001,0.00010000
2021-07-15T16:00:00Z,1626364800000,0.00009847
2021-07-16T00:00:00Z,1626393600000,0.00010000
2021-07-16T08:00:00Z,1626422400000,0.00010000
2021-07-16T16:00:00Z,1626451200001,0.00006785
2021-07-17T00:00:00Z,1626480000004,0.00010000
2021-07-17T08:00:00Z,1626508800009,0.00010000
2021-07-17T16:00:00Z,1626537600006,0.00005313
2021-07-18T00:00:00Z,1626566400000,0.00010000
2021-07-18T08:00:00Z,1626595200001,0.00010000
2021-07-18T16:00:00Z,1626624000003,0.00010000
2021-07-19T00:00:00Z,1626652800002,0.00000198
2021-07-19T08:00:00Z,1626681600006,0.00000691
2021-07-19T16:00:00Z,1626710400006,0.00000310
2021-07-20T00:00:00Z,1626739200002,-0.00002156
2021-07-20T08:00:00Z,1626768000011,-0.00041611
2021-07-20T16:00:00Z,1626796800001,-0.00005126
2021-07-21T00:00:00Z,1626825600022,0.00000165
2021-07-21T08:00:00Z,1626854400000,-0.00025489
2021-07-21T16:00:00Z,1626883200018,-0.00028858
2021-07-22T00:00:00Z,1626912000002,0.00010000
2021-07-22T08:00:00Z,1626940800006,0.00010000
2021-07-22T16:00:00Z,1626969600010,0.00010000
2021-07-23T00:00:00Z,1626998400013,0.00008643
2021-07-23T08:00:00Z,1627027200000,0.00010000
2021-07-23T16:00:00Z,1627056000005,0.00010000
2021-07-24T00:00:00Z,1627084800000,0.00010000
2021-07-24T08:00:00Z,1627113600002,0.00010000
2021-07-24T16:00:00Z,1627142400001,-0.00002614
2021-07-25T00:00:00Z,1627171200003,-0.00001521
2021-07-25T08:00:00Z,1627200000015,0.00004969
2021-07-25T16:00:00Z,1627228800000,0.00010000
2021-07-26T00:00:00Z,1627257600000,0.00010000
2021-07-26T08:00:00Z,1627286400000,0.00010000
2021-07-26T16:00:00Z,1627315200000,0.00010000
2021-07-27T00:00:00Z,1627344000046,0.00010000
2021-07-27T08:00:00Z,1627372800014,0.00010000
2021-07-27T16:00:00Z,1627401600007,0.00010000
2021-07-28T00:00:00Z,1627430400000,0.00010000
2021-07-28T08:00:00Z,1627459200002,0.00010000
2021-07-28T16:00:00Z,1627488000005,0.00005618
2021-07-29T00:00:00Z,1627516800004,0.00005723
2021-07-29T08:00:00Z,1627545600000,0.00010000
2021-07-29T16:00:00Z,1627574400007,0.00010000
2021-07-30T00:00:00Z,1627603200004,0.00010000
2021-07-30T08:00:00Z,1627632000000,0.00010000
2021-07-30T16:00:00Z,1627660800000,0.00010000
2021-07-31T00:00:00Z,1627689600000,0.00010000
2021-07-31T08:00:00Z,1627718400014,0.00010000
2021-07-31T16:00:00Z,1627747200003,0.00010000
2021-08-01T00:00:00Z,1627776000005,0.00010000
2021-08-01T08:00:00Z,1627804800016,0.00010000
2021-08-01T16:00:00Z,1627833600001,0.00010000
2021-08-02T00:00:00Z,1627862400000,0.00010000
2021-08-02T08:00:00Z,1627891200014,0.00010000
2021-08-02T16:00:00Z,1627920000021,0.00010000
2021-08-03T00:00:00Z,1627948800000,0.00010000
2021-08-03T08:00:00Z,1627977600000,0.00010000
2021-08-03T16:00:00Z,1628006400009,0.00000759
2021-08-04T00:00:00Z,1628035200000,0.00000273
2021-08-04T08:00:00Z,1628064000000,0.00010000
2021-08-04T16:00:00Z,1628092800003,0.00009390
2021-08-05T00:00:00Z,1628121600000,0.00010000
2021-08-05T08:00:00Z,1628150400000,0.00010000
2021-08-05T16:00:00Z,1628179200001,0.00010000
2021-08-06T00:00:00Z,1628208000000,0.00010000
2021-08-06T08:00:00Z,1628236800004,0.00010000
2021-08-06T16:00:00Z,1628265600003,0.00010000
2021-08-07T00:00:00Z,1628294400015,0.00010000
2021-08-07T08:00:00Z,1628323200001,0.00010000
2021-08-07T16:00:00Z,1628352000002,0.00018202
2021-08-08T00:00:00Z,1628380800000,0.00013627
2021-08-08T08:00:00Z,1628409600002,0.00010000
2021-08-08T16:00:00Z,1628438400018,0.00010000
2021-08-09T00:00:00Z,1628467200000,0.00014093
2021-08-09T08:00:00Z,1628496000000,0.00021302
2021-08-09T16:00:00Z,1628524800002,0.00010000
2021-08-10T00:00:00Z,1628553600000,0.00045734
2021-08-10T08:00:00Z,1628582400003,0.00010000
2021-08-10T16:00:00Z,1628611200000,0.00010000
2021-08-11T00:00:00Z,1628640000006,0.00043227
2021-08-11T08:00:00Z,1628668800003,0.00025633
2021-08-11T16:00:00Z,1628697600000,0.00010000
2021-08-12T00:00:00Z,1628726400013,0.00010000
2021-08-12T08:00:00Z,1628755200001,0.00013710
2021-08-12T16:00:00Z,1628784000000,0.00018477
2021-08-13T00:00:00Z,1628812800000,0.00010000
2021-08-13T08:00:00Z,1628841600000,0.00010000
2021-08-13T16:00:00Z,1628870400002,0.00042196
2021-08-14T00:00:00Z,1628899200006,0.00010000
2021-08-14T08:00:00Z,1628928000000,0.00025028
2021-08-14T16:00:00Z,1628956800000,0.00051663
2021-08-15T00:00:00Z,1628985600003,0.00037689
2021-08-15T08:00:00Z,1629014400000,0.00015074
2021-08-15T16:00:00Z,1629043200007,0.00010000
2021-08-16T00:00:00Z,1629072000012,0.00025793
2021-08-16T08:00:00Z,1629100800003,0.00010000
2021-08-16T16:00:00Z,1629129600010,0.00010000
2021-08-17T00:00:00Z,1629158400018,0.00010000
2021-08-17T08:00:00Z,1629187200015,0.00010000
2021-08-17T16:00:00Z,1629216000006,0.00010000
2021-08-18T00:00:00Z,1629244800000,0.00010000
2021-08-18T08:00:00Z,1629273600000,0.00010000
2021-08-18T16:00:00Z,1629302400011,0.00010000
2021-08-19T00:00:00Z,1629331200000,0.00010000
2021-08-19T08:00:00Z,1629360000014,0.00010000
2021-08-19T16:00:00Z,1629388800000,0.00010000
2021-08-20T00:00:00Z,1629417600000,0.00023469
2021-08-20T08:00:00Z,1629446400001,0.00015342
2021-08-20T16:00:00Z,1629475200001,0.00036239
2021-08-21T00:00:00Z,1629504000005,0.00010000
2021-08-21T08:00:00Z,1629532800001,0.00010000
2021-08-21T16:00:00Z,1629561600000,0.00036746
2021-08-22T00:00:00Z,1629590400005,0.00022660
2021-08-22T08:00:00Z,1629619200007,0.00018006
2021-08-22T16:00:00Z,1629648000002,0.00010000
2021-08-23T00:00:00Z,1629676800003,0.00010000
2021-08-23T08:00:00Z,1629705600005,0.00113675
2021-08-23T16:00:00Z,1629734400002,0.00035008
2021-08-24T00:00:00Z,1629763200006,0.00032752
2021-08-24T08:00:00Z,1629792000004,0.00030158
2021-08-24T16:00:00Z,1629820800000,0.00056014
2021-08-25T00:00:00Z,1629849600015,0.00019472
2021-08-25T08:00:00Z,1629878400000,0.00016989
2021-08-25T16:00:00Z,1629907200000,0.00010000
2021-08-26T00:00:00Z,1629936000001,0.00010000
2021-08-26T08:00:00Z,1629964800016,0.00010000
2021-08-26T16:00:00Z,1629993600004,0.00010000
2021-08-27T00:00:00Z,1630022400013,0.00010000
2021-08-27T08:00:00Z,1630051200001,0.00010000
2021-08-27T16:00:00Z,1630080000004,0.00010000
2021-08-28T00:00:00Z,1630108800000,0.00010000
2021-08-28T08:00:00Z,1630137600000,0.00014426
2021-08-28T16:00:00Z,1630166400000,0.00011073
2021-08-29T00:00:00Z,1630195200000,0.00016779
2021-08-29T08:00:00Z,1630224000002,0.00010000
2021-08-29T16:00:00Z,1630252800005,0.00010000
2021-08-30T00:00:00Z,1630281600013,0.00010000
2021-08-30T08:00:00Z,1630310400008,0.00010000
2021-08-30T16:00:00Z,1630339200000,0.00010000
2021-08-31T00:00:00Z,1630368000000,0.00010000
2021-08-31T08:00:00Z,1630396800007,0.00010000
2021-08-31T16:00:00Z,1630425600003,0.00020707
2021-09-01T00:00:00Z,1630454400000,0.00010000
2021-09-01T08:00:00Z,1630483200006,0.00010000
2021-09-01T16:00:00Z,1630512000000,0.00010000
2021-09-02T00:00:00Z,1630540800009,0.00025742
2021-09-02T08:00:00Z,1630569600006,0.00079808
2021-09-02T16:00:00Z,1630598400007,0.00028890
2021-09-03T00:00:00Z,1630627200011,0.00027417
2021-09-03T08:00:00Z,1630656000000,0.00037778
2021-09-03T16:00:00Z,1630684800002,0.00065309
2021-09-04T00:00:00Z,1630713600003,0.00076883
2021-09-04T08:00:00Z,1630742400008,0.00071420
2021-09-04T16:00:00Z,1630771200009,0.00075670
2021-09-05T00:00:00Z,1630800000002,0.00070354
2021-09-05T08:00:00Z,1630828800002,0.00058378
2021-09-05T16:00:00Z,1630857600000,0.00080725
2021-09-06T00:00:00Z,1630886400003,0.00085353
2021-09-06T08:00:00Z,1630915200008,0.00041269
2021-09-06T16:00:00Z,1630944000009,0.00044698
2021-09-07T00:00:00Z,1630972800004,0.00058234
2021-09-07T08:00:00Z,1631001600002,0.00066382
2021-09-07T16:00:00Z,1631030400001,0.00010000
2021-09-08T00:00:00Z,1631059200005,0.00010000
2021-09-08T08:00:00Z,1631088000000,0.00010000
2021-09-08T16:00:00Z,1631116800000,0.00010000
2021-09-09T00:00:00Z,1631145600006,0.00010000
2021-09-09T08:00:00Z,1631174400014,0.00010000
2021-09-09T16:00:00Z,1631203200002,0.00010000
2021-09-10T00:00:00Z,1631232000001,0.00010000
2021-09-10T08:00:00Z,1631260800018,0.00010000
2021-09-10T16:00:00Z,1631289600006,0.00010000
2021-09-11T00:00:00Z,1631318400000,0.00010000
2021-09-11T08:00:00Z,1631347200001,0.00010000
2021-09-11T16:00:00Z,1631376000000,0.00010000
2021-09-12T00:00:00Z,1631404800000,0.00010000
2021-09-12T08:00:00Z,1631433600002,0.00010000
2021-09-12T16:00:00Z,1631462400000,0.00010000
2021-09-13T00:00:00Z,1631491200000,0.00010000
2021-09-13T08:00:00Z,1631520000007,0.00010000
2021-09-13T16:00:00Z,1631548800005,0.00010000
2021-09-14T00:00:00Z,1631577600002,0.00010000
2021-09-14T08:00:00Z,1631606400000,0.00010000
2021-09-14T16:00:00Z,1631635200007,0.00010000
2021-09-15T00:00:00Z,1631664000012,0.00010000
2021-09-15T08:00:00Z,1631692800003,0.00010000
2021-09-15T16:00:00Z,1631721600006,0.00010000
2021-09-16T00:00:00Z,1631750400008,0.00010000
2021-09-16T08:00:00Z,1631779200005,0.00010000
2021-09-16T16:00:00Z,1631808000002,0.00010000
2021-09-17T00:00:00Z,1631836800000,0.00010000
2021-09-17T08:00:00Z,1631865600047,0.00010000
2021-09-17T16:00:00Z,1631894400013,0.00010000
2021-09-18T00:00:00Z,1631923200000,0.00010000
2021-09-18T08:00:00Z,1631952000010,0.00010000
2021-09-18T16:00:00Z,1631980800005,0.00010000
2021-09-19T00:00:00Z,1632009600006,0.00010000
2021-09-19T08:00:00Z,1632038400015,0.00010000
2021-09-19T16:00:00Z,1632067200007,0.00010000
2021-09-20T00:00:00Z,1632096000018,0.00010000
2021-09-20T08:00:00Z,1632124800000,0.00010000
2021-09-20T16:00:00Z,1632153600005,0.00010000
2021-09-21T00:00:00Z,1632182400005,0.00010000
2021-09-21T08:00:00Z,1632211200007,0.00010000
2021-09-21T16:00:00Z,1632240000000,0.00010000
2021-09-22T00:00:00Z,1632268800005,0.00010000
2021-09-22T08:00:00Z,1632297600006,0.00010000
2021-09-22T16:00:00Z,1632326400000,0.00010000
2021-09-23T00:00:00Z,1632355200003,0.00010000
2021-09-23T08:00:00Z,1632384000000,0.00010000
2021-09-23T16:00:00Z,1632412800007,0.00010000
2021-09-24T00:00:00Z,1632441600000,0.00000055
2021-09-24T08:00:00Z,1632470400017,0.00000875
2021-09-24T16:00:00Z,1632499200000,-0.00011220
2021-09-25T00:00:00Z,1632528000007,-0.00000748
2021-09-25T08:00:00Z,1632556800002,-0.00001988
2021-09-25T16:00:00Z,1632585600004,0.00003479
2021-09-26T00:00:00Z,1632614400013,0.00010000
2021-09-26T08:00:00Z,1632643200000,0.00002634
2021-09-26T16:00:00Z,1632672000005,0.00002827
2021-09-27T00:00:00Z,1632700800000,0.00010000
2021-09-27T08:00:00Z,1632729600001,0.00010000
2021-09-27T16:00:00Z,1632758400000,0.00010000
2021-09-28T00:00:00Z,1632787200000,-0.00000856
2021-09-28T08:00:00Z,1632816000014,0.00002806
2021-09-28T16:00:00Z,1632844800000,0.00001524
2021-09-29T00:00:00Z,1632873600000,-0.00008501
2021-09-29T08:00:00Z,1632902400002,-0.00002112
2021-09-29T16:00:00Z,1632931200000,0.00010000
2021-09-30T00:00:00Z,1632960000000,-0.00012951
2021-09-30T08:00:00Z,1632988800004,0.00010000
2021-09-30T16:00:00Z,1633017600005,0.00010000
2021-10-01T00:00:00Z,1633046400012,0.00004598
2021-10-01T08:00:00Z,1633075200008,0.00002073
2021-10-01T16:00:00Z,1633104000000,0.00010000
2021-10-02T00:00:00Z,1633132800000,0.00010000
2021-10-02T08:00:00Z,1633161600002,0.00010000
2021-10-02T16:00:00Z,1633190400011,0.00010000
2021-10-03T00:00:00Z,1633219200019,0.00010000
2021-10-03T08:00:00Z,1633248000011,0.00010000
2021-10-03T16:00:00Z,1633276800004,0.00010000
2021-10-04T00:00:00Z,1633305600004,0.00010000
2021-10-04T08:00:00Z,1633334400000,0.00010000
2021-10-04T16:00:00Z,1633363200000,0.00010000
2021-10-05T00:00:00Z,1633392000007,0.00010000
2021-10-05T08:00:00Z,1633420800007,0.00010000
2021-10-05T16:00:00Z,1633449600004,0.00010000
2021-10-06T00:00:00Z,1633478400002,0.00010000
2021-10-06T08:00:00Z,1633507200000,0.00010000
2021-10-06T16:00:00Z,1633536000003,0.00014323
2021-10-07T00:00:00Z,1633564800007,0.00031991
2021-10-07T08:00:00Z,1633593600002,0.00019601
2021-10-07T16:00:00Z,1633622400000,0.00024648
2021-10-08T00:00:00Z,1633651200011,0.00018942
2021-10-08T08:00:00Z,1633680000003,0.00010000
2021-10-08T16:00:00Z,1633708800002,0.00026363
2021-10-09T00:00:00Z,1633737600006,0.00010000
2021-10-09T08:00:00Z,1633766400003,0.00010000
2021-10-09T16:00:00Z,1633795200000,0.00010000
2021-10-10T00:00:00Z,1633824000000,0.00010000
2021-10-10T08:00:00Z,1633852800008,0.00010000
2021-10-10T16:00:00Z,1633881600000,0.00010000
2021-10-11T00:00:00Z,1633910400002,0.00010000
2021-10-11T08:00:00Z,1633939200001,0.00010000
2021-10-11T16:00:00Z,1633968000006,0.00033070
2021-10-12T00:00:00Z,1633996800008,0.00010000
2021-10-12T08:00:00Z,1634025600013,0.00010000
2021-10-12T16:00:00Z,1634054400003,0.00010000
2021-10-13T00:00:00Z,1634083200003,0.00010000
2021-10-13T08:00:00Z,1634112000015,0.00010000
2021-10-13T16:00:00Z,1634140800000,0.00010000
2021-10-14T00:00:00Z,1634169600011,0.00018908
2021-10-14T08:00:00Z,1634198400017,0.00028381
2021-10-14T16:00:00Z,1634227200000,0.00032142
2021-10-15T00:00:00Z,1634256000005,0.00041315
2021-10-15T08:00:00Z,1634284800002,0.00039194
2021-10-15T16:00:00Z,1634313600005,0.00023043
2021-10-16T00:00:00Z,1634342400009,0.00031365
2021-10-16T08:00:00Z,1634371200000,0.00024049
2021-10-16T16:00:00Z,1634400000003,0.00052591
2021-10-17T00:00:00Z,1634428800001,0.00033305
2021-10-17T08:00:00Z,1634457600002,0.00037505
2021-10-17T16:00:00Z,1634486400002,0.00053706
2021-10-18T00:00:00Z,1634515200006,0.00023924
2021-10-18T08:00:00Z,1634544000004,0.00038270
2021-10-18T16:00:00Z,1634572800001,0.00019680
2021-10-19T00:00:00Z,1634601600002,0.00036846
2021-10-19T08:00:00Z,1634630400000,0.00035703
2021-10-19T16:00:00Z,1634659200000,0.00020322
2021-10-20T00:00:00Z,1634688000017,0.00030103
2021-10-20T08:00:00Z,1634716800004,0.00022709
2021-10-20T16:00:00Z,1634745600020,0.00072515
2021-10-21T00:00:00Z,1634774400000,0.00050619
2021-10-21T08:00:00Z,1634803200000,0.00051537
2021-10-21T16:00:00Z,1634832000008,0.00080402
2021-10-22T00:00:00Z,1634860800005,0.00035282
2021-10-22T08:00:00Z,1634889600005,0.00034276
2021-10-22T16:00:00Z,1634918400018,0.00032256
2021-10-23T00:00:00Z,1634947200005,0.00023902
2021-10-23T08:00:00Z,1634976000001,0.00015138
2021-10-23T16:00:00Z,1635004800004,0.00024606
2021-10-24T00:00:00Z,1635033600006,0.00018961
2021-10-24T08:00:00Z,1635062400012,0.00046408
2021-10-24T16:00:00Z,1635091200001,0.00039289
2021-10-25T00:00:00Z,1635120000012,0.00019298
2021-10-25T08:00:00Z,1635148800002,0.00047527
2021-10-25T16:00:00Z,1635177600022,0.00048823
2021-10-26T00:00:00Z,1635206400005,0.00039142
2021-10-26T08:00:00Z,1635235200016,0.00037012
2021-10-26T16:00:00Z,1635264000000,0.00043832
2021-10-27T00:00:00Z,1635292800004,0.00030844
2021-10-27T08:00:00Z,1635321600000,0.00059665
2021-10-27T16:00:00Z,1635350400002,0.00012399
2021-10-28T00:00:00Z,1635379200002,0.00019556
2021-10-28T08:00:00Z,1635408000000,0.00010000
2021-10-28T16:00:00Z,1635436800005,0.00010000
2021-10-29T00:00:00Z,1635465600000,0.00025971
2021-10-29T08:00:00Z,1635494400007,0.00040402
2021-10-29T16:00:00Z,1635523200001,0.00037311
2021-10-30T00:00:00Z,1635552000000,0.00013087
2021-10-30T08:00:00Z,1635580800001,0.00046654
2021-10-30T16:00:00Z,1635609600013,0.00024213
2021-10-31T00:00:00Z,1635638400008,0.00013682
2021-10-31T08:00:00Z,1635667200010,0.00010000
2021-10-31T16:00:00Z,1635696000001,0.00021779
2021-11-01T00:00:00Z,1635724800009,0.00024088
2021-11-01T08:00:00Z,1635753600014,0.00013798
2021-11-01T16:00:00Z,1635782400001,0.00026687
2021-11-02T00:00:00Z,1635811200000,0.00020736
2021-11-02T08:00:00Z,1635840000007,0.00045079
2021-11-02T16:00:00Z,1635868800010,0.00052167
2021-11-03T00:00:00Z,1635897600019,0.00010000
2021-11-03T08:00:00Z,1635926400000,0.00044614
2021-11-03T16:00:00Z,1635955200005,0.00025564
2021-11-04T00:00:00Z,1635984000006,0.00047967
2021-11-04T08:00:00Z,1636012800004,0.00031370
2021-11-04T16:00:00Z,1636041600004,0.00028111
2021-11-05T00:00:00Z,1636070400000,0.00022380
2021-11-05T08:00:00Z,1636099200013,0.00014351
2021-11-05T16:00:00Z,1636128000016,0.00033389
2021-11-06T00:00:00Z,1636156800010,0.00040376
2021-11-06T08:00:00Z,1636185600000,0.00043015
2021-11-06T16:00:00Z,1636214400007,0.00010000
2021-11-07T00:00:00Z,1636243200013,0.00023166
2021-11-07T08:00:00Z,1636272000005,0.00018519
2021-11-07T16:00:00Z,1636300800004,0.00032259
2021-11-08T00:00:00Z,1636329600001,0.00021005
2021-11-08T08:00:00Z,1636358400000,0.00028714
2021-11-08T16:00:00Z,1636387200000,0.00023000
2021-11-09T00:00:00Z,1636416000000,0.00010000
2021-11-09T08:00:00Z,1636444800014,0.00010000
2021-11-09T16:00:00Z,1636473600001,0.00010000
2021-11-10T00:00:00Z,1636502400000,0.00021036
2021-11-10T08:00:00Z,1636531200003,0.00020446
2021-11-10T16:00:00Z,1636560000001,0.00027928
2021-11-11T00:00:00Z,1636588800008,0.00017220
2021-11-11T08:00:00Z,1636617600012,0.00015754
2021-11-11T16:00:00Z,1636646400007,0.00010000
2021-11-12T00:00:00Z,1636675200000,0.00010000
2021-11-12T08:00:00Z,1636704000000,0.00010000
2021-11-12T16:00:00Z,1636732800004,0.00010000
2021-11-13T00:00:00Z,1636761600000,0.00010000
2021-11-13T08:00:00Z,1636790400004,0.00010000
2021-11-13T16:00:00Z,1636819200006,0.00010000
2021-11-14T00:00:00Z,1636848000010,0.00010000
2021-11-14T08:00:00Z,1636876800001,0.00010000
2021-11-14T16:00:00Z,1636905600000,0.00010000
2021-11-15T00:00:00Z,1636934400008,0.00023003
2021-11-15T08:00:00Z,1636963200000,0.00024530
2021-11-15T16:00:00Z,1636992000000,0.00010000
2021-11-16T00:00:00Z,1637020800000,0.00015753
2021-11-16T08:00:00Z,1637049600001,0.00010000
2021-11-16T16:00:00Z,1637078400018,0.00010000
2021-11-17T00:00:00Z,1637107200005,0.00010000
2021-11-17T08:00:00Z,1637136000007,0.00010000
2021-11-17T16:00:00Z,1637164800003,0.00010000
2021-11-18T00:00:00Z,1637193600017,0.00010000
2021-11-18T08:00:00Z,1637222400007,0.00010000
2021-11-18T16:00:00Z,1637251200011,0.00010000
2021-11-19T00:00:00Z,1637280000000,0.00010000
2021-11-19T08:00:00Z,1637308800000,0.00010000
2021-11-19T16:00:00Z,1637337600005,0.00010000
2021-11-20T00:00:00Z,1637366400012,0.00010000
2021-11-20T08:00:00Z,1637395200000,0.00010000
2021-11-20T16:00:00Z,1637424000007,0.00010000
2021-11-21T00:00:00Z,1637452800000,0.00010000
2021-11-21T08:00:00Z,1637481600006,0.00010000
2021-11-21T16:00:00Z,1637510400000,0.00010000
2021-11-22T00:00:00Z,1637539200004,0.00010000
2021-11-22T08:00:00Z,1637568000000,0.00010000
2021-11-22T16:00:00Z,1637596800000,0.00010000
2021-11-23T00:00:00Z,1637625600004,0.00010000
2021-11-23T08:00:00Z,1637654400010,0.00010000
2021-11-23T16:00:00Z,1637683200005,0.00010000
2021-11-24T00:00:00Z,1637712000001,0.00010000
2021-11-24T08:00:00Z,1637740800003,0.00010000
2021-11-24T16:00:00Z,1637769600010,0.00010000
2021-11-25T00:00:00Z,1637798400000,0.00010000
2021-11-25T08:00:00Z,1637827200010,0.00010000
2021-11-25T16:00:00Z,1637856000000,0.00035137
2021-11-26T00:00:00Z,1637884800000,0.00026113
2021-11-26T08:00:00Z,1637913600000,0.00027132
2021-11-26T16:00:00Z,1637942400016,0.00010000
2021-11-27T00:00:00Z,1637971200005,0.00010000
2021-11-27T08:00:00Z,1638000000008,0.00010000
2021-11-27T16:00:00Z,1638028800007,0.00010000
2021-11-28T00:00:00Z,1638057600018,0.00010000
2021-11-28T08:00:00Z,1638086400000,0.00010000
2021-11-28T16:00:00Z,1638115200004,0.00010000
2021-11-29T00:00:00Z,1638144000002,0.00010000
2021-11-29T08:00:00Z,1638172800004,0.00010000
2021-11-29T16:00:00Z,1638201600000,0.00010000
2021-11-30T00:00:00Z,1638230400000,0.00010000
2021-11-30T08:00:00Z,1638259200006,0.00010000
2021-11-30T16:00:00Z,1638288000000,0.00019202
2021-12-01T00:00:00Z,1638316800000,0.00016250
2021-12-01T08:00:00Z,1638345600000,0.00010000
2021-12-01T16:00:00Z,1638374400001,0.00010000
2021-12-02T00:00:00Z,1638403200000,0.00010000
2021-12-02T08:00:00Z,1638432000007,0.00010000
2021-12-02T16:00:00Z,1638460800008,0.00010000
2021-12-03T00:00:00Z,1638489600004,0.00012562
2021-12-03T08:00:00Z,1638518400002,0.00010000
2021-12-03T16:00:00Z,1638547200006,0.00010000
2021-12-04T00:00:00Z,1638576000006,0.00010000
2021-12-04T08:00:00Z,1638604800004,0.00006583
2021-12-04T16:00:00Z,1638633600000,0.00010000
2021-12-05T00:00:00Z,1638662400003,0.00010000
2021-12-05T08:00:00Z,1638691200008,0.00010000
2021-12-05T16:00:00Z,1638720000007,0.00010000
2021-12-06T00:00:00Z,1638748800009,0.00010000
2021-12-06T08:00:00Z,1638777600001,0.00010000
2021-12-06T16:00:00Z,1638806400000,0.00010000
2021-12-07T00:00:00Z,1638835200018,0.00010000
2021-12-07T08:00:00Z,1638864000000,0.00007060
2021-12-07T16:00:00Z,1638892800000,0.00010000
2021-12-08T00:00:00Z,1638921600000,0.00010000
2021-12-08T08:00:00Z,1638950400018,0.00010000
2021-12-08T16:00:00Z,1638979200010,0.00010000
2021-12-09T00:00:00Z,1639008000010,0.00010000
2021-12-09T08:00:00Z,1639036800000,0.00010000
2021-12-09T16:00:00Z,1639065600000,0.00010000
2021-12-10T00:00:00Z,1639094400000,0.00010000
2021-12-10T08:00:00Z,1639123200008,0.00010000
2021-12-10T16:00:00Z,1639152000012,-0.00001037
2021-12-11T00:00:00Z,1639180800009,0.00010000
2021-12-11T08:00:00Z,1639209600008,0.00010000
2021-12-11T16:00:00Z,1639238400000,0.00008719
2021-12-12T00:00:00Z,1639267200001,0.00010000
2021-12-12T08:00:00Z,1639296000015,0.00010000
2021-12-12T16:00:00Z,1639324800011,0.00010000
2021-12-13T00:00:00Z,1639353600006,0.00010000
2021-12-13T08:00:00Z,1639382400019,-0.00005974
2021-12-13T16:00:00Z,1639411200000,0.00004163
2021-12-14T00:00:00Z,1639440000004,-0.00005267
2021-12-14T08:00:00Z,1639468800000,0.00010000
2021-12-14T16:00:00Z,1639497600015,0.00010000
2021-12-15T00:00:00Z,1639526400000,0.00010000
2021-12-15T08:00:00Z,1639555200008,0.00010000
2021-12-15T16:00:00Z,1639584000005,0.00010000
2021-12-16T00:00:00Z,1639612800006,0.00010000
2021-12-16T08:00:00Z,1639641600009,0.00010000
2021-12-16T16:00:00Z,1639670400000,0.00003234
2021-12-17T00:00:00Z,1639699200000,0.00010000
2021-12-17T08:00:00Z,1639728000005,0.00010000
2021-12-17T16:00:00Z,1639756800006,0.00010000
2021-12-18T00:00:00Z,1639785600014,0.00010000
2021-12-18T08:00:00Z,1639814400012,0.00005422
2021-12-18T16:00:00Z,1639843200000,0.00010000
2021-12-19T00:00:00Z,1639872000031,0.00004353
2021-12-19T08:00:00Z,1639900800000,0.00010000
2021-12-19T16:00:00Z,1639929600003,0.00010000
2021-12-20T00:00:00Z,1639958400015,0.00010000
2021-12-20T08:00:00Z,1639987200007,0.00010000
2021-12-20T16:00:00Z,1640016000005,0.00010000
2021-12-21T00:00:00Z,1640044800003,0.00010000
2021-12-21T08:00:00Z,1640073600012,0.00010000
2021-12-21T16:00:00Z,1640102400005,0.00010000
2021-12-22T00:00:00Z,1640131200000,0.00010000
2021-12-22T08:00:00Z,1640160000001,0.00010000
2021-12-22T16:00:00Z,1640188800006,0.00010000
2021-12-23T00:00:00Z,1640217600011,0.00010000
2021-12-23T08:00:00Z,1640246400000,0.00010000
2021-12-23T16:00:00Z,1640275200000,0.00003383
2021-12-24T00:00:00Z,1640304000005,0.00010000
2021-12-24T08:00:00Z,1640332800000,0.00010000
2021-12-24T16:00:00Z,1640361600011,0.00010000
2021-12-25T00:00:00Z,1640390400000,0.00010000
2021-12-25T08:00:00Z,1640419200001,0.00010000
2021-12-25T16:00:00Z,1640448000005,0.00010000
2021-12-26T00:00:00Z,1640476800004,0.00010000
2021-12-26T08:00:00Z,1640505600002,0.00010000
2021-12-26T16:00:00Z,1640534400000,0.00010000
2021-12-27T00:00:00Z,1640563200002,0.00010000
2021-12-27T08:00:00Z,1640592000005,0.00010000
2021-12-27T16:00:00Z,1640620800000,0.00010000
2021-12-28T00:00:00Z,1640649600000,0.00010000
2021-12-28T08:00:00Z,1640678400012,0.00002254
2021-12-28T16:00:00Z,1640707200000,0.00004226
2021-12-29T00:00:00Z,1640736000006,0.00008064
2021-12-29T08:00:00Z,1640764800003,0.00010000
2021-12-29T16:00:00Z,1640793600004,0.00006859
2021-12-30T00:00:00Z,1640822400003,0.00009232
2021-12-30T08:00:00Z,1640851200001,-0.00000764
2021-12-30T16:00:00Z,1640880000017,0.00010000
2021-12-31T00:00:00Z,1640908800006,0.00006849
2021-12-31T08:00:00Z,1640937600009,0.00000972
2021-12-31T16:00:00Z,1640966400000,0.00010000
2022-01-01T00:00:00Z,1640995200006,0.00010000
2022-01-01T08:00:00Z,1641024000009,0.00010000
2022-01-01T16:00:00Z,1641052800000,0.00010000
2022-01-02T00:00:00Z,1641081600028,0.00003876
2022-01-02T08:00:00Z,1641110400000,0.00002263
2022-01-02T16:00:00Z,1641139200000,0.00006714
2022-01-03T00:00:00Z,1641168000010,0.00006973
2022-01-03T08:00:00Z,1641196800013,0.00005084
2022-01-03T16:00:00Z,1641225600018,0.00007394
2022-01-04T00:00:00Z,1641254400000,0.00010000
2022-01-04T08:00:00Z,1641283200010,0.00010000
2022-01-04T16:00:00Z,1641312000002,0.00010000
2022-01-05T00:00:00Z,1641340800001,0.00010000
2022-01-05T08:00:00Z,1641369600017,0.00010000
2022-01-05T16:00:00Z,1641398400000,0.00010000
2022-01-06T00:00:00Z,1641427200002,0.00005376
2022-01-06T08:00:00Z,1641456000021,0.00010000
2022-01-06T16:00:00Z,1641484800006,0.00004332
2022-01-07T00:00:00Z,1641513600005,0.00001935
2022-01-07T08:00:00Z,1641542400000,0.00010000
2022-01-07T16:00:00Z,1641571200001,0.00010000
2022-01-08T00:00:00Z,1641600000014,0.00010000
2022-01-08T08:00:00Z,1641628800013,0.00010000
2022-01-08T16:00:00Z,1641657600000,0.00010000
2022-01-09T00:00:00Z,1641686400003,0.00010000
2022-01-09T08:00:00Z,1641715200000,-0.00007234
2022-01-09T16:00:00Z,1641744000000,0.00005470
2022-01-10T00:00:00Z,1641772800000,-0.00014593
2022-01-10T08:00:00Z,1641801600010,-0.00006361
2022-01-10T16:00:00Z,1641830400007,0.00001599
2022-01-11T00:00:00Z,1641859200013,0.00010000
2022-01-11T08:00:00Z,1641888000004,0.00006198
2022-01-11T16:00:00Z,1641916800000,0.00002718
2022-01-12T00:00:00Z,1641945600012,-0.00006878
2022-01-12T08:00:00Z,1641974400015,0.00008036
2022-01-12T16:00:00Z,1642003200000,-0.00019812
2022-01-13T00:00:00Z,1642032000007,-0.00002315
2022-01-13T08:00:00Z,1642060800000,0.00010000
2022-01-13T16:00:00Z,1642089600014,-0.00001444
2022-01-14T00:00:00Z,1642118400000,0.00010000
2022-01-14T08:00:00Z,1642147200006,0.00010000
2022-01-14T16:00:00Z,1642176000014,-0.00001294
2022-01-15T00:00:00Z,1642204800000,0.00009632
2022-01-15T08:00:00Z,1642233600002,0.00010000
2022-01-15T16:00:00Z,1642262400000,0.00010000
2022-01-16T00:00:00Z,1642291200000,0.00002224
2022-01-16T08:00:00Z,1642320000017,0.00009785
2022-01-16T16:00:00Z,1642348800011,0.00008585
2022-01-17T00:00:00Z,1642377600005,0.00002683
2022-01-17T08:00:00Z,1642406400006,0.00004250
2022-01-17T16:00:00Z,1642435200012,-0.00005944
2022-01-18T00:00:00Z,1642464000020,0.00007549
2022-01-18T08:00:00Z,1642492800000,0.00003626
2022-01-18T16:00:00Z,1642521600013,0.00010000
2022-01-19T00:00:00Z,1642550400001,0.00010000
2022-01-19T08:00:00Z,1642579200000,-0.00001720
2022-01-19T16:00:00Z,1642608000000,0.00010000
2022-01-20T00:00:00Z,1642636800015,0.00010000
2022-01-20T08:00:00Z,1642665600000,0.00010000
2022-01-20T16:00:00Z,1642694400000,0.00010000
2022-01-21T00:00:00Z,1642723200007,-0.00000805
2022-01-21T08:00:00Z,1642752000015,-0.00005915
2022-01-21T16:00:00Z,1642780800000,0.00008447
2022-01-22T00:00:00Z,1642809600017,0.00007145
2022-01-22T08:00:00Z,1642838400003,0.00010000
2022-01-22T16:00:00Z,1642867200021,0.00009327
2022-01-23T00:00:00Z,1642896000026,0.00010000
2022-01-23T08:00:00Z,1642924800010,-0.00005208
2022-01-23T16:00:00Z,1642953600009,-0.00013320
2022-01-24T00:00:00Z,1642982400010,0.00010000
2022-01-24T08:00:00Z,1643011200000,-0.00011775
2022-01-24T16:00:00Z,1643040000021,0.00010000
2022-01-25T00:00:00Z,1643068800000,0.00001695
2022-01-25T08:00:00Z,1643097600000,0.00005831
2022-01-25T16:00:00Z,1643126400012,-0.00007880
2022-01-26T00:00:00Z,1643155200000,-0.00004048
2022-01-26T08:00:00Z,1643184000001,-0.00007941
2022-01-26T16:00:00Z,1643212800005,-0.00020069
2022-01-27T00:00:00Z,1643241600004,-0.00008756
2022-01-27T08:00:00Z,1643270400004,0.00002801
2022-01-27T16:00:00Z,1643299200019,-0.00014218
2022-01-28T00:00:00Z,1643328000000,-0.00008132
2022-01-28T08:00:00Z,1643356800000,-0.00000297
2022-01-28T16:00:00Z,1643385600025,-0.00008379
2022-01-29T00:00:00Z,1643414400017,-0.00000850
2022-01-29T08:00:00Z,1643443200000,0.00010000
2022-01-29T16:00:00Z,1643472000013,-0.00000997
2022-01-30T00:00:00Z,1643500800025,0.00002848
2022-01-30T08:00:00Z,1643529600009,-0.00006536
2022-01-30T16:00:00Z,1643558400000,0.00002989
2022-01-31T00:00:00Z,1643587200000,0.00005139
2022-01-31T08:00:00Z,1643616000000,-0.00010687
2022-01-31T16:00:00Z,1643644800000,-0.00001151
2022-02-01T00:00:00Z,1643673600010,0.00010000
2022-02-01T08:00:00Z,1643702400000,-0.00010276
2022-02-01T16:00:00Z,1643731200004,-0.00020797
2022-02-02T00:00:00Z,1643760000004,-0.00006256
2022-02-02T08:00:00Z,1643788800000,-0.00000017
2022-02-02T16:00:00Z,1643817600002,0.00000407
2022-02-03T00:00:00Z,1643846400002,-0.00038034
2022-02-03T08:00:00Z,1643875200000,-0.00005850
2022-02-03T16:00:00Z,1643904000000,-0.00007881
2022-02-04T00:00:00Z,1643932800018,0.00010000
2022-02-04T08:00:00Z,1643961600005,0.00008786
2022-02-04T16:00:00Z,1643990400010,0.00010000
2022-02-05T00:00:00Z,1644019200014,0.00010000
2022-02-05T08:00:00Z,1644048000000,0.00007456
2022-02-05T16:00:00Z,1644076800000,0.00004351
2022-02-06T00:00:00Z,1644105600000,0.00010000
2022-02-06T08:00:00Z,1644134400000,0.00010000
2022-02-06T16:00:00Z,1644163200000,0.00010000
2022-02-07T00:00:00Z,1644192000003,-0.00000725
2022-02-07T08:00:00Z,1644220800014,0.00008150
2022-02-07T16:00:00Z,1644249600003,0.00001491
2022-02-08T00:00:00Z,1644278400001,0.00010000
2022-02-08T08:00:00Z,1644307200003,0.00001620
2022-02-08T16:00:00Z,1644336000002,0.00007718
2022-02-09T00:00:00Z,1644364800000,0.00010000
2022-02-09T08:00:00Z,1644393600005,-0.00000162
2022-02-09T16:00:00Z,1644422400001,0.00007116
2022-02-10T00:00:00Z,1644451200012,-0.00002777
2022-02-10T08:00:00Z,1644480000000,-0.00003259
2022-02-10T16:00:00Z,1644508800006,0.00001908
2022-02-11T00:00:00Z,1644537600000,-0.00011327
2022-02-11T08:00:00Z,1644566400009,0.00010000
2022-02-11T16:00:00Z,1644595200015,-0.00004783
2022-02-12T00:00:00Z,1644624000020,0.00010000
2022-02-12T08:00:00Z,1644652800001,0.00010000
2022-02-12T16:00:00Z,1644681600007,0.00010000
2022-02-13T00:00:00Z,1644710400022,0.00001665
2022-02-13T08:00:00Z,1644739200001,0.00006235
2022-02-13T16:00:00Z,1644768000007,-0.00002875
2022-02-14T00:00:00Z,1644796800005,0.00009155
2022-02-14T08:00:00Z,1644825600013,0.00006358
2022-02-14T16:00:00Z,1644854400019,0.00010000
2022-02-15T00:00:00Z,1644883200012,0.00007379
2022-02-15T08:00:00Z,1644912000005,0.00004572
2022-02-15T16:00:00Z,1644940800011,-0.00005099
2022-02-16T00:00:00Z,1644969600009,0.00010000
2022-02-16T08:00:00Z,1644998400001,0.00010000
2022-02-16T16:00:00Z,1645027200014,0.00010000
2022-02-17T00:00:00Z,1645056000018,0.00010000
2022-02-17T08:00:00Z,1645084800000,0.00001611
2022-02-17T16:00:00Z,1645113600010,0.00004771
2022-02-18T00:00:00Z,1645142400000,-0.00003865
2022-02-18T08:00:00Z,1645171200002,-0.00009187
2022-02-18T16:00:00Z,1645200000000,0.00003508
2022-02-19T00:00:00Z,1645228800007,0.00010000
2022-02-19T08:00:00Z,1645257600000,0.00007039
2022-02-19T16:00:00Z,1645286400023,0.00004883
2022-02-20T00:00:00Z,1645315200001,-0.00003349
2022-02-20T08:00:00Z,1645344000003,0.00005414
2022-02-20T16:00:00Z,1645372800001,0.00003264
2022-02-21T00:00:00Z,1645401600000,0.00007012
2022-02-21T08:00:00Z,1645430400001,-0.00014003
2022-02-21T16:00:00Z,1645459200005,0.00007007
2022-02-22T00:00:00Z,1645488000005,0.00000865
2022-02-22T08:00:00Z,1645516800000,-0.00003630
2022-02-22T16:00:00Z,1645545600000,0.00005962
2022-02-23T00:00:00Z,1645574400002,0.00009188
2022-02-23T08:00:00Z,1645603200005,-0.00003926
2022-02-23T16:00:00Z,1645632000010,-0.00003644
2022-02-24T00:00:00Z,1645660800008,-0.00001113
2022-02-24T08:00:00Z,1645689600003,-0.00003560
2022-02-24T16:00:00Z,1645718400001,-0.00006140
2022-02-25T00:00:00Z,1645747200000,0.00010000
2022-02-25T08:00:00Z,1645776000006,0.00010000
2022-02-25T16:00:00Z,1645804800001,0.00010000
2022-02-26T00:00:00Z,1645833600004,0.00010000
2022-02-26T08:00:00Z,1645862400004,0.00010000
2022-02-26T16:00:00Z,1645891200007,0.00010000
2022-02-27T00:00:00Z,1645920000012,0.00010000
2022-02-27T08:00:00Z,1645948800000,0.00000507
2022-02-27T16:00:00Z,1645977600000,0.00010000
2022-02-28T00:00:00Z,1646006400000,-0.00015064
2022-02-28T08:00:00Z,1646035200001,-0.00009020
2022-02-28T16:00:00Z,1646064000002,0.00005573
2022-03-01T00:00:00Z,1646092800002,0.00010000
2022-03-01T08:00:00Z,1646121600001,0.00010000
2022-03-01T16:00:00Z,1646150400000,0.00010000
2022-03-02T00:00:00Z,1646179200000,0.00010000
2022-03-02T08:00:00Z,1646208000000,0.00010000
2022-03-02T16:00:00Z,1646236800002,0.00010000
2022-03-03T00:00:00Z,1646265600000,0.00010000
2022-03-03T08:00:00Z,1646294400000,0.00010000
2022-03-03T16:00:00Z,1646323200005,0.00010000
2022-03-04T00:00:00Z,1646352000018,0.00010000
2022-03-04T08:00:00Z,1646380800000,0.00010000
2022-03-04T16:00:00Z,1646409600000,0.00010000
2022-03-05T00:00:00Z,1646438400006,0.00005192
2022-03-05T08:00:00Z,1646467200004,0.00001520
2022-03-05T16:00:00Z,1646496000000,0.00003064
2022-03-06T00:00:00Z,1646524800004,-0.00008875
2022-03-06T08:00:00Z,1646553600000,0.00005669
2022-03-06T16:00:00Z,1646582400013,0.00007500
2022-03-07T00:00:00Z,1646611200008,0.00003909
2022-03-07T08:00:00Z,1646640000006,-0.00001000
2022-03-07T16:00:00Z,1646668800000,0.00008669
2022-03-08T00:00:00Z,1646697600008,-0.00010024
2022-03-08T08:00:00Z,1646726400002,0.00010000
2022-03-08T16:00:00Z,1646755200000,0.00010000
2022-03-09T00:00:00Z,1646784000008,0.00006224
2022-03-09T08:00:00Z,1646812800000,0.00010000
2022-03-09T16:00:00Z,1646841600004,0.00010000
2022-03-10T00:00:00Z,1646870400000,0.00010000
2022-03-10T08:00:00Z,1646899200017,0.00005560
2022-03-10T16:00:00Z,1646928000000,-0.00003951
2022-03-11T00:00:00Z,1646956800008,0.00002542
2022-03-11T08:00:00Z,1646985600000,-0.00005910
2022-03-11T16:00:00Z,1647014400001,0.00008211
2022-03-12T00:00:00Z,1647043200010,0.00010000
2022-03-12T08:00:00Z,1647072000001,0.00005025
2022-03-12T16:00:00Z,1647100800002,0.00006255
2022-03-13T00:00:00Z,1647129600008,0.00002116
2022-03-13T08:00:00Z,1647158400000,0.00010000
2022-03-13T16:00:00Z,1647187200002,-0.00002698
2022-03-14T00:00:00Z,1647216000014,-0.00010352
2022-03-14T08:00:00Z,1647244800005,0.00010000
2022-03-14T16:00:00Z,1647273600002,0.00010000
2022-03-15T00:00:00Z,1647302400008,0.00010000
2022-03-15T08:00:00Z,1647331200000,-0.00000321
2022-03-15T16:00:00Z,1647360000006,-0.00004856
2022-03-16T00:00:00Z,1647388800013,0.00010000
2022-03-16T08:00:00Z,1647417600000,0.00009131
2022-03-16T16:00:00Z,1647446400008,0.00005316
2022-03-17T00:00:00Z,1647475200004,0.00010000
2022-03-17T08:00:00Z,1647504000000,0.00010000
2022-03-17T16:00:00Z,1647532800004,0.00010000
2022-03-18T00:00:00Z,1647561600000,0.00010000
2022-03-18T08:00:00Z,1647590400000,0.00004709
2022-03-18T16:00:00Z,1647619200017,0.00005917
2022-03-19T00:00:00Z,1647648000008,0.00010000
2022-03-19T08:00:00Z,1647676800015,0.00010000
2022-03-19T16:00:00Z,1647705600000,0.00010000
2022-03-20T00:00:00Z,1647734400000,0.00010000
2022-03-20T08:00:00Z,1647763200001,0.00010000
2022-03-20T16:00:00Z,1647792000002,0.00010000
2022-03-21T00:00:00Z,1647820800013,0.00010000
2022-03-21T08:00:00Z,1647849600004,0.00010000
2022-03-21T16:00:00Z,1647878400010,0.00010000
2022-03-22T00:00:00Z,1647907200012,0.00010000
2022-03-22T08:00:00Z,1647936000001,0.00010000
2022-03-22T16:00:00Z,1647964800022,0.00010000
2022-03-23T00:00:00Z,1647993600007,0.00010000
2022-03-23T08:00:00Z,1648022400000,0.00008504
2022-03-23T16:00:00Z,1648051200006,-0.00003582
2022-03-24T00:00:00Z,1648080000013,-0.00001813
2022-03-24T08:00:00Z,1648108800006,0.00010000
2022-03-24T16:00:00Z,1648137600020,0.00010000
2022-03-25T00:00:00Z,1648166400010,0.00010000
2022-03-25T08:00:00Z,1648195200001,0.00010000
2022-03-25T16:00:00Z,1648224000014,0.00010000
2022-03-26T00:00:00Z,1648252800020,0.00010000
2022-03-26T08:00:00Z,1648281600006,0.00004979
2022-03-26T16:00:00Z,1648310400000,0.00010000
2022-03-27T00:00:00Z,1648339200004,0.00007576
2022-03-27T08:00:00Z,1648368000001,0.00000727
2022-03-27T16:00:00Z,1648396800006,-0.00001708
2022-03-28T00:00:00Z,1648425600012,0.00010000
2022-03-28T08:00:00Z,1648454400007,0.00010000
2022-03-28T16:00:00Z,1648483200000,0.00010000
2022-03-29T00:00:00Z,1648512000000,0.00010000
2022-03-29T08:00:00Z,1648540800015,0.00010000
2022-03-29T16:00:00Z,1648569600000,0.00008269
2022-03-30T00:00:00Z,1648598400000,0.00010000
2022-03-30T08:00:00Z,1648627200002,0.00010000
2022-03-30T16:00:00Z,1648656000028,0.00010000
2022-03-31T00:00:00Z,1648684800017,0.00010000
2022-03-31T08:00:00Z,1648713600000,0.00010000
2022-03-31T16:00:00Z,1648742400015,0.00010000
2022-04-01T00:00:00Z,1648771200000,0.00010000
2022-04-01T08:00:00Z,1648800000000,0.00010000
2022-04-01T16:00:00Z,1648828800018,0.00010000
2022-04-02T00:00:00Z,1648857600000,0.00010000
2022-04-02T08:00:00Z,1648886400002,0.00010000
2022-04-02T16:00:00Z,1648915200006,0.00010000
2022-04-03T00:00:00Z,1648944000018,0.00010000
2022-04-03T08:00:00Z,1648972800018,0.00010000
2022-04-03T16:00:00Z,1649001600015,0.00010000
2022-04-04T00:00:00Z,1649030400006,0.00010000
2022-04-04T08:00:00Z,1649059200000,0.00002896
2022-04-04T16:00:00Z,1649088000016,0.00010000
2022-04-05T00:00:00Z,1649116800000,0.00010000
2022-04-05T08:00:00Z,1649145600010,0.00010000
2022-04-05T16:00:00Z,1649174400008,0.00007974
2022-04-06T00:00:00Z,1649203200001,0.00009470
2022-04-06T08:00:00Z,1649232000021,-0.00014471
2022-04-06T16:00:00Z,1649260800000,0.00006028
2022-04-07T00:00:00Z,1649289600009,0.00008854
2022-04-07T08:00:00Z,1649318400000,-0.00009945
2022-04-07T16:00:00Z,1649347200000,0.00004585
2022-04-08T00:00:00Z,1649376000000,-0.00009963
2022-04-08T08:00:00Z,1649404800004,-0.00003214
2022-04-08T16:00:00Z,1649433600008,0.00010000
2022-04-09T00:00:00Z,1649462400008,0.00010000
2022-04-09T08:00:00Z,1649491200000,0.00010000
2022-04-09T16:00:00Z,1649520000001,0.00010000
2022-04-10T00:00:00Z,1649548800004,0.00010000
2022-04-10T08:00:00Z,1649577600007,0.00010000
2022-04-10T16:00:00Z,1649606400016,0.00005980
2022-04-11T00:00:00Z,1649635200000,0.00004676
2022-04-11T08:00:00Z,1649664000000,0.00010000
2022-04-11T16:00:00Z,1649692800009,0.00010000
2022-04-12T00:00:00Z,1649721600000,-0.00003306
2022-04-12T08:00:00Z,1649750400006,-0.00004036
2022-04-12T16:00:00Z,1649779200013,-0.00016064
2022-04-13T00:00:00Z,1649808000005,-0.00002262
2022-04-13T08:00:00Z,1649836800008,-0.00016876
2022-04-13T16:00:00Z,1649865600013,0.00003222
2022-04-14T00:00:00Z,1649894400007,-0.00002200
2022-04-14T08:00:00Z,1649923200000,0.00005593
2022-04-14T16:00:00Z,1649952000006,-0.00003051
2022-04-15T00:00:00Z,1649980800008,-0.00012221
2022-04-15T08:00:00Z,1650009600002,-0.00003677
2022-04-15T16:00:00Z,1650038400000,-0.00000334
2022-04-16T00:00:00Z,1650067200011,-0.00002900
2022-04-16T08:00:00Z,1650096000007,-0.00012314
2022-04-16T16:00:00Z,1650124800007,-0.00003323
2022-04-17T00:00:00Z,1650153600000,0.00002480
2022-04-17T08:00:00Z,1650182400004,-0.00006458
2022-04-17T16:00:00Z,1650211200000,0.00002937
2022-04-18T00:00:00Z,1650240000008,-0.00005257
2022-04-18T08:00:00Z,1650268800012,-0.00004410
2022-04-18T16:00:00Z,1650297600000,-0.00013169
2022-04-19T00:00:00Z,1650326400021,0.00008478
2022-04-19T08:00:00Z,1650355200031,0.00003976
2022-04-19T16:00:00Z,1650384000000,0.00002251
2022-04-20T00:00:00Z,1650412800025,0.00010000
2022-04-20T08:00:00Z,1650441600003,0.00006595
2022-04-20T16:00:00Z,1650470400000,-0.00000105
2022-04-21T00:00:00Z,1650499200000,-0.00009577
2022-04-21T08:00:00Z,1650528000000,-0.00012991
2022-04-21T16:00:00Z,1650556800024,-0.00000956
2022-04-22T00:00:00Z,1650585600008,-0.00011914
2022-04-22T08:00:00Z,1650614400008,-0.00017158
2022-04-22T16:00:00Z,1650643200008,-0.00002649
2022-04-23T00:00:00Z,1650672000000,0.00003778
2022-04-23T08:00:00Z,1650700800000,-0.00010115
2022-04-23T16:00:00Z,1650729600012,-0.00008574
2022-04-24T00:00:00Z,1650758400004,-0.00009091
2022-04-24T08:00:00Z,1650787200003,-0.00005652
2022-04-24T16:00:00Z,1650816000000,0.00000341
2022-04-25T00:00:00Z,1650844800008,0.00000321
2022-04-25T08:00:00Z,1650873600018,-0.00008588
2022-04-25T16:00:00Z,1650902400000,-0.00024996
2022-04-26T00:00:00Z,1650931200014,0.00010000
2022-04-26T08:00:00Z,1650960000000,0.00010000
2022-04-26T16:00:00Z,1650988800017,0.00004991
2022-04-27T00:00:00Z,1651017600012,-0.00014242
2022-04-27T08:00:00Z,1651046400000,-0.00025690
2022-04-27T16:00:00Z,1651075200002,0.00002591
2022-04-28T00:00:00Z,1651104000000,-0.00001675
2022-04-28T08:00:00Z,1651132800004,-0.00005776
2022-04-28T16:00:00Z,1651161600030,0.00010000
2022-04-29T00:00:00Z,1651190400000,0.00010000
2022-04-29T08:00:00Z,1651219200016,0.00010000
2022-04-29T16:00:00Z,1651248000010,0.00004578
2022-04-30T00:00:00Z,1651276800000,-0.00008896
2022-04-30T08:00:00Z,1651305600005,-0.00005202
2022-04-30T16:00:00Z,1651334400015,-0.00005736
2022-05-01T00:00:00Z,1651363200000,-0.00007153
2022-05-01T08:00:00Z,1651392000000,-0.00016213
2022-05-01T16:00:00Z,1651420800010,-0.00004432
2022-05-02T00:00:00Z,1651449600018,0.00004920
2022-05-02T08:00:00Z,1651478400007,-0.00007704
2022-05-02T16:00:00Z,1651507200000,-0.00000236
2022-05-03T00:00:00Z,1651536000006,0.00008762
2022-05-03T08:00:00Z,1651564800000,0.00006446
2022-05-03T16:00:00Z,1651593600021,0.00008725
2022-05-04T00:00:00Z,1651622400007,0.00009221
2022-05-04T08:00:00Z,1651651200011,0.00010000
2022-05-04T16:00:00Z,1651680000000,0.00010000
2022-05-05T00:00:00Z,1651708800005,0.00010000
2022-05-05T08:00:00Z,1651737600019,0.00010000
2022-05-05T16:00:00Z,1651766400005,0.00010000
2022-05-06T00:00:00Z,1651795200005,-0.00005032
2022-05-06T08:00:00Z,1651824000001,-0.00004640
2022-05-06T16:00:00Z,1651852800010,-0.00000246
2022-05-07T00:00:00Z,1651881600004,0.00005836
2022-05-07T08:00:00Z,1651910400016,0.00010000
2022-05-07T16:00:00Z,1651939200011,0.00007282
2022-05-08T00:00:00Z,1651968000000,0.00009867
2022-05-08T08:00:00Z,1651996800007,0.00010000
2022-05-08T16:00:00Z,1652025600015,0.00010000
2022-05-09T00:00:00Z,1652054400000,0.00010000
2022-05-09T08:00:00Z,1652083200001,0.00009424
2022-05-09T16:00:00Z,1652112000000,0.00009769
2022-05-10T00:00:00Z,1652140800000,0.00009833
2022-05-10T08:00:00Z,1652169600007,0.00006098
2022-05-10T16:00:00Z,1652198400008,0.00010000
2022-05-11T00:00:00Z,1652227200004,0.00007598
2022-05-11T08:00:00Z,1652256000007,0.00010000
2022-05-11T16:00:00Z,1652284800008,0.00007639
2022-05-12T00:00:00Z,1652313600014,-0.00018602
2022-05-12T08:00:00Z,1652342400000,-0.00079682
2022-05-12T16:00:00Z,1652371200007,-0.00028645
2022-05-13T00:00:00Z,1652400000014,-0.00009107
2022-05-13T08:00:00Z,1652428800001,-0.00016008
2022-05-13T16:00:00Z,1652457600000,-0.00002742
2022-05-14T00:00:00Z,1652486400000,0.00005029
2022-05-14T08:00:00Z,1652515200000,0.00009124
2022-05-14T16:00:00Z,1652544000001,0.00006884
2022-05-15T00:00:00Z,1652572800000,0.00010000
2022-05-15T08:00:00Z,1652601600000,0.00007136
2022-05-15T16:00:00Z,1652630400000,0.00007168
2022-05-16T00:00:00Z,1652659200021,0.00010000
2022-05-16T08:00:00Z,1652688000013,0.00010000
2022-05-16T16:00:00Z,1652716800006,-0.00000334
2022-05-17T00:00:00Z,1652745600000,0.00001965
2022-05-17T08:00:00Z,1652774400010,-0.00010278
2022-05-17T16:00:00Z,1652803200023,0.00000848
2022-05-18T00:00:00Z,1652832000003,0.00007107
2022-05-18T08:00:00Z,1652860800024,-0.00001537
2022-05-18T16:00:00Z,1652889600014,-0.00007218
2022-05-19T00:00:00Z,1652918400000,-0.00005373
2022-05-19T08:00:00Z,1652947200008,0.00000490
2022-05-19T16:00:00Z,1652976000015,0.00003757
2022-05-20T00:00:00Z,1653004800001,0.00010000
2022-05-20T08:00:00Z,1653033600003,0.00010000
2022-05-20T16:00:00Z,1653062400012,0.00006647
2022-05-21T00:00:00Z,1653091200008,0.00009991
2022-05-21T08:00:00Z,1653120000001,-0.00002669
2022-05-21T16:00:00Z,1653148800007,-0.00000360
2022-05-22T00:00:00Z,1653177600003,0.00004308
2022-05-22T08:00:00Z,1653206400016,0.00005296
2022-05-22T16:00:00Z,1653235200000,0.00010000
2022-05-23T00:00:00Z,1653264000011,0.00010000
2022-05-23T08:00:00Z,1653292800000,0.00010000
2022-05-23T16:00:00Z,1653321600023,0.00010000
2022-05-24T00:00:00Z,1653350400011,-0.00007860
2022-05-24T08:00:00Z,1653379200000,-0.00004871
2022-05-24T16:00:00Z,1653408000009,-0.00004040
2022-05-25T00:00:00Z,1653436800001,0.00001228
2022-05-25T08:00:00Z,1653465600000,0.00010000
2022-05-25T16:00:00Z,1653494400015,0.00006424
2022-05-26T00:00:00Z,1653523200005,0.00010000
2022-05-26T08:00:00Z,1653552000001,0.00003287
2022-05-26T16:00:00Z,1653580800000,-0.00014343
2022-05-27T00:00:00Z,1653609600007,0.00010000
2022-05-27T08:00:00Z,1653638400008,-0.00000153
2022-05-27T16:00:00Z,1653667200000,0.00005350
2022-05-28T00:00:00Z,1653696000018,0.00010000
2022-05-28T08:00:00Z,1653724800016,0.00006376
2022-05-28T16:00:00Z,1653753600013,0.00003132
2022-05-29T00:00:00Z,1653782400000,0.00010000
2022-05-29T08:00:00Z,1653811200025,0.00001764
2022-05-29T16:00:00Z,1653840000002,0.00001830
2022-05-30T00:00:00Z,1653868800000,0.00006492
2022-05-30T08:00:00Z,1653897600013,0.00001622
2022-05-30T16:00:00Z,1653926400005,0.00010000
2022-05-31T00:00:00Z,1653955200016,0.00007761
2022-05-31T08:00:00Z,1653984000000,0.00010000
2022-05-31T16:00:00Z,1654012800000,0.00010000
2022-06-01T00:00:00Z,1654041600000,0.00010000
2022-06-01T08:00:00Z,1654070400011,0.00010000
2022-06-01T16:00:00Z,1654099200000,0.00010000
2022-06-02T00:00:00Z,1654128000000,-0.00008505
2022-06-02T08:00:00Z,1654156800006,0.00004628
2022-06-02T16:00:00Z,1654185600021,0.00003599
2022-06-03T00:00:00Z,1654214400016,0.00005262
2022-06-03T08:00:00Z,1654243200016,0.00010000
2022-06-03T16:00:00Z,1654272000012,0.00002737
2022-06-04T00:00:00Z,1654300800005,0.00010000
2022-06-04T08:00:00Z,1654329600000,0.00010000
2022-06-04T16:00:00Z,1654358400007,0.00003000
2022-06-05T00:00:00Z,1654387200005,0.00003407
2022-06-05T08:00:00Z,1654416000015,0.00005246
2022-06-05T16:00:00Z,1654444800000,0.00005865
2022-06-06T00:00:00Z,1654473600000,0.00010000
2022-06-06T08:00:00Z,1654502400017,0.00009597
2022-06-06T16:00:00Z,1654531200000,0.00010000
2022-06-07T00:00:00Z,1654560000000,0.00010000
2022-06-07T08:00:00Z,1654588800011,-0.00003071
2022-06-07T16:00:00Z,1654617600000,0.00001156
2022-06-08T00:00:00Z,1654646400008,0.00010000
2022-06-08T08:00:00Z,1654675200020,0.00007041
2022-06-08T16:00:00Z,1654704000012,0.00010000
2022-06-09T00:00:00Z,1654732800000,0.00010000
2022-06-09T08:00:00Z,1654761600000,0.00005421
2022-06-09T16:00:00Z,1654790400000,0.00010000
2022-06-10T00:00:00Z,1654819200009,0.00010000
2022-06-10T08:00:00Z,1654848000000,0.00010000
2022-06-10T16:00:00Z,1654876800006,-0.00010846
2022-06-11T00:00:00Z,1654905600018,-0.00013495
2022-06-11T08:00:00Z,1654934400014,-0.00018605
2022-06-11T16:00:00Z,1654963200000,-0.00009290
2022-06-12T00:00:00Z,1654992000015,-0.00006025
2022-06-12T08:00:00Z,1655020800019,-0.00009914
2022-06-12T16:00:00Z,1655049600010,-0.00006827
2022-06-13T00:00:00Z,1655078400009,0.00001579
2022-06-13T08:00:00Z,1655107200000,-0.00000219
2022-06-13T16:00:00Z,1655136000007,-0.00005144
2022-06-14T00:00:00Z,1655164800013,-0.00004066
2022-06-14T08:00:00Z,1655193600008,-0.00005061
2022-06-14T16:00:00Z,1655222400006,-0.00002999
2022-06-15T00:00:00Z,1655251200000,-0.00005370
2022-06-15T08:00:00Z,1655280000016,-0.00016430
2022-06-15T16:00:00Z,1655308800008,-0.00000952
2022-06-16T00:00:00Z,1655337600009,-0.00001444
2022-06-16T08:00:00Z,1655366400016,0.00006616
2022-06-16T16:00:00Z,1655395200000,-0.00010424
2022-06-17T00:00:00Z,1655424000008,-0.00012406
2022-06-17T08:00:00Z,1655452800003,-0.00005634
2022-06-17T16:00:00Z,1655481600000,-0.00014982
2022-06-18T00:00:00Z,1655510400020,-0.00007277
2022-06-18T08:00:00Z,1655539200025,-0.00029164
2022-06-18T16:00:00Z,1655568000014,-0.00007606
2022-06-19T00:00:00Z,1655596800012,-0.00018722
2022-06-19T08:00:00Z,1655625600012,-0.00017690
2022-06-19T16:00:00Z,1655654400008,0.00010000
2022-06-20T00:00:00Z,1655683200016,0.00010000
2022-06-20T08:00:00Z,1655712000000,-0.00002176
2022-06-20T16:00:00Z,1655740800013,0.00008444
2022-06-21T00:00:00Z,1655769600012,0.00006015
2022-06-21T08:00:00Z,1655798400018,0.00004698
2022-06-21T16:00:00Z,1655827200010,0.00005330
2022-06-22T00:00:00Z,1655856000000,-0.00004890
2022-06-22T08:00:00Z,1655884800001,-0.00002551
2022-06-22T16:00:00Z,1655913600012,-0.00008679
2022-06-23T00:00:00Z,1655942400000,-0.00004408
2022-06-23T08:00:00Z,1655971200000,-0.00006496
2022-06-23T16:00:00Z,1656000000016,-0.00010151
2022-06-24T00:00:00Z,1656028800005,0.00004046
2022-06-24T08:00:00Z,1656057600004,0.00008003
2022-06-24T16:00:00Z,1656086400018,0.00010000
2022-06-25T00:00:00Z,1656115200001,-0.00003928
2022-06-25T08:00:00Z,1656144000010,0.00003156
2022-06-25T16:00:00Z,1656172800000,0.00000642
2022-06-26T00:00:00Z,1656201600002,0.00010000
2022-06-26T08:00:00Z,1656230400016,0.00002837
2022-06-26T16:00:00Z,1656259200006,-0.00008522
2022-06-27T00:00:00Z,1656288000008,-0.00010252
2022-06-27T08:00:00Z,1656316800000,-0.00004323
2022-06-27T16:00:00Z,1656345600016,-0.00003606
2022-06-28T00:00:00Z,1656374400016,0.00000902
2022-06-28T08:00:00Z,1656403200001,-0.00002707
2022-06-28T16:00:00Z,1656432000005,0.00006622
2022-06-29T00:00:00Z,1656460800000,0.00003172
2022-06-29T08:00:00Z,1656489600013,0.00001728
2022-06-29T16:00:00Z,1656518400000,0.00001147
2022-06-30T00:00:00Z,1656547200000,0.00003467
2022-06-30T08:00:00Z,1656576000000,-0.00006766
2022-06-30T16:00:00Z,1656604800000,-0.00021692
2022-07-01T00:00:00Z,1656633600001,-0.00013323
2022-07-01T08:00:00Z,1656662400017,0.00004122
2022-07-01T16:00:00Z,1656691200005,-0.00009037
2022-07-02T00:00:00Z,1656720000000,-0.00000450
2022-07-02T08:00:00Z,1656748800000,-0.00004376
2022-07-02T16:00:00Z,1656777600008,-0.00004429
2022-07-03T00:00:00Z,1656806400015,0.00008102
2022-07-03T08:00:00Z,1656835200004,0.00002344
2022-07-03T16:00:00Z,1656864000005,-0.00009636
2022-07-04T00:00:00Z,1656892800021,0.00008487
2022-07-04T08:00:00Z,1656921600001,-0.00014236
2022-07-04T16:00:00Z,1656950400000,0.00006349
2022-07-05T00:00:00Z,1656979200000,0.00000823
2022-07-05T08:00:00Z,1657008000000,0.00001762
2022-07-05T16:00:00Z,1657036800015,0.00004280
2022-07-06T00:00:00Z,1657065600006,0.00010000
2022-07-06T08:00:00Z,1657094400000,0.00010000
2022-07-06T16:00:00Z,1657123200000,0.00004373
2022-07-07T00:00:00Z,1657152000010,0.00010000
2022-07-07T08:00:00Z,1657180800010,0.00010000
2022-07-07T16:00:00Z,1657209600011,0.00006891
2022-07-08T00:00:00Z,1657238400008,0.00010000
2022-07-08T08:00:00Z,1657267200009,0.00010000
2022-07-08T16:00:00Z,1657296000000,0.00005505
2022-07-09T00:00:00Z,1657324800000,0.00005118
2022-07-09T08:00:00Z,1657353600000,0.00002685
2022-07-09T16:00:00Z,1657382400009,0.00003206
2022-07-10T00:00:00Z,1657411200001,0.00004544
2022-07-10T08:00:00Z,1657440000002,0.00010000
2022-07-10T16:00:00Z,1657468800001,0.00006604
2022-07-11T00:00:00Z,1657497600000,0.00001102
2022-07-11T08:00:00Z,1657526400003,0.00004204
2022-07-11T16:00:00Z,1657555200001,0.00005881
2022-07-12T00:00:00Z,1657584000000,0.00006653
2022-07-12T08:00:00Z,1657612800021,-0.00002208
2022-07-12T16:00:00Z,1657641600000,-0.00010622
2022-07-13T00:00:00Z,1657670400012,-0.00017917
2022-07-13T08:00:00Z,1657699200022,-0.00019746
2022-07-13T16:00:00Z,1657728000005,-0.00012686
2022-07-14T00:00:00Z,1657756800017,-0.00012921
2022-07-14T08:00:00Z,1657785600001,0.00001264
2022-07-14T16:00:00Z,1657814400000,-0.00005017
2022-07-15T00:00:00Z,1657843200004,0.00010000
2022-07-15T08:00:00Z,1657872000019,0.00004667
2022-07-15T16:00:00Z,1657900800017,-0.00000453
2022-07-16T00:00:00Z,1657929600021,0.00005458
2022-07-16T08:00:00Z,1657958400014,0.00007053
2022-07-16T16:00:00Z,1657987200005,0.00003638
2022-07-17T00:00:00Z,1658016000000,0.00010000
2022-07-17T08:00:00Z,1658044800003,0.00000008
2022-07-17T16:00:00Z,1658073600007,-0.00000639
2022-07-18T00:00:00Z,1658102400001,-0.00002025
2022-07-18T08:00:00Z,1658131200004,-0.00000857
2022-07-18T16:00:00Z,1658160000019,0.00007250
2022-07-19T00:00:00Z,1658188800000,0.00010000
2022-07-19T08:00:00Z,1658217600000,0.00010000
2022-07-19T16:00:00Z,1658246400001,0.00004242
2022-07-20T00:00:00Z,1658275200004,0.00005437
2022-07-20T08:00:00Z,1658304000000,-0.00004179
2022-07-20T16:00:00Z,1658332800003,0.00002871
2022-07-21T00:00:00Z,1658361600000,0.00010000
2022-07-21T08:00:00Z,1658390400018,0.00010000
2022-07-21T16:00:00Z,1658419200011,0.00010000
2022-07-22T00:00:00Z,1658448000014,0.00010000
2022-07-22T08:00:00Z,1658476800000,0.00010000
2022-07-22T16:00:00Z,1658505600000,0.00009317
2022-07-23T00:00:00Z,1658534400004,0.00005463
2022-07-23T08:00:00Z,1658563200002,0.00006541
2022-07-23T16:00:00Z,1658592000001,0.00010000
2022-07-24T00:00:00Z,1658620800000,0.00010000
2022-07-24T08:00:00Z,1658649600011,0.00010000
2022-07-24T16:00:00Z,1658678400000,0.00010000
2022-07-25T00:00:00Z,1658707200000,0.00010000
2022-07-25T08:00:00Z,1658736000014,-0.00001134
2022-07-25T16:00:00Z,1658764800006,0.00007434
2022-07-26T00:00:00Z,1658793600010,0.00006690
2022-07-26T08:00:00Z,1658822400000,0.00007151
2022-07-26T16:00:00Z,1658851200000,0.00010000
2022-07-27T00:00:00Z,1658880000008,0.00000741
2022-07-27T08:00:00Z,1658908800000,0.00008204
2022-07-27T16:00:00Z,1658937600003,0.00003325
2022-07-28T00:00:00Z,1658966400009,0.00010000
2022-07-28T08:00:00Z,1658995200008,0.00010000
2022-07-28T16:00:00Z,1659024000013,0.00010000
2022-07-29T00:00:00Z,1659052800000,0.00010000
2022-07-29T08:00:00Z,1659081600000,0.00010000
2022-07-29T16:00:00Z,1659110400000,0.00010000
2022-07-30T00:00:00Z,1659139200005,0.00010000
2022-07-30T08:00:00Z,1659168000009,0.00010000
2022-07-30T16:00:00Z,1659196800000,0.00005049
2022-07-31T00:00:00Z,1659225600022,0.00004431
2022-07-31T08:00:00Z,1659254400011,0.00010000
2022-07-31T16:00:00Z,1659283200019,0.00005528
2022-08-01T00:00:00Z,1659312000010,0.00009823
2022-08-01T08:00:00Z,1659340800019,0.00010000
2022-08-01T16:00:00Z,1659369600017,0.00006285
2022-08-02T00:00:00Z,1659398400000,0.00010000
2022-08-02T08:00:00Z,1659427200007,0.00001617
2022-08-02T16:00:00Z,1659456000014,0.00001593
2022-08-03T00:00:00Z,1659484800001,0.00006888
2022-08-03T08:00:00Z,1659513600020,0.00000368
2022-08-03T16:00:00Z,1659542400008,-0.00003047
2022-08-04T00:00:00Z,1659571200001,0.00001183
2022-08-04T08:00:00Z,1659600000009,0.00007702
2022-08-04T16:00:00Z,1659628800015,0.00007119
2022-08-05T00:00:00Z,1659657600005,0.00007649
2022-08-05T08:00:00Z,1659686400000,0.00010000
2022-08-05T16:00:00Z,1659715200000,0.00010000
2022-08-06T00:00:00Z,1659744000021,0.00010000
2022-08-06T08:00:00Z,1659772800000,0.00010000
2022-08-06T16:00:00Z,1659801600015,0.00010000
2022-08-07T00:00:00Z,1659830400013,0.00010000
2022-08-07T08:00:00Z,1659859200000,-0.00002278
2022-08-07T16:00:00Z,1659888000014,0.00002801
2022-08-08T00:00:00Z,1659916800009,-0.00001330
2022-08-08T08:00:00Z,1659945600006,0.00002805
2022-08-08T16:00:00Z,1659974400000,0.00010000
2022-08-09T00:00:00Z,1660003200020,0.00005993
2022-08-09T08:00:00Z,1660032000000,-0.00000321
2022-08-09T16:00:00Z,1660060800000,-0.00014349
2022-08-10T00:00:00Z,1660089600000,-0.00010375
2022-08-10T08:00:00Z,1660118400016,-0.00003238
2022-08-10T16:00:00Z,1660147200018,0.00010000
2022-08-11T00:00:00Z,1660176000012,0.00010000
2022-08-11T08:00:00Z,1660204800000,0.00004392
2022-08-11T16:00:00Z,1660233600000,0.00001783
2022-08-12T00:00:00Z,1660262400006,0.00002566
2022-08-12T08:00:00Z,1660291200000,0.00005216
2022-08-12T16:00:00Z,1660320000005,0.00008336
2022-08-13T00:00:00Z,1660348800012,0.00007636
2022-08-13T08:00:00Z,1660377600006,0.00004086
2022-08-13T16:00:00Z,1660406400018,0.00002735
2022-08-14T00:00:00Z,1660435200000,0.00003144
2022-08-14T08:00:00Z,1660464000000,0.00008292
2022-08-14T16:00:00Z,1660492800000,0.00000219
2022-08-15T00:00:00Z,1660521600010,-0.00006757
2022-08-15T08:00:00Z,1660550400002,0.00003991
2022-08-15T16:00:00Z,1660579200010,-0.00004854
2022-08-16T00:00:00Z,1660608000010,-0.00006945
2022-08-16T08:00:00Z,1660636800002,0.00003333
2022-08-16T16:00:00Z,1660665600000,0.00003842
2022-08-17T00:00:00Z,1660694400020,0.00005927
2022-08-17T08:00:00Z,1660723200016,0.00006626
2022-08-17T16:00:00Z,1660752000001,0.00004034
2022-08-18T00:00:00Z,1660780800005,0.00002314
2022-08-18T08:00:00Z,1660809600012,0.00009463
2022-08-18T16:00:00Z,1660838400013,0.00003449
2022-08-19T00:00:00Z,1660867200000,0.00005275
2022-08-19T08:00:00Z,1660896000000,0.00010000
2022-08-19T16:00:00Z,1660924800009,0.00001435
2022-08-20T00:00:00Z,1660953600000,0.00004557
2022-08-20T08:00:00Z,1660982400005,-0.00003743
2022-08-20T16:00:00Z,1661011200000,0.00000991
2022-08-21T00:00:00Z,1661040000010,-0.00001408
2022-08-21T08:00:00Z,1661068800013,0.00001912
2022-08-21T16:00:00Z,1661097600000,-0.00005859
2022-08-22T00:00:00Z,1661126400011,-0.00005605
2022-08-22T08:00:00Z,1661155200005,0.00006886
2022-08-22T16:00:00Z,1661184000005,0.00007481
2022-08-23T00:00:00Z,1661212800000,0.00006559
2022-08-23T08:00:00Z,1661241600021,-0.00001800
2022-08-23T16:00:00Z,1661270400005,-0.00009315
2022-08-24T00:00:00Z,1661299200017,-0.00008879
2022-08-24T08:00:00Z,1661328000021,-0.00002313
2022-08-24T16:00:00Z,1661356800000,0.00000538
2022-08-25T00:00:00Z,1661385600003,-0.00009281
2022-08-25T08:00:00Z,1661414400000,-0.00001814
2022-08-25T16:00:00Z,1661443200004,0.00002635
2022-08-26T00:00:00Z,1661472000001,0.00004613
2022-08-26T08:00:00Z,1661500800004,0.00002490
2022-08-26T16:00:00Z,1661529600000,0.00008902
2022-08-27T00:00:00Z,1661558400010,-0.00020750
2022-08-27T08:00:00Z,1661587200007,-0.00007754
2022-08-27T16:00:00Z,1661616000008,-0.00027200
2022-08-28T00:00:00Z,1661644800019,-0.00025370
2022-08-28T08:00:00Z,1661673600000,-0.00026880
2022-08-28T16:00:00Z,1661702400000,0.00001893
2022-08-29T00:00:00Z,1661731200000,-0.00024797
2022-08-29T08:00:00Z,1661760000000,-0.00017053
2022-08-29T16:00:00Z,1661788800001,-0.00006657
2022-08-30T00:00:00Z,1661817600001,-0.00009478
2022-08-30T08:00:00Z,1661846400005,-0.00006689
2022-08-30T16:00:00Z,1661875200010,-0.00005782
2022-08-31T00:00:00Z,1661904000000,-0.00011151
2022-08-31T08:00:00Z,1661932800005,-0.00000025
2022-08-31T16:00:00Z,1661961600013,0.00007105
2022-09-01T00:00:00Z,1661990400012,-0.00001273
2022-09-01T08:00:00Z,1662019200000,0.00000918
2022-09-01T16:00:00Z,1662048000013,-0.00007998
2022-09-02T00:00:00Z,1662076800002,0.00005469
2022-09-02T08:00:00Z,1662105600013,0.00003291
2022-09-02T16:00:00Z,1662134400000,-0.00001840
2022-09-03T00:00:00Z,1662163200000,-0.00012553
2022-09-03T08:00:00Z,1662192000002,-0.00010187
2022-09-03T16:00:00Z,1662220800007,-0.00009441
2022-09-04T00:00:00Z,1662249600008,0.00001789
2022-09-04T08:00:00Z,1662278400009,-0.00004425
2022-09-04T16:00:00Z,1662307200000,-0.00009236
2022-09-05T00:00:00Z,1662336000015,0.00000877
2022-09-05T08:00:00Z,1662364800013,-0.00010286
2022-09-05T16:00:00Z,1662393600007,-0.00005010
2022-09-06T00:00:00Z,1662422400018,-0.00016568
2022-09-06T08:00:00Z,1662451200020,-0.00013291
2022-09-06T16:00:00Z,1662480000028,-0.00002352
2022-09-07T00:00:00Z,1662508800013,-0.00016770
2022-09-07T08:00:00Z,1662537600022,-0.00027449
2022-09-07T16:00:00Z,1662566400021,-0.00018414
2022-09-08T00:00:00Z,1662595200010,0.00001215
2022-09-08T08:00:00Z,1662624000000,-0.00001240
2022-09-08T16:00:00Z,1662652800003,-0.00006039
2022-09-09T00:00:00Z,1662681600011,-0.00008280
2022-09-09T08:00:00Z,1662710400000,-0.00003837
2022-09-09T16:00:00Z,1662739200000,-0.00012468
2022-09-10T00:00:00Z,1662768000003,-0.00007115
2022-09-10T08:00:00Z,1662796800000,-0.00020439
2022-09-10T16:00:00Z,1662825600012,-0.00014116
2022-09-11T00:00:00Z,1662854400009,-0.00011556
2022-09-11T08:00:00Z,1662883200012,-0.00016606
2022-09-11T16:00:00Z,1662912000005,-0.00031696
2022-09-12T00:00:00Z,1662940800007,-0.00034442
2022-09-12T08:00:00Z,1662969600013,-0.00027610
2022-09-12T16:00:00Z,1662998400000,-0.00038902
2022-09-13T00:00:00Z,1663027200004,-0.00028397
2022-09-13T08:00:00Z,1663056000000,-0.00047985
2022-09-13T16:00:00Z,1663084800000,-0.00046620
2022-09-14T00:00:00Z,1663113600000,-0.00111142
2022-09-14T08:00:00Z,1663142400000,-0.00182506
2022-09-14T16:00:00Z,1663171200000,-0.00172134
2022-09-15T00:00:00Z,1663200000019,-0.00301937
2022-09-15T08:00:00Z,1663228800012,-0.00216987
2022-09-15T16:00:00Z,1663257600007,-0.00010393
2022-09-16T00:00:00Z,1663286400000,-0.00000776
2022-09-16T08:00:00Z,1663315200000,-0.00000235
2022-09-16T16:00:00Z,1663344000000,0.00010000
2022-09-17T00:00:00Z,1663372800000,0.00007400
2022-09-17T08:00:00Z,1663401600012,0.00007913
2022-09-17T16:00:00Z,1663430400017,0.00004111
2022-09-18T00:00:00Z,1663459200000,0.00000841
2022-09-18T08:00:00Z,1663488000004,0.00008234
2022-09-18T16:00:00Z,1663516800000,0.00006342
2022-09-19T00:00:00Z,1663545600018,-0.00010281
2022-09-19T08:00:00Z,1663574400006,-0.00000491
2022-09-19T16:00:00Z,1663603200010,-0.00009737
2022-09-20T00:00:00Z,1663632000007,-0.00010865
2022-09-20T08:00:00Z,1663660800001,-0.00012011
2022-09-20T16:00:00Z,1663689600000,0.00000277
2022-09-21T00:00:00Z,1663718400001,-0.00003849
2022-09-21T08:00:00Z,1663747200005,-0.00002285
2022-09-21T16:00:00Z,1663776000000,-0.00007656
2022-09-22T00:00:00Z,1663804800000,-0.00024234
2022-09-22T08:00:00Z,1663833600000,-0.00023437
2022-09-22T16:00:00Z,1663862400011,-0.00013047
2022-09-23T00:00:00Z,1663891200023,-0.00001456
2022-09-23T08:00:00Z,1663920000004,-0.00004759
2022-09-23T16:00:00Z,1663948800005,-0.00005042
2022-09-24T00:00:00Z,1663977600000,0.00001491
2022-09-24T08:00:00Z,1664006400005,0.00004468
2022-09-24T16:00:00Z,1664035200000,-0.00008115
2022-09-25T00:00:00Z,1664064000010,0.00000122
2022-09-25T08:00:00Z,1664092800000,-0.00004292
2022-09-25T16:00:00Z,1664121600003,0.00000449
2022-09-26T00:00:00Z,1664150400001,0.00000423
2022-09-26T08:00:00Z,1664179200006,0.00010000
2022-09-26T16:00:00Z,1664208000000,-0.00001379
2022-09-27T00:00:00Z,1664236800026,0.00002194
2022-09-27T08:00:00Z,1664265600004,0.00001777
2022-09-27T16:00:00Z,1664294400006,0.00001303
2022-09-28T00:00:00Z,1664323200011,-0.00001018
2022-09-28T08:00:00Z,1664352000000,-0.00002348
2022-09-28T16:00:00Z,1664380800000,-0.00007573
2022-09-29T00:00:00Z,1664409600010,0.00006004
2022-09-29T08:00:00Z,1664438400000,0.00010000
2022-09-29T16:00:00Z,1664467200000,0.00002149
2022-09-30T00:00:00Z,1664496000006,0.00001170
2022-09-30T08:00:00Z,1664524800002,0.00007176
2022-09-30T16:00:00Z,1664553600007,0.00010000
2022-10-01T00:00:00Z,1664582400008,0.00008185
2022-10-01T08:00:00Z,1664611200011,0.00006857
2022-10-01T16:00:00Z,1664640000000,0.00005117
2022-10-02T00:00:00Z,1664668800000,0.00001239
2022-10-02T08:00:00Z,1664697600000,0.00004395
2022-10-02T16:00:00Z,1664726400006,-0.00002183
2022-10-03T00:00:00Z,1664755200000,-0.00002230
2022-10-03T08:00:00Z,1664784000014,0.00002229
2022-10-03T16:00:00Z,1664812800010,-0.00000998
2022-10-04T00:00:00Z,1664841600006,0.00007858
2022-10-04T08:00:00Z,1664870400004,0.00010000
2022-10-04T16:00:00Z,1664899200013,0.00003575
2022-10-05T00:00:00Z,1664928000000,0.00001819
2022-10-05T08:00:00Z,1664956800000,0.00000345
2022-10-05T16:00:00Z,1664985600012,-0.00003017
2022-10-06T00:00:00Z,1665014400008,0.00002418
2022-10-06T08:00:00Z,1665043200002,0.00005188
2022-10-06T16:00:00Z,1665072000006,-0.00001150
2022-10-07T00:00:00Z,1665100800000,0.00002157
2022-10-07T08:00:00Z,1665129600000,0.00003248
2022-10-07T16:00:00Z,1665158400007,0.00000390
2022-10-08T00:00:00Z,1665187200010,0.00005904
2022-10-08T08:00:00Z,1665216000004,0.00006993
2022-10-08T16:00:00Z,1665244800018,0.00008939
2022-10-09T00:00:00Z,1665273600000,0.00003902
2022-10-09T08:00:00Z,1665302400007,0.00001819
2022-10-09T16:00:00Z,1665331200011,-0.00005165
2022-10-10T00:00:00Z,1665360000018,0.00004749
2022-10-10T08:00:00Z,1665388800000,0.00002784
2022-10-10T16:00:00Z,1665417600026,0.00002352
2022-10-11T00:00:00Z,1665446400020,0.00007133
2022-10-11T08:00:00Z,1665475200027,0.00003552
2022-10-11T16:00:00Z,1665504000000,0.00004405
2022-10-12T00:00:00Z,1665532800014,0.00008850
2022-10-12T08:00:00Z,1665561600000,-0.00001598
2022-10-12T16:00:00Z,1665590400000,0.00000718
2022-10-13T00:00:00Z,1665619200013,-0.00018211
2022-10-13T08:00:00Z,1665648000016,0.00008180
2022-10-13T16:00:00Z,1665676800009,-0.00010154
2022-10-14T00:00:00Z,1665705600020,0.00000200
2022-10-14T08:00:00Z,1665734400000,0.00010000
2022-10-14T16:00:00Z,1665763200009,0.00010000
2022-10-15T00:00:00Z,1665792000001,0.00005950
2022-10-15T08:00:00Z,1665820800005,-0.00000548
2022-10-15T16:00:00Z,1665849600004,-0.00000801
2022-10-16T00:00:00Z,1665878400012,0.00000273
2022-10-16T08:00:00Z,1665907200000,-0.00001934
2022-10-16T16:00:00Z,1665936000010,0.00001261
2022-10-17T00:00:00Z,1665964800012,0.00000750
2022-10-17T08:00:00Z,1665993600010,0.00003595
2022-10-17T16:00:00Z,1666022400017,0.00005610
2022-10-18T00:00:00Z,1666051200010,0.00006430
2022-10-18T08:00:00Z,1666080000008,0.00005818
2022-10-18T16:00:00Z,1666108800000,0.00008200
2022-10-19T00:00:00Z,1666137600007,0.00006911
2022-10-19T08:00:00Z,1666166400022,0.00010000
2022-10-19T16:00:00Z,1666195200016,0.00003885
2022-10-20T00:00:00Z,1666224000000,0.00001115
2022-10-20T08:00:00Z,1666252800013,0.00006032
2022-10-20T16:00:00Z,1666281600000,-0.00005194
2022-10-21T00:00:00Z,1666310400005,0.00010000
2022-10-21T08:00:00Z,1666339200018,0.00001939
2022-10-21T16:00:00Z,1666368000000,0.00002595
2022-10-22T00:00:00Z,1666396800000,0.00002568
2022-10-22T08:00:00Z,1666425600015,-0.00000796
2022-10-22T16:00:00Z,1666454400000,-0.00003726
2022-10-23T00:00:00Z,1666483200025,0.00001025
2022-10-23T08:00:00Z,1666512000000,0.00002352
2022-10-23T16:00:00Z,1666540800004,0.00010000
2022-10-24T00:00:00Z,1666569600009,0.00009274
2022-10-24T08:00:00Z,1666598400012,0.00010000
2022-10-24T16:00:00Z,1666627200002,-0.00002685
2022-10-25T00:00:00Z,1666656000013,-0.00005643
2022-10-25T08:00:00Z,1666684800013,0.00003537
2022-10-25T16:00:00Z,1666713600000,0.00001973
2022-10-26T00:00:00Z,1666742400006,0.00010000
2022-10-26T08:00:00Z,1666771200013,-0.00002452
2022-10-26T16:00:00Z,1666800000000,0.00010000
2022-10-27T00:00:00Z,1666828800009,0.00008299
2022-10-27T08:00:00Z,1666857600006,0.00005005
2022-10-27T16:00:00Z,1666886400009,-0.00003370
2022-10-28T00:00:00Z,1666915200000,0.00002272
2022-10-28T08:00:00Z,1666944000000,0.00004042
2022-10-28T16:00:00Z,1666972800007,0.00001870
2022-10-29T00:00:00Z,1667001600000,0.00006207
2022-10-29T08:00:00Z,1667030400003,0.00008203
2022-10-29T16:00:00Z,1667059200010,0.00010000
2022-10-30T00:00:00Z,1667088000000,0.00007735
2022-10-30T08:00:00Z,1667116800013,0.00009296
2022-10-30T16:00:00Z,1667145600009,0.00010000
2022-10-31T00:00:00Z,1667174400012,0.00006308
2022-10-31T08:00:00Z,1667203200000,0.00010000
2022-10-31T16:00:00Z,1667232000010,-0.00000288
2022-11-01T00:00:00Z,1667260800000,0.00000795
2022-11-01T08:00:00Z,1667289600000,-0.00005701
2022-11-01T16:00:00Z,1667318400000,0.00001321
2022-11-02T00:00:00Z,1667347200000,0.00007678
2022-11-02T08:00:00Z,1667376000000,0.00002913
2022-11-02T16:00:00Z,1667404800019,0.00005813
2022-11-03T00:00:00Z,1667433600011,-0.00008892
2022-11-03T08:00:00Z,1667462400016,-0.00007732
2022-11-03T16:00:00Z,1667491200005,0.00000255
2022-11-04T00:00:00Z,1667520000000,0.00001398
2022-11-04T08:00:00Z,1667548800004,0.00009293
2022-11-04T16:00:00Z,1667577600020,0.00010000
2022-11-05T00:00:00Z,1667606400009,0.00009190
2022-11-05T08:00:00Z,1667635200007,0.00001474
2022-11-05T16:00:00Z,1667664000018,0.00005826
2022-11-06T00:00:00Z,1667692800009,0.00008014
2022-11-06T08:00:00Z,1667721600000,0.00010000
2022-11-06T16:00:00Z,1667750400010,0.00004026
2022-11-07T00:00:00Z,1667779200012,0.00002594
2022-11-07T08:00:00Z,1667808000014,-0.00000272
2022-11-07T16:00:00Z,1667836800006,0.00010000
2022-11-08T00:00:00Z,1667865600000,-0.00005728
2022-11-08T08:00:00Z,1667894400001,-0.00011539
2022-11-08T16:00:00Z,1667923200005,0.00007883
2022-11-09T00:00:00Z,1667952000000,-0.00038496
2022-11-09T08:00:00Z,1667980800013,-0.00012169
2022-11-09T16:00:00Z,1668009600004,-0.00054682
2022-11-10T00:00:00Z,1668038400006,-0.00060149
2022-11-10T08:00:00Z,1668067200000,-0.00054300
2022-11-10T16:00:00Z,1668096000015,-0.00015464
2022-11-11T00:00:00Z,1668124800000,-0.00016788
2022-11-11T08:00:00Z,1668153600015,-0.00013634
2022-11-11T16:00:00Z,1668182400027,0.00002873
2022-11-12T00:00:00Z,1668211200007,0.00009985
2022-11-12T08:00:00Z,1668240000016,0.00004863
2022-11-12T16:00:00Z,1668268800000,0.00009984
2022-11-13T00:00:00Z,1668297600004,-0.00000928
2022-11-13T08:00:00Z,1668326400000,-0.00008449
2022-11-13T16:00:00Z,1668355200017,-0.00001748
2022-11-14T00:00:00Z,1668384000000,0.00002810
2022-11-14T08:00:00Z,1668412800000,0.00002254
2022-11-14T16:00:00Z,1668441600000,0.00005237
2022-11-15T00:00:00Z,1668470400014,-0.00008644
2022-11-15T08:00:00Z,1668499200009,0.00004951
2022-11-15T16:00:00Z,1668528000010,-0.00004197
2022-11-16T00:00:00Z,1668556800011,-0.00009137
2022-11-16T08:00:00Z,1668585600004,0.00000119
2022-11-16T16:00:00Z,1668614400008,-0.00004556
2022-11-17T00:00:00Z,1668643200000,-0.00009394
2022-11-17T08:00:00Z,1668672000000,0.00002558
2022-11-17T16:00:00Z,1668700800006,-0.00010849
2022-11-18T00:00:00Z,1668729600004,-0.00008460
2022-11-18T08:00:00Z,1668758400016,-0.00006951
2022-11-18T16:00:00Z,1668787200000,-0.00005327
2022-11-19T00:00:00Z,1668816000000,0.00006481
2022-11-19T08:00:00Z,1668844800004,0.00004413
2022-11-19T16:00:00Z,1668873600024,0.00005990
2022-11-20T00:00:00Z,1668902400015,0.00000377
2022-11-20T08:00:00Z,1668931200004,0.00005730
2022-11-20T16:00:00Z,1668960000000,-0.00002008
2022-11-21T00:00:00Z,1668988800006,-0.00020459
2022-11-21T08:00:00Z,1669017600015,-0.00002170
2022-11-21T16:00:00Z,1669046400000,0.00004666
2022-11-22T00:00:00Z,1669075200000,-0.00006623
2022-11-22T08:00:00Z,1669104000000,-0.00002821
2022-11-22T16:00:00Z,1669132800000,0.00006368
2022-11-23T00:00:00Z,1669161600000,0.00006088
2022-11-23T08:00:00Z,1669190400011,-0.00004079
2022-11-23T16:00:00Z,1669219200014,-0.00009414
2022-11-24T00:00:00Z,1669248000007,0.00004960
2022-11-24T08:00:00Z,1669276800014,-0.00006135
2022-11-24T16:00:00Z,1669305600013,0.00003796
2022-11-25T00:00:00Z,1669334400004,0.00005572
2022-11-25T08:00:00Z,1669363200015,0.00005499
2022-11-25T16:00:00Z,1669392000000,-0.00003074
2022-11-26T00:00:00Z,1669420800011,-0.00004472
2022-11-26T08:00:00Z,1669449600000,-0.00005666
2022-11-26T16:00:00Z,1669478400000,-0.00006554
2022-11-27T00:00:00Z,1669507200012,-0.00004687
2022-11-27T08:00:00Z,1669536000000,-0.00011497
2022-11-27T16:00:00Z,1669564800003,0.00003854
2022-11-28T00:00:00Z,1669593600015,0.00000342
2022-11-28T08:00:00Z,1669622400004,-0.00002557
2022-11-28T16:00:00Z,1669651200011,-0.00012317
2022-11-29T00:00:00Z,1669680000000,0.00003832
2022-11-29T08:00:00Z,1669708800015,0.00002946
2022-11-29T16:00:00Z,1669737600000,0.00010000
2022-11-30T00:00:00Z,1669766400007,0.00009218
2022-11-30T08:00:00Z,1669795200000,0.00010000
2022-11-30T16:00:00Z,1669824000015,0.00010000
2022-12-01T00:00:00Z,1669852800001,-0.00001967
2022-12-01T08:00:00Z,1669881600006,0.00003623
2022-12-01T16:00:00Z,1669910400000,0.00010000
2022-12-02T00:00:00Z,1669939200001,0.00010000
2022-12-02T08:00:00Z,1669968000016,-0.00000244
2022-12-02T16:00:00Z,1669996800017,0.00004870
2022-12-03T00:00:00Z,1670025600006,-0.00000481
2022-12-03T08:00:00Z,1670054400000,-0.00002779
2022-12-03T16:00:00Z,1670083200011,-0.00002251
2022-12-04T00:00:00Z,1670112000006,-0.00004991
2022-12-04T08:00:00Z,1670140800000,-0.00000149
2022-12-04T16:00:00Z,1670169600006,0.00003593
2022-12-05T00:00:00Z,1670198400002,0.00005566
2022-12-05T08:00:00Z,1670227200011,-0.00002459
2022-12-05T16:00:00Z,1670256000008,0.00005578
2022-12-06T00:00:00Z,1670284800014,0.00004181
2022-12-06T08:00:00Z,1670313600027,0.00001389
2022-12-06T16:00:00Z,1670342400009,0.00004364
2022-12-07T00:00:00Z,1670371200000,0.00008029
2022-12-07T08:00:00Z,1670400000000,0.00000595
2022-12-07T16:00:00Z,1670428800000,-0.00000233
2022-12-08T00:00:00Z,1670457600006,0.00000063
2022-12-08T08:00:00Z,1670486400000,0.00001744
2022-12-08T16:00:00Z,1670515200014,-0.00000092
2022-12-09T00:00:00Z,1670544000017,0.00010000
2022-12-09T08:00:00Z,1670572800005,0.00006855
2022-12-09T16:00:00Z,1670601600000,0.00004900
2022-12-10T00:00:00Z,1670630400009,-0.00001674
2022-12-10T08:00:00Z,1670659200010,0.00006407
2022-12-10T16:00:00Z,1670688000001,0.00006841
2022-12-11T00:00:00Z,1670716800011,-0.00002288
2022-12-11T08:00:00Z,1670745600007,0.00001946
2022-12-11T16:00:00Z,1670774400011,0.00001359
2022-12-12T00:00:00Z,1670803200000,0.00003843
2022-12-12T08:00:00Z,1670832000004,-0.00002359
2022-12-12T16:00:00Z,1670860800000,-0.00002692
2022-12-13T00:00:00Z,1670889600000,0.00008949
2022-12-13T08:00:00Z,1670918400018,0.00010000
2022-12-13T16:00:00Z,1670947200011,0.00010000
2022-12-14T00:00:00Z,1670976000010,0.00010000
2022-12-14T08:00:00Z,1671004800015,0.00010000
2022-12-14T16:00:00Z,1671033600004,0.00010000
2022-12-15T00:00:00Z,1671062400000,0.00010000
2022-12-15T08:00:00Z,1671091200023,0.00010000
2022-12-15T16:00:00Z,1671120000010,0.00010000
2022-12-16T00:00:00Z,1671148800016,0.00010000
2022-12-16T08:00:00Z,1671177600011,0.00010000
2022-12-16T16:00:00Z,1671206400001,-0.00003780
2022-12-17T00:00:00Z,1671235200001,0.00008697
2022-12-17T08:00:00Z,1671264000011,-0.00006429
2022-12-17T16:00:00Z,1671292800011,0.00003413
2022-12-18T00:00:00Z,1671321600008,0.00005955
2022-12-18T08:00:00Z,1671350400001,0.00007900
2022-12-18T16:00:00Z,1671379200012,0.00004105
2022-12-19T00:00:00Z,1671408000000,-0.00003395
2022-12-19T08:00:00Z,1671436800000,0.00000570
2022-12-19T16:00:00Z,1671465600000,-0.00000601
2022-12-20T00:00:00Z,1671494400005,0.00008479
2022-12-20T08:00:00Z,1671523200016,0.00004111
2022-12-20T16:00:00Z,1671552000000,0.00009832
2022-12-21T00:00:00Z,1671580800007,0.00004626
2022-12-21T08:00:00Z,1671609600012,0.00008575
2022-12-21T16:00:00Z,1671638400017,0.00006565
2022-12-22T00:00:00Z,1671667200004,0.00008923
2022-12-22T08:00:00Z,1671696000000,0.00009813
2022-12-22T16:00:00Z,1671724800001,0.00007887
2022-12-23T00:00:00Z,1671753600018,0.00007468
2022-12-23T08:00:00Z,1671782400000,0.00010000
2022-12-23T16:00:00Z,1671811200000,-0.00000728
2022-12-24T00:00:00Z,1671840000001,0.00006767
2022-12-24T08:00:00Z,1671868800007,0.00010000
2022-12-24T16:00:00Z,1671897600008,0.00000527
2022-12-25T00:00:00Z,1671926400000,-0.00000384
2022-12-25T08:00:00Z,1671955200013,0.00000041
2022-12-25T16:00:00Z,1671984000000,0.00001343
2022-12-26T00:00:00Z,1672012800001,0.00006962
2022-12-26T08:00:00Z,1672041600000,0.00001023
2022-12-26T16:00:00Z,1672070400005,0.00002594
2022-12-27T00:00:00Z,1672099200005,0.00010000
2022-12-27T08:00:00Z,1672128000010,0.00002226
2022-12-27T16:00:00Z,1672156800006,0.00007546
2022-12-28T00:00:00Z,1672185600010,0.00010000
2022-12-28T08:00:00Z,1672214400010,0.00006253
2022-12-28T16:00:00Z,1672243200010,-0.00002352
2022-12-29T00:00:00Z,1672272000011,0.00010000
2022-12-29T08:00:00Z,1672300800000,0.00005835
2022-12-29T16:00:00Z,1672329600008,0.00010000
2022-12-30T00:00:00Z,1672358400000,0.00010000
2022-12-30T08:00:00Z,1672387200000,0.00010000
2022-12-30T16:00:00Z,1672416000000,0.00010000
2022-12-31T00:00:00Z,1672444800014,0.00010000
2022-12-31T08:00:00Z,1672473600000,0.00010000
2022-12-31T16:00:00Z,1672502400000,0.00010000
2023-01-01T00:00:00Z,1672531200000,0.00010000
2023-01-01T08:00:00Z,1672560000008,0.00010000
2023-01-01T16:00:00Z,1672588800000,0.00010000
2023-01-02T00:00:00Z,1672617600000,0.00010000
2023-01-02T08:00:00Z,1672646400008,0.00008878
2023-01-02T16:00:00Z,1672675200015,0.00007464
2023-01-03T00:00:00Z,1672704000003,0.00000890
2023-01-03T08:00:00Z,1672732800018,0.00005228
2023-01-03T16:00:00Z,1672761600000,0.00002948
2023-01-04T00:00:00Z,1672790400000,0.00007609
2023-01-04T08:00:00Z,1672819200016,0.00010000
2023-01-04T16:00:00Z,1672848000011,0.00010000
2023-01-05T00:00:00Z,1672876800009,0.00010000
2023-01-05T08:00:00Z,1672905600011,0.00010000
2023-01-05T16:00:00Z,1672934400000,0.00010000
2023-01-06T00:00:00Z,1672963200005,0.00010000
2023-01-06T08:00:00Z,1672992000001,0.00010000
2023-01-06T16:00:00Z,1673020800000,0.00010000
2023-01-07T00:00:00Z,1673049600006,0.00005444
2023-01-07T08:00:00Z,1673078400017,0.00004199
2023-01-07T16:00:00Z,1673107200000,0.00007190
2023-01-08T00:00:00Z,1673136000015,0.00002131
2023-01-08T08:00:00Z,1673164800000,0.00008826
2023-01-08T16:00:00Z,1673193600010,0.00008657
2023-01-09T00:00:00Z,1673222400003,0.00004312
2023-01-09T08:00:00Z,1673251200000,0.00007617
2023-01-09T16:00:00Z,1673280000006,0.00010000
2023-01-10T00:00:00Z,1673308800003,0.00010000
2023-01-10T08:00:00Z,1673337600021,0.00010000
2023-01-10T16:00:00Z,1673366400000,0.00010000
2023-01-11T00:00:00Z,1673395200011,0.00010000
2023-01-11T08:00:00Z,1673424000006,0.00010000
2023-01-11T16:00:00Z,1673452800004,0.00002778
2023-01-12T00:00:00Z,1673481600000,0.00010000
2023-01-12T08:00:00Z,1673510400000,0.00010000
2023-01-12T16:00:00Z,1673539200000,0.00010000
2023-01-13T00:00:00Z,1673568000004,0.00010000
2023-01-13T08:00:00Z,1673596800000,0.00010000
2023-01-13T16:00:00Z,1673625600018,0.00010000
2023-01-14T00:00:00Z,1673654400000,0.00010000
2023-01-14T08:00:00Z,1673683200001,0.00061643
2023-01-14T16:00:00Z,1673712000000,0.00045951
2023-01-15T00:00:00Z,1673740800010,0.00012412
2023-01-15T08:00:00Z,1673769600002,0.00030426
2023-01-15T16:00:00Z,1673798400000,0.00018878
2023-01-16T00:00:00Z,1673827200010,0.00014183
2023-01-16T08:00:00Z,1673856000007,0.00010000
2023-01-16T16:00:00Z,1673884800000,0.00010000
2023-01-17T00:00:00Z,1673913600004,0.00010000
2023-01-17T08:00:00Z,1673942400005,0.00010000
2023-01-17T16:00:00Z,1673971200001,0.00010000
2023-01-18T00:00:00Z,1674000000008,0.00010000
2023-01-18T08:00:00Z,1674028800009,0.00010000
2023-01-18T16:00:00Z,1674057600017,0.00010000
2023-01-19T00:00:00Z,1674086400000,0.00010000
2023-01-19T08:00:00Z,1674115200015,0.00010000
2023-01-19T16:00:00Z,1674144000012,0.00010000
2023-01-20T00:00:00Z,1674172800000,0.00010000
2023-01-20T08:00:00Z,1674201600000,0.00010000
2023-01-20T16:00:00Z,1674230400000,0.00010000
2023-01-21T00:00:00Z,1674259200013,0.00010000
2023-01-21T08:00:00Z,1674288000001,0.00010000
2023-01-21T16:00:00Z,1674316800016,0.00010000
2023-01-22T00:00:00Z,1674345600000,0.00010000
2023-01-22T08:00:00Z,1674374400000,0.00010000
2023-01-22T16:00:00Z,1674403200023,0.00010000
2023-01-23T00:00:00Z,1674432000014,0.00010356
2023-01-23T08:00:00Z,1674460800014,0.00010000
2023-01-23T16:00:00Z,1674489600016,0.00010000
2023-01-24T00:00:00Z,1674518400008,0.00010000
2023-01-24T08:00:00Z,1674547200008,0.00010000
2023-01-24T16:00:00Z,1674576000000,0.00010000
2023-01-25T00:00:00Z,1674604800012,0.00010000
2023-01-25T08:00:00Z,1674633600000,0.00010000
2023-01-25T16:00:00Z,1674662400010,0.00010000
2023-01-26T00:00:00Z,1674691200010,0.00010000
2023-01-26T08:00:00Z,1674720000003,0.00010000
2023-01-26T16:00:00Z,1674748800020,0.00010000
2023-01-27T00:00:00Z,1674777600008,0.00010000
2023-01-27T08:00:00Z,1674806400000,0.00010000
2023-01-27T16:00:00Z,1674835200000,0.00010000
2023-01-28T00:00:00Z,1674864000009,0.00010000
2023-01-28T08:00:00Z,1674892800018,0.00010000
2023-01-28T16:00:00Z,1674921600005,0.00010000
2023-01-29T00:00:00Z,1674950400011,0.00010000
2023-01-29T08:00:00Z,1674979200000,0.00010000
2023-01-29T16:00:00Z,1675008000008,0.00010000
2023-01-30T00:00:00Z,1675036800001,0.00010000
2023-01-30T08:00:00Z,1675065600000,0.00010000
2023-01-30T16:00:00Z,1675094400000,0.00010000
2023-01-31T00:00:00Z,1675123200005,0.00010000
2023-01-31T08:00:00Z,1675152000000,0.00010000
2023-01-31T16:00:00Z,1675180800007,0.00010000
2023-02-01T00:00:00Z,1675209600013,0.00010000
2023-02-01T08:00:00Z,1675238400000,0.00010000
2023-02-01T16:00:00Z,1675267200012,0.00010000
2023-02-02T00:00:00Z,1675296000004,0.00010000
2023-02-02T08:00:00Z,1675324800023,0.00010000
2023-02-02T16:00:00Z,1675353600003,0.00010000
2023-02-03T00:00:00Z,1675382400010,0.00010000
2023-02-03T08:00:00Z,1675411200000,0.00010000
2023-02-03T16:00:00Z,1675440000000,0.00010000
2023-02-04T00:00:00Z,1675468800010,0.00010000
2023-02-04T08:00:00Z,1675497600000,0.00010000
2023-02-04T16:00:00Z,1675526400000,0.00010000
2023-02-05T00:00:00Z,1675555200016,0.00010000
2023-02-05T08:00:00Z,1675584000009,0.00010000
2023-02-05T16:00:00Z,1675612800018,0.00010000
2023-02-06T00:00:00Z,1675641600001,0.00010000
2023-02-06T08:00:00Z,1675670400000,0.00010000
2023-02-06T16:00:00Z,1675699200012,0.00010000
2023-02-07T00:00:00Z,1675728000004,0.00010000
2023-02-07T08:00:00Z,1675756800011,0.00010000
2023-02-07T16:00:00Z,1675785600018,0.00010000
2023-02-08T00:00:00Z,1675814400009,0.00010000
2023-02-08T08:00:00Z,1675843200010,0.00010000
2023-02-08T16:00:00Z,1675872000000,0.00010000
2023-02-09T00:00:00Z,1675900800014,0.00010000
2023-02-09T08:00:00Z,1675929600006,0.00010000
2023-02-09T16:00:00Z,1675958400001,0.00010000
2023-02-10T00:00:00Z,1675987200012,0.00010000
2023-02-10T08:00:00Z,1676016000005,0.00006828
2023-02-10T16:00:00Z,1676044800020,0.00010000
2023-02-11T00:00:00Z,1676073600007,0.00006470
2023-02-11T08:00:00Z,1676102400002,0.00003345
2023-02-11T16:00:00Z,1676131200021,-0.00002491
2023-02-12T00:00:00Z,1676160000004,0.00008869
2023-02-12T08:00:00Z,1676188800000,0.00003225
2023-02-12T16:00:00Z,1676217600002,0.00004579
2023-02-13T00:00:00Z,1676246400006,0.00002555
2023-02-13T08:00:00Z,1676275200008,0.00005994
2023-02-13T16:00:00Z,1676304000002,0.00010000
2023-02-14T00:00:00Z,1676332800013,-0.00000454
2023-02-14T08:00:00Z,1676361600014,0.00004405
2023-02-14T16:00:00Z,1676390400016,0.00005311
2023-02-15T00:00:00Z,1676419200011,0.00002910
2023-02-15T08:00:00Z,1676448000000,0.00002810
2023-02-15T16:00:00Z,1676476800005,0.00005715
2023-02-16T00:00:00Z,1676505600019,0.00010000
2023-02-16T08:00:00Z,1676534400000,0.00010000
2023-02-16T16:00:00Z,1676563200001,0.00014101
2023-02-17T00:00:00Z,1676592000003,0.00010000
2023-02-17T08:00:00Z,1676620800016,0.00010000
2023-02-17T16:00:00Z,1676649600000,0.00010000
2023-02-18T00:00:00Z,1676678400011,0.00010000
2023-02-18T08:00:00Z,1676707200000,0.00010000
2023-02-18T16:00:00Z,1676736000007,0.00010000
2023-02-19T00:00:00Z,1676764800019,0.00010000
2023-02-19T08:00:00Z,1676793600005,0.00010000
2023-02-19T16:00:00Z,1676822400003,0.00010000
2023-02-20T00:00:00Z,1676851200006,0.00010000
2023-02-20T08:00:00Z,1676880000008,0.00010000
2023-02-20T16:00:00Z,1676908800006,0.00010000
2023-02-21T00:00:00Z,1676937600001,0.00010000
2023-02-21T08:00:00Z,1676966400004,0.00010000
2023-02-21T16:00:00Z,1676995200011,0.00010000
2023-02-22T00:00:00Z,1677024000009,0.00010000
2023-02-22T08:00:00Z,1677052800010,0.00010000
2023-02-22T16:00:00Z,1677081600000,0.00010000
2023-02-23T00:00:00Z,1677110400006,0.00007072
2023-02-23T08:00:00Z,1677139200005,0.00009829
2023-02-23T16:00:00Z,1677168000002,0.00004374
2023-02-24T00:00:00Z,1677196800015,0.00003804
2023-02-24T08:00:00Z,1677225600011,0.00006414
2023-02-24T16:00:00Z,1677254400014,0.00008380
2023-02-25T00:00:00Z,1677283200015,0.00007921
2023-02-25T08:00:00Z,1677312000015,0.00009641
2023-02-25T16:00:00Z,1677340800015,0.00005498
2023-02-26T00:00:00Z,1677369600007,0.00001266
2023-02-26T08:00:00Z,1677398400012,0.00004684
2023-02-26T16:00:00Z,1677427200000,0.00001098
2023-02-27T00:00:00Z,1677456000011,0.00010000
2023-02-27T08:00:00Z,1677484800003,0.00008633
2023-02-27T16:00:00Z,1677513600000,0.00006025
2023-02-28T00:00:00Z,1677542400011,0.00003555
2023-02-28T08:00:00Z,1677571200018,0.00003626
2023-02-28T16:00:00Z,1677600000005,0.00008565
2023-03-01T00:00:00Z,1677628800016,0.00000342
2023-03-01T08:00:00Z,1677657600000,0.00010000
2023-03-01T16:00:00Z,1677686400008,0.00010000
2023-03-02T00:00:00Z,1677715200009,0.00010000
2023-03-02T08:00:00Z,1677744000013,0.00010000
2023-03-02T16:00:00Z,1677772800000,0.00007746
2023-03-03T00:00:00Z,1677801600000,0.00003967
2023-03-03T08:00:00Z,1677830400013,-0.00000917
2023-03-03T16:00:00Z,1677859200000,0.00002284
2023-03-04T00:00:00Z,1677888000001,0.00008491
2023-03-04T08:00:00Z,1677916800008,0.00000126
2023-03-04T16:00:00Z,1677945600012,0.00002121
2023-03-05T00:00:00Z,1677974400000,0.00005372
2023-03-05T08:00:00Z,1678003200000,0.00003555
2023-03-05T16:00:00Z,1678032000015,0.00004841
2023-03-06T00:00:00Z,1678060800007,0.00004583
2023-03-06T08:00:00Z,1678089600017,0.00007122
2023-03-06T16:00:00Z,1678118400000,0.00003604
2023-03-07T00:00:00Z,1678147200009,0.00005296
2023-03-07T08:00:00Z,1678176000016,0.00007563
2023-03-07T16:00:00Z,1678204800017,0.00001011
2023-03-08T00:00:00Z,1678233600000,0.00008208
2023-03-08T08:00:00Z,1678262400014,0.00006665
2023-03-08T16:00:00Z,1678291200021,0.00008786
2023-03-09T00:00:00Z,1678320000010,0.00009084
2023-03-09T08:00:00Z,1678348800013,0.00007599
2023-03-09T16:00:00Z,1678377600002,0.00003643
2023-03-10T00:00:00Z,1678406400000,-0.00008306
2023-03-10T08:00:00Z,1678435200000,-0.00000097
2023-03-10T16:00:00Z,1678464000005,-0.00000512
2023-03-11T00:00:00Z,1678492800011,0.00002796
2023-03-11T08:00:00Z,1678521600003,-0.00005766
2023-03-11T16:00:00Z,1678550400011,0.00004677
2023-03-12T00:00:00Z,1678579200001,-0.00001066
2023-03-12T08:00:00Z,1678608000000,0.00008670
2023-03-12T16:00:00Z,1678636800005,-0.00004286
2023-03-13T00:00:00Z,1678665600010,0.00010000
2023-03-13T08:00:00Z,1678694400018,0.00010000
2023-03-13T16:00:00Z,1678723200003,0.00010000
2023-03-14T00:00:00Z,1678752000010,0.00010000
2023-03-14T08:00:00Z,1678780800009,0.00010000
2023-03-14T16:00:00Z,1678809600010,0.00010000
2023-03-15T00:00:00Z,1678838400011,0.00031728
2023-03-15T08:00:00Z,1678867200000,0.00018366
2023-03-15T16:00:00Z,1678896000012,0.00010000
2023-03-16T00:00:00Z,1678924800004,0.00010000
2023-03-16T08:00:00Z,1678953600018,0.00010000
2023-03-16T16:00:00Z,1678982400005,0.00010000
2023-03-17T00:00:00Z,1679011200017,0.00005964
2023-03-17T08:00:00Z,1679040000010,0.00005941
2023-03-17T16:00:00Z,1679068800003,0.00010000
2023-03-18T00:00:00Z,1679097600012,0.00010000
2023-03-18T08:00:00Z,1679126400000,0.00010000
2023-03-18T16:00:00Z,1679155200016,0.00010000
2023-03-19T00:00:00Z,1679184000013,0.00010000
2023-03-19T08:00:00Z,1679212800024,0.00010000
2023-03-19T16:00:00Z,1679241600000,0.00010000
2023-03-20T00:00:00Z,1679270400005,0.00010000
2023-03-20T08:00:00Z,1679299200012,0.00010000
2023-03-20T16:00:00Z,1679328000015,0.00008194
2023-03-21T00:00:00Z,1679356800006,0.00007106
2023-03-21T08:00:00Z,1679385600004,0.00004611
2023-03-21T16:00:00Z,1679414400003,0.00008990
2023-03-22T00:00:00Z,1679443200000,0.00005146
2023-03-22T08:00:00Z,1679472000003,0.00001267
2023-03-22T16:00:00Z,1679500800000,0.00005540
2023-03-23T00:00:00Z,1679529600016,0.00001123
2023-03-23T08:00:00Z,1679558400001,0.00006860
2023-03-23T16:00:00Z,1679587200013,0.00010000
2023-03-24T00:00:00Z,1679616000013,0.00010000
2023-03-24T08:00:00Z,1679644800012,0.00010000
2023-03-24T16:00:00Z,1679673600027,0.00010000
2023-03-25T00:00:00Z,1679702400015,0.00001992
2023-03-25T08:00:00Z,1679731200011,0.00001460
2023-03-25T16:00:00Z,1679760000011,-0.00000795
2023-03-26T00:00:00Z,1679788800000,0.00000829
2023-03-26T08:00:00Z,1679817600015,0.00000997
2023-03-26T16:00:00Z,1679846400000,0.00004383
2023-03-27T00:00:00Z,1679875200019,0.00001635
2023-03-27T08:00:00Z,1679904000009,-0.00000385
2023-03-27T16:00:00Z,1679932800000,-0.00000171
2023-03-28T00:00:00Z,1679961600007,-0.00001478
2023-03-28T08:00:00Z,1679990400000,0.00003473
2023-03-28T16:00:00Z,1680019200013,0.00006578
2023-03-29T00:00:00Z,1680048000010,0.00010000
2023-03-29T08:00:00Z,1680076800006,0.00007584
2023-03-29T16:00:00Z,1680105600014,0.00010000
2023-03-30T00:00:00Z,1680134400000,0.00005756
2023-03-30T08:00:00Z,1680163200000,0.00000286
2023-03-30T16:00:00Z,1680192000006,0.00005025
2023-03-31T00:00:00Z,1680220800003,0.00007203
2023-03-31T08:00:00Z,1680249600006,0.00006982
2023-03-31T16:00:00Z,1680278400011,0.00010000
2023-04-01T00:00:00Z,1680307200000,0.00010000
2023-04-01T08:00:00Z,1680336000000,0.00010000
2023-04-01T16:00:00Z,1680364800018,0.00006306
2023-04-02T00:00:00Z,1680393600013,0.00003987
2023-04-02T08:00:00Z,1680422400014,0.00005018
2023-04-02T16:00:00Z,1680451200001,0.00003503
2023-04-03T00:00:00Z,1680480000000,-0.00002938
2023-04-03T08:00:00Z,1680508800013,-0.00001960
2023-04-03T16:00:00Z,1680537600011,-0.00000471
2023-04-04T00:00:00Z,1680566400002,0.00006360
2023-04-04T08:00:00Z,1680595200017,0.00003238
2023-04-04T16:00:00Z,1680624000008,0.00010000
2023-04-05T00:00:00Z,1680652800000,0.00006853
2023-04-05T08:00:00Z,1680681600016,0.00010000
2023-04-05T16:00:00Z,1680710400004,0.00010000
2023-04-06T00:00:00Z,1680739200000,0.00005011
2023-04-06T08:00:00Z,1680768000011,0.00006251
2023-04-06T16:00:00Z,1680796800000,0.00000217
2023-04-07T00:00:00Z,1680825600006,0.00002088
2023-04-07T08:00:00Z,1680854400005,0.00007093
2023-04-07T16:00:00Z,1680883200000,0.00003638
2023-04-08T00:00:00Z,1680912000000,0.00003725
2023-04-08T08:00:00Z,1680940800014,0.00001046
2023-04-08T16:00:00Z,1680969600018,0.00002210
2023-04-09T00:00:00Z,1680998400013,0.00000821
2023-04-09T08:00:00Z,1681027200024,-0.00001908
2023-04-09T16:00:00Z,1681056000010,0.00003067
2023-04-10T00:00:00Z,1681084800000,0.00003359
2023-04-10T08:00:00Z,1681113600010,-0.00004969
2023-04-10T16:00:00Z,1681142400006,0.00002062
2023-04-11T00:00:00Z,1681171200008,0.00002648
2023-04-11T08:00:00Z,1681200000007,0.00008648
2023-04-11T16:00:00Z,1681228800016,0.00006716
2023-04-12T00:00:00Z,1681257600006,0.00001041
2023-04-12T08:00:00Z,1681286400008,0.00001290
2023-04-12T16:00:00Z,1681315200014,0.00003624
2023-04-13T00:00:00Z,1681344000027,0.00010000
2023-04-13T08:00:00Z,1681372800010,0.00010000
2023-04-13T16:00:00Z,1681401600000,0.00010000
2023-04-14T00:00:00Z,1681430400001,0.00010000
2023-04-14T08:00:00Z,1681459200008,0.00010000
2023-04-14T16:00:00Z,1681488000007,0.00010000
2023-04-15T00:00:00Z,1681516800007,0.00010000
2023-04-15T08:00:00Z,1681545600007,0.00010000
2023-04-15T16:00:00Z,1681574400011,0.00010000
2023-04-16T00:00:00Z,1681603200014,0.00010000
2023-04-16T08:00:00Z,1681632000007,0.00010000
2023-04-16T16:00:00Z,1681660800002,0.00010000
2023-04-17T00:00:00Z,1681689600017,0.00010000
2023-04-17T08:00:00Z,1681718400006,0.00010000
2023-04-17T16:00:00Z,1681747200000,0.00010000
2023-04-18T00:00:00Z,1681776000013,0.00010000
2023-04-18T08:00:00Z,1681804800017,0.00010000
2023-04-18T16:00:00Z,1681833600000,0.00010000
2023-04-19T00:00:00Z,1681862400022,0.00010000
2023-04-19T08:00:00Z,1681891200014,0.00010000
2023-04-19T16:00:00Z,1681920000000,-0.00001015
2023-04-20T00:00:00Z,1681948800010,0.00006419
2023-04-20T08:00:00Z,1681977600012,0.00000032
2023-04-20T16:00:00Z,1682006400012,0.00002269
2023-04-21T00:00:00Z,1682035200009,0.00008620
2023-04-21T08:00:00Z,1682064000009,0.00006903
2023-04-21T16:00:00Z,1682092800003,0.00008488
2023-04-22T00:00:00Z,1682121600000,0.00005467
2023-04-22T08:00:00Z,1682150400000,-0.00000562
2023-04-22T16:00:00Z,1682179200016,0.00002848
2023-04-23T00:00:00Z,1682208000009,-0.00006991
2023-04-23T08:00:00Z,1682236800020,0.00001032
2023-04-23T16:00:00Z,1682265600007,0.00004969
2023-04-24T00:00:00Z,1682294400000,0.00009041
2023-04-24T08:00:00Z,1682323200008,0.00001238
2023-04-24T16:00:00Z,1682352000006,0.00005112
2023-04-25T00:00:00Z,1682380800014,0.00008411
2023-04-25T08:00:00Z,1682409600009,0.00008034
2023-04-25T16:00:00Z,1682438400015,0.00006892
2023-04-26T00:00:00Z,1682467200015,0.00003840
2023-04-26T08:00:00Z,1682496000013,0.00001253
2023-04-26T16:00:00Z,1682524800001,0.00008700
2023-04-27T00:00:00Z,1682553600014,-0.00002203
2023-04-27T08:00:00Z,1682582400008,0.00005850
2023-04-27T16:00:00Z,1682611200005,0.00003408
2023-04-28T00:00:00Z,1682640000011,0.00008670
2023-04-28T08:00:00Z,1682668800007,0.00008037
2023-04-28T16:00:00Z,1682697600006,0.00008463
2023-04-29T00:00:00Z,1682726400004,0.00004382
2023-04-29T08:00:00Z,1682755200016,0.00007125
2023-04-29T16:00:00Z,1682784000001,0.00005044
2023-04-30T00:00:00Z,1682812800008,0.00006303
2023-04-30T08:00:00Z,1682841600000,-0.00000213
2023-04-30T16:00:00Z,1682870400010,0.00008291
2023-05-01T00:00:00Z,1682899200004,-0.00002629
2023-05-01T08:00:00Z,1682928000008,0.00002338
2023-05-01T16:00:00Z,1682956800014,0.00000846
2023-05-02T00:00:00Z,1682985600015,0.00009917
2023-05-02T08:00:00Z,1683014400018,0.00002555
2023-05-02T16:00:00Z,1683043200000,0.00008146
2023-05-03T00:00:00Z,1683072000009,0.00009799
2023-05-03T08:00:00Z,1683100800003,0.00006273
2023-05-03T16:00:00Z,1683129600011,0.00010000
2023-05-04T00:00:00Z,1683158400000,0.00010000
2023-05-04T08:00:00Z,1683187200000,0.00010000
2023-05-04T16:00:00Z,1683216000011,0.00009900
2023-05-05T00:00:00Z,1683244800002,0.00003555
2023-05-05T08:00:00Z,1683273600000,0.00005680
2023-05-05T16:00:00Z,1683302400000,0.00010000
2023-05-06T00:00:00Z,1683331200009,0.00010000
2023-05-06T08:00:00Z,1683360000000,0.00010000
2023-05-06T16:00:00Z,1683388800000,0.00000694
2023-05-07T00:00:00Z,1683417600000,0.00001519
2023-05-07T08:00:00Z,1683446400000,0.00002257
2023-05-07T16:00:00Z,1683475200006,0.00004724
2023-05-08T00:00:00Z,1683504000000,0.00005356
2023-05-08T08:00:00Z,1683532800007,0.00001131
2023-05-08T16:00:00Z,1683561600015,0.00003803
2023-05-09T00:00:00Z,1683590400015,0.00009627
2023-05-09T08:00:00Z,1683619200000,0.00010000
2023-05-09T16:00:00Z,1683648000000,0.00005218
2023-05-10T00:00:00Z,1683676800007,0.00002199
2023-05-10T08:00:00Z,1683705600003,0.00006916
2023-05-10T16:00:00Z,1683734400000,0.00004334
2023-05-11T00:00:00Z,1683763200011,-0.00000399
2023-05-11T08:00:00Z,1683792000000,0.00002198
2023-05-11T16:00:00Z,1683820800005,0.00005429
2023-05-12T00:00:00Z,1683849600020,0.00001830
2023-05-12T08:00:00Z,1683878400001,0.00000454
2023-05-12T16:00:00Z,1683907200010,-0.00000917
2023-05-13T00:00:00Z,1683936000000,0.00002858
2023-05-13T08:00:00Z,1683964800000,0.00002366
2023-05-13T16:00:00Z,1683993600026,0.00000857
2023-05-14T00:00:00Z,1684022400029,-0.00000480
2023-05-14T08:00:00Z,1684051200010,0.00005487
2023-05-14T16:00:00Z,1684080000008,0.00003797
2023-05-15T00:00:00Z,1684108800006,-0.00001849
2023-05-15T08:00:00Z,1684137600005,-0.00000295
2023-05-15T16:00:00Z,1684166400008,-0.00001988
2023-05-16T00:00:00Z,1684195200021,-0.00001560
2023-05-16T08:00:00Z,1684224000000,0.00001255
2023-05-16T16:00:00Z,1684252800000,0.00006009
2023-05-17T00:00:00Z,1684281600010,0.00008760
2023-05-17T08:00:00Z,1684310400000,-0.00001530
2023-05-17T16:00:00Z,1684339200001,0.00003984
2023-05-18T00:00:00Z,1684368000000,0.00007696
2023-05-18T08:00:00Z,1684396800026,0.00006739
2023-05-18T16:00:00Z,1684425600019,0.00005135
2023-05-19T00:00:00Z,1684454400000,0.00004796
2023-05-19T08:00:00Z,1684483200002,0.00002782
2023-05-19T16:00:00Z,1684512000000,0.00010000
2023-05-20T00:00:00Z,1684540800005,0.00007933
2023-05-20T08:00:00Z,1684569600014,0.00000788
2023-05-20T16:00:00Z,1684598400020,-0.00000176
2023-05-21T00:00:00Z,1684627200014,0.00004220
2023-05-21T08:00:00Z,1684656000001,-0.00000159
2023-05-21T16:00:00Z,1684684800015,0.00002497
2023-05-22T00:00:00Z,1684713600028,0.00002428
2023-05-22T08:00:00Z,1684742400000,0.00005518
2023-05-22T16:00:00Z,1684771200012,0.00009003
2023-05-23T00:00:00Z,1684800000006,0.00002790
2023-05-23T08:00:00Z,1684828800014,0.00010000
2023-05-23T16:00:00Z,1684857600008,0.00007379
2023-05-24T00:00:00Z,1684886400000,0.00009078
2023-05-24T08:00:00Z,1684915200025,0.00001006
2023-05-24T16:00:00Z,1684944000008,0.00004917
2023-05-25T00:00:00Z,1684972800000,0.00001449
2023-05-25T08:00:00Z,1685001600025,0.00000148
2023-05-25T16:00:00Z,1685030400016,0.00006605
2023-05-26T00:00:00Z,1685059200000,0.00010000
2023-05-26T08:00:00Z,1685088000024,0.00006574
2023-05-26T16:00:00Z,1685116800012,0.00003794
2023-05-27T00:00:00Z,1685145600012,0.00006425
2023-05-27T08:00:00Z,1685174400018,0.00004565
2023-05-27T16:00:00Z,1685203200008,-0.00003230
2023-05-28T00:00:00Z,1685232000017,-0.00000120
2023-05-28T08:00:00Z,1685260800015,-0.00001086
2023-05-28T16:00:00Z,1685289600000,0.00002481
2023-05-29T00:00:00Z,1685318400000,0.00010000
2023-05-29T08:00:00Z,1685347200020,0.00010000
2023-05-29T16:00:00Z,1685376000011,0.00010000
2023-05-30T00:00:00Z,1685404800003,0.00010000
2023-05-30T08:00:00Z,1685433600000,0.00010000
2023-05-30T16:00:00Z,1685462400003,0.00004386
2023-05-31T00:00:00Z,1685491200013,0.00007951
2023-05-31T08:00:00Z,1685520000000,0.00000535
2023-05-31T16:00:00Z,1685548800000,0.00004873
2023-06-01T00:00:00Z,1685577600008,0.00006731
2023-06-01T08:00:00Z,1685606400012,0.00009125
2023-06-01T16:00:00Z,1685635200000,0.00010000
2023-06-02T00:00:00Z,1685664000000,0.00004670
2023-06-02T08:00:00Z,1685692800006,0.00010000
2023-06-02T16:00:00Z,1685721600012,0.00008252
2023-06-03T00:00:00Z,1685750400000,0.00010000
2023-06-03T08:00:00Z,1685779200011,0.00007857
2023-06-03T16:00:00Z,1685808000003,0.00000950
2023-06-04T00:00:00Z,1685836800000,0.00002827
2023-06-04T08:00:00Z,1685865600000,0.00004801
2023-06-04T16:00:00Z,1685894400000,0.00008077
2023-06-05T00:00:00Z,1685923200005,0.00000294
2023-06-05T08:00:00Z,1685952000000,0.00002308
2023-06-05T16:00:00Z,1685980800000,0.00007505
2023-06-06T00:00:00Z,1686009600000,-0.00004896
2023-06-06T08:00:00Z,1686038400009,0.00000199
2023-06-06T16:00:00Z,1686067200013,0.00008581
2023-06-07T00:00:00Z,1686096000000,0.00010000
2023-06-07T08:00:00Z,1686124800016,0.00010000
2023-06-07T16:00:00Z,1686153600000,0.00002658
2023-06-08T00:00:00Z,1686182400006,0.00006055
2023-06-08T08:00:00Z,1686211200000,0.00005971
2023-06-08T16:00:00Z,1686240000000,0.00006270
2023-06-09T00:00:00Z,1686268800000,0.00007287
2023-06-09T08:00:00Z,1686297600000,0.00000972
2023-06-09T16:00:00Z,1686326400000,0.00007382
2023-06-10T00:00:00Z,1686355200000,0.00006010
2023-06-10T08:00:00Z,1686384000000,0.00005325
2023-06-10T16:00:00Z,1686412800000,0.00001875
2023-06-11T00:00:00Z,1686441600001,0.00001783
2023-06-11T08:00:00Z,1686470400000,0.00006332
2023-06-11T16:00:00Z,1686499200000,0.00002351
2023-06-12T00:00:00Z,1686528000000,0.00007802
2023-06-12T08:00:00Z,1686556800000,0.00009417
2023-06-12T16:00:00Z,1686585600001,0.00002839
2023-06-13T00:00:00Z,1686614400000,0.00007468
2023-06-13T08:00:00Z,1686643200000,0.00004944
2023-06-13T16:00:00Z,1686672000000,0.00005417
2023-06-14T00:00:00Z,1686700800000,0.00009312
2023-06-14T08:00:00Z,1686729600000,0.00001378
2023-06-14T16:00:00Z,1686758400000,0.00002759
2023-06-15T00:00:00Z,1686787200000,-0.00007479
2023-06-15T08:00:00Z,1686816000000,-0.00008236
2023-06-15T16:00:00Z,1686844800000,0.00003041
2023-06-16T00:00:00Z,1686873600000,-0.00008034
2023-06-16T08:00:00Z,1686902400000,-0.00005170
2023-06-16T16:00:00Z,1686931200000,-0.00001294
2023-06-17T00:00:00Z,1686960000000,0.00006711
2023-06-17T08:00:00Z,1686988800000,0.00010000
2023-06-17T16:00:00Z,1687017600000,-0.00000145
2023-06-18T00:00:00Z,1687046400000,-0.00000719
2023-06-18T08:00:00Z,1687075200000,-0.00000865
2023-06-18T16:00:00Z,1687104000000,0.00005296
2023-06-19T00:00:00Z,1687132800000,0.00003436
2023-06-19T08:00:00Z,1687161600000,0.00005597
2023-06-19T16:00:00Z,1687190400000,0.00002962
2023-06-20T00:00:00Z,1687219200001,0.00003350
2023-06-20T08:00:00Z,1687248000000,-0.00002167
2023-06-20T16:00:00Z,1687276800000,0.00002359
2023-06-21T00:00:00Z,1687305600000,0.00010000
2023-06-21T08:00:00Z,1687334400000,0.00001018
2023-06-21T16:00:00Z,1687363200000,-0.00000236
2023-06-22T00:00:00Z,1687392000000,0.00010000
2023-06-22T08:00:00Z,1687420800001,0.00010000
2023-06-22T16:00:00Z,1687449600000,0.00010000
2023-06-23T00:00:00Z,1687478400000,0.00010000
2023-06-23T08:00:00Z,1687507200000,0.00010000
2023-06-23T16:00:00Z,1687536000000,0.00004288
2023-06-24T00:00:00Z,1687564800000,0.00010000
2023-06-24T08:00:00Z,1687593600000,0.00010000
2023-06-24T16:00:00Z,1687622400000,0.00003414
2023-06-25T00:00:00Z,1687651200000,0.00010000
2023-06-25T08:00:00Z,1687680000000,0.00010000
2023-06-25T16:00:00Z,1687708800000,0.00010000
2023-06-26T00:00:00Z,1687737600000,0.00010000
2023-06-26T08:00:00Z,1687766400000,0.00007153
2023-06-26T16:00:00Z,1687795200000,0.00007038
2023-06-27T00:00:00Z,1687824000000,0.00004477
2023-06-27T08:00:00Z,1687852800000,0.00006237
2023-06-27T16:00:00Z,1687881600000,0.00001184
2023-06-28T00:00:00Z,1687910400000,0.00010000
2023-06-28T08:00:00Z,1687939200000,0.00002202
2023-06-28T16:00:00Z,1687968000000,0.00003873
2023-06-29T00:00:00Z,1687996800000,0.00001497
2023-06-29T08:00:00Z,1688025600000,0.00001188
2023-06-29T16:00:00Z,1688054400000,0.00010000
2023-06-30T00:00:00Z,1688083200000,0.00003965
2023-06-30T08:00:00Z,1688112000000,0.00010000
2023-06-30T16:00:00Z,1688140800001,0.00010000
2023-07-01T00:00:00Z,1688169600000,0.00010000
2023-07-01T08:00:00Z,1688198400000,0.00010000
2023-07-01T16:00:00Z,1688227200000,0.00010000
2023-07-02T00:00:00Z,1688256000000,0.00010000
2023-07-02T08:00:00Z,1688284800000,0.00010000
2023-07-02T16:00:00Z,1688313600001,0.00010000
2023-07-03T00:00:00Z,1688342400000,0.00010000
2023-07-03T08:00:00Z,1688371200000,0.00010000
2023-07-03T16:00:00Z,1688400000000,0.00010000
2023-07-04T00:00:00Z,1688428800001,0.00010000
2023-07-04T08:00:00Z,1688457600000,0.00010000
2023-07-04T16:00:00Z,1688486400000,0.00010000
2023-07-05T00:00:00Z,1688515200000,0.00010000
2023-07-05T08:00:00Z,1688544000000,0.00010000
2023-07-05T16:00:00Z,1688572800000,0.00010000
2023-07-06T00:00:00Z,1688601600000,0.00010000
2023-07-06T08:00:00Z,1688630400000,0.00010000
2023-07-06T16:00:00Z,1688659200000,0.00002778
2023-07-07T00:00:00Z,1688688000000,0.00007449
2023-07-07T08:00:00Z,1688716800000,0.00003362
2023-07-07T16:00:00Z,1688745600000,0.00002585
2023-07-08T00:00:00Z,1688774400000,0.00003796
2023-07-08T08:00:00Z,1688803200000,0.00001339
2023-07-08T16:00:00Z,1688832000000,-0.00000417
2023-07-09T00:00:00Z,1688860800000,0.00003226
2023-07-09T08:00:00Z,1688889600000,0.00002878
2023-07-09T16:00:00Z,1688918400000,0.00003180
2023-07-10T00:00:00Z,1688947200000,0.00002726
2023-07-10T08:00:00Z,1688976000000,0.00004524
2023-07-10T16:00:00Z,1689004800000,0.00007179
2023-07-11T00:00:00Z,1689033600000,0.00009527
2023-07-11T08:00:00Z,1689062400000,0.00007653
2023-07-11T16:00:00Z,1689091200000,0.00002549
2023-07-12T00:00:00Z,1689120000000,0.00008290
2023-07-12T08:00:00Z,1689148800000,0.00010000
2023-07-12T16:00:00Z,1689177600000,0.00007320
2023-07-13T00:00:00Z,1689206400000,-0.00000822
2023-07-13T08:00:00Z,1689235200000,0.00005591
2023-07-13T16:00:00Z,1689264000000,-0.00004550
2023-07-14T00:00:00Z,1689292800000,0.00010000
2023-07-14T08:00:00Z,1689321600000,0.00010000
2023-07-14T16:00:00Z,1689350400000,0.00010000
2023-07-15T00:00:00Z,1689379200000,-0.00000131
2023-07-15T08:00:00Z,1689408000000,0.00008110
2023-07-15T16:00:00Z,1689436800000,0.00008792
2023-07-16T00:00:00Z,1689465600001,0.00005641
2023-07-16T08:00:00Z,1689494400000,0.00004632
2023-07-16T16:00:00Z,1689523200000,0.00004081
2023-07-17T00:00:00Z,1689552000000,0.00002809
2023-07-17T08:00:00Z,1689580800000,0.00002313
2023-07-17T16:00:00Z,1689609600000,0.00003963
2023-07-18T00:00:00Z,1689638400000,0.00006696
2023-07-18T08:00:00Z,1689667200000,0.00008539
2023-07-18T16:00:00Z,1689696000000,0.00007161
2023-07-19T00:00:00Z,1689724800000,0.00006538
2023-07-19T08:00:00Z,1689753600000,0.00010000
2023-07-19T16:00:00Z,1689782400001,0.00009161
2023-07-20T00:00:00Z,1689811200000,-0.00000241
2023-07-20T08:00:00Z,1689840000000,0.00009217
2023-07-20T16:00:00Z,1689868800000,0.00010000
2023-07-21T00:00:00Z,1689897600001,0.00001798
2023-07-21T08:00:00Z,1689926400000,0.00000473
2023-07-21T16:00:00Z,1689955200000,0.00007376
2023-07-22T00:00:00Z,1689984000000,0.00005769
2023-07-22T08:00:00Z,1690012800000,-0.00000415
2023-07-22T16:00:00Z,1690041600000,0.00001649
2023-07-23T00:00:00Z,1690070400000,0.00001578
2023-07-23T08:00:00Z,1690099200000,0.00003411
2023-07-23T16:00:00Z,1690128000000,0.00005404
2023-07-24T00:00:00Z,1690156800000,0.00010000
2023-07-24T08:00:00Z,1690185600000,-0.00000080
2023-07-24T16:00:00Z,1690214400000,0.00007167
2023-07-25T00:00:00Z,1690243200000,0.00008389
2023-07-25T08:00:00Z,1690272000000,0.00010000
2023-07-25T16:00:00Z,1690300800000,0.00007490
2023-07-26T00:00:00Z,1690329600000,0.00009056
2023-07-26T08:00:00Z,1690358400001,0.00006753
2023-07-26T16:00:00Z,1690387200000,0.00009889
2023-07-27T00:00:00Z,1690416000000,0.00010000
2023-07-27T08:00:00Z,1690444800000,0.00008145
2023-07-27T16:00:00Z,1690473600001,0.00003967
2023-07-28T00:00:00Z,1690502400000,0.00004950
2023-07-28T08:00:00Z,1690531200000,0.00005360
2023-07-28T16:00:00Z,1690560000000,0.00009408
2023-07-29T00:00:00Z,1690588800000,0.00010000
2023-07-29T08:00:00Z,1690617600000,0.00001485
2023-07-29T16:00:00Z,1690646400001,0.00010000
2023-07-30T00:00:00Z,1690675200000,0.00010000
2023-07-30T08:00:00Z,1690704000000,0.00001949
2023-07-30T16:00:00Z,1690732800000,0.00003686
2023-07-31T00:00:00Z,1690761600000,0.00000049
2023-07-31T08:00:00Z,1690790400000,0.00000170
2023-07-31T16:00:00Z,1690819200001,0.00004221
2023-08-01T00:00:00Z,1690848000000,0.00008008
2023-08-01T08:00:00Z,1690876800000,0.00003030
2023-08-01T16:00:00Z,1690905600000,0.00010000
2023-08-02T00:00:00Z,1690934400000,0.00010000
2023-08-02T08:00:00Z,1690963200000,0.00010000
2023-08-02T16:00:00Z,1690992000000,0.00010000
2023-08-03T00:00:00Z,1691020800000,0.00010000
2023-08-03T08:00:00Z,1691049600000,0.00010000
2023-08-03T16:00:00Z,1691078400001,0.00010000
2023-08-04T00:00:00Z,1691107200000,0.00010000
2023-08-04T08:00:00Z,1691136000000,0.00004830
2023-08-04T16:00:00Z,1691164800000,0.00010000
2023-08-05T00:00:00Z,1691193600000,0.00006861
2023-08-05T08:00:00Z,1691222400000,0.00009220
2023-08-05T16:00:00Z,1691251200001,0.00010000
2023-08-06T00:00:00Z,1691280000000,0.00010000
2023-08-06T08:00:00Z,1691308800001,0.00006951
2023-08-06T16:00:00Z,1691337600005,0.00004934
2023-08-07T00:00:00Z,1691366400000,0.00010000
2023-08-07T08:00:00Z,1691395200000,0.00009331
2023-08-07T16:00:00Z,1691424000000,0.00010000
2023-08-08T00:00:00Z,1691452800000,0.00006695
2023-08-08T08:00:00Z,1691481600000,0.00010000
2023-08-08T16:00:00Z,1691510400000,0.00004942
2023-08-09T00:00:00Z,1691539200000,0.00010000
2023-08-09T08:00:00Z,1691568000000,0.00001575
2023-08-09T16:00:00Z,1691596800000,0.00006699
2023-08-10T00:00:00Z,1691625600001,0.00008799
2023-08-10T08:00:00Z,1691654400000,0.00009807
2023-08-10T16:00:00Z,1691683200000,0.00008989
2023-08-11T00:00:00Z,1691712000000,0.00003796
2023-08-11T08:00:00Z,1691740800000,0.00000702
2023-08-11T16:00:00Z,1691769600000,0.00004072
2023-08-12T00:00:00Z,1691798400000,0.00006253
2023-08-12T08:00:00Z,1691827200000,0.00004437
2023-08-12T16:00:00Z,1691856000000,0.00006868
2023-08-13T00:00:00Z,1691884800000,0.00005650
2023-08-13T08:00:00Z,1691913600000,0.00003083
2023-08-13T16:00:00Z,1691942400000,0.00009458
2023-08-14T00:00:00Z,1691971200001,0.00010000
2023-08-14T08:00:00Z,1692000000000,0.00010000
2023-08-14T16:00:00Z,1692028800000,0.00009882
2023-08-15T00:00:00Z,1692057600001,0.00007579
2023-08-15T08:00:00Z,1692086400000,0.00009894
2023-08-15T16:00:00Z,1692115200000,0.00008909
2023-08-16T00:00:00Z,1692144000000,0.00007286
2023-08-16T08:00:00Z,1692172800001,0.00009487
2023-08-16T16:00:00Z,1692201600000,0.00010000
2023-08-17T00:00:00Z,1692230400000,0.00010000
2023-08-17T08:00:00Z,1692259200000,0.00007426
2023-08-17T16:00:00Z,1692288000000,0.00007146
2023-08-18T00:00:00Z,1692316800000,-0.00017498
2023-08-18T08:00:00Z,1692345600000,0.00008602
2023-08-18T16:00:00Z,1692374400000,0.00002951
2023-08-19T00:00:00Z,1692403200000,-0.00004580
2023-08-19T08:00:00Z,1692432000000,-0.00007861
2023-08-19T16:00:00Z,1692460800000,-0.00008349
2023-08-20T00:00:00Z,1692489600000,-0.00011445
2023-08-20T08:00:00Z,1692518400000,-0.00009092
2023-08-20T16:00:00Z,1692547200000,-0.00001625
2023-08-21T00:00:00Z,1692576000000,-0.00004010
2023-08-21T08:00:00Z,1692604800000,-0.00004365
2023-08-21T16:00:00Z,1692633600000,0.00000592
2023-08-22T00:00:00Z,1692662400000,0.00003645
2023-08-22T08:00:00Z,1692691200000,-0.00006552
2023-08-22T16:00:00Z,1692720000000,-0.00003757
2023-08-23T00:00:00Z,1692748800000,-0.00002059
2023-08-23T08:00:00Z,1692777600000,-0.00000160
2023-08-23T16:00:00Z,1692806400000,0.00000334
2023-08-24T00:00:00Z,1692835200000,0.00002659
2023-08-24T08:00:00Z,1692864000000,-0.00000957
2023-08-24T16:00:00Z,1692892800000,-0.00001897
2023-08-25T00:00:00Z,1692921600000,-0.00002692
2023-08-25T08:00:00Z,1692950400000,-0.00001529
2023-08-25T16:00:00Z,1692979200000,0.00000498
2023-08-26T00:00:00Z,1693008000000,0.00003560
2023-08-26T08:00:00Z,1693036800000,-0.00000055
2023-08-26T16:00:00Z,1693065600000,-0.00006303
2023-08-27T00:00:00Z,1693094400000,0.00000399
2023-08-27T08:00:00Z,1693123200000,0.00001535
2023-08-27T16:00:00Z,1693152000000,0.00002696
2023-08-28T00:00:00Z,1693180800000,-0.00000176
2023-08-28T08:00:00Z,1693209600001,-0.00004850
2023-08-28T16:00:00Z,1693238400001,0.00005739
2023-08-29T00:00:00Z,1693267200000,0.00003145
2023-08-29T08:00:00Z,1693296000000,0.00001139
2023-08-29T16:00:00Z,1693324800000,-0.00012730
2023-08-30T00:00:00Z,1693353600000,0.00007488
2023-08-30T08:00:00Z,1693382400000,0.00007249
2023-08-30T16:00:00Z,1693411200000,0.00004644
2023-08-31T00:00:00Z,1693440000000,0.00003628
2023-08-31T08:00:00Z,1693468800000,0.00005955
2023-08-31T16:00:00Z,1693497600000,0.00002375
2023-09-01T00:00:00Z,1693526400000,0.00003532
2023-09-01T08:00:00Z,1693555200000,-0.00001812
2023-09-01T16:00:00Z,1693584000001,0.00002457
2023-09-02T00:00:00Z,1693612800000,0.00000805
2023-09-02T08:00:00Z,1693641600000,-0.00001621
2023-09-02T16:00:00Z,1693670400000,0.00000605
2023-09-03T00:00:00Z,1693699200000,0.00001390
2023-09-03T08:00:00Z,1693728000000,-0.00002475
2023-09-03T16:00:00Z,1693756800000,-0.00000621
2023-09-04T00:00:00Z,1693785600000,-0.00000075
2023-09-04T08:00:00Z,1693814400000,-0.00007752
2023-09-04T16:00:00Z,1693843200000,0.00000980
2023-09-05T00:00:00Z,1693872000000,0.00003126
2023-09-05T08:00:00Z,1693900800000,0.00000290
2023-09-05T16:00:00Z,1693929600000,0.00000977
2023-09-06T00:00:00Z,1693958400000,0.00002880
2023-09-06T08:00:00Z,1693987200000,-0.00003144
2023-09-06T16:00:00Z,1694016000001,0.00005701
2023-09-07T00:00:00Z,1694044800000,0.00004502
2023-09-07T08:00:00Z,1694073600000,0.00007831
2023-09-07T16:00:00Z,1694102400000,0.00004354
2023-09-08T00:00:00Z,1694131200000,0.00005596
2023-09-08T08:00:00Z,1694160000000,0.00002685
2023-09-08T16:00:00Z,1694188800000,0.00002497
2023-09-09T00:00:00Z,1694217600000,0.00005008
2023-09-09T08:00:00Z,1694246400000,0.00002832
2023-09-09T16:00:00Z,1694275200000,0.00004629
2023-09-10T00:00:00Z,1694304000000,0.00003947
2023-09-10T08:00:00Z,1694332800000,0.00001527
2023-09-10T16:00:00Z,1694361600000,0.00000775
2023-09-11T00:00:00Z,1694390400000,0.00004838
2023-09-11T08:00:00Z,1694419200000,0.00005747
2023-09-11T16:00:00Z,1694448000001,-0.00000625
2023-09-12T00:00:00Z,1694476800000,-0.00004991
2023-09-12T08:00:00Z,1694505600000,-0.00002671
2023-09-12T16:00:00Z,1694534400000,-0.00000144
2023-09-13T00:00:00Z,1694563200000,0.00002004
2023-09-13T08:00:00Z,1694592000000,-0.00003260
2023-09-13T16:00:00Z,1694620800000,0.00003870
2023-09-14T00:00:00Z,1694649600000,-0.00003640
2023-09-14T08:00:00Z,1694678400001,0.00003172
2023-09-14T16:00:00Z,1694707200000,-0.00000560
2023-09-15T00:00:00Z,1694736000000,0.00000726
2023-09-15T08:00:00Z,1694764800000,-0.00002473
2023-09-15T16:00:00Z,1694793600000,0.00003877
2023-09-16T00:00:00Z,1694822400000,0.00010000
2023-09-16T08:00:00Z,1694851200000,0.00000930
2023-09-16T16:00:00Z,1694880000000,0.00000224
2023-09-17T00:00:00Z,1694908800000,0.00002272
2023-09-17T08:00:00Z,1694937600000,-0.00000941
2023-09-17T16:00:00Z,1694966400000,0.00004182
2023-09-18T00:00:00Z,1694995200000,0.00000622
2023-09-18T08:00:00Z,1695024000000,0.00001365
2023-09-18T16:00:00Z,1695052800000,0.00002976
2023-09-19T00:00:00Z,1695081600000,-0.00001298
2023-09-19T08:00:00Z,1695110400001,-0.00001248
2023-09-19T16:00:00Z,1695139200000,0.00001153
2023-09-20T00:00:00Z,1695168000000,0.00004614
2023-09-20T08:00:00Z,1695196800000,0.00002387
2023-09-20T16:00:00Z,1695225600000,0.00002909
2023-09-21T00:00:00Z,1695254400001,0.00003804
2023-09-21T08:00:00Z,1695283200000,0.00007655
2023-09-21T16:00:00Z,1695312000000,-0.00000638
2023-09-22T00:00:00Z,1695340800000,0.00002241
2023-09-22T08:00:00Z,1695369600000,0.00002865
2023-09-22T16:00:00Z,1695398400000,0.00003523
2023-09-23T00:00:00Z,1695427200000,0.00002817
2023-09-23T08:00:00Z,1695456000000,0.00002963
2023-09-23T16:00:00Z,1695484800000,0.00002321
2023-09-24T00:00:00Z,1695513600000,0.00002991
2023-09-24T08:00:00Z,1695542400000,-0.00000558
2023-09-24T16:00:00Z,1695571200000,0.00004671
2023-09-25T00:00:00Z,1695600000000,0.00002857
2023-09-25T08:00:00Z,1695628800000,0.00004305
2023-09-25T16:00:00Z,1695657600000,0.00005130
2023-09-26T00:00:00Z,1695686400000,0.00006471
2023-09-26T08:00:00Z,1695715200000,0.00001558
2023-09-26T16:00:00Z,1695744000000,0.00005673
2023-09-27T00:00:00Z,1695772800000,0.00010000
2023-09-27T08:00:00Z,1695801600001,0.00000667
2023-09-27T16:00:00Z,1695830400000,0.00004982
2023-09-28T00:00:00Z,1695859200000,0.00000817
2023-09-28T08:00:00Z,1695888000000,0.00004301
2023-09-28T16:00:00Z,1695916800000,0.00002239
2023-09-29T00:00:00Z,1695945600000,-0.00000393
2023-09-29T08:00:00Z,1695974400000,0.00004429
2023-09-29T16:00:00Z,1696003200000,0.00000012
2023-09-30T00:00:00Z,1696032000000,0.00000907
2023-09-30T08:00:00Z,1696060800000,-0.00002413
2023-09-30T16:00:00Z,1696089600000,0.00001168
2023-10-01T00:00:00Z,1696118400000,-0.00001276
2023-10-01T08:00:00Z,1696147200000,0.00000822
2023-10-01T16:00:00Z,1696176000000,0.00003599
2023-10-02T00:00:00Z,1696204800000,0.00010000
2023-10-02T08:00:00Z,1696233600000,0.00006308
2023-10-02T16:00:00Z,1696262400000,0.00006372
2023-10-03T00:00:00Z,1696291200000,0.00000039
2023-10-03T08:00:00Z,1696320000000,0.00001728
2023-10-03T16:00:00Z,1696348800000,0.00007087
2023-10-04T00:00:00Z,1696377600000,0.00004620
2023-10-04T08:00:00Z,1696406400000,0.00000738
2023-10-04T16:00:00Z,1696435200000,0.00002618
2023-10-05T00:00:00Z,1696464000000,0.00002065
2023-10-05T08:00:00Z,1696492800000,0.00002685
2023-10-05T16:00:00Z,1696521600001,0.00002072
2023-10-06T00:00:00Z,1696550400000,0.00010000
2023-10-06T08:00:00Z,1696579200000,0.00008473
2023-10-06T16:00:00Z,1696608000000,0.00005905
2023-10-07T00:00:00Z,1696636800000,0.00008468
2023-10-07T08:00:00Z,1696665600000,0.00003736
2023-10-07T16:00:00Z,1696694400000,0.00003615
2023-10-08T00:00:00Z,1696723200000,0.00009048
2023-10-08T08:00:00Z,1696752000001,0.00009246
2023-10-08T16:00:00Z,1696780800000,0.00009791
2023-10-09T00:00:00Z,1696809600000,0.00010000
2023-10-09T08:00:00Z,1696838400000,0.00006572
2023-10-09T16:00:00Z,1696867200000,0.00003935
2023-10-10T00:00:00Z,1696896000000,0.00006268
2023-10-10T08:00:00Z,1696924800000,0.00008857
2023-10-10T16:00:00Z,1696953600000,0.00005511
2023-10-11T00:00:00Z,1696982400000,0.00002257
2023-10-11T08:00:00Z,1697011200000,0.00005392
2023-10-11T16:00:00Z,1697040000000,0.00004725
2023-10-12T00:00:00Z,1697068800000,0.00004026
2023-10-12T08:00:00Z,1697097600000,0.00002690
2023-10-12T16:00:00Z,1697126400000,0.00007112
2023-10-13T00:00:00Z,1697155200000,0.00003690
2023-10-13T08:00:00Z,1697184000000,0.00003476
2023-10-13T16:00:00Z,1697212800000,0.00002693
2023-10-14T00:00:00Z,1697241600000,0.00001068
2023-10-14T08:00:00Z,1697270400000,0.00003108
2023-10-14T16:00:00Z,1697299200000,0.00006650
2023-10-15T00:00:00Z,1697328000000,0.00007083
2023-10-15T08:00:00Z,1697356800000,0.00005253
2023-10-15T16:00:00Z,1697385600000,0.00002062
2023-10-16T00:00:00Z,1697414400000,0.00005180
2023-10-16T08:00:00Z,1697443200000,0.00004393
2023-10-16T16:00:00Z,1697472000000,0.00008412
2023-10-17T00:00:00Z,1697500800000,0.00001957
2023-10-17T08:00:00Z,1697529600000,0.00002557
2023-10-17T16:00:00Z,1697558400000,0.00006742
2023-10-18T00:00:00Z,1697587200000,0.00005947
2023-10-18T08:00:00Z,1697616000000,0.00001385
2023-10-18T16:00:00Z,1697644800000,0.00006495
2023-10-19T00:00:00Z,1697673600000,0.00004251
2023-10-19T08:00:00Z,1697702400001,0.00002988
2023-10-19T16:00:00Z,1697731200000,0.00005842
2023-10-20T00:00:00Z,1697760000000,0.00003868
2023-10-20T08:00:00Z,1697788800005,0.00005912
2023-10-20T16:00:00Z,1697817600000,0.00007072
2023-10-21T00:00:00Z,1697846400000,0.00004902
2023-10-21T08:00:00Z,1697875200000,0.00001735
2023-10-21T16:00:00Z,1697904000000,0.00003771
2023-10-22T00:00:00Z,1697932800000,0.00007554
2023-10-22T08:00:00Z,1697961600000,0.00002649
2023-10-22T16:00:00Z,1697990400000,0.00000603
2023-10-23T00:00:00Z,1698019200000,0.00009262
2023-10-23T08:00:00Z,1698048000001,0.00001593
2023-10-23T16:00:00Z,1698076800001,0.00001883
2023-10-24T00:00:00Z,1698105600000,0.00010000
2023-10-24T08:00:00Z,1698134400000,0.00010000
2023-10-24T16:00:00Z,1698163200000,0.00010000
2023-10-25T00:00:00Z,1698192000000,0.00010000
2023-10-25T08:00:00Z,1698220800000,0.00010000
2023-10-25T16:00:00Z,1698249600001,0.00010000
2023-10-26T00:00:00Z,1698278400001,0.00010000
2023-10-26T08:00:00Z,1698307200000,0.00010000
2023-10-26T16:00:00Z,1698336000000,0.00010000
2023-10-27T00:00:00Z,1698364800000,0.00010000
2023-10-27T08:00:00Z,1698393600000,0.00010000
2023-10-27T16:00:00Z,1698422400000,0.00010000
2023-10-28T00:00:00Z,1698451200000,0.00010000
2023-10-28T08:00:00Z,1698480000001,0.00010000
2023-10-28T16:00:00Z,1698508800000,0.00010000
2023-10-29T00:00:00Z,1698537600000,0.00010000
2023-10-29T08:00:00Z,1698566400000,0.00010000
2023-10-29T16:00:00Z,1698595200000,0.00010000
2023-10-30T00:00:00Z,1698624000000,0.00010000
2023-10-30T08:00:00Z,1698652800000,0.00010000
2023-10-30T16:00:00Z,1698681600000,0.00010000
2023-10-31T00:00:00Z,1698710400001,0.00010000
2023-10-31T08:00:00Z,1698739200000,0.00010000
2023-10-31T16:00:00Z,1698768000000,0.00010000
2023-11-01T00:00:00Z,1698796800000,0.00010000
2023-11-01T08:00:00Z,1698825600000,0.00010000
2023-11-01T16:00:00Z,1698854400000,0.00010000
2023-11-02T00:00:00Z,1698883200001,0.00026784
2023-11-02T08:00:00Z,1698912000000,0.00020558
2023-11-02T16:00:00Z,1698940800000,0.00010000
2023-11-03T00:00:00Z,1698969600000,0.00010000
2023-11-03T08:00:00Z,1698998400000,0.00010000
2023-11-03T16:00:00Z,1699027200000,0.00010000
2023-11-04T00:00:00Z,1699056000000,0.00010000
2023-11-04T08:00:00Z,1699084800000,0.00010000
2023-11-04T16:00:00Z,1699113600000,0.00010000
2023-11-05T00:00:00Z,1699142400000,0.00010000
2023-11-05T08:00:00Z,1699171200000,0.00010000
2023-11-05T16:00:00Z,1699200000000,0.00010000
2023-11-06T00:00:00Z,1699228800000,0.00010000
2023-11-06T08:00:00Z,1699257600001,0.00010000
2023-11-06T16:00:00Z,1699286400000,0.00010000
2023-11-07T00:00:00Z,1699315200001,0.00010000
2023-11-07T08:00:00Z,1699344000000,0.00010000
2023-11-07T16:00:00Z,1699372800000,0.00010000
2023-11-08T00:00:00Z,1699401600000,0.00010000
2023-11-08T08:00:00Z,1699430400000,0.00010000
2023-11-08T16:00:00Z,1699459200000,0.00010000
2023-11-09T00:00:00Z,1699488000000,0.00010000
2023-11-09T08:00:00Z,1699516800000,0.00010000
2023-11-09T16:00:00Z,1699545600000,0.00071131
2023-11-10T00:00:00Z,1699574400000,0.00027525
2023-11-10T08:00:00Z,1699603200000,0.00041432
2023-11-10T16:00:00Z,1699632000000,0.00012656
2023-11-11T00:00:00Z,1699660800000,0.00013604
2023-11-11T08:00:00Z,1699689600000,0.00013371
2023-11-11T16:00:00Z,1699718400000,0.00027449
2023-11-12T00:00:00Z,1699747200000,0.00016325
2023-11-12T08:00:00Z,1699776000000,0.00010000
2023-11-12T16:00:00Z,1699804800001,0.00024299
2023-11-13T00:00:00Z,1699833600000,0.00032990
2023-11-13T08:00:00Z,1699862400000,0.00022787
2023-11-13T16:00:00Z,1699891200000,0.00022833
2023-11-14T00:00:00Z,1699920000000,0.00018828
2023-11-14T08:00:00Z,1699948800000,0.00013623
2023-11-14T16:00:00Z,1699977600001,0.00010000
2023-11-15T00:00:00Z,1700006400000,0.00010000
2023-11-15T08:00:00Z,1700035200000,0.00010000
2023-11-15T16:00:00Z,1700064000000,0.00010000
2023-11-16T00:00:00Z,1700092800000,0.00010000
2023-11-16T08:00:00Z,1700121600000,0.00010000
2023-11-16T16:00:00Z,1700150400001,0.00010000
2023-11-17T00:00:00Z,1700179200000,0.00010000
2023-11-17T08:00:00Z,1700208000001,0.00010000
2023-11-17T16:00:00Z,1700236800001,0.00010000
2023-11-18T00:00:00Z,1700265600000,0.00010000
2023-11-18T08:00:00Z,1700294400000,0.00010000
2023-11-18T16:00:00Z,1700323200000,0.00010000
2023-11-19T00:00:00Z,1700352000000,0.00010000
2023-11-19T08:00:00Z,1700380800000,0.00010000
2023-11-19T16:00:00Z,1700409600000,0.00010000
2023-11-20T00:00:00Z,1700438400000,0.00010000
2023-11-20T08:00:00Z,1700467200000,0.00010000
2023-11-20T16:00:00Z,1700496000000,0.00010000
2023-11-21T00:00:00Z,1700524800000,0.00010000
2023-11-21T08:00:00Z,1700553600000,0.00010000
2023-11-21T16:00:00Z,1700582400000,0.00010000
2023-11-22T00:00:00Z,1700611200000,0.00010000
2023-11-22T08:00:00Z,1700640000000,0.00010000
2023-11-22T16:00:00Z,1700668800000,0.00010000
2023-11-23T00:00:00Z,1700697600000,0.00010000
2023-11-23T08:00:00Z,1700726400000,0.00010000
2023-11-23T16:00:00Z,1700755200001,0.00010000
2023-11-24T00:00:00Z,1700784000000,0.00010000
2023-11-24T08:00:00Z,1700812800000,0.00010000
2023-11-24T16:00:00Z,1700841600000,0.00010000
2023-11-25T00:00:00Z,1700870400000,0.00010000
2023-11-25T08:00:00Z,1700899200000,0.00010000
2023-11-25T16:00:00Z,1700928000000,0.00010000
2023-11-26T00:00:00Z,1700956800000,0.00010000
2023-11-26T08:00:00Z,1700985600000,0.00010000
2023-11-26T16:00:00Z,1701014400000,0.00010000
2023-11-27T00:00:00Z,1701043200000,0.00010000
2023-11-27T08:00:00Z,1701072000001,0.00010000
2023-11-27T16:00:00Z,1701100800000,0.00010000
2023-11-28T00:00:00Z,1701129600000,0.00010000
2023-11-28T08:00:00Z,1701158400000,0.00010000
2023-11-28T16:00:00Z,1701187200000,0.00010000
2023-11-29T00:00:00Z,1701216000001,0.00010000
2023-11-29T08:00:00Z,1701244800000,0.00010000
2023-11-29T16:00:00Z,1701273600000,0.00010000
2023-11-30T00:00:00Z,1701302400000,0.00010000
2023-11-30T08:00:00Z,1701331200000,0.00010000
2023-11-30T16:00:00Z,1701360000000,0.00010000
2023-12-01T00:00:00Z,1701388800000,0.00010000
2023-12-01T08:00:00Z,1701417600000,0.00010000
2023-12-01T16:00:00Z,1701446400000,0.00010000
2023-12-02T00:00:00Z,1701475200000,0.00010000
2023-12-02T08:00:00Z,1701504000000,0.00010000
2023-12-02T16:00:00Z,1701532800000,0.00010000
2023-12-03T00:00:00Z,1701561600000,0.00010000
2023-12-03T08:00:00Z,1701590400000,0.00010000
2023-12-03T16:00:00Z,1701619200000,0.00010000
2023-12-04T00:00:00Z,1701648000000,0.00010000
2023-12-04T08:00:00Z,1701676800000,0.00010000
2023-12-04T16:00:00Z,1701705600000,0.00010000
2023-12-05T00:00:00Z,1701734400000,0.00010000
2023-12-05T08:00:00Z,1701763200000,0.00010000
2023-12-05T16:00:00Z,1701792000000,0.00010000
2023-12-06T00:00:00Z,1701820800000,0.00010000
2023-12-06T08:00:00Z,1701849600000,0.00010000
2023-12-06T16:00:00Z,1701878400000,0.00010000
2023-12-07T00:00:00Z,1701907200000,0.00010000
2023-12-07T08:00:00Z,1701936000000,0.00010000
2023-12-07T16:00:00Z,1701964800000,0.00010000
2023-12-08T00:00:00Z,1701993600000,0.00022693
2023-12-08T08:00:00Z,1702022400000,0.00012399
2023-12-08T16:00:00Z,1702051200000,0.00010417
2023-12-09T00:00:00Z,1702080000000,0.00022528
2023-12-09T08:00:00Z,1702108800000,0.00031293
2023-12-09T16:00:00Z,1702137600000,0.00033485
2023-12-10T00:00:00Z,1702166400000,0.00016658
2023-12-10T08:00:00Z,1702195200000,0.00015944
2023-12-10T16:00:00Z,1702224000000,0.00022842
2023-12-11T00:00:00Z,1702252800000,0.00024112
2023-12-11T08:00:00Z,1702281600000,0.00010000
2023-12-11T16:00:00Z,1702310400000,0.00010000
2023-12-12T00:00:00Z,1702339200000,0.00010000
2023-12-12T08:00:00Z,1702368000000,0.00010000
2023-12-12T16:00:00Z,1702396800000,0.00010000
2023-12-13T00:00:00Z,1702425600000,0.00012813
2023-12-13T08:00:00Z,1702454400000,0.00015058
2023-12-13T16:00:00Z,1702483200001,0.00010581
2023-12-14T00:00:00Z,1702512000000,0.00010000
2023-12-14T08:00:00Z,1702540800000,0.00010000
2023-12-14T16:00:00Z,1702569600000,0.00010000
2023-12-15T00:00:00Z,1702598400000,0.00010000
2023-12-15T08:00:00Z,1702627200000,0.00010000
2023-12-15T16:00:00Z,1702656000000,0.00010419
2023-12-16T00:00:00Z,1702684800000,0.00010000
2023-12-16T08:00:00Z,1702713600000,0.00010000
2023-12-16T16:00:00Z,1702742400001,0.00010000
2023-12-17T00:00:00Z,1702771200000,0.00010000
2023-12-17T08:00:00Z,1702800000000,0.00010000
2023-12-17T16:00:00Z,1702828800000,0.00011402
2023-12-18T00:00:00Z,1702857600000,0.00015083
2023-12-18T08:00:00Z,1702886400001,0.00010000
2023-12-18T16:00:00Z,1702915200000,0.00010000
2023-12-19T00:00:00Z,1702944000000,0.00010000
2023-12-19T08:00:00Z,1702972800000,0.00010000
2023-12-19T16:00:00Z,1703001600000,0.00010000
2023-12-20T00:00:00Z,1703030400000,0.00010000
2023-12-20T08:00:00Z,1703059200000,0.00010000
2023-12-20T16:00:00Z,1703088000000,0.00023154
2023-12-21T00:00:00Z,1703116800000,0.00026163
2023-12-21T08:00:00Z,1703145600000,0.00026550
2023-12-21T16:00:00Z,1703174400000,0.00042074
2023-12-22T00:00:00Z,1703203200000,0.00044152
2023-12-22T08:00:00Z,1703232000000,0.00043341
2023-12-22T16:00:00Z,1703260800000,0.00051141
2023-12-23T00:00:00Z,1703289600000,0.00018540
2023-12-23T08:00:00Z,1703318400001,0.00012586
2023-12-23T16:00:00Z,1703347200000,0.00017945
2023-12-24T00:00:00Z,1703376000000,0.00013318
2023-12-24T08:00:00Z,1703404800000,0.00021857
2023-12-24T16:00:00Z,1703433600000,0.00019769
2023-12-25T00:00:00Z,1703462400000,0.00013827
2023-12-25T08:00:00Z,1703491200000,0.00021479
2023-12-25T16:00:00Z,1703520000000,0.00043880
2023-12-26T00:00:00Z,1703548800000,0.00050051
2023-12-26T08:00:00Z,1703577600000,0.00029501
2023-12-26T16:00:00Z,1703606400000,0.00036888
2023-12-27T00:00:00Z,1703635200000,0.00031530
2023-12-27T08:00:00Z,1703664000000,0.00040955
2023-12-27T16:00:00Z,1703692800000,0.00049072
2023-12-28T00:00:00Z,1703721600000,0.00027263
2023-12-28T08:00:00Z,1703750400000,0.00057135
2023-12-28T16:00:00Z,1703779200000,0.00049862
2023-12-29T00:00:00Z,1703808000001,0.00044508
2023-12-29T08:00:00Z,1703836800000,0.00049499
2023-12-29T16:00:00Z,1703865600000,0.00047123
2023-12-30T00:00:00Z,1703894400001,0.00027255
2023-12-30T08:00:00Z,1703923200000,0.00031443
2023-12-30T16:00:00Z,1703952000000,0.00026513
2023-12-31T00:00:00Z,1703980800000,0.00021714
2023-12-31T08:00:00Z,1704009600001,0.00027824
2023-12-31T16:00:00Z,1704038400000,0.00031621
2024-01-01T00:00:00Z,1704067200000,0.00027858
2024-01-01T08:00:00Z,1704096000000,0.00031096
2024-01-01T16:00:00Z,1704124800000,0.00043011
2024-01-02T00:00:00Z,1704153600000,0.00053505
2024-01-02T08:00:00Z,1704182400000,0.00051240
2024-01-02T16:00:00Z,1704211200000,0.00063801
2024-01-03T00:00:00Z,1704240000000,0.00028538
2024-01-03T08:00:00Z,1704268800000,0.00024384
2024-01-03T16:00:00Z,1704297600000,0.00010000
2024-01-04T00:00:00Z,1704326400000,0.00010000
2024-01-04T08:00:00Z,1704355200000,0.00010000
2024-01-04T16:00:00Z,1704384000000,0.00010000
2024-01-05T00:00:00Z,1704412800001,0.00010000
2024-01-05T08:00:00Z,1704441600000,0.00010000
2024-01-05T16:00:00Z,1704470400000,0.00010000
2024-01-06T00:00:00Z,1704499200000,0.00010000
2024-01-06T08:00:00Z,1704528000000,0.00010000
2024-01-06T16:00:00Z,1704556800000,0.00010000
2024-01-07T00:00:00Z,1704585600000,0.00010000
2024-01-07T08:00:00Z,1704614400001,0.00010000
2024-01-07T16:00:00Z,1704643200001,0.00010000
2024-01-08T00:00:00Z,1704672000000,0.00010000
2024-01-08T08:00:00Z,1704700800000,0.00010000
2024-01-08T16:00:00Z,1704729600000,0.00010000
2024-01-09T00:00:00Z,1704758400001,0.00010000
2024-01-09T08:00:00Z,1704787200000,0.00010000
2024-01-09T16:00:00Z,1704816000000,0.00010000
2024-01-10T00:00:00Z,1704844800000,0.00010000
2024-01-10T08:00:00Z,1704873600000,0.00010000
2024-01-10T16:00:00Z,1704902400000,0.00010000
2024-01-11T00:00:00Z,1704931200000,0.00010000
2024-01-11T08:00:00Z,1704960000000,0.00010000
2024-01-11T16:00:00Z,1704988800000,0.00010000
2024-01-12T00:00:00Z,1705017600001,0.00010000
2024-01-12T08:00:00Z,1705046400000,0.00010000
2024-01-12T16:00:00Z,1705075200000,0.00010000
2024-01-13T00:00:00Z,1705104000000,0.00010000
2024-01-13T08:00:00Z,1705132800000,0.00010000
2024-01-13T16:00:00Z,1705161600001,0.00010000
2024-01-14T00:00:00Z,1705190400000,0.00010000
2024-01-14T08:00:00Z,1705219200000,0.00010000
2024-01-14T16:00:00Z,1705248000001,0.00010000
2024-01-15T00:00:00Z,1705276800000,0.00010000
2024-01-15T08:00:00Z,1705305600000,0.00010000
2024-01-15T16:00:00Z,1705334400000,0.00010000
2024-01-16T00:00:00Z,1705363200000,0.00010000
2024-01-16T08:00:00Z,1705392000000,0.00010000
2024-01-16T16:00:00Z,1705420800001,0.00010000
2024-01-17T00:00:00Z,1705449600000,0.00010000
2024-01-17T08:00:00Z,1705478400000,0.00010000
2024-01-17T16:00:00Z,1705507200000,0.00010000
2024-01-18T00:00:00Z,1705536000001,0.00010000
2024-01-18T08:00:00Z,1705564800000,0.00010000
2024-01-18T16:00:00Z,1705593600000,0.00010000
2024-01-19T00:00:00Z,1705622400000,0.00010000
2024-01-19T08:00:00Z,1705651200000,0.00010000
2024-01-19T16:00:00Z,1705680000002,0.00010000
2024-01-20T00:00:00Z,1705708800000,0.00010000
2024-01-20T08:00:00Z,1705737600003,0.00010000
2024-01-20T16:00:00Z,1705766400000,0.00010000
2024-01-21T00:00:00Z,1705795200000,0.00010000
2024-01-21T08:00:00Z,1705824000000,0.00010000
2024-01-21T16:00:00Z,1705852800000,0.00010000
2024-01-22T00:00:00Z,1705881600000,0.00010000
2024-01-22T08:00:00Z,1705910400000,0.00010000
2024-01-22T16:00:00Z,1705939200000,0.00010000
2024-01-23T00:00:00Z,1705968000000,0.00010000
2024-01-23T08:00:00Z,1705996800000,0.00010000
2024-01-23T16:00:00Z,1706025600000,0.00010000
2024-01-24T00:00:00Z,1706054400000,0.00010000
2024-01-24T08:00:00Z,1706083200000,0.00010000
2024-01-24T16:00:00Z,1706112000000,0.00010000
2024-01-25T00:00:00Z,1706140800000,0.00010000
2024-01-25T08:00:00Z,1706169600001,0.00010000
2024-01-25T16:00:00Z,1706198400000,0.00010000
2024-01-26T00:00:00Z,1706227200001,0.00010000
2024-01-26T08:00:00Z,1706256000000,0.00010000
2024-01-26T16:00:00Z,1706284800000,0.00010000
2024-01-27T00:00:00Z,1706313600000,0.00006877
2024-01-27T08:00:00Z,1706342400000,0.00010000
2024-01-27T16:00:00Z,1706371200000,0.00010000
2024-01-28T00:00:00Z,1706400000000,0.00006557
2024-01-28T08:00:00Z,1706428800000,0.00006135
2024-01-28T16:00:00Z,1706457600000,0.00008266
2024-01-29T00:00:00Z,1706486400000,0.00010000
2024-01-29T08:00:00Z,1706515200001,0.00010000
2024-01-29T16:00:00Z,1706544000000,0.00010000
2024-01-30T00:00:00Z,1706572800000,0.00010000
2024-01-30T08:00:00Z,1706601600000,0.00006195
2024-01-30T16:00:00Z,1706630400001,0.00010000
2024-01-31T00:00:00Z,1706659200000,0.00010000
2024-01-31T08:00:00Z,1706688000000,0.00010000
2024-01-31T16:00:00Z,1706716800000,0.00010000
2024-02-01T00:00:00Z,1706745600000,0.00005527
2024-02-01T08:00:00Z,1706774400000,0.00007871
2024-02-01T16:00:00Z,1706803200002,0.00010000
2024-02-02T00:00:00Z,1706832000000,0.00010000
2024-02-02T08:00:00Z,1706860800000,0.00003678
2024-02-02T16:00:00Z,1706889600000,0.00010000
2024-02-03T00:00:00Z,1706918400000,0.00008150
2024-02-03T08:00:00Z,1706947200000,0.00010000
2024-02-03T16:00:00Z,1706976000001,0.00004476
2024-02-04T00:00:00Z,1707004800000,0.00003180
2024-02-04T08:00:00Z,1707033600004,0.00009094
2024-02-04T16:00:00Z,1707062400000,0.00010000
2024-02-05T00:00:00Z,1707091200000,0.00010000
2024-02-05T08:00:00Z,1707120000000,0.00010000
2024-02-05T16:00:00Z,1707148800000,0.00010000
2024-02-06T00:00:00Z,1707177600000,0.00005691
2024-02-06T08:00:00Z,1707206400001,0.00010000
2024-02-06T16:00:00Z,1707235200000,0.00010000
2024-02-07T00:00:00Z,1707264000000,0.00007659
2024-02-07T08:00:00Z,1707292800000,0.00004883
2024-02-07T16:00:00Z,1707321600000,0.00004309
2024-02-08T00:00:00Z,1707350400000,0.00010000
2024-02-08T08:00:00Z,1707379200000,0.00007523
2024-02-08T16:00:00Z,1707408000000,0.00009802
2024-02-09T00:00:00Z,1707436800000,0.00007752
2024-02-09T08:00:00Z,1707465600000,0.00010000
2024-02-09T16:00:00Z,1707494400001,0.00010000
2024-02-10T00:00:00Z,1707523200001,0.00007838
2024-02-10T08:00:00Z,1707552000000,0.00009615
2024-02-10T16:00:00Z,1707580800000,0.00009995
2024-02-11T00:00:00Z,1707609600000,0.00010000
2024-02-11T08:00:00Z,1707638400001,0.00010000
2024-02-11T16:00:00Z,1707667200000,0.00004792
2024-02-12T00:00:00Z,1707696000000,0.00005076
2024-02-12T08:00:00Z,1707724800000,0.00009971
2024-02-12T16:00:00Z,1707753600000,0.00010000
2024-02-13T00:00:00Z,1707782400000,0.00010000
2024-02-13T08:00:00Z,1707811200000,0.00010000
2024-02-13T16:00:00Z,1707840000000,0.00010000
2024-02-14T00:00:00Z,1707868800000,0.00010000
2024-02-14T08:00:00Z,1707897600000,0.00010000
2024-02-14T16:00:00Z,1707926400000,0.00013082
2024-02-15T00:00:00Z,1707955200000,0.00010000
2024-02-15T08:00:00Z,1707984000000,0.00012136
2024-02-15T16:00:00Z,1708012800000,0.00015412
2024-02-16T00:00:00Z,1708041600000,0.00011125
2024-02-16T08:00:00Z,1708070400000,0.00011597
2024-02-16T16:00:00Z,1708099200000,0.00010000
2024-02-17T00:00:00Z,1708128000000,0.00010000
2024-02-17T08:00:00Z,1708156800000,0.00010000
2024-02-17T16:00:00Z,1708185600000,0.00013519
2024-02-18T00:00:00Z,1708214400000,0.00010000
2024-02-18T08:00:00Z,1708243200000,0.00011140
2024-02-18T16:00:00Z,1708272000000,0.00010000
2024-02-19T00:00:00Z,1708300800000,0.00010000
2024-02-19T08:00:00Z,1708329600000,0.00010000
2024-02-19T16:00:00Z,1708358400000,0.00010000
2024-02-20T00:00:00Z,1708387200000,0.00026500
2024-02-20T08:00:00Z,1708416000000,0.00010000
2024-02-20T16:00:00Z,1708444800000,0.00025431
2024-02-21T00:00:00Z,1708473600000,0.00020319
2024-02-21T08:00:00Z,1708502400000,0.00011802
2024-02-21T16:00:00Z,1708531200000,0.00010000
2024-02-22T00:00:00Z,1708560000001,0.00010000
2024-02-22T08:00:00Z,1708588800001,0.00010000
2024-02-22T16:00:00Z,1708617600000,0.00010000
2024-02-23T00:00:00Z,1708646400000,0.00010000
2024-02-23T08:00:00Z,1708675200000,0.00010000
2024-02-23T16:00:00Z,1708704000000,0.00010000
2024-02-24T00:00:00Z,1708732800000,0.00010000
2024-02-24T08:00:00Z,1708761600001,0.00010000
2024-02-24T16:00:00Z,1708790400000,0.00010000
2024-02-25T00:00:00Z,1708819200001,0.00010000
2024-02-25T08:00:00Z,1708848000000,0.00025856
2024-02-25T16:00:00Z,1708876800000,0.00021110
2024-02-26T00:00:00Z,1708905600000,0.00059496
2024-02-26T08:00:00Z,1708934400000,0.00018258
2024-02-26T16:00:00Z,1708963200000,0.00020172
2024-02-27T00:00:00Z,1708992000000,0.00028561
2024-02-27T08:00:00Z,1709020800000,0.00066751
2024-02-27T16:00:00Z,1709049600000,0.00029666
2024-02-28T00:00:00Z,1709078400000,0.00033546
2024-02-28T08:00:00Z,1709107200000,0.00032021
2024-02-28T16:00:00Z,1709136000000,0.00043581
2024-02-29T00:00:00Z,1709164800000,0.00062574
2024-02-29T08:00:00Z,1709193600000,0.00073381
2024-02-29T16:00:00Z,1709222400000,0.00075727
2024-03-01T00:00:00Z,1709251200000,0.00053040
2024-03-01T08:00:00Z,1709280000000,0.00039096
2024-03-01T16:00:00Z,1709308800000,0.00052446
2024-03-02T00:00:00Z,1709337600000,0.00048856
2024-03-02T08:00:00Z,1709366400001,0.00057488
2024-03-02T16:00:00Z,1709395200000,0.00055344
2024-03-03T00:00:00Z,1709424000000,0.00039105
2024-03-03T08:00:00Z,1709452800000,0.00038668
2024-03-03T16:00:00Z,1709481600000,0.00037021
2024-03-04T00:00:00Z,1709510400000,0.00041907
2024-03-04T08:00:00Z,1709539200000,0.00028996
2024-03-04T16:00:00Z,1709568000000,0.00050061
2024-03-05T00:00:00Z,1709596800000,0.00038776
2024-03-05T08:00:00Z,1709625600000,0.00101724
2024-03-05T16:00:00Z,1709654400000,0.00082409
2024-03-06T00:00:00Z,1709683200000,0.00020580
2024-03-06T08:00:00Z,1709712000001,0.00038362
2024-03-06T16:00:00Z,1709740800000,0.00040511
2024-03-07T00:00:00Z,1709769600000,0.00035699
2024-03-07T08:00:00Z,1709798400000,0.00039169
2024-03-07T16:00:00Z,1709827200000,0.00044218
2024-03-08T00:00:00Z,1709856000000,0.00042931
2024-03-08T08:00:00Z,1709884800000,0.00057985
2024-03-08T16:00:00Z,1709913600000,0.00048823
2024-03-09T00:00:00Z,1709942400000,0.00033201
2024-03-09T08:00:00Z,1709971200001,0.00036530
2024-03-09T16:00:00Z,1710000000000,0.00035498
2024-03-10T00:00:00Z,1710028800000,0.00034688
2024-03-10T08:00:00Z,1710057600000,0.00049375
2024-03-10T16:00:00Z,1710086400000,0.00029818
2024-03-11T00:00:00Z,1710115200000,0.00029368
2024-03-11T08:00:00Z,1710144000000,0.00067235
2024-03-11T16:00:00Z,1710172800000,0.00064296
2024-03-12T00:00:00Z,1710201600000,0.00068106
2024-03-12T08:00:00Z,1710230400000,0.00037542
2024-03-12T16:00:00Z,1710259200000,0.00048306
2024-03-13T00:00:00Z,1710288000000,0.00046983
2024-03-13T08:00:00Z,1710316800001,0.00060121
2024-03-13T16:00:00Z,1710345600000,0.00044242
2024-03-14T00:00:00Z,1710374400001,0.00040995
2024-03-14T08:00:00Z,1710403200000,0.00050365
2024-03-14T16:00:00Z,1710432000000,0.00035217
2024-03-15T00:00:00Z,1710460800000,0.00040271
2024-03-15T08:00:00Z,1710489600000,0.00023171
2024-03-15T16:00:00Z,1710518400000,0.00033557
2024-03-16T00:00:00Z,1710547200000,0.00018856
2024-03-16T08:00:00Z,1710576000000,0.00027490
2024-03-16T16:00:00Z,1710604800000,0.00028914
2024-03-17T00:00:00Z,1710633600000,0.00013396
2024-03-17T08:00:00Z,1710662400000,0.00011824
2024-03-17T16:00:00Z,1710691200000,0.00030376
2024-03-18T00:00:00Z,1710720000000,0.00017304
2024-03-18T08:00:00Z,1710748800000,0.00026393
2024-03-18T16:00:00Z,1710777600001,0.00029608
2024-03-19T00:00:00Z,1710806400000,0.00028148
2024-03-19T08:00:00Z,1710835200000,0.00023311
2024-03-19T16:00:00Z,1710864000001,0.00013469
2024-03-20T00:00:00Z,1710892800000,0.00016096
2024-03-20T08:00:00Z,1710921600004,0.00010000
2024-03-20T16:00:00Z,1710950400000,0.00010000
2024-03-21T00:00:00Z,1710979200000,0.00019507
2024-03-21T08:00:00Z,1711008000000,0.00013771
2024-03-21T16:00:00Z,1711036800000,0.00017743
2024-03-22T00:00:00Z,1711065600000,0.00022775
2024-03-22T08:00:00Z,1711094400000,0.00023317
2024-03-22T16:00:00Z,1711123200000,0.00016092
2024-03-23T00:00:00Z,1711152000000,0.00010552
2024-03-23T08:00:00Z,1711180800000,0.00012459
2024-03-23T16:00:00Z,1711209600000,0.00013906
2024-03-24T00:00:00Z,1711238400000,0.00012767
2024-03-24T08:00:00Z,1711267200000,0.00017907
2024-03-24T16:00:00Z,1711296000000,0.00017171
2024-03-25T00:00:00Z,1711324800000,0.00020242
2024-03-25T08:00:00Z,1711353600001,0.00011009
2024-03-25T16:00:00Z,1711382400000,0.00022958
2024-03-26T00:00:00Z,1711411200000,0.00039028
2024-03-26T08:00:00Z,1711440000000,0.00018000
2024-03-26T16:00:00Z,1711468800000,0.00026242
2024-03-27T00:00:00Z,1711497600000,0.00024667
2024-03-27T08:00:00Z,1711526400001,0.00021635
2024-03-27T16:00:00Z,1711555200000,0.00035332
2024-03-28T00:00:00Z,1711584000000,0.00038952
2024-03-28T08:00:00Z,1711612800000,0.00035672
2024-03-28T16:00:00Z,1711641600000,0.00036879
2024-03-29T00:00:00Z,1711670400000,0.00034117
2024-03-29T08:00:00Z,1711699200000,0.00030332
2024-03-29T16:00:00Z,1711728000000,0.00037327
2024-03-30T00:00:00Z,1711756800000,0.00024188
2024-03-30T08:00:00Z,1711785600000,0.00024854
2024-03-30T16:00:00Z,1711814400000,0.00045204
2024-03-31T00:00:00Z,1711843200000,0.00026461
2024-03-31T08:00:00Z,1711872000000,0.00065366
2024-03-31T16:00:00Z,1711900800001,0.00058292
2024-04-01T00:00:00Z,1711929600000,0.00060909
2024-04-01T08:00:00Z,1711958400000,0.00035798
2024-04-01T16:00:00Z,1711987200000,0.00019362
2024-04-02T00:00:00Z,1712016000007,0.00015034
2024-04-02T08:00:00Z,1712044800015,0.00010000
2024-04-02T16:00:00Z,1712073600000,0.00012642
2024-04-03T00:00:00Z,1712102400000,0.00010000
2024-04-03T08:00:00Z,1712131200000,0.00010000
2024-04-03T16:00:00Z,1712160000000,0.00010000
2024-04-04T00:00:00Z,1712188800000,0.00010000
2024-04-04T08:00:00Z,1712217600000,0.00010000
2024-04-04T16:00:00Z,1712246400000,0.00010000
2024-04-05T00:00:00Z,1712275200000,0.00010000
2024-04-05T08:00:00Z,1712304000000,0.00010000
2024-04-05T16:00:00Z,1712332800000,0.00010000
2024-04-06T00:00:00Z,1712361600000,0.00016732
2024-04-06T08:00:00Z,1712390400000,0.00010000
2024-04-06T16:00:00Z,1712419200000,0.00010000
2024-04-07T00:00:00Z,1712448000000,0.00010000
2024-04-07T08:00:00Z,1712476800000,0.00010000
2024-04-07T16:00:00Z,1712505600000,0.00010000
2024-04-08T00:00:00Z,1712534400001,0.00010000
2024-04-08T08:00:00Z,1712563200000,0.00010000
2024-04-08T16:00:00Z,1712592000006,0.00031896
2024-04-09T00:00:00Z,1712620800000,0.00024848
2024-04-09T08:00:00Z,1712649600001,0.00010159
2024-04-09T16:00:00Z,1712678400001,0.00015222
2024-04-10T00:00:00Z,1712707200000,0.00018733
2024-04-10T08:00:00Z,1712736000001,0.00015363
2024-04-10T16:00:00Z,1712764800000,0.00013253
2024-04-11T00:00:00Z,1712793600000,0.00010000
2024-04-11T08:00:00Z,1712822400000,0.00015483
2024-04-11T16:00:00Z,1712851200000,0.00010000
2024-04-12T00:00:00Z,1712880000000,0.00010000
2024-04-12T08:00:00Z,1712908800001,0.00010000
2024-04-12T16:00:00Z,1712937600000,0.00010000
2024-04-13T00:00:00Z,1712966400000,0.00010000
2024-04-13T08:00:00Z,1712995200000,0.00010000
2024-04-13T16:00:00Z,1713024000001,0.00010000
2024-04-14T00:00:00Z,1713052800000,0.00010000
2024-04-14T08:00:00Z,1713081600000,0.00010000
2024-04-14T16:00:00Z,1713110400000,0.00010000
2024-04-15T00:00:00Z,1713139200000,0.00010000
2024-04-15T08:00:00Z,1713168000001,0.00005422
2024-04-15T16:00:00Z,1713196800000,0.00008871
2024-04-16T00:00:00Z,1713225600001,0.00007898
2024-04-16T08:00:00Z,1713254400000,0.00008536
2024-04-16T16:00:00Z,1713283200000,0.00005787
2024-04-17T00:00:00Z,1713312000000,0.00009805
2024-04-17T08:00:00Z,1713340800000,0.00000511
2024-04-17T16:00:00Z,1713369600000,0.00000492
2024-04-18T00:00:00Z,1713398400000,0.00003509
2024-04-18T08:00:00Z,1713427200000,0.00002246
2024-04-18T16:00:00Z,1713456000000,0.00006353
2024-04-19T00:00:00Z,1713484800001,0.00003973
2024-04-19T08:00:00Z,1713513600000,0.00008503
2024-04-19T16:00:00Z,1713542400000,0.00005417
2024-04-20T00:00:00Z,1713571200000,0.00010000
2024-04-20T08:00:00Z,1713600000000,0.00002386
2024-04-20T16:00:00Z,1713628800000,0.00005114
2024-04-21T00:00:00Z,1713657600000,0.00005559
2024-04-21T08:00:00Z,1713686400000,-0.00000627
2024-04-21T16:00:00Z,1713715200000,0.00004395
2024-04-22T00:00:00Z,1713744000000,0.00003417
2024-04-22T08:00:00Z,1713772800000,0.00004908
2024-04-22T16:00:00Z,1713801600000,-0.00001974
2024-04-23T00:00:00Z,1713830400000,0.00000674
2024-04-23T08:00:00Z,1713859200000,0.00001147
2024-04-23T16:00:00Z,1713888000001,0.00006979
2024-04-24T00:00:00Z,1713916800000,0.00004713
2024-04-24T08:00:00Z,1713945600000,0.00001937
2024-04-24T16:00:00Z,1713974400000,0.00004804
2024-04-25T00:00:00Z,1714003200000,0.00000466
2024-04-25T08:00:00Z,1714032000000,0.00001706
2024-04-25T16:00:00Z,1714060800010,0.00010000
2024-04-26T00:00:00Z,1714089600001,0.00001631
2024-04-26T08:00:00Z,1714118400000,0.00003847
2024-04-26T16:00:00Z,1714147200000,0.00004582
2024-04-27T00:00:00Z,1714176000000,0.00010000
2024-04-27T08:00:00Z,1714204800001,0.00007026
2024-04-27T16:00:00Z,1714233600000,0.00002355
2024-04-28T00:00:00Z,1714262400000,0.00009322
2024-04-28T08:00:00Z,1714291200000,0.00008300
2024-04-28T16:00:00Z,1714320000000,0.00008272
2024-04-29T00:00:00Z,1714348800000,0.00008816
2024-04-29T08:00:00Z,1714377600000,0.00010000
2024-04-29T16:00:00Z,1714406400000,0.00005981
2024-04-30T00:00:00Z,1714435200000,0.00007518
2024-04-30T08:00:00Z,1714464000000,0.00007389
2024-04-30T16:00:00Z,1714492800000,0.00003887
2024-05-01T00:00:00Z,1714521600000,0.00001865
2024-05-01T08:00:00Z,1714550400000,0.00004890
2024-05-01T16:00:00Z,1714579200000,0.00007347
2024-05-02T00:00:00Z,1714608000000,-0.00000086
2024-05-02T08:00:00Z,1714636800000,0.00009579
2024-05-02T16:00:00Z,1714665600002,0.00007757
2024-05-03T00:00:00Z,1714694400000,0.00004044
2024-05-03T08:00:00Z,1714723200000,0.00002157
2024-05-03T16:00:00Z,1714752000000,0.00003457
2024-05-04T00:00:00Z,1714780800000,0.00004290
2024-05-04T08:00:00Z,1714809600000,0.00008465
2024-05-04T16:00:00Z,1714838400000,0.00007001
2024-05-05T00:00:00Z,1714867200000,0.00008848
2024-05-05T08:00:00Z,1714896000000,0.00009394
2024-05-05T16:00:00Z,1714924800000,0.00005578
2024-05-06T00:00:00Z,1714953600000,0.00005569
2024-05-06T08:00:00Z,1714982400000,0.00010000
2024-05-06T16:00:00Z,1715011200000,0.00009025
2024-05-07T00:00:00Z,1715040000000,0.00007342
2024-05-07T08:00:00Z,1715068800000,0.00004028
2024-05-07T16:00:00Z,1715097600000,0.00006978
2024-05-08T00:00:00Z,1715126400000,0.00007764
2024-05-08T08:00:00Z,1715155200000,0.00007236
2024-05-08T16:00:00Z,1715184000000,0.00010000
2024-05-09T00:00:00Z,1715212800000,0.00010000
2024-05-09T08:00:00Z,1715241600000,0.00010000
2024-05-09T16:00:00Z,1715270400000,0.00010000
2024-05-10T00:00:00Z,1715299200000,0.00009040
2024-05-10T08:00:00Z,1715328000000,0.00010000
2024-05-10T16:00:00Z,1715356800000,0.00005137
2024-05-11T00:00:00Z,1715385600000,0.00007578
2024-05-11T08:00:00Z,1715414400000,0.00006690
2024-05-11T16:00:00Z,1715443200000,0.00008517
2024-05-12T00:00:00Z,1715472000000,0.00008010
2024-05-12T08:00:00Z,1715500800000,0.00007264
2024-05-12T16:00:00Z,1715529600000,0.00006269
2024-05-13T00:00:00Z,1715558400001,0.00005829
2024-05-13T08:00:00Z,1715587200001,0.00010000
2024-05-13T16:00:00Z,1715616000000,0.00010000
2024-05-14T00:00:00Z,1715644800000,0.00010000
2024-05-14T08:00:00Z,1715673600000,0.00008140
2024-05-14T16:00:00Z,1715702400000,0.00009124
2024-05-15T00:00:00Z,1715731200000,0.00010000
2024-05-15T08:00:00Z,1715760000000,0.00008171
2024-05-15T16:00:00Z,1715788800000,0.00009162
2024-05-16T00:00:00Z,1715817600004,0.00010000
2024-05-16T08:00:00Z,1715846400000,0.00006453
2024-05-16T16:00:00Z,1715875200000,0.00005401
2024-05-17T00:00:00Z,1715904000000,0.00005324
2024-05-17T08:00:00Z,1715932800000,0.00008531
2024-05-17T16:00:00Z,1715961600000,0.00004333
2024-05-18T00:00:00Z,1715990400000,0.00007513
2024-05-18T08:00:00Z,1716019200000,0.00003431
2024-05-18T16:00:00Z,1716048000000,0.00007815
2024-05-19T00:00:00Z,1716076800000,0.00007388
2024-05-19T08:00:00Z,1716105600000,0.00003451
2024-05-19T16:00:00Z,1716134400000,0.00008825
2024-05-20T00:00:00Z,1716163200000,0.00009672
2024-05-20T08:00:00Z,1716192000000,0.00001916
2024-05-20T16:00:00Z,1716220800003,0.00004643
2024-05-21T00:00:00Z,1716249600000,0.00010000
2024-05-21T08:00:00Z,1716278400001,0.00019404
2024-05-21T16:00:00Z,1716307200000,0.00010000
2024-05-22T00:00:00Z,1716336000000,0.00012452
2024-05-22T08:00:00Z,1716364800000,0.00015189
2024-05-22T16:00:00Z,1716393600000,0.00010000
2024-05-23T00:00:00Z,1716422400000,0.00010000
2024-05-23T08:00:00Z,1716451200000,0.00010000
2024-05-23T16:00:00Z,1716480000000,0.00010000
2024-05-24T00:00:00Z,1716508800000,0.00010000
2024-05-24T08:00:00Z,1716537600000,0.00010000
2024-05-24T16:00:00Z,1716566400000,0.00010000
2024-05-25T00:00:00Z,1716595200000,0.00010000
2024-05-25T08:00:00Z,1716624000000,0.00010000
2024-05-25T16:00:00Z,1716652800000,0.00010000
2024-05-26T00:00:00Z,1716681600000,0.00010000
2024-05-26T08:00:00Z,1716710400000,0.00010000
2024-05-26T16:00:00Z,1716739200000,0.00010000
2024-05-27T00:00:00Z,1716768000000,0.00010000
2024-05-27T08:00:00Z,1716796800000,0.00010000
2024-05-27T16:00:00Z,1716825600000,0.00010000
2024-05-28T00:00:00Z,1716854400000,0.00010000
2024-05-28T08:00:00Z,1716883200000,0.00010000
2024-05-28T16:00:00Z,1716912000000,0.00012190
2024-05-29T00:00:00Z,1716940800001,0.00017485
2024-05-29T08:00:00Z,1716969600000,0.00010000
2024-05-29T16:00:00Z,1716998400000,0.00017700
2024-05-30T00:00:00Z,1717027200000,0.00025357
2024-05-30T08:00:00Z,1717056000000,0.00014202
2024-05-30T16:00:00Z,1717084800000,0.00018706
2024-05-31T00:00:00Z,1717113600000,0.00010000
2024-05-31T08:00:00Z,1717142400000,0.00010793
2024-05-31T16:00:00Z,1717171200000,0.00012319
2024-06-01T00:00:00Z,1717200000000,0.00017131
2024-06-01T08:00:00Z,1717228800000,0.00013009
2024-06-01T16:00:00Z,1717257600001,0.00011557
2024-06-02T00:00:00Z,1717286400000,0.00015695
2024-06-02T08:00:00Z,1717315200000,0.00010000
2024-06-02T16:00:00Z,1717344000000,0.00010000
2024-06-03T00:00:00Z,1717372800000,0.00012702
2024-06-03T08:00:00Z,1717401600000,0.00015803
2024-06-03T16:00:00Z,1717430400000,0.00012815
2024-06-04T00:00:00Z,1717459200000,0.00010000
2024-06-04T08:00:00Z,1717488000000,0.00010000
2024-06-04T16:00:00Z,1717516800000,0.00010800
2024-06-05T00:00:00Z,1717545600000,0.00016969
2024-06-05T08:00:00Z,1717574400000,0.00010000
2024-06-05T16:00:00Z,1717603200000,0.00010659
2024-06-06T00:00:00Z,1717632000000,0.00019461
2024-06-06T08:00:00Z,1717660800008,0.00020328
2024-06-06T16:00:00Z,1717689600000,0.00014989
2024-06-07T00:00:00Z,1717718400000,0.00016105
2024-06-07T08:00:00Z,1717747200000,0.00013228
2024-06-07T16:00:00Z,1717776000000,0.00017029
2024-06-08T00:00:00Z,1717804800000,0.00010000
2024-06-08T08:00:00Z,1717833600000,0.00010000
2024-06-08T16:00:00Z,1717862400000,0.00010000
2024-06-09T00:00:00Z,1717891200000,0.00010000
2024-06-09T08:00:00Z,1717920000000,0.00010000
2024-06-09T16:00:00Z,1717948800001,0.00010000
2024-06-10T00:00:00Z,1717977600000,0.00010000
2024-06-10T08:00:00Z,1718006400000,0.00010000
2024-06-10T16:00:00Z,1718035200001,0.00010000
2024-06-11T00:00:00Z,1718064000001,0.00010000
2024-06-11T08:00:00Z,1718092800000,0.00010000
2024-06-11T16:00:00Z,1718121600000,0.00010000
2024-06-12T00:00:00Z,1718150400000,0.00010000
2024-06-12T08:00:00Z,1718179200000,0.00010000
2024-06-12T16:00:00Z,1718208000000,0.00010000
2024-06-13T00:00:00Z,1718236800000,0.00010000
2024-06-13T08:00:00Z,1718265600001,0.00010000
2024-06-13T16:00:00Z,1718294400000,0.00010000
2024-06-14T00:00:00Z,1718323200000,0.00010000
2024-06-14T08:00:00Z,1718352000000,0.00010000
2024-06-14T16:00:00Z,1718380800000,0.00010000
2024-06-15T00:00:00Z,1718409600000,0.00010000
2024-06-15T08:00:00Z,1718438400000,0.00010000
2024-06-15T16:00:00Z,1718467200000,0.00010000
2024-06-16T00:00:00Z,1718496000001,0.00010000
2024-06-16T08:00:00Z,1718524800000,0.00010000
2024-06-16T16:00:00Z,1718553600000,0.00010000
2024-06-17T00:00:00Z,1718582400000,0.00010000
2024-06-17T08:00:00Z,1718611200000,0.00010000
2024-06-17T16:00:00Z,1718640000000,0.00009137
2024-06-18T00:00:00Z,1718668800000,0.00006649
2024-06-18T08:00:00Z,1718697600000,0.00007836
2024-06-18T16:00:00Z,1718726400000,0.00006211
2024-06-19T00:00:00Z,1718755200001,0.00010000
2024-06-19T08:00:00Z,1718784000001,0.00010000
2024-06-19T16:00:00Z,1718812800000,0.00006122
2024-06-20T00:00:00Z,1718841600000,0.00010000
2024-06-20T08:00:00Z,1718870400000,0.00006409
2024-06-20T16:00:00Z,1718899200000,0.00003148
2024-06-21T00:00:00Z,1718928000000,0.00000746
2024-06-21T08:00:00Z,1718956800000,0.00002103
2024-06-21T16:00:00Z,1718985600000,0.00010000
2024-06-22T00:00:00Z,1719014400000,0.00004564
2024-06-22T08:00:00Z,1719043200000,0.00005837
2024-06-22T16:00:00Z,1719072000000,0.00003914
2024-06-23T00:00:00Z,1719100800000,0.00006710
2024-06-23T08:00:00Z,1719129600000,0.00004594
2024-06-23T16:00:00Z,1719158400000,0.00003591
2024-06-24T00:00:00Z,1719187200002,0.00007672
2024-06-24T08:00:00Z,1719216000000,0.00010000
2024-06-24T16:00:00Z,1719244800000,0.00007410
2024-06-25T00:00:00Z,1719273600000,0.00010000
2024-06-25T08:00:00Z,1719302400000,0.00010000
2024-06-25T16:00:00Z,1719331200000,0.00010000
2024-06-26T00:00:00Z,1719360000002,0.00010000
2024-06-26T08:00:00Z,1719388800000,0.00010000
2024-06-26T16:00:00Z,1719417600000,0.00010000
2024-06-27T00:00:00Z,1719446400000,0.00010000
2024-06-27T08:00:00Z,1719475200001,0.00010000
2024-06-27T16:00:00Z,1719504000000,0.00010000
2024-06-28T00:00:00Z,1719532800000,0.00010000
2024-06-28T08:00:00Z,1719561600000,0.00010000
2024-06-28T16:00:00Z,1719590400000,0.00010000
2024-06-29T00:00:00Z,1719619200001,0.00010000
2024-06-29T08:00:00Z,1719648000000,0.00010000
2024-06-29T16:00:00Z,1719676800000,0.00010000
2024-06-30T00:00:00Z,1719705600000,0.00010000
2024-06-30T08:00:00Z,1719734400000,0.00010000
2024-06-30T16:00:00Z,1719763200000,0.00010000
2024-07-01T00:00:00Z,1719792000000,0.00010000
2024-07-01T08:00:00Z,1719820800000,0.00010000
2024-07-01T16:00:00Z,1719849600001,0.00010000
2024-07-02T00:00:00Z,1719878400000,0.00010000
2024-07-02T08:00:00Z,1719907200000,0.00010000
2024-07-02T16:00:00Z,1719936000000,0.00010000
2024-07-03T00:00:00Z,1719964800000,0.00010000
2024-07-03T08:00:00Z,1719993600001,0.00010000
2024-07-03T16:00:00Z,1720022400000,0.00010000
2024-07-04T00:00:00Z,1720051200000,0.00010000
2024-07-04T08:00:00Z,1720080000000,0.00010000
2024-07-04T16:00:00Z,1720108800000,0.00010000
2024-07-05T00:00:00Z,1720137600000,0.00010000
2024-07-05T08:00:00Z,1720166400000,0.00009550
2024-07-05T16:00:00Z,1720195200000,0.00004923
2024-07-06T00:00:00Z,1720224000000,0.00009007
2024-07-06T08:00:00Z,1720252800000,0.00006597
2024-07-06T16:00:00Z,1720281600000,0.00005847
2024-07-07T00:00:00Z,1720310400001,0.00003941
2024-07-07T08:00:00Z,1720339200000,0.00008938
2024-07-07T16:00:00Z,1720368000000,0.00005389
2024-07-08T00:00:00Z,1720396800000,0.00010000
2024-07-08T08:00:00Z,1720425600000,0.00003423
2024-07-08T16:00:00Z,1720454400000,0.00009357
2024-07-09T00:00:00Z,1720483200000,0.00005681
2024-07-09T08:00:00Z,1720512000001,0.00001078
2024-07-09T16:00:00Z,1720540800000,0.00007754
2024-07-10T00:00:00Z,1720569600000,0.00003746
2024-07-10T08:00:00Z,1720598400000,0.00001713
2024-07-10T16:00:00Z,1720627200000,0.00010000
2024-07-11T00:00:00Z,1720656000002,0.00004282
2024-07-11T08:00:00Z,1720684800002,0.00008656
2024-07-11T16:00:00Z,1720713600004,0.00005603
2024-07-12T00:00:00Z,1720742400000,0.00010000
2024-07-12T08:00:00Z,1720771200000,0.00004730
2024-07-12T16:00:00Z,1720800000000,0.00007154
2024-07-13T00:00:00Z,1720828800000,0.00010000
2024-07-13T08:00:00Z,1720857600000,0.00010000
2024-07-13T16:00:00Z,1720886400000,0.00007584
2024-07-14T00:00:00Z,1720915200000,0.00010000
2024-07-14T08:00:00Z,1720944000000,0.00006352
2024-07-14T16:00:00Z,1720972800000,0.00003194
2024-07-15T00:00:00Z,1721001600000,0.00009653
2024-07-15T08:00:00Z,1721030400000,0.00004043
2024-07-15T16:00:00Z,1721059200000,0.00004690
2024-07-16T00:00:00Z,1721088000000,0.00002643
2024-07-16T08:00:00Z,1721116800000,0.00009799
2024-07-16T16:00:00Z,1721145600000,0.00006395
2024-07-17T00:00:00Z,1721174400000,0.00005824
2024-07-17T08:00:00Z,1721203200001,0.00008064
2024-07-17T16:00:00Z,1721232000000,0.00006113
2024-07-18T00:00:00Z,1721260800000,0.00010000
2024-07-18T08:00:00Z,1721289600000,0.00006727
2024-07-18T16:00:00Z,1721318400000,0.00003237
2024-07-19T00:00:00Z,1721347200000,0.00004387
2024-07-19T08:00:00Z,1721376000000,0.00008153
2024-07-19T16:00:00Z,1721404800000,0.00010000
2024-07-20T00:00:00Z,1721433600001,0.00005271
2024-07-20T08:00:00Z,1721462400000,0.00008573
2024-07-20T16:00:00Z,1721491200000,0.00002468
2024-07-21T00:00:00Z,1721520000000,0.00010000
2024-07-21T08:00:00Z,1721548800000,0.00001524
2024-07-21T16:00:00Z,1721577600000,0.00006721
2024-07-22T00:00:00Z,1721606400000,0.00009867
2024-07-22T08:00:00Z,1721635200000,0.00007749
2024-07-22T16:00:00Z,1721664000000,0.00002820
2024-07-23T00:00:00Z,1721692800000,0.00007792
2024-07-23T08:00:00Z,1721721600000,0.00010000
2024-07-23T16:00:00Z,1721750400000,0.00009013
2024-07-24T00:00:00Z,1721779200000,0.00007865
2024-07-24T08:00:00Z,1721808000000,0.00008396
2024-07-24T16:00:00Z,1721836800000,0.00006706
2024-07-25T00:00:00Z,1721865600000,0.00009460
2024-07-25T08:00:00Z,1721894400000,0.00000204
2024-07-25T16:00:00Z,1721923200000,0.00003720
2024-07-26T00:00:00Z,1721952000000,0.00003903
2024-07-26T08:00:00Z,1721980800000,0.00004196
2024-07-26T16:00:00Z,1722009600000,0.00004001
2024-07-27T00:00:00Z,1722038400000,0.00003050
2024-07-27T08:00:00Z,1722067200000,0.00007422
2024-07-27T16:00:00Z,1722096000000,0.00001780
2024-07-28T00:00:00Z,1722124800000,0.00010000
2024-07-28T08:00:00Z,1722153600000,0.00010000
2024-07-28T16:00:00Z,1722182400001,0.00010000
2024-07-29T00:00:00Z,1722211200001,0.00008174
2024-07-29T08:00:00Z,1722240000000,0.00010000
2024-07-29T16:00:00Z,1722268800001,0.00010000
2024-07-30T00:00:00Z,1722297600000,0.00010000
2024-07-30T08:00:00Z,1722326400001,0.00010000
2024-07-30T16:00:00Z,1722355200000,0.00010000
2024-07-31T00:00:00Z,1722384000000,0.00010000
2024-07-31T08:00:00Z,1722412800000,0.00010000
2024-07-31T16:00:00Z,1722441600000,0.00010000
2024-08-01T00:00:00Z,1722470400000,0.00010000
2024-08-01T08:00:00Z,1722499200000,0.00005973
2024-08-01T16:00:00Z,1722528000000,0.00010000
2024-08-02T00:00:00Z,1722556800000,0.00007641
2024-08-02T08:00:00Z,1722585600001,0.00007771
2024-08-02T16:00:00Z,1722614400000,0.00003785
2024-08-03T00:00:00Z,1722643200000,0.00008493
2024-08-03T08:00:00Z,1722672000000,0.00002920
2024-08-03T16:00:00Z,1722700800001,0.00004820
2024-08-04T00:00:00Z,1722729600000,0.00004181
2024-08-04T08:00:00Z,1722758400000,0.00001635
2024-08-04T16:00:00Z,1722787200000,0.00006815
2024-08-05T00:00:00Z,1722816000000,-0.00001700
2024-08-05T08:00:00Z,1722844800000,-0.00000458
2024-08-05T16:00:00Z,1722873600000,-0.00005766
2024-08-06T00:00:00Z,1722902400000,-0.00002276
2024-08-06T08:00:00Z,1722931200000,-0.00010667
2024-08-06T16:00:00Z,1722960000000,-0.00001110
2024-08-07T00:00:00Z,1722988800000,-0.00004250
2024-08-07T08:00:00Z,1723017600001,-0.00000616
2024-08-07T16:00:00Z,1723046400000,-0.00004478
2024-08-08T00:00:00Z,1723075200001,-0.00004377
2024-08-08T08:00:00Z,1723104000000,-0.00001083
2024-08-08T16:00:00Z,1723132800000,-0.00003437
2024-08-09T00:00:00Z,1723161600000,0.00001139
2024-08-09T08:00:00Z,1723190400000,0.00004212
2024-08-09T16:00:00Z,1723219200000,-0.00002753
2024-08-10T00:00:00Z,1723248000000,-0.00004249
2024-08-10T08:00:00Z,1723276800000,0.00003504
2024-08-10T16:00:00Z,1723305600000,0.00001614
2024-08-11T00:00:00Z,1723334400000,-0.00000882
2024-08-11T08:00:00Z,1723363200000,0.00000973
2024-08-11T16:00:00Z,1723392000001,0.00000346
2024-08-12T00:00:00Z,1723420800000,0.00001047
2024-08-12T08:00:00Z,1723449600000,0.00006766
2024-08-12T16:00:00Z,1723478400000,0.00006424
2024-08-13T00:00:00Z,1723507200000,0.00007892
2024-08-13T08:00:00Z,1723536000000,-0.00006036
2024-08-13T16:00:00Z,1723564800000,-0.00004532
2024-08-14T00:00:00Z,1723593600000,0.00000555
2024-08-14T08:00:00Z,1723622400000,0.00003166
2024-08-14T16:00:00Z,1723651200000,-0.00003462
2024-08-15T00:00:00Z,1723680000000,0.00005044
2024-08-15T08:00:00Z,1723708800000,0.00007775
2024-08-15T16:00:00Z,1723737600000,0.00000662
2024-08-16T00:00:00Z,1723766400000,-0.00001182
2024-08-16T08:00:00Z,1723795200000,0.00002105
2024-08-16T16:00:00Z,1723824000000,0.00003363
2024-08-17T00:00:00Z,1723852800000,0.00002448
2024-08-17T08:00:00Z,1723881600000,-0.00002485
2024-08-17T16:00:00Z,1723910400000,-0.00003471
2024-08-18T00:00:00Z,1723939200000,0.00000782
2024-08-18T08:00:00Z,1723968000000,-0.00004706
2024-08-18T16:00:00Z,1723996800000,-0.00000142
2024-08-19T00:00:00Z,1724025600000,-0.00003660
2024-08-19T08:00:00Z,1724054400000,0.00000859
2024-08-19T16:00:00Z,1724083200002,-0.00001530
2024-08-20T00:00:00Z,1724112000000,0.00000969
2024-08-20T08:00:00Z,1724140800000,0.00001977
2024-08-20T16:00:00Z,1724169600001,-0.00002726
2024-08-21T00:00:00Z,1724198400001,0.00001330
2024-08-21T08:00:00Z,1724227200000,0.00002306
2024-08-21T16:00:00Z,1724256000001,0.00004139
2024-08-22T00:00:00Z,1724284800000,-0.00000946
2024-08-22T08:00:00Z,1724313600000,0.00003544
2024-08-22T16:00:00Z,1724342400008,0.00002010
2024-08-23T00:00:00Z,1724371200000,0.00006601
2024-08-23T08:00:00Z,1724400000000,0.00006071
2024-08-23T16:00:00Z,1724428800000,-0.00000172
2024-08-24T00:00:00Z,1724457600000,-0.00001504
2024-08-24T08:00:00Z,1724486400005,0.00000970
2024-08-24T16:00:00Z,1724515200000,0.00000581
2024-08-25T00:00:00Z,1724544000000,-0.00003389
2024-08-25T08:00:00Z,1724572800000,0.00003311
2024-08-25T16:00:00Z,1724601600000,0.00002579
2024-08-26T00:00:00Z,1724630400000,0.00002145
2024-08-26T08:00:00Z,1724659200001,0.00005677
2024-08-26T16:00:00Z,1724688000000,0.00006339
2024-08-27T00:00:00Z,1724716800001,0.00009438
2024-08-27T08:00:00Z,1724745600000,0.00005093
2024-08-27T16:00:00Z,1724774400000,0.00007429
2024-08-28T00:00:00Z,1724803200000,-0.00006098
2024-08-28T08:00:00Z,1724832000000,-0.00000762
2024-08-28T16:00:00Z,1724860800001,0.00001459
2024-08-29T00:00:00Z,1724889600000,0.00001160
2024-08-29T08:00:00Z,1724918400001,0.00000212
2024-08-29T16:00:00Z,1724947200000,-0.00000409
2024-08-30T00:00:00Z,1724976000000,0.00005490
2024-08-30T08:00:00Z,1725004800000,0.00003483
2024-08-30T16:00:00Z,1725033600000,0.00001032
2024-08-31T00:00:00Z,1725062400000,0.00007976
2024-08-31T08:00:00Z,1725091200000,0.00007237
2024-08-31T16:00:00Z,1725120000000,0.00007811
2024-09-01T00:00:00Z,1725148800000,0.00004499
2024-09-01T08:00:00Z,1725177600001,0.00005272
2024-09-01T16:00:00Z,1725206400000,0.00004183
2024-09-02T00:00:00Z,1725235200001,-0.00002406
2024-09-02T08:00:00Z,1725264000001,0.00003904
2024-09-02T16:00:00Z,1725292800000,0.00007064
2024-09-03T00:00:00Z,1725321600000,0.00005670
2024-09-03T08:00:00Z,1725350400001,0.00004883
2024-09-03T16:00:00Z,1725379200000,0.00005216
2024-09-04T00:00:00Z,1725408000000,0.00008054
2024-09-04T08:00:00Z,1725436800000,-0.00001109
2024-09-04T16:00:00Z,1725465600000,0.00005833
2024-09-05T00:00:00Z,1725494400000,0.00004539
2024-09-05T08:00:00Z,1725523200000,0.00002410
2024-09-05T16:00:00Z,1725552000005,0.00003166
2024-09-06T00:00:00Z,1725580800000,0.00003662
2024-09-06T08:00:00Z,1725609600001,0.00004871
2024-09-06T16:00:00Z,1725638400000,0.00004007
2024-09-07T00:00:00Z,1725667200000,0.00000241
2024-09-07T08:00:00Z,1725696000000,-0.00000537
2024-09-07T16:00:00Z,1725724800000,0.00002652
2024-09-08T00:00:00Z,1725753600000,0.00005363
2024-09-08T08:00:00Z,1725782400000,0.00003089
2024-09-08T16:00:00Z,1725811200000,0.00001827
2024-09-09T00:00:00Z,1725840000000,0.00000767
2024-09-09T08:00:00Z,1725868800000,0.00003085
2024-09-09T16:00:00Z,1725897600001,-0.00001156
2024-09-10T00:00:00Z,1725926400000,0.00001082
2024-09-10T08:00:00Z,1725955200000,-0.00003453
2024-09-10T16:00:00Z,1725984000000,0.00000228
2024-09-11T00:00:00Z,1726012800000,0.00002484
2024-09-11T08:00:00Z,1726041600000,0.00001804
2024-09-11T16:00:00Z,1726070400000,-0.00001796
2024-09-12T00:00:00Z,1726099200000,0.00002592
2024-09-12T08:00:00Z,1726128000000,0.00002496
2024-09-12T16:00:00Z,1726156800000,0.00001134
2024-09-13T00:00:00Z,1726185600000,0.00004291
2024-09-13T08:00:00Z,1726214400001,0.00005003
2024-09-13T16:00:00Z,1726243200001,0.00005073
2024-09-14T00:00:00Z,1726272000000,0.00000845
2024-09-14T08:00:00Z,1726300800000,-0.00000415
2024-09-14T16:00:00Z,1726329600001,0.00000135
2024-09-15T00:00:00Z,1726358400000,-0.00000267
2024-09-15T08:00:00Z,1726387200000,0.00001355
2024-09-15T16:00:00Z,1726416000000,0.00002131
2024-09-16T00:00:00Z,1726444800000,0.00003228
2024-09-16T08:00:00Z,1726473600001,-0.00006942
2024-09-16T16:00:00Z,1726502400000,-0.00001149
2024-09-17T00:00:00Z,1726531200001,0.00007742
2024-09-17T08:00:00Z,1726560000000,0.00002423
2024-09-17T16:00:00Z,1726588800000,0.00005730
2024-09-18T00:00:00Z,1726617600000,0.00004792
2024-09-18T08:00:00Z,1726646400000,0.00003074
2024-09-18T16:00:00Z,1726675200004,0.00002329
2024-09-19T00:00:00Z,1726704000000,0.00007727
2024-09-19T08:00:00Z,1726732800000,0.00008266
2024-09-19T16:00:00Z,1726761600001,0.00002391
2024-09-20T00:00:00Z,1726790400000,0.00010000
2024-09-20T08:00:00Z,1726819200001,0.00009734
2024-09-20T16:00:00Z,1726848000000,0.00010000
2024-09-21T00:00:00Z,1726876800001,0.00006668
2024-09-21T08:00:00Z,1726905600000,0.00006665
2024-09-21T16:00:00Z,1726934400000,0.00004536
2024-09-22T00:00:00Z,1726963200000,0.00004896
2024-09-22T08:00:00Z,1726992000000,0.00005198
2024-09-22T16:00:00Z,1727020800000,0.00010000
2024-09-23T00:00:00Z,1727049600000,0.00002548
2024-09-23T08:00:00Z,1727078400000,0.00006821
2024-09-23T16:00:00Z,1727107200000,0.00006476
2024-09-24T00:00:00Z,1727136000000,0.00003850
2024-09-24T08:00:00Z,1727164800000,0.00004791
2024-09-24T16:00:00Z,1727193600001,0.00004739
2024-09-25T00:00:00Z,1727222400000,0.00002445
2024-09-25T08:00:00Z,1727251200003,0.00005722
2024-09-25T16:00:00Z,1727280000000,0.00003538
2024-09-26T00:00:00Z,1727308800005,0.00007493
2024-09-26T08:00:00Z,1727337600000,0.00008119
2024-09-26T16:00:00Z,1727366400000,0.00010000
2024-09-27T00:00:00Z,1727395200000,0.00009625
2024-09-27T08:00:00Z,1727424000000,0.00007694
2024-09-27T16:00:00Z,1727452800000,0.00006276
2024-09-28T00:00:00Z,1727481600000,0.00010000
2024-09-28T08:00:00Z,1727510400001,0.00006231
2024-09-28T16:00:00Z,1727539200000,0.00007162
2024-09-29T00:00:00Z,1727568000001,0.00003315
2024-09-29T08:00:00Z,1727596800000,0.00006785
2024-09-29T16:00:00Z,1727625600000,0.00008854
2024-09-30T00:00:00Z,1727654400000,0.00006161
2024-09-30T08:00:00Z,1727683200001,0.00008620
2024-09-30T16:00:00Z,1727712000000,0.00010000
2024-10-01T00:00:00Z,1727740800000,0.00010000
2024-10-01T08:00:00Z,1727769600000,0.00010000
2024-10-01T16:00:00Z,1727798400001,0.00008397
2024-10-02T00:00:00Z,1727827200000,0.00010000
2024-10-02T08:00:00Z,1727856000000,0.00006859
2024-10-02T16:00:00Z,1727884800000,0.00010000
2024-10-03T00:00:00Z,1727913600000,0.00002418
2024-10-03T08:00:00Z,1727942400000,0.00004124
2024-10-03T16:00:00Z,1727971200000,0.00004621
2024-10-04T00:00:00Z,1728000000000,0.00005138
2024-10-04T08:00:00Z,1728028800000,0.00003739
2024-10-04T16:00:00Z,1728057600001,0.00003900
2024-10-05T00:00:00Z,1728086400000,0.00010000
2024-10-05T08:00:00Z,1728115200000,0.00007909
2024-10-05T16:00:00Z,1728144000000,0.00005458
2024-10-06T00:00:00Z,1728172800000,0.00009056
2024-10-06T08:00:00Z,1728201600001,0.00005234
2024-10-06T16:00:00Z,1728230400000,0.00003309
2024-10-07T00:00:00Z,1728259200000,0.00003360
2024-10-07T08:00:00Z,1728288000000,0.00009258
2024-10-07T16:00:00Z,1728316800001,0.00002612
2024-10-08T00:00:00Z,1728345600000,0.00006592
2024-10-08T08:00:00Z,1728374400000,0.00010000
2024-10-08T16:00:00Z,1728403200000,0.00008377
2024-10-09T00:00:00Z,1728432000000,0.00010000
2024-10-09T08:00:00Z,1728460800000,0.00003640
2024-10-09T16:00:00Z,1728489600000,0.00010000
2024-10-10T00:00:00Z,1728518400000,0.00006663
2024-10-10T08:00:00Z,1728547200000,0.00010000
2024-10-10T16:00:00Z,1728576000000,0.00010000
2024-10-11T00:00:00Z,1728604800000,0.00010000
2024-10-11T08:00:00Z,1728633600000,0.00009474
2024-10-11T16:00:00Z,1728662400001,0.00005977
2024-10-12T00:00:00Z,1728691200000,0.00004445
2024-10-12T08:00:00Z,1728720000001,0.00010000
2024-10-12T16:00:00Z,1728748800000,0.00007350
2024-10-13T00:00:00Z,1728777600000,0.00007928
2024-10-13T08:00:00Z,1728806400000,0.00003958
2024-10-13T16:00:00Z,1728835200000,0.00001763
2024-10-14T00:00:00Z,1728864000000,0.00006559
2024-10-14T08:00:00Z,1728892800000,0.00010000
2024-10-14T16:00:00Z,1728921600000,0.00010000
2024-10-15T00:00:00Z,1728950400000,0.00010000
2024-10-15T08:00:00Z,1728979200000,0.00010000
2024-10-15T16:00:00Z,1729008000000,0.00010000
2024-10-16T00:00:00Z,1729036800000,0.00010000
2024-10-16T08:00:00Z,1729065600001,0.00010000
2024-10-16T16:00:00Z,1729094400000,0.00010000
2024-10-17T00:00:00Z,1729123200000,0.00010000
2024-10-17T08:00:00Z,1729152000000,0.00010000
2024-10-17T16:00:00Z,1729180800001,0.00010000
2024-10-18T00:00:00Z,1729209600010,0.00010000
2024-10-18T08:00:00Z,1729238400001,0.00010000
2024-10-18T16:00:00Z,1729267200000,0.00010000
2024-10-19T00:00:00Z,1729296000000,0.00010000
2024-10-19T08:00:00Z,1729324800000,0.00010000
2024-10-19T16:00:00Z,1729353600000,0.00010000
2024-10-20T00:00:00Z,1729382400000,0.00010000
2024-10-20T08:00:00Z,1729411200000,0.00010000
2024-10-20T16:00:00Z,1729440000000,0.00010000
2024-10-21T00:00:00Z,1729468800000,0.00010000
2024-10-21T08:00:00Z,1729497600000,0.00010000
2024-10-21T16:00:00Z,1729526400000,0.00010000
2024-10-22T00:00:00Z,1729555200000,0.00010000
2024-10-22T08:00:00Z,1729584000000,0.00010000
2024-10-22T16:00:00Z,1729612800000,0.00010000
2024-10-23T00:00:00Z,1729641600000,0.00010000
2024-10-23T08:00:00Z,1729670400000,0.00010000
2024-10-23T16:00:00Z,1729699200000,0.00010000
2024-10-24T00:00:00Z,1729728000000,0.00010000
2024-10-24T08:00:00Z,1729756800000,0.00010000
2024-10-24T16:00:00Z,1729785600000,0.00010000
2024-10-25T00:00:00Z,1729814400000,0.00010000
2024-10-25T08:00:00Z,1729843200000,0.00010000
2024-10-25T16:00:00Z,1729872000000,0.00010000
2024-10-26T00:00:00Z,1729900800000,0.00010000
2024-10-26T08:00:00Z,1729929600001,0.00010000
2024-10-26T16:00:00Z,1729958400000,0.00010000
2024-10-27T00:00:00Z,1729987200000,0.00010000
2024-10-27T08:00:00Z,1730016000000,0.00010000
2024-10-27T16:00:00Z,1730044800000,0.00010000
2024-10-28T00:00:00Z,1730073600000,0.00010000
2024-10-28T08:00:00Z,1730102400001,0.00010000
2024-10-28T16:00:00Z,1730131200000,0.00010000
2024-10-29T00:00:00Z,1730160000000,0.00010000
2024-10-29T08:00:00Z,1730188800000,0.00010000
2024-10-29T16:00:00Z,1730217600004,0.00010000
2024-10-30T00:00:00Z,1730246400000,0.00010000
2024-10-30T08:00:00Z,1730275200000,0.00010000
2024-10-30T16:00:00Z,1730304000013,0.00010000
2024-10-31T00:00:00Z,1730332800000,0.00010000
2024-10-31T08:00:00Z,1730361600000,0.00010000
2024-10-31T16:00:00Z,1730390400000,0.00010000
2024-11-01T00:00:00Z,1730419200000,0.00010000
2024-11-01T08:00:00Z,1730448000000,0.00010000
2024-11-01T16:00:00Z,1730476800000,0.00010000
2024-11-02T00:00:00Z,1730505600000,0.00010000
2024-11-02T08:00:00Z,1730534400000,0.00010000
2024-11-02T16:00:00Z,1730563200000,0.00010000
2024-11-03T00:00:00Z,1730592000000,0.00010000
2024-11-03T08:00:00Z,1730620800000,0.00010000
2024-11-03T16:00:00Z,1730649600000,0.00010000
2024-11-04T00:00:00Z,1730678400000,0.00010000
2024-11-04T08:00:00Z,1730707200000,0.00010000
2024-11-04T16:00:00Z,1730736000000,0.00010000
2024-11-05T00:00:00Z,1730764800000,0.00010000
2024-11-05T08:00:00Z,1730793600003,0.00010000
2024-11-05T16:00:00Z,1730822400001,0.00010000
2024-11-06T00:00:00Z,1730851200000,0.00009511
2024-11-06T08:00:00Z,1730880000000,0.00010000
2024-11-06T16:00:00Z,1730908800000,0.00010000
2024-11-07T00:00:00Z,1730937600000,0.00010000
2024-11-07T08:00:00Z,1730966400000,0.00014885
2024-11-07T16:00:00Z,1730995200000,0.00010000
2024-11-08T00:00:00Z,1731024000000,0.00010000
2024-11-08T08:00:00Z,1731052800000,0.00010000
2024-11-08T16:00:00Z,1731081600000,0.00010000
2024-11-09T00:00:00Z,1731110400000,0.00010000
2024-11-09T08:00:00Z,1731139200000,0.00010000
2024-11-09T16:00:00Z,1731168000000,0.00010000
2024-11-10T00:00:00Z,1731196800000,0.00010000
2024-11-10T08:00:00Z,1731225600000,0.00010000
2024-11-10T16:00:00Z,1731254400000,0.00026708
2024-11-11T00:00:00Z,1731283200001,0.00028976
2024-11-11T08:00:00Z,1731312000000,0.00018810
2024-11-11T16:00:00Z,1731340800000,0.00017298
2024-11-12T00:00:00Z,1731369600002,0.00017687
2024-11-12T08:00:00Z,1731398400000,0.00057620
2024-11-12T16:00:00Z,1731427200000,0.00046001
2024-11-13T00:00:00Z,1731456000000,0.00013607
2024-11-13T08:00:00Z,1731484800010,0.00033556
2024-11-13T16:00:00Z,1731513600000,0.00012894
2024-11-14T00:00:00Z,1731542400001,0.00010580
2024-11-14T08:00:00Z,1731571200000,0.00010000
2024-11-14T16:00:00Z,1731600000000,0.00010000
2024-11-15T00:00:00Z,1731628800000,0.00013133
2024-11-15T08:00:00Z,1731657600000,0.00013108
2024-11-15T16:00:00Z,1731686400000,0.00010000
2024-11-16T00:00:00Z,1731715200001,0.00018215
2024-11-16T08:00:00Z,1731744000001,0.00010000
2024-11-16T16:00:00Z,1731772800000,0.00011351
2024-11-17T00:00:00Z,1731801600000,0.00010000
2024-11-17T08:00:00Z,1731830400000,0.00010000
2024-11-17T16:00:00Z,1731859200001,0.00019685
2024-11-18T00:00:00Z,1731888000000,0.00019865
2024-11-18T08:00:00Z,1731916800000,0.00031651
2024-11-18T16:00:00Z,1731945600000,0.00019762
2024-11-19T00:00:00Z,1731974400000,0.00040458
2024-11-19T08:00:00Z,1732003200000,0.00021234
2024-11-19T16:00:00Z,1732032000000,0.00015353
2024-11-20T00:00:00Z,1732060800003,0.00017369
2024-11-20T08:00:00Z,1732089600000,0.00019505
2024-11-20T16:00:00Z,1732118400000,0.00013619
2024-11-21T00:00:00Z,1732147200001,0.00010000
2024-11-21T08:00:00Z,1732176000000,0.00010000
2024-11-21T16:00:00Z,1732204800001,0.00020146
2024-11-22T00:00:00Z,1732233600000,0.00034180
2024-11-22T08:00:00Z,1732262400000,0.00029201
2024-11-22T16:00:00Z,1732291200001,0.00022123
2024-11-23T00:00:00Z,1732320000000,0.00015103
2024-11-23T08:00:00Z,1732348800000,0.00032558
2024-11-23T16:00:00Z,1732377600000,0.00037006
2024-11-24T00:00:00Z,1732406400001,0.00027011
2024-11-24T08:00:00Z,1732435200000,0.00023721
2024-11-24T16:00:00Z,1732464000000,0.00027264
2024-11-25T00:00:00Z,1732492800000,0.00017259
2024-11-25T08:00:00Z,1732521600000,0.00023935
2024-11-25T16:00:00Z,1732550400000,0.00031797
2024-11-26T00:00:00Z,1732579200000,0.00024480
2024-11-26T08:00:00Z,1732608000000,0.00012270
2024-11-26T16:00:00Z,1732636800000,0.00018190
2024-11-27T00:00:00Z,1732665600000,0.00021068
2024-11-27T08:00:00Z,1732694400000,0.00020895
2024-11-27T16:00:00Z,1732723200001,0.00015706
2024-11-28T00:00:00Z,1732752000000,0.00015948
2024-11-28T08:00:00Z,1732780800000,0.00016470
2024-11-28T16:00:00Z,1732809600000,0.00010000
2024-11-29T00:00:00Z,1732838400000,0.00010000
2024-11-29T08:00:00Z,1732867200000,0.00015354
2024-11-29T16:00:00Z,1732896000000,0.00010000
2024-11-30T00:00:00Z,1732924800000,0.00017097
2024-11-30T08:00:00Z,1732953600000,0.00024740
2024-11-30T16:00:00Z,1732982400000,0.00012425
2024-12-01T00:00:00Z,1733011200000,0.00011863
2024-12-01T08:00:00Z,1733040000000,0.00013737
2024-12-01T16:00:00Z,1733068800000,0.00015064
2024-12-02T00:00:00Z,1733097600001,0.00036131
2024-12-02T08:00:00Z,1733126400001,0.00029310
2024-12-02T16:00:00Z,1733155200000,0.00028383
2024-12-03T00:00:00Z,1733184000000,0.00026464
2024-12-03T08:00:00Z,1733212800000,0.00034689
2024-12-03T16:00:00Z,1733241600000,0.00014297
2024-12-04T00:00:00Z,1733270400000,0.00018732
2024-12-04T08:00:00Z,1733299200000,0.00015899
2024-12-04T16:00:00Z,1733328000000,0.00019842
2024-12-05T00:00:00Z,1733356800001,0.00023652
2024-12-05T08:00:00Z,1733385600000,0.00049482
2024-12-05T16:00:00Z,1733414400000,0.00031177
2024-12-06T00:00:00Z,1733443200000,0.00014294
2024-12-06T08:00:00Z,1733472000000,0.00025540
2024-12-06T16:00:00Z,1733500800000,0.00026350
2024-12-07T00:00:00Z,1733529600000,0.00030590
2024-12-07T08:00:00Z,1733558400000,0.00024299
2024-12-07T16:00:00Z,1733587200000,0.00023099
2024-12-08T00:00:00Z,1733616000000,0.00020864
2024-12-08T08:00:00Z,1733644800000,0.00023941
2024-12-08T16:00:00Z,1733673600000,0.00018574
2024-12-09T00:00:00Z,1733702400000,0.00020272
2024-12-09T08:00:00Z,1733731200000,0.00010000
2024-12-09T16:00:00Z,1733760000001,0.00013421
2024-12-10T00:00:00Z,1733788800007,0.00010000
2024-12-10T08:00:00Z,1733817600000,0.00010000
2024-12-10T16:00:00Z,1733846400000,0.00010000
2024-12-11T00:00:00Z,1733875200000,0.00010000
2024-12-11T08:00:00Z,1733904000000,0.00010000
2024-12-11T16:00:00Z,1733932800001,0.00010000
2024-12-12T00:00:00Z,1733961600001,0.00010000
2024-12-12T08:00:00Z,1733990400000,0.00010000
2024-12-12T16:00:00Z,1734019200001,0.00010000
2024-12-13T00:00:00Z,1734048000000,0.00010000
2024-12-13T08:00:00Z,1734076800000,0.00010000
2024-12-13T16:00:00Z,1734105600001,0.00010000
2024-12-14T00:00:00Z,1734134400000,0.00010000
2024-12-14T08:00:00Z,1734163200000,0.00010000
2024-12-14T16:00:00Z,1734192000000,0.00010000
2024-12-15T00:00:00Z,1734220800000,0.00010000
2024-12-15T08:00:00Z,1734249600000,0.00010000
2024-12-15T16:00:00Z,1734278400000,0.00009404
2024-12-16T00:00:00Z,1734307200000,0.00008662
2024-12-16T08:00:00Z,1734336000001,0.00010000
2024-12-16T16:00:00Z,1734364800000,0.00010000
2024-12-17T00:00:00Z,1734393600000,0.00010000
2024-12-17T08:00:00Z,1734422400000,0.00010000
2024-12-17T16:00:00Z,1734451200000,0.00010000
2024-12-18T00:00:00Z,1734480000000,0.00008046
2024-12-18T08:00:00Z,1734508800000,0.00010000
2024-12-18T16:00:00Z,1734537600000,0.00010000
2024-12-19T00:00:00Z,1734566400000,0.00006104
2024-12-19T08:00:00Z,1734595200000,0.00007438
2024-12-19T16:00:00Z,1734624000000,0.00007373
2024-12-20T00:00:00Z,1734652800000,0.00010000
2024-12-20T08:00:00Z,1734681600001,0.00010000
2024-12-20T16:00:00Z,1734710400014,0.00010000
2024-12-21T00:00:00Z,1734739200000,0.00006352
2024-12-21T08:00:00Z,1734768000000,0.00010000
2024-12-21T16:00:00Z,1734796800001,0.00010000
2024-12-22T00:00:00Z,1734825600000,0.00010000
2024-12-22T08:00:00Z,1734854400000,0.00010000
2024-12-22T16:00:00Z,1734883200000,0.00005370
2024-12-23T00:00:00Z,1734912000000,0.00005686
2024-12-23T08:00:00Z,1734940800000,0.00005398
2024-12-23T16:00:00Z,1734969600001,0.00008674
2024-12-24T00:00:00Z,1734998400000,0.00010000
2024-12-24T08:00:00Z,1735027200000,0.00008121
2024-12-24T16:00:00Z,1735056000001,0.00002757
2024-12-25T00:00:00Z,1735084800001,0.00004454
2024-12-25T08:00:00Z,1735113600000,0.00006550
2024-12-25T16:00:00Z,1735142400000,0.00001254
2024-12-26T00:00:00Z,1735171200000,0.00010000
2024-12-26T08:00:00Z,1735200000000,0.00010000
2024-12-26T16:00:00Z,1735228800000,0.00006305
2024-12-27T00:00:00Z,1735257600000,0.00010000
2024-12-27T08:00:00Z,1735286400000,0.00008428
2024-12-27T16:00:00Z,1735315200000,0.00005349
2024-12-28T00:00:00Z,1735344000001,0.00010000
2024-12-28T08:00:00Z,1735372800000,0.00010000
2024-12-28T16:00:00Z,1735401600000,0.00009336
2024-12-29T00:00:00Z,1735430400000,0.00005941
2024-12-29T08:00:00Z,1735459200000,0.00005146
2024-12-29T16:00:00Z,1735488000000,0.00009485
2024-12-30T00:00:00Z,1735516800000,0.00010000
2024-12-30T08:00:00Z,1735545600001,0.00010000
2024-12-30T16:00:00Z,1735574400000,0.00010000
2024-12-31T00:00:00Z,1735603200000,0.00010000
2024-12-31T08:00:00Z,1735632000000,0.00008514
2024-12-31T16:00:00Z,1735660800000,0.00010000
2025-01-01T00:00:00Z,1735689600015,0.00010000
2025-01-01T08:00:00Z,1735718400000,0.00010000
2025-01-01T16:00:00Z,1735747200001,0.00010000
2025-01-02T00:00:00Z,1735776000000,0.00010000
2025-01-02T08:00:00Z,1735804800006,0.00010000
2025-01-02T16:00:00Z,1735833600000,0.00010000
2025-01-03T00:00:00Z,1735862400000,0.00010000
2025-01-03T08:00:00Z,1735891200000,0.00010000
2025-01-03T16:00:00Z,1735920000000,0.00010000
2025-01-04T00:00:00Z,1735948800000,0.00010000
2025-01-04T08:00:00Z,1735977600000,0.00010000
2025-01-04T16:00:00Z,1736006400000,0.00010000
2025-01-05T00:00:00Z,1736035200000,0.00010000
2025-01-05T08:00:00Z,1736064000000,0.00010000
2025-01-05T16:00:00Z,1736092800000,0.00010000
2025-01-06T00:00:00Z,1736121600000,0.00010000
2025-01-06T08:00:00Z,1736150400001,0.00010000
2025-01-06T16:00:00Z,1736179200000,0.00010000
2025-01-07T00:00:00Z,1736208000000,0.00010000
2025-01-07T08:00:00Z,1736236800000,0.00010000
2025-01-07T16:00:00Z,1736265600008,0.00010000
2025-01-08T00:00:00Z,1736294400001,0.00009658
2025-01-08T08:00:00Z,1736323200000,0.00010000
2025-01-08T16:00:00Z,1736352000000,0.00010000
2025-01-09T00:00:00Z,1736380800000,0.00006609
2025-01-09T08:00:00Z,1736409600000,0.00010000
2025-01-09T16:00:00Z,1736438400000,0.00010000
2025-01-10T00:00:00Z,1736467200000,0.00007573
2025-01-10T08:00:00Z,1736496000000,0.00006162
2025-01-10T16:00:00Z,1736524800000,0.00010000
2025-01-11T00:00:00Z,1736553600000,0.00006574
2025-01-11T08:00:00Z,1736582400000,0.00005650
2025-01-11T16:00:00Z,1736611200000,0.00010000
2025-01-12T00:00:00Z,1736640000000,0.00010000
2025-01-12T08:00:00Z,1736668800000,0.00010000
2025-01-12T16:00:00Z,1736697600000,0.00008134
2025-01-13T00:00:00Z,1736726400000,0.00010000
2025-01-13T08:00:00Z,1736755200000,0.00009353
2025-01-13T16:00:00Z,1736784000000,0.00003392
2025-01-14T00:00:00Z,1736812800000,0.00005423
2025-01-14T08:00:00Z,1736841600000,0.00007452
2025-01-14T16:00:00Z,1736870400000,0.00007652
2025-01-15T00:00:00Z,1736899200000,0.00004503
2025-01-15T08:00:00Z,1736928000000,0.00005924
2025-01-15T16:00:00Z,1736956800000,0.00005443
2025-01-16T00:00:00Z,1736985600000,0.00010000
2025-01-16T08:00:00Z,1737014400000,0.00008311
2025-01-16T16:00:00Z,1737043200000,0.00005275
2025-01-17T00:00:00Z,1737072000004,0.00010000
2025-01-17T08:00:00Z,1737100800000,0.00010000
2025-01-17T16:00:00Z,1737129600008,0.00010000
2025-01-18T00:00:00Z,1737158400000,0.00010000
2025-01-18T08:00:00Z,1737187200007,0.00010000
2025-01-18T16:00:00Z,1737216000000,0.00010000
2025-01-19T00:00:00Z,1737244800000,0.00010000
2025-01-19T08:00:00Z,1737273600000,0.00010000
2025-01-19T16:00:00Z,1737302400000,0.00010000
2025-01-20T00:00:00Z,1737331200000,0.00010000
2025-01-20T08:00:00Z,1737360000009,0.00010000
2025-01-20T16:00:00Z,1737388800000,0.00010000
2025-01-21T00:00:00Z,1737417600000,0.00010000
2025-01-21T08:00:00Z,1737446400000,0.00010000
2025-01-21T16:00:00Z,1737475200000,0.00010000
2025-01-22T00:00:00Z,1737504000000,0.00010000
2025-01-22T08:00:00Z,1737532800000,0.00010000
2025-01-22T16:00:00Z,1737561600000,0.00010000
2025-01-23T00:00:00Z,1737590400001,0.00010000
2025-01-23T08:00:00Z,1737619200000,0.00010000
2025-01-23T16:00:00Z,1737648000000,0.00010000
2025-01-24T00:00:00Z,1737676800000,0.00010000
2025-01-24T08:00:00Z,1737705600000,0.00010000
2025-01-24T16:00:00Z,1737734400000,0.00010000
2025-01-25T00:00:00Z,1737763200000,0.00006904
2025-01-25T08:00:00Z,1737792000000,0.00007065
2025-01-25T16:00:00Z,1737820800001,0.00008410
2025-01-26T00:00:00Z,1737849600000,0.00009663
2025-01-26T08:00:00Z,1737878400000,0.00009725
2025-01-26T16:00:00Z,1737907200000,0.00003849
2025-01-27T00:00:00Z,1737936000000,-0.00000276
2025-01-27T08:00:00Z,1737964800000,0.00003922
2025-01-27T16:00:00Z,1737993600000,0.00003069
2025-01-28T00:00:00Z,1738022400000,0.00010000
2025-01-28T08:00:00Z,1738051200000,0.00004046
2025-01-28T16:00:00Z,1738080000000,0.00005904
2025-01-29T00:00:00Z,1738108800000,0.00010000
2025-01-29T08:00:00Z,1738137600000,0.00006567
2025-01-29T16:00:00Z,1738166400000,0.00008686
2025-01-30T00:00:00Z,1738195200000,0.00002287
2025-01-30T08:00:00Z,1738224000000,0.00010000
2025-01-30T16:00:00Z,1738252800000,0.00007055
2025-01-31T00:00:00Z,1738281600000,0.00009386
2025-01-31T08:00:00Z,1738310400000,0.00007998
2025-01-31T16:00:00Z,1738339200000,0.00010000
2025-02-01T00:00:00Z,1738368000000,0.00008432
2025-02-01T08:00:00Z,1738396800000,0.00009742
2025-02-01T16:00:00Z,1738425600000,0.00003573
2025-02-02T00:00:00Z,1738454400001,0.00007609
2025-02-02T08:00:00Z,1738483200000,0.00010000
2025-02-02T16:00:00Z,1738512000000,0.00002600
2025-02-03T00:00:00Z,1738540800000,0.00003237
2025-02-03T08:00:00Z,1738569600000,-0.00016657
2025-02-03T16:00:00Z,1738598400000,-0.00025121
2025-02-04T00:00:00Z,1738627200000,-0.00010653
2025-02-04T08:00:00Z,1738656000001,0.00001070
2025-02-04T16:00:00Z,1738684800000,-0.00008177
2025-02-05T00:00:00Z,1738713600001,-0.00008329
2025-02-05T08:00:00Z,1738742400001,0.00005754
2025-02-05T16:00:00Z,1738771200000,-0.00002404
2025-02-06T00:00:00Z,1738800000001,0.00004939
2025-02-06T08:00:00Z,1738828800001,-0.00000535
2025-02-06T16:00:00Z,1738857600000,-0.00007747
2025-02-07T00:00:00Z,1738886400000,0.00002439
2025-02-07T08:00:00Z,1738915200000,0.00002905
2025-02-07T16:00:00Z,1738944000000,-0.00001197
2025-02-08T00:00:00Z,1738972800000,-0.00001894
2025-02-08T08:00:00Z,1739001600000,0.00009532
2025-02-08T16:00:00Z,1739030400000,0.00006930
2025-02-09T00:00:00Z,1739059200000,-0.00000364
2025-02-09T08:00:00Z,1739088000000,0.00005479
2025-02-09T16:00:00Z,1739116800000,0.00005020
2025-02-10T00:00:00Z,1739145600000,0.00000911
2025-02-10T08:00:00Z,1739174400000,0.00007074
2025-02-10T16:00:00Z,1739203200000,0.00005396
2025-02-11T00:00:00Z,1739232000000,-0.00000572
2025-02-11T08:00:00Z,1739260800000,0.00004260
2025-02-11T16:00:00Z,1739289600000,-0.00001236
2025-02-12T00:00:00Z,1739318400000,0.00006151
2025-02-12T08:00:00Z,1739347200000,0.00003350
2025-02-12T16:00:00Z,1739376000001,0.00008407
2025-02-13T00:00:00Z,1739404800001,0.00009540
2025-02-13T08:00:00Z,1739433600000,0.00010000
2025-02-13T16:00:00Z,1739462400001,0.00001027
2025-02-14T00:00:00Z,1739491200000,0.00000239
2025-02-14T08:00:00Z,1739520000001,0.00008242
2025-02-14T16:00:00Z,1739548800000,0.00007834
2025-02-15T00:00:00Z,1739577600000,0.00004385
2025-02-15T08:00:00Z,1739606400000,0.00003822
2025-02-15T16:00:00Z,1739635200000,0.00000844
2025-02-16T00:00:00Z,1739664000000,0.00003859
2025-02-16T08:00:00Z,1739692800000,0.00005945
2025-02-16T16:00:00Z,1739721600000,0.00003775
2025-02-17T00:00:00Z,1739750400000,0.00003649
2025-02-17T08:00:00Z,1739779200000,0.00005610
2025-02-17T16:00:00Z,1739808000000,0.00010000
2025-02-18T00:00:00Z,1739836800000,0.00004742
2025-02-18T08:00:00Z,1739865600000,-0.00001595
2025-02-18T16:00:00Z,1739894400000,0.00005441
2025-02-19T00:00:00Z,1739923200000,0.00004964
2025-02-19T08:00:00Z,1739952000000,0.00007273
2025-02-19T16:00:00Z,1739980800000,0.00003185
2025-02-20T00:00:00Z,1740009600000,-0.00000207
2025-02-20T08:00:00Z,1740038400000,0.00005629
2025-02-20T16:00:00Z,1740067200000,0.00006405
2025-02-21T00:00:00Z,1740096000001,0.00003574
2025-02-21T08:00:00Z,1740124800000,0.00006624
2025-02-21T16:00:00Z,1740153600000,0.00004228
2025-02-22T00:00:00Z,1740182400000,0.00003254
2025-02-22T08:00:00Z,1740211200000,-0.00001427
2025-02-22T16:00:00Z,1740240000000,0.00003410
2025-02-23T00:00:00Z,1740268800000,0.00009726
2025-02-23T08:00:00Z,1740297600000,0.00003796
2025-02-23T16:00:00Z,1740326400000,0.00000213
2025-02-24T00:00:00Z,1740355200000,0.00007127
2025-02-24T08:00:00Z,1740384000000,0.00000924
2025-02-24T16:00:00Z,1740412800000,0.00003082
2025-02-25T00:00:00Z,1740441600000,-0.00003589
2025-02-25T08:00:00Z,1740470400000,0.00000471
2025-02-25T16:00:00Z,1740499200000,0.00002913
2025-02-26T00:00:00Z,1740528000000,0.00001860
2025-02-26T08:00:00Z,1740556800000,0.00006103
2025-02-26T16:00:00Z,1740585600000,0.00003433
2025-02-27T00:00:00Z,1740614400001,0.00008515
2025-02-27T08:00:00Z,1740643200000,0.00010000
2025-02-27T16:00:00Z,1740672000000,0.00005027
2025-02-28T00:00:00Z,1740700800001,0.00004097
2025-02-28T08:00:00Z,1740729600000,0.00001219
2025-02-28T16:00:00Z,1740758400000,0.00001248
2025-03-01T00:00:00Z,1740787200000,0.00004855
2025-03-01T08:00:00Z,1740816000000,-0.00001061
2025-03-01T16:00:00Z,1740844800001,-0.00000931
2025-03-02T00:00:00Z,1740873600000,0.00003173
2025-03-02T08:00:00Z,1740902400000,0.00006221
2025-03-02T16:00:00Z,1740931200000,0.00006102
2025-03-03T00:00:00Z,1740960000001,-0.00000788
2025-03-03T08:00:00Z,1740988800000,0.00003061
2025-03-03T16:00:00Z,1741017600000,0.00000625
2025-03-04T00:00:00Z,1741046400001,-0.00004308
2025-03-04T08:00:00Z,1741075200005,-0.00003762
2025-03-04T16:00:00Z,1741104000000,0.00000204
2025-03-05T00:00:00Z,1741132800000,0.00006417
2025-03-05T08:00:00Z,1741161600000,0.00007146
2025-03-05T16:00:00Z,1741190400000,0.00002539
2025-03-06T00:00:00Z,1741219200000,-0.00001037
2025-03-06T08:00:00Z,1741248000001,0.00001125
2025-03-06T16:00:00Z,1741276800000,0.00002685
2025-03-07T00:00:00Z,1741305600000,-0.00002474
2025-03-07T08:00:00Z,1741334400001,0.00002874
2025-03-07T16:00:00Z,1741363200000,0.00005628
2025-03-08T00:00:00Z,1741392000000,0.00003124
2025-03-08T08:00:00Z,1741420800001,0.00003760
2025-03-08T16:00:00Z,1741449600001,0.00006837
2025-03-09T00:00:00Z,1741478400001,0.00006871
2025-03-09T08:00:00Z,1741507200000,0.00003637
2025-03-09T16:00:00Z,1741536000000,-0.00000013
2025-03-10T00:00:00Z,1741564800000,-0.00004249
2025-03-10T08:00:00Z,1741593600000,0.00002575
2025-03-10T16:00:00Z,1741622400000,0.00003433
2025-03-11T00:00:00Z,1741651200000,-0.00004045
2025-03-11T08:00:00Z,1741680000000,0.00002173
2025-03-11T16:00:00Z,1741708800001,0.00007553
2025-03-12T00:00:00Z,1741737600000,0.00001672
2025-03-12T08:00:00Z,1741766400000,0.00001107
2025-03-12T16:00:00Z,1741795200001,-0.00003413
2025-03-13T00:00:00Z,1741824000000,0.00002931
2025-03-13T08:00:00Z,1741852800000,-0.00000005
2025-03-13T16:00:00Z,1741881600000,0.00004218
2025-03-14T00:00:00Z,1741910400000,0.00002744
2025-03-14T08:00:00Z,1741939200000,0.00007681
2025-03-14T16:00:00Z,1741968000000,0.00005537
2025-03-15T00:00:00Z,1741996800000,0.00002924
2025-03-15T08:00:00Z,1742025600000,0.00005445
2025-03-15T16:00:00Z,1742054400000,0.00001250
2025-03-16T00:00:00Z,1742083200000,-0.00003041
2025-03-16T08:00:00Z,1742112000000,-0.00002357
2025-03-16T16:00:00Z,1742140800000,-0.00002967
2025-03-17T00:00:00Z,1742169600000,0.00002057
2025-03-17T08:00:00Z,1742198400000,0.00005669
2025-03-17T16:00:00Z,1742227200000,0.00003697
2025-03-18T00:00:00Z,1742256000000,0.00005319
2025-03-18T08:00:00Z,1742284800000,0.00004099
2025-03-18T16:00:00Z,1742313600000,0.00001465
2025-03-19T00:00:00Z,1742342400000,0.00005983
2025-03-19T08:00:00Z,1742371200000,0.00008986
2025-03-19T16:00:00Z,1742400000000,0.00006676
2025-03-20T00:00:00Z,1742428800000,-0.00001704
2025-03-20T08:00:00Z,1742457600000,0.00001553
2025-03-20T16:00:00Z,1742486400000,-0.00000857
2025-03-21T00:00:00Z,1742515200000,0.00005235
2025-03-21T08:00:00Z,1742544000000,0.00006749
2025-03-21T16:00:00Z,1742572800000,0.00002613
2025-03-22T00:00:00Z,1742601600000,-0.00001402
2025-03-22T08:00:00Z,1742630400004,-0.00002617
2025-03-22T16:00:00Z,1742659200000,0.00002587
2025-03-23T00:00:00Z,1742688000000,0.00001553
2025-03-23T08:00:00Z,1742716800000,0.00006053
2025-03-23T16:00:00Z,1742745600000,-0.00000336
2025-03-24T00:00:00Z,1742774400000,-0.00001290
2025-03-24T08:00:00Z,1742803200000,0.00009456
2025-03-24T16:00:00Z,1742832000000,0.00003069
2025-03-25T00:00:00Z,1742860800001,0.00006736
2025-03-25T08:00:00Z,1742889600000,0.00001456
2025-03-25T16:00:00Z,1742918400000,-0.00000475
2025-03-26T00:00:00Z,1742947200000,0.00002976
2025-03-26T08:00:00Z,1742976000000,0.00001074
2025-03-26T16:00:00Z,1743004800001,-0.00002235
2025-03-27T00:00:00Z,1743033600001,0.00004542
2025-03-27T08:00:00Z,1743062400001,0.00007427
2025-03-27T16:00:00Z,1743091200002,0.00003127
2025-03-28T00:00:00Z,1743120000001,0.00006551
2025-03-28T08:00:00Z,1743148800001,-0.00002896
2025-03-28T16:00:00Z,1743177600000,-0.00001109
2025-03-29T00:00:00Z,1743206400000,0.00000356
2025-03-29T08:00:00Z,1743235200000,0.00004498
2025-03-29T16:00:00Z,1743264000000,0.00003469
2025-03-30T00:00:00Z,1743292800000,-0.00001072
2025-03-30T08:00:00Z,1743321600000,-0.00001999
2025-03-30T16:00:00Z,1743350400000,0.00001191
2025-03-31T00:00:00Z,1743379200000,-0.00000326
2025-03-31T08:00:00Z,1743408000000,0.00002663
2025-03-31T16:00:00Z,1743436800000,0.00002009
2025-04-01T00:00:00Z,1743465600000,-0.00000652
2025-04-01T08:00:00Z,1743494400001,0.00002877
2025-04-01T16:00:00Z,1743523200000,0.00003314
2025-04-02T00:00:00Z,1743552000001,0.00003676
2025-04-02T08:00:00Z,1743580800000,-0.00000045
2025-04-02T16:00:00Z,1743609600000,0.00004262
2025-04-03T00:00:00Z,1743638400000,-0.00000639
2025-04-03T08:00:00Z,1743667200000,0.00006390
2025-04-03T16:00:00Z,1743696000000,-0.00000615
2025-04-04T00:00:00Z,1743724800000,0.00006701
2025-04-04T08:00:00Z,1743753600000,-0.00002093
2025-04-04T16:00:00Z,1743782400000,0.00003780
2025-04-05T00:00:00Z,1743811200000,0.00002181
2025-04-05T08:00:00Z,1743840000000,0.00005939
2025-04-05T16:00:00Z,1743868800000,-0.00000782
2025-04-06T00:00:00Z,1743897600000,0.00002389
2025-04-06T08:00:00Z,1743926400000,0.00005410
2025-04-06T16:00:00Z,1743955200002,-0.00002372
2025-04-07T00:00:00Z,1743984000000,-0.00003784
2025-04-07T08:00:00Z,1744012800000,-0.00000965
2025-04-07T16:00:00Z,1744041600000,-0.00003451
2025-04-08T00:00:00Z,1744070400000,-0.00000438
2025-04-08T08:00:00Z,1744099200000,0.00001155
2025-04-08T16:00:00Z,1744128000000,-0.00001429
2025-04-09T00:00:00Z,1744156800000,-0.00004820
2025-04-09T08:00:00Z,1744185600001,-0.00006596
2025-04-09T16:00:00Z,1744214400000,0.00001591
2025-04-10T00:00:00Z,1744243200000,0.00010000
2025-04-10T08:00:00Z,1744272000000,0.00003042
2025-04-10T16:00:00Z,1744300800000,-0.00000078
2025-04-11T00:00:00Z,1744329600001,-0.00000918
2025-04-11T08:00:00Z,1744358400000,-0.00005857
2025-04-11T16:00:00Z,1744387200000,-0.00000461
2025-04-12T00:00:00Z,1744416000000,0.00002511
2025-04-12T08:00:00Z,1744444800001,-0.00000600
2025-04-12T16:00:00Z,1744473600000,0.00002416
2025-04-13T00:00:00Z,1744502400000,0.00007676
2025-04-13T08:00:00Z,1744531200000,0.00005203
2025-04-13T16:00:00Z,1744560000000,0.00005299
2025-04-14T00:00:00Z,1744588800000,0.00007387
2025-04-14T08:00:00Z,1744617600000,0.00005913
2025-04-14T16:00:00Z,1744646400000,0.00005384
2025-04-15T00:00:00Z,1744675200000,0.00002560
2025-04-15T08:00:00Z,1744704000000,0.00001812
2025-04-15T16:00:00Z,1744732800001,0.00000335
2025-04-16T00:00:00Z,1744761600000,0.00004294
2025-04-16T08:00:00Z,1744790400000,-0.00002960
2025-04-16T16:00:00Z,1744819200000,-0.00002514
2025-04-17T00:00:00Z,1744848000001,0.00004479
2025-04-17T08:00:00Z,1744876800000,0.00005184
2025-04-17T16:00:00Z,1744905600001,-0.00001791
2025-04-18T00:00:00Z,1744934400000,-0.00003125
2025-04-18T08:00:00Z,1744963200000,0.00002747
2025-04-18T16:00:00Z,1744992000000,-0.00001492
2025-04-19T00:00:00Z,1745020800000,-0.00002388
2025-04-19T08:00:00Z,1745049600000,0.00008846
2025-04-19T16:00:00Z,1745078400000,0.00007189
2025-04-20T00:00:00Z,1745107200000,0.00005765
2025-04-20T08:00:00Z,1745136000000,0.00007724
2025-04-20T16:00:00Z,1745164800000,-0.00005358
2025-04-21T00:00:00Z,1745193600000,-0.00000124
2025-04-21T08:00:00Z,1745222400005,0.00010000
2025-04-21T16:00:00Z,1745251200003,0.00008017
2025-04-22T00:00:00Z,1745280000008,-0.00003600
2025-04-22T08:00:00Z,1745308800000,0.00000022
2025-04-22T16:00:00Z,1745337600000,0.00008105
2025-04-23T00:00:00Z,1745366400000,0.00006679
2025-04-23T08:00:00Z,1745395200002,0.00009616
2025-04-23T16:00:00Z,1745424000000,0.00010000
2025-04-24T00:00:00Z,1745452800000,0.00010000
2025-04-24T08:00:00Z,1745481600001,0.00007229
2025-04-24T16:00:00Z,1745510400001,0.00000620
2025-04-25T00:00:00Z,1745539200007,0.00005922
2025-04-25T08:00:00Z,1745568000002,0.00007829
2025-04-25T16:00:00Z,1745596800003,-0.00000965
2025-04-26T00:00:00Z,1745625600002,0.00000830
2025-04-26T08:00:00Z,1745654400000,-0.00002999
2025-04-26T16:00:00Z,1745683200002,0.00000728
2025-04-27T00:00:00Z,1745712000001,0.00005635
2025-04-27T08:00:00Z,1745740800000,-0.00006737
2025-04-27T16:00:00Z,1745769600000,-0.00003852
2025-04-28T00:00:00Z,1745798400001,0.00000132
2025-04-28T08:00:00Z,1745827200003,-0.00004703
2025-04-28T16:00:00Z,1745856000005,-0.00008681
2025-04-29T00:00:00Z,1745884800000,0.00008281
2025-04-29T08:00:00Z,1745913600000,0.00005790
2025-04-29T16:00:00Z,1745942400010,-0.00001396
2025-04-30T00:00:00Z,1745971200001,-0.00007371
2025-04-30T08:00:00Z,1746000000000,0.00000904
2025-04-30T16:00:00Z,1746028800003,-0.00006069
2025-05-01T00:00:00Z,1746057600000,0.00005430
2025-05-01T08:00:00Z,1746086400000,0.00004500
2025-05-01T16:00:00Z,1746115200001,0.00000723
2025-05-02T00:00:00Z,1746144000000,-0.00000591
2025-05-02T08:00:00Z,1746172800000,-0.00005797
2025-05-02T16:00:00Z,1746201600003,-0.00000588
2025-05-03T00:00:00Z,1746230400000,0.00004901
2025-05-03T08:00:00Z,1746259200000,0.00001565
2025-05-03T16:00:00Z,1746288000000,0.00002092
2025-05-04T00:00:00Z,1746316800001,0.00006708
2025-05-04T08:00:00Z,1746345600001,0.00003289
2025-05-04T16:00:00Z,1746374400002,-0.00002670
2025-05-05T00:00:00Z,1746403200000,0.00000181
2025-05-05T08:00:00Z,1746432000000,0.00001998
2025-05-05T16:00:00Z,1746460800006,0.00001194
2025-05-06T00:00:00Z,1746489600002,0.00006899
2025-05-06T08:00:00Z,1746518400005,-0.00001836
2025-05-06T16:00:00Z,1746547200000,-0.00003589
2025-05-07T00:00:00Z,1746576000002,0.00003273
2025-05-07T08:00:00Z,1746604800000,0.00008548
2025-05-07T16:00:00Z,1746633600006,-0.00000648
2025-05-08T00:00:00Z,1746662400000,0.00004564
2025-05-08T08:00:00Z,1746691200001,0.00010000
2025-05-08T16:00:00Z,1746720000002,0.00008717
2025-05-09T00:00:00Z,1746748800001,0.00010000
2025-05-09T08:00:00Z,1746777600006,0.00010000
2025-05-09T16:00:00Z,1746806400000,0.00010000
2025-05-10T00:00:00Z,1746835200001,0.00010000
2025-05-10T08:00:00Z,1746864000000,0.00009797
2025-05-10T16:00:00Z,1746892800001,0.00009016
2025-05-11T00:00:00Z,1746921600000,0.00010000
2025-05-11T08:00:00Z,1746950400001,0.00007363
2025-05-11T16:00:00Z,1746979200001,0.00002438
2025-05-12T00:00:00Z,1747008000004,0.00007088
2025-05-12T08:00:00Z,1747036800000,0.00010000
2025-05-12T16:00:00Z,1747065600000,0.00005717
2025-05-13T00:00:00Z,1747094400000,0.00006233
2025-05-13T08:00:00Z,1747123200008,0.00010000
2025-05-13T16:00:00Z,1747152000001,0.00010000
2025-05-14T00:00:00Z,1747180800007,0.00010000
2025-05-14T08:00:00Z,1747209600000,0.00005480
2025-05-14T16:00:00Z,1747238400002,0.00004737
2025-05-15T00:00:00Z,1747267200000,0.00010000
2025-05-15T08:00:00Z,1747296000003,0.00010000
2025-05-15T16:00:00Z,1747324800000,0.00005698
2025-05-16T00:00:00Z,1747353600001,0.00006801
2025-05-16T08:00:00Z,1747382400000,0.00010000
2025-05-16T16:00:00Z,1747411200000,0.00007202
2025-05-17T00:00:00Z,1747440000000,0.00002543
2025-05-17T08:00:00Z,1747468800001,-0.00001883
2025-05-17T16:00:00Z,1747497600004,0.00002339
2025-05-18T00:00:00Z,1747526400000,0.00005366
2025-05-18T08:00:00Z,1747555200000,0.00004909
2025-05-18T16:00:00Z,1747584000000,0.00000130
2025-05-19T00:00:00Z,1747612800000,-0.00004925
2025-05-19T08:00:00Z,1747641600006,0.00006531
2025-05-19T16:00:00Z,1747670400010,0.00009181
2025-05-20T00:00:00Z,1747699200000,0.00008013
2025-05-20T08:00:00Z,1747728000002,0.00006807
2025-05-20T16:00:00Z,1747756800000,0.00001174
2025-05-21T00:00:00Z,1747785600000,0.00003663
2025-05-21T08:00:00Z,1747814400001,0.00009338
2025-05-21T16:00:00Z,1747843200004,0.00000647
2025-05-22T00:00:00Z,1747872000001,0.00001141
2025-05-22T08:00:00Z,1747900800000,0.00010000
2025-05-22T16:00:00Z,1747929600002,0.00010000
2025-05-23T00:00:00Z,1747958400006,0.00010000
2025-05-23T08:00:00Z,1747987200000,0.00010000
2025-05-23T16:00:00Z,1748016000007,-0.00000726
2025-05-24T00:00:00Z,1748044800010,0.00010000
2025-05-24T08:00:00Z,1748073600000,0.00004033
2025-05-24T16:00:00Z,1748102400003,0.00002114
2025-05-25T00:00:00Z,1748131200004,0.00006041
2025-05-25T08:00:00Z,1748160000000,0.00003750
2025-05-25T16:00:00Z,1748188800000,0.00008487
2025-05-26T00:00:00Z,1748217600000,0.00000385
2025-05-26T08:00:00Z,1748246400000,0.00008047
2025-05-26T16:00:00Z,1748275200002,0.00004711
2025-05-27T00:00:00Z,1748304000003,0.00004026
2025-05-27T08:00:00Z,1748332800001,0.00010000
2025-05-27T16:00:00Z,1748361600005,0.00010000
2025-05-28T00:00:00Z,1748390400002,0.00010000
2025-05-28T08:00:00Z,1748419200003,0.00010000
2025-05-28T16:00:00Z,1748448000002,0.00010000
2025-05-29T00:00:00Z,1748476800000,0.00010000
2025-05-29T08:00:00Z,1748505600006,0.00010000
2025-05-29T16:00:00Z,1748534400000,0.00008321
2025-05-30T00:00:00Z,1748563200003,0.00007477
2025-05-30T08:00:00Z,1748592000003,0.00010000
2025-05-30T16:00:00Z,1748620800000,0.00005699
2025-05-31T00:00:00Z,1748649600000,0.00003389
2025-05-31T08:00:00Z,1748678400000,0.00008054
2025-05-31T16:00:00Z,1748707200000,0.00002739
2025-06-01T00:00:00Z,1748736000001,0.00007520
2025-06-01T08:00:00Z,1748764800002,0.00003946
2025-06-01T16:00:00Z,1748793600000,0.00003370
2025-06-02T00:00:00Z,1748822400001,0.00001586
2025-06-02T08:00:00Z,1748851200000,0.00005378
2025-06-02T16:00:00Z,1748880000000,0.00008588
2025-06-03T00:00:00Z,1748908800000,0.00003263
2025-06-03T08:00:00Z,1748937600000,0.00006067
2025-06-03T16:00:00Z,1748966400001,0.00005397
2025-06-04T00:00:00Z,1748995200000,0.00004390
2025-06-04T08:00:00Z,1749024000000,0.00007623
2025-06-04T16:00:00Z,1749052800000,0.00007897
2025-06-05T00:00:00Z,1749081600016,0.00002359
2025-06-05T08:00:00Z,1749110400000,0.00008508
2025-06-05T16:00:00Z,1749139200000,0.00006396
2025-06-06T00:00:00Z,1749168000002,-0.00001147
2025-06-06T08:00:00Z,1749196800000,0.00002643
2025-06-06T16:00:00Z,1749225600006,0.00002684
2025-06-07T00:00:00Z,1749254400000,0.00008699
2025-06-07T08:00:00Z,1749283200000,0.00005456
2025-06-07T16:00:00Z,1749312000002,0.00006753
2025-06-08T00:00:00Z,1749340800000,0.00010000
2025-06-08T08:00:00Z,1749369600000,0.00009522
2025-06-08T16:00:00Z,1749398400000,0.00004695
2025-06-09T00:00:00Z,1749427200000,0.00002206
2025-06-09T08:00:00Z,1749456000001,0.00001950
2025-06-09T16:00:00Z,1749484800001,0.00008643
2025-06-10T00:00:00Z,1749513600000,0.00010000
2025-06-10T08:00:00Z,1749542400001,0.00010000
2025-06-10T16:00:00Z,1749571200003,0.00010000
2025-06-11T00:00:00Z,1749600000000,0.00010000
2025-06-11T08:00:00Z,1749628800000,0.00010000
2025-06-11T16:00:00Z,1749657600010,0.00010000
2025-06-12T00:00:00Z,1749686400002,0.00006036
2025-06-12T08:00:00Z,1749715200003,0.00010000
2025-06-12T16:00:00Z,1749744000001,0.00005333
2025-06-13T00:00:00Z,1749772800000,-0.00001372
2025-06-13T08:00:00Z,1749801600001,-0.00001069
2025-06-13T16:00:00Z,1749830400004,0.00002083
2025-06-14T00:00:00Z,1749859200000,0.00004572
2025-06-14T08:00:00Z,1749888000000,0.00001962
2025-06-14T16:00:00Z,1749916800000,0.00000440
2025-06-15T00:00:00Z,1749945600005,0.00001767
2025-06-15T08:00:00Z,1749974400009,0.00008487
2025-06-15T16:00:00Z,1750003200000,0.00007131
2025-06-16T00:00:00Z,1750032000000,0.00004573
2025-06-16T08:00:00Z,1750060800000,0.00009060
2025-06-16T16:00:00Z,1750089600003,0.00003960
2025-06-17T00:00:00Z,1750118400000,-0.00000906
2025-06-17T08:00:00Z,1750147200006,0.00010000
2025-06-17T16:00:00Z,1750176000001,0.00005558
2025-06-18T00:00:00Z,1750204800001,0.00005830
2025-06-18T08:00:00Z,1750233600001,0.00006782
2025-06-18T16:00:00Z,1750262400001,0.00002338
2025-06-19T00:00:00Z,1750291200005,0.00005403
2025-06-19T08:00:00Z,1750320000003,0.00004793
2025-06-19T16:00:00Z,1750348800000,0.00004883
2025-06-20T00:00:00Z,1750377600000,0.00008145
2025-06-20T08:00:00Z,1750406400002,0.00008963
2025-06-20T16:00:00Z,1750435200001,0.00002590
2025-06-21T00:00:00Z,1750464000002,-0.00004990
2025-06-21T08:00:00Z,1750492800005,-0.00001379
2025-06-21T16:00:00Z,1750521600000,0.00005011
2025-06-22T00:00:00Z,1750550400005,-0.00000798
2025-06-22T08:00:00Z,1750579200000,-0.00001761
2025-06-22T16:00:00Z,1750608000003,0.00004714
2025-06-23T00:00:00Z,1750636800000,0.00002289
2025-06-23T08:00:00Z,1750665600004,-0.00001401
2025-06-23T16:00:00Z,1750694400013,0.00000130
2025-06-24T00:00:00Z,1750723200003,0.00002127
2025-06-24T08:00:00Z,1750752000000,0.00001201
2025-06-24T16:00:00Z,1750780800000,0.00000446
2025-06-25T00:00:00Z,1750809600005,-0.00000833
2025-06-25T08:00:00Z,1750838400000,-0.00000026
2025-06-25T16:00:00Z,1750867200005,0.00001198
2025-06-26T00:00:00Z,1750896000000,0.00002757
2025-06-26T08:00:00Z,1750924800006,0.00008057
2025-06-26T16:00:00Z,1750953600007,0.00000906
2025-06-27T00:00:00Z,1750982400000,0.00000379
2025-06-27T08:00:00Z,1751011200000,0.00000506
2025-06-27T16:00:00Z,1751040000009,0.00005546
2025-06-28T00:00:00Z,1751068800001,0.00008436
2025-06-28T08:00:00Z,1751097600002,0.00000658
2025-06-28T16:00:00Z,1751126400000,0.00004011
2025-06-29T00:00:00Z,1751155200004,0.00006176
2025-06-29T08:00:00Z,1751184000001,0.00008777
2025-06-29T16:00:00Z,1751212800001,0.00000042
2025-06-30T00:00:00Z,1751241600000,0.00005102
2025-06-30T08:00:00Z,1751270400005,0.00009119
2025-06-30T16:00:00Z,1751299200002,0.00000394
2025-07-01T00:00:00Z,1751328000007,0.00008191
2025-07-01T08:00:00Z,1751356800002,0.00001541
2025-07-01T16:00:00Z,1751385600000,-0.00001429
2025-07-02T00:00:00Z,1751414400001,0.00001952
2025-07-02T08:00:00Z,1751443200000,0.00004864
2025-07-02T16:00:00Z,1751472000003,0.00005236
2025-07-03T00:00:00Z,1751500800006,0.00010000
2025-07-03T08:00:00Z,1751529600003,0.00009820
2025-07-03T16:00:00Z,1751558400003,0.00004398
2025-07-04T00:00:00Z,1751587200005,0.00001353
2025-07-04T08:00:00Z,1751616000003,0.00006619
2025-07-04T16:00:00Z,1751644800001,0.00002691
2025-07-05T00:00:00Z,1751673600004,0.00001406
2025-07-05T08:00:00Z,1751702400009,0.00003958
2025-07-05T16:00:00Z,1751731200006,0.00005542
2025-07-06T00:00:00Z,1751760000001,0.00003909
2025-07-06T08:00:00Z,1751788800002,0.00006583
2025-07-06T16:00:00Z,1751817600004,0.00008149
2025-07-07T00:00:00Z,1751846400000,0.00010000
2025-07-07T08:00:00Z,1751875200007,0.00010000
2025-07-07T16:00:00Z,1751904000000,-0.00003011
2025-07-08T00:00:00Z,1751932800010,0.00007589
2025-07-08T08:00:00Z,1751961600003,0.00002787
2025-07-08T16:00:00Z,1751990400000,0.00006466
2025-07-09T00:00:00Z,1752019200002,0.00004903
2025-07-09T08:00:00Z,1752048000006,0.00006771
2025-07-09T16:00:00Z,1752076800001,0.00006268
2025-07-10T00:00:00Z,1752105600003,0.00010000
2025-07-10T08:00:00Z,1752134400000,0.00002808
2025-07-10T16:00:00Z,1752163200004,0.00003187
2025-07-11T00:00:00Z,1752192000004,0.00010000
2025-07-11T08:00:00Z,1752220800007,0.00010000
2025-07-11T16:00:00Z,1752249600001,0.00010000
2025-07-12T00:00:00Z,1752278400000,0.00008032
2025-07-12T08:00:00Z,1752307200001,0.00007671
2025-07-12T16:00:00Z,1752336000002,0.00006119
2025-07-13T00:00:00Z,1752364800006,0.00004151
2025-07-13T08:00:00Z,1752393600001,0.00004407
2025-07-13T16:00:00Z,1752422400003,0.00007205
2025-07-14T00:00:00Z,1752451200000,0.00000998
2025-07-14T08:00:00Z,1752480000000,0.00010000
2025-07-14T16:00:00Z,1752508800000,0.00010000
2025-07-15T00:00:00Z,1752537600002,0.00006134
2025-07-15T08:00:00Z,1752566400000,0.00010000
2025-07-15T16:00:00Z,1752595200000,0.00010000
2025-07-16T00:00:00Z,1752624000000,0.00010000
2025-07-16T08:00:00Z,1752652800000,0.00010000
2025-07-16T16:00:00Z,1752681600008,0.00010000
2025-07-17T00:00:00Z,1752710400003,0.00010000
2025-07-17T08:00:00Z,1752739200000,0.00010000
2025-07-17T16:00:00Z,1752768000000,0.00010000
2025-07-18T00:00:00Z,1752796800004,0.00010000
2025-07-18T08:00:00Z,1752825600000,0.00010000
2025-07-18T16:00:00Z,1752854400000,0.00010000
2025-07-19T00:00:00Z,1752883200009,0.00010000
2025-07-19T08:00:00Z,1752912000000,0.00010000
2025-07-19T16:00:00Z,1752940800002,0.00010000
2025-07-20T00:00:00Z,1752969600000,0.00010000
2025-07-20T08:00:00Z,1752998400000,0.00010000
2025-07-20T16:00:00Z,1753027200000,0.00010000
2025-07-21T00:00:00Z,1753056000001,0.00010000
2025-07-21T08:00:00Z,1753084800000,0.00010000
2025-07-21T16:00:00Z,1753113600001,0.00010000
2025-07-22T00:00:00Z,1753142400000,0.00010000
2025-07-22T08:00:00Z,1753171200010,0.00010000
2025-07-22T16:00:00Z,1753200000007,0.00010000
2025-07-23T00:00:00Z,1753228800000,0.00010000
2025-07-23T08:00:00Z,1753257600004,0.00010000
2025-07-23T16:00:00Z,1753286400002,0.00010000
2025-07-24T00:00:00Z,1753315200000,0.00010000
2025-07-24T08:00:00Z,1753344000001,0.00010000
2025-07-24T16:00:00Z,1753372800000,0.00010000
2025-07-25T00:00:00Z,1753401600000,0.00010000
2025-07-25T08:00:00Z,1753430400000,0.00010000
2025-07-25T16:00:00Z,1753459200000,0.00010000
2025-07-26T00:00:00Z,1753488000001,0.00010000
2025-07-26T08:00:00Z,1753516800005,0.00010000
2025-07-26T16:00:00Z,1753545600001,0.00010000
2025-07-27T00:00:00Z,1753574400001,0.00009322
2025-07-27T08:00:00Z,1753603200000,0.00008879
2025-07-27T16:00:00Z,1753632000008,0.00010000
2025-07-28T00:00:00Z,1753660800005,0.00010000
2025-07-28T08:00:00Z,1753689600000,0.00010000
2025-07-28T16:00:00Z,1753718400000,0.00010000
2025-07-29T00:00:00Z,1753747200001,0.00004494
2025-07-29T08:00:00Z,1753776000000,0.00010000
2025-07-29T16:00:00Z,1753804800000,0.00010000
2025-07-30T00:00:00Z,1753833600011,0.00002488
2025-07-30T08:00:00Z,1753862400000,0.00005083
2025-07-30T16:00:00Z,1753891200008,0.00001540
2025-07-31T00:00:00Z,1753920000000,0.00005162
2025-07-31T08:00:00Z,1753948800009,0.00010000
2025-07-31T16:00:00Z,1753977600000,-0.00001180
2025-08-01T00:00:00Z,1754006400001,-0.00003749
2025-08-01T08:00:00Z,1754035200003,0.00001113
2025-08-01T16:00:00Z,1754064000000,0.00004859
2025-08-02T00:00:00Z,1754092800004,0.00005795
2025-08-02T08:00:00Z,1754121600000,0.00000657
2025-08-02T16:00:00Z,1754150400000,0.00007965
2025-08-03T00:00:00Z,1754179200000,0.00006733
2025-08-03T08:00:00Z,1754208000000,0.00005752
2025-08-03T16:00:00Z,1754236800003,0.00003767
2025-08-04T00:00:00Z,1754265600004,0.00001719
2025-08-04T08:00:00Z,1754294400000,0.00001113
2025-08-04T16:00:00Z,1754323200002,0.00003611
2025-08-05T00:00:00Z,1754352000000,0.00000147
2025-08-05T08:00:00Z,1754380800000,0.00003116
2025-08-05T16:00:00Z,1754409600000,0.00001370
2025-08-06T00:00:00Z,1754438400005,0.00002413
2025-08-06T08:00:00Z,1754467200000,0.00008200
2025-08-06T16:00:00Z,1754496000000,0.00006246
2025-08-07T00:00:00Z,1754524800003,0.00006227
2025-08-07T08:00:00Z,1754553600002,0.00004285
2025-08-07T16:00:00Z,1754582400002,0.00010000
2025-08-08T00:00:00Z,1754611200002,0.00004260
2025-08-08T08:00:00Z,1754640000004,0.00010000
2025-08-08T16:00:00Z,1754668800000,0.00010000
2025-08-09T00:00:00Z,1754697600005,0.00010000
2025-08-09T08:00:00Z,1754726400000,0.00010000
2025-08-09T16:00:00Z,1754755200007,0.00010000
2025-08-10T00:00:00Z,1754784000003,0.00009916
2025-08-10T08:00:00Z,1754812800005,0.00010000
2025-08-10T16:00:00Z,1754841600002,0.00010000
2025-08-11T00:00:00Z,1754870400000,0.00008873
2025-08-11T08:00:00Z,1754899200000,0.00009354
2025-08-11T16:00:00Z,1754928000000,0.00010000
2025-08-12T00:00:00Z,1754956800000,0.00003659
2025-08-12T08:00:00Z,1754985600001,0.00010000
2025-08-12T16:00:00Z,1755014400005,0.00010000
2025-08-13T00:00:00Z,1755043200000,0.00010000
2025-08-13T08:00:00Z,1755072000002,0.00010000
2025-08-13T16:00:00Z,1755100800006,0.00010000
2025-08-14T00:00:00Z,1755129600002,0.00010000
2025-08-14T08:00:00Z,1755158400003,0.00010000
2025-08-14T16:00:00Z,1755187200000,0.00010000
2025-08-15T00:00:00Z,1755216000000,0.00010000
2025-08-15T08:00:00Z,1755244800000,0.00009765
2025-08-15T16:00:00Z,1755273600000,0.00006474
2025-08-16T00:00:00Z,1755302400004,0.00005967
2025-08-16T08:00:00Z,1755331200000,0.00008990
2025-08-16T16:00:00Z,1755360000002,0.00001968
2025-08-17T00:00:00Z,1755388800000,0.00004669
2025-08-17T08:00:00Z,1755417600001,-0.00000668
2025-08-17T16:00:00Z,1755446400007,0.00005334
2025-08-18T00:00:00Z,1755475200000,0.00000632
2025-08-18T08:00:00Z,1755504000001,0.00009191
2025-08-18T16:00:00Z,1755532800002,0.00008959
2025-08-19T00:00:00Z,1755561600000,0.00010000
2025-08-19T08:00:00Z,1755590400001,0.00010000
2025-08-19T16:00:00Z,1755619200000,0.00010000
2025-08-20T00:00:00Z,1755648000000,0.00010000
2025-08-20T08:00:00Z,1755676800000,0.00000318
2025-08-20T16:00:00Z,1755705600000,0.00009070
2025-08-21T00:00:00Z,1755734400006,0.00006232
2025-08-21T08:00:00Z,1755763200000,0.00005834
2025-08-21T16:00:00Z,1755792000003,0.00002689
2025-08-22T00:00:00Z,1755820800010,0.00006376
2025-08-22T08:00:00Z,1755849600007,0.00006670
2025-08-22T16:00:00Z,1755878400001,0.00006004
2025-08-23T00:00:00Z,1755907200004,0.00010000
2025-08-23T08:00:00Z,1755936000006,0.00010000
2025-08-23T16:00:00Z,1755964800000,0.00010000
2025-08-24T00:00:00Z,1755993600001,0.00010000
2025-08-24T08:00:00Z,1756022400002,0.00010000
2025-08-24T16:00:00Z,1756051200001,0.00010000
2025-08-25T00:00:00Z,1756080000000,0.00004932
2025-08-25T08:00:00Z,1756108800002,0.00004567
2025-08-25T16:00:00Z,1756137600002,0.00001732
2025-08-26T00:00:00Z,1756166400000,-0.00000739
2025-08-26T08:00:00Z,1756195200000,0.00001080
2025-08-26T16:00:00Z,1756224000000,0.00001029
2025-08-27T00:00:00Z,1756252800003,-0.00000819
2025-08-27T08:00:00Z,1756281600000,0.00001933
2025-08-27T16:00:00Z,1756310400009,0.00004152
2025-08-28T00:00:00Z,1756339200000,0.00005965
2025-08-28T08:00:00Z,1756368000005,0.00002643
2025-08-28T16:00:00Z,1756396800004,0.00002175
2025-08-29T00:00:00Z,1756425600000,0.00001728
2025-08-29T08:00:00Z,1756454400000,0.00004981
2025-08-29T16:00:00Z,1756483200005,0.00001496
2025-08-30T00:00:00Z,1756512000000,0.00004162
2025-08-30T08:00:00Z,1756540800002,-0.00001108
2025-08-30T16:00:00Z,1756569600003,0.00004057
2025-08-31T00:00:00Z,1756598400016,-0.00001390
2025-08-31T08:00:00Z,1756627200000,0.00005543
2025-08-31T16:00:00Z,1756656000001,-0.00001154
2025-09-01T00:00:00Z,1756684800000,-0.00002114
2025-09-01T08:00:00Z,1756713600000,-0.00001300
2025-09-01T16:00:00Z,1756742400001,0.00000122
2025-09-02T00:00:00Z,1756771200000,0.00000406
2025-09-02T08:00:00Z,1756800000005,0.00005513
2025-09-02T16:00:00Z,1756828800007,0.00003026
2025-09-03T00:00:00Z,1756857600006,0.00001812
2025-09-03T08:00:00Z,1756886400002,-0.00000111
2025-09-03T16:00:00Z,1756915200002,0.00003174
2025-09-04T00:00:00Z,1756944000002,0.00002311
2025-09-04T08:00:00Z,1756972800000,-0.00002012
2025-09-04T16:00:00Z,1757001600000,-0.00002527
2025-09-05T00:00:00Z,1757030400001,-0.00005540
2025-09-05T08:00:00Z,1757059200006,-0.00003456
2025-09-05T16:00:00Z,1757088000000,0.00002866
2025-09-06T00:00:00Z,1757116800000,-0.00002104
2025-09-06T08:00:00Z,1757145600005,0.00003956
2025-09-06T16:00:00Z,1757174400000,0.00004060
2025-09-07T00:00:00Z,1757203200000,0.00005946
2025-09-07T08:00:00Z,1757232000000,0.00008938
2025-09-07T16:00:00Z,1757260800000,0.00003335
2025-09-08T00:00:00Z,1757289600007,0.00002556
2025-09-08T08:00:00Z,1757318400000,0.00002063
2025-09-08T16:00:00Z,1757347200000,0.00009082
2025-09-09T00:00:00Z,1757376000000,0.00004706
2025-09-09T08:00:00Z,1757404800000,0.00010000
2025-09-09T16:00:00Z,1757433600000,0.00006645
2025-09-10T00:00:00Z,1757462400000,0.00006156
2025-09-10T08:00:00Z,1757491200002,0.00008820
2025-09-10T16:00:00Z,1757520000000,0.00010000
2025-09-11T00:00:00Z,1757548800000,0.00001341
2025-09-11T08:00:00Z,1757577600000,0.00010000
2025-09-11T16:00:00Z,1757606400001,0.00008501
2025-09-12T00:00:00Z,1757635200002,0.00004858
2025-09-12T08:00:00Z,1757664000001,0.00010000
2025-09-12T16:00:00Z,1757692800005,0.00010000
2025-09-13T00:00:00Z,1757721600005,0.00010000
2025-09-13T08:00:00Z,1757750400002,0.00009815
2025-09-13T16:00:00Z,1757779200000,0.00010000
2025-09-14T00:00:00Z,1757808000006,0.00000375
2025-09-14T08:00:00Z,1757836800000,0.00008307
2025-09-14T16:00:00Z,1757865600001,0.00005553
2025-09-15T00:00:00Z,1757894400006,0.00007366
2025-09-15T08:00:00Z,1757923200002,0.00006603
2025-09-15T16:00:00Z,1757952000001,0.00003563
2025-09-16T00:00:00Z,1757980800001,0.00004540
2025-09-16T08:00:00Z,1758009600000,0.00004526
2025-09-16T16:00:00Z,1758038400000,0.00002037
2025-09-17T00:00:00Z,1758067200001,0.00002419
2025-09-17T08:00:00Z,1758096000000,0.00005358
2025-09-17T16:00:00Z,1758124800003,0.00004406
2025-09-18T00:00:00Z,1758153600006,0.00005150
2025-09-18T08:00:00Z,1758182400002,0.00004292
2025-09-18T16:00:00Z,1758211200000,0.00001971
2025-09-19T00:00:00Z,1758240000000,0.00005745
2025-09-19T08:00:00Z,1758268800005,-0.00000904
2025-09-19T16:00:00Z,1758297600000,-0.00004324
2025-09-20T00:00:00Z,1758326400000,-0.00004366
2025-09-20T08:00:00Z,1758355200000,-0.00000597
2025-09-20T16:00:00Z,1758384000002,0.00004189
2025-09-21T00:00:00Z,1758412800000,-0.00002372
2025-09-21T08:00:00Z,1758441600000,0.00004828
2025-09-21T16:00:00Z,1758470400000,0.00003039
2025-09-22T00:00:00Z,1758499200005,-0.00002051
2025-09-22T08:00:00Z,1758528000003,-0.00000518
2025-09-22T16:00:00Z,1758556800000,0.00000508
2025-09-23T00:00:00Z,1758585600000,-0.00000193
2025-09-23T08:00:00Z,1758614400001,0.00005594
2025-09-23T16:00:00Z,1758643200000,-0.00002189
2025-09-24T00:00:00Z,1758672000003,0.00000973
2025-09-24T08:00:00Z,1758700800001,0.00000719
2025-09-24T16:00:00Z,1758729600002,-0.00003616
2025-09-25T00:00:00Z,1758758400000,-0.00008602
2025-09-25T08:00:00Z,1758787200001,-0.00008110
2025-09-25T16:00:00Z,1758816000000,0.00010000
2025-09-26T00:00:00Z,1758844800000,0.00008976
2025-09-26T08:00:00Z,1758873600000,0.00003202
2025-09-26T16:00:00Z,1758902400008,0.00004775
2025-09-27T00:00:00Z,1758931200000,-0.00001608
2025-09-27T08:00:00Z,1758960000010,0.00004387
2025-09-27T16:00:00Z,1758988800003,0.00010000
2025-09-28T00:00:00Z,1759017600000,0.00007975
2025-09-28T08:00:00Z,1759046400000,0.00004229
2025-09-28T16:00:00Z,1759075200000,0.00008200
2025-09-29T00:00:00Z,1759104000000,0.00003512
2025-09-29T08:00:00Z,1759132800002,0.00003842
2025-09-29T16:00:00Z,1759161600001,-0.00003490
2025-09-30T00:00:00Z,1759190400002,0.00000916
2025-09-30T08:00:00Z,1759219200005,-0.00001307
2025-09-30T16:00:00Z,1759248000000,0.00000472
2025-10-01T00:00:00Z,1759276800000,-0.00001572
2025-10-01T08:00:00Z,1759305600000,0.00002569
2025-10-01T16:00:00Z,1759334400000,-0.00000744
2025-10-02T00:00:00Z,1759363200000,0.00001487
2025-10-02T08:00:00Z,1759392000013,0.00003033
2025-10-02T16:00:00Z,1759420800000,0.00003733
2025-10-03T00:00:00Z,1759449600006,0.00001312
2025-10-03T08:00:00Z,1759478400006,0.00007933
2025-10-03T16:00:00Z,1759507200000,0.00005593
2025-10-04T00:00:00Z,1759536000001,0.00005570
2025-10-04T08:00:00Z,1759564800000,0.00000725
2025-10-04T16:00:00Z,1759593600000,0.00004800
2025-10-05T00:00:00Z,1759622400000,0.00005761
2025-10-05T08:00:00Z,1759651200003,0.00010000
2025-10-05T16:00:00Z,1759680000009,0.00009708
2025-10-06T00:00:00Z,1759708800004,0.00007894
2025-10-06T08:00:00Z,1759737600002,0.00010000
2025-10-06T16:00:00Z,1759766400004,0.00010000
2025-10-07T00:00:00Z,1759795200000,0.00010000
2025-10-07T08:00:00Z,1759824000003,0.00010000
2025-10-07T16:00:00Z,1759852800000,0.00010000
2025-10-08T00:00:00Z,1759881600000,0.00001254
2025-10-08T08:00:00Z,1759910400006,0.00006038
2025-10-08T16:00:00Z,1759939200002,0.00001261
2025-10-09T00:00:00Z,1759968000001,0.00003613
2025-10-09T08:00:00Z,1759996800000,-0.00000226
2025-10-09T16:00:00Z,1760025600000,0.00005752
2025-10-10T00:00:00Z,1760054400005,0.00002565
2025-10-10T08:00:00Z,1760083200002,0.00002511
2025-10-10T16:00:00Z,1760112000014,-0.00005147
2025-10-11T00:00:00Z,1760140800000,0.00010000
2025-10-11T08:00:00Z,1760169600003,-0.00013094
2025-10-11T16:00:00Z,1760198400000,-0.00000173
2025-10-12T00:00:00Z,1760227200004,-0.00006965
2025-10-12T08:00:00Z,1760256000002,0.00000839
2025-10-12T16:00:00Z,1760284800000,-0.00004563
2025-10-13T00:00:00Z,1760313600003,-0.00002591
2025-10-13T08:00:00Z,1760342400002,0.00005255
2025-10-13T16:00:00Z,1760371200003,0.00005202
2025-10-14T00:00:00Z,1760400000000,0.00005602
2025-10-14T08:00:00Z,1760428800000,0.00000352
2025-10-14T16:00:00Z,1760457600000,0.00002693
2025-10-15T00:00:00Z,1760486400006,0.00001420
2025-10-15T08:00:00Z,1760515200002,0.00004258
2025-10-15T16:00:00Z,1760544000000,0.00002500
2025-10-16T00:00:00Z,1760572800000,-0.00000499
2025-10-16T08:00:00Z,1760601600003,0.00000765
2025-10-16T16:00:00Z,1760630400002,0.00000618
2025-10-17T00:00:00Z,1760659200001,0.00003354
2025-10-17T08:00:00Z,1760688000005,0.00005630
2025-10-17T16:00:00Z,1760716800003,0.00002963
2025-10-18T00:00:00Z,1760745600000,0.00001423
2025-10-18T08:00:00Z,1760774400002,0.00001510
2025-10-18T16:00:00Z,1760803200001,0.00006086
2025-10-19T00:00:00Z,1760832000001,0.00006239
2025-10-19T08:00:00Z,1760860800001,0.00002101
2025-10-19T16:00:00Z,1760889600001,0.00003514
2025-10-20T00:00:00Z,1760918400004,0.00002481
2025-10-20T08:00:00Z,1760947200001,0.00005413
2025-10-20T16:00:00Z,1760976000000,0.00005999
2025-10-21T00:00:00Z,1761004800009,0.00003530
2025-10-21T08:00:00Z,1761033600000,0.00000047
2025-10-21T16:00:00Z,1761062400000,0.00007724
2025-10-22T00:00:00Z,1761091200004,-0.00002491
2025-10-22T08:00:00Z,1761120000000,0.00002192
2025-10-22T16:00:00Z,1761148800000,0.00002392
2025-10-23T00:00:00Z,1761177600000,0.00000529
2025-10-23T08:00:00Z,1761206400001,0.00004173
2025-10-23T16:00:00Z,1761235200004,0.00005185
2025-10-24T00:00:00Z,1761264000000,0.00000888
2025-10-24T08:00:00Z,1761292800000,0.00009418
2025-10-24T16:00:00Z,1761321600009,0.00003074
2025-10-25T00:00:00Z,1761350400000,0.00001282
2025-10-25T08:00:00Z,1761379200001,0.00001546
2025-10-25T16:00:00Z,1761408000001,0.00006413
2025-10-26T00:00:00Z,1761436800001,0.00010000
2025-10-26T08:00:00Z,1761465600001,0.00002079
2025-10-26T16:00:00Z,1761494400000,0.00010000
2025-10-27T00:00:00Z,1761523200000,0.00010000
2025-10-27T08:00:00Z,1761552000005,0.00010000
2025-10-27T16:00:00Z,1761580800000,0.00007827
2025-10-28T00:00:00Z,1761609600000,0.00003936
2025-10-28T08:00:00Z,1761638400000,0.00004615
2025-10-28T16:00:00Z,1761667200004,0.00001796
2025-10-29T00:00:00Z,1761696000004,-0.00005159
2025-10-29T08:00:00Z,1761724800005,-0.00001008
2025-10-29T16:00:00Z,1761753600000,0.00003915
2025-10-30T00:00:00Z,1761782400004,-0.00003389
2025-10-30T08:00:00Z,1761811200008,-0.00002243
2025-10-30T16:00:00Z,1761840000001,-0.00006394
2025-10-31T00:00:00Z,1761868800000,0.00003219
2025-10-31T08:00:00Z,1761897600008,0.00007777
2025-10-31T16:00:00Z,1761926400007,-0.00001283
2025-11-01T00:00:00Z,1761955200001,0.00006032
2025-11-01T08:00:00Z,1761984000000,0.00007748
2025-11-01T16:00:00Z,1762012800000,0.00010000
2025-11-02T00:00:00Z,1762041600007,0.00006688
2025-11-02T08:00:00Z,1762070400000,0.00009258
2025-11-02T16:00:00Z,1762099200001,0.00003269
2025-11-03T00:00:00Z,1762128000000,0.00008937
2025-11-03T08:00:00Z,1762156800010,0.00002373
2025-11-03T16:00:00Z,1762185600000,0.00000524
2025-11-04T00:00:00Z,1762214400002,0.00007890
2025-11-04T08:00:00Z,1762243200004,0.00008984
2025-11-04T16:00:00Z,1762272000000,0.00004875
2025-11-05T00:00:00Z,1762300800000,0.00001174
2025-11-05T08:00:00Z,1762329600000,0.00000656
2025-11-05T16:00:00Z,1762358400004,0.00004337
2025-11-06T00:00:00Z,1762387200001,0.00004919
2025-11-06T08:00:00Z,1762416000000,0.00004986
2025-11-06T16:00:00Z,1762444800001,0.00000071
2025-11-07T00:00:00Z,1762473600005,0.00007583
2025-11-07T08:00:00Z,1762502400003,0.00004780
2025-11-07T16:00:00Z,1762531200005,0.00008277
2025-11-08T00:00:00Z,1762560000011,0.00007722
2025-11-08T08:00:00Z,1762588800015,0.00008414
2025-11-08T16:00:00Z,1762617600001,0.00006487
2025-11-09T00:00:00Z,1762646400004,0.00001158
2025-11-09T08:00:00Z,1762675200000,0.00006622
2025-11-09T16:00:00Z,1762704000005,0.00004710
2025-11-10T00:00:00Z,1762732800000,0.00003686
2025-11-10T08:00:00Z,1762761600000,0.00009099
2025-11-10T16:00:00Z,1762790400003,0.00007806
2025-11-11T00:00:00Z,1762819200007,0.00002962
2025-11-11T08:00:00Z,1762848000000,-0.00002557
2025-11-11T16:00:00Z,1762876800009,0.00002827
2025-11-12T00:00:00Z,1762905600000,0.00003618
2025-11-12T08:00:00Z,1762934400002,-0.00003940
2025-11-12T16:00:00Z,1762963200000,0.00007040
2025-11-13T00:00:00Z,1762992000002,0.00006967
2025-11-13T08:00:00Z,1763020800000,0.00010000
2025-11-13T16:00:00Z,1763049600001,0.00002321
2025-11-14T00:00:00Z,1763078400000,-0.00000382
2025-11-14T08:00:00Z,1763107200000,0.00003573
2025-11-14T16:00:00Z,1763136000001,0.00007962
2025-11-15T00:00:00Z,1763164800005,0.00004979
2025-11-15T08:00:00Z,1763193600000,0.00004397
2025-11-15T16:00:00Z,1763222400001,0.00004679
2025-11-16T00:00:00Z,1763251200001,0.00010000
2025-11-16T08:00:00Z,1763280000000,0.00010000
2025-11-16T16:00:00Z,1763308800000,0.00007779
2025-11-17T00:00:00Z,1763337600003,0.00010000
2025-11-17T08:00:00Z,1763366400003,0.00010000
2025-11-17T16:00:00Z,1763395200000,0.00005992
2025-11-18T00:00:00Z,1763424000002,0.00009056
2025-11-18T08:00:00Z,1763452800004,0.00010000
2025-11-18T16:00:00Z,1763481600000,0.00005928
2025-11-19T00:00:00Z,1763510400000,0.00010000
2025-11-19T08:00:00Z,1763539200000,0.00006727
2025-11-19T16:00:00Z,1763568000008,0.00003204
2025-11-20T00:00:00Z,1763596800000,0.00007097
2025-11-20T08:00:00Z,1763625600000,0.00007838
2025-11-20T16:00:00Z,1763654400000,0.00006788
2025-11-21T00:00:00Z,1763683200001,0.00003335
2025-11-21T08:00:00Z,1763712000000,0.00001947
2025-11-21T16:00:00Z,1763740800001,0.00005440
2025-11-22T00:00:00Z,1763769600004,0.00001859
2025-11-22T08:00:00Z,1763798400000,0.00007195
2025-11-22T16:00:00Z,1763827200000,0.00004657
2025-11-23T00:00:00Z,1763856000000,0.00006445
2025-11-23T08:00:00Z,1763884800008,-0.00002356
2025-11-23T16:00:00Z,1763913600003,-0.00000587
2025-11-24T00:00:00Z,1763942400004,-0.00000010
2025-11-24T08:00:00Z,1763971200000,0.00007615
2025-11-24T16:00:00Z,1764000000006,0.00004931
2025-11-25T00:00:00Z,1764028800000,0.00004020
2025-11-25T08:00:00Z,1764057600009,0.00003624
2025-11-25T16:00:00Z,1764086400007,0.00000556
2025-11-26T00:00:00Z,1764115200001,0.00004707
2025-11-26T08:00:00Z,1764144000001,-0.00000920
2025-11-26T16:00:00Z,1764172800000,0.00001886
2025-11-27T00:00:00Z,1764201600013,0.00002467
2025-11-27T08:00:00Z,1764230400000,0.00001646
2025-11-27T16:00:00Z,1764259200004,0.00000988
2025-11-28T00:00:00Z,1764288000008,-0.00000145
2025-11-28T08:00:00Z,1764316800000,0.00002638
2025-11-28T16:00:00Z,1764345600008,-0.00000903
2025-11-29T00:00:00Z,1764374400000,0.00002574
2025-11-29T08:00:00Z,1764403200005,0.00000510
2025-11-29T16:00:00Z,1764432000001,-0.00000152
2025-11-30T00:00:00Z,1764460800003,0.00007916
2025-11-30T08:00:00Z,1764489600000,0.00004019
2025-11-30T16:00:00Z,1764518400004,0.00003707
2025-12-01T00:00:00Z,1764547200000,0.00005374
2025-12-01T08:00:00Z,1764576000004,0.00007757
2025-12-01T16:00:00Z,1764604800000,-0.00002535
2025-12-02T00:00:00Z,1764633600004,0.00006949
2025-12-02T08:00:00Z,1764662400000,0.00005552
2025-12-02T16:00:00Z,1764691200000,0.00004147
2025-12-03T00:00:00Z,1764720000000,0.00004698
2025-12-03T08:00:00Z,1764748800000,0.00001107
2025-12-03T16:00:00Z,1764777600005,0.00005015
2025-12-04T00:00:00Z,1764806400012,0.00006305
2025-12-04T08:00:00Z,1764835200000,0.00010000
2025-12-04T16:00:00Z,1764864000011,0.00009628
2025-12-05T00:00:00Z,1764892800000,0.00002405
2025-12-05T08:00:00Z,1764921600000,0.00009771
2025-12-05T16:00:00Z,1764950400010,0.00004884
2025-12-06T00:00:00Z,1764979200001,0.00004481
2025-12-06T08:00:00Z,1765008000001,0.00000455
2025-12-06T16:00:00Z,1765036800008,0.00003188
2025-12-07T00:00:00Z,1765065600000,0.00003716
2025-12-07T08:00:00Z,1765094400004,-0.00000974
2025-12-07T16:00:00Z,1765123200000,0.00001448
2025-12-08T00:00:00Z,1765152000000,0.00002807
2025-12-08T08:00:00Z,1765180800000,0.00007240
2025-12-08T16:00:00Z,1765209600001,0.00004139
2025-12-09T00:00:00Z,1765238400001,0.00005283
2025-12-09T08:00:00Z,1765267200001,0.00006214
2025-12-09T16:00:00Z,1765296000007,0.00003873
2025-12-10T00:00:00Z,1765324800007,0.00010000
2025-12-10T08:00:00Z,1765353600002,0.00007429
2025-12-10T16:00:00Z,1765382400012,0.00003462
2025-12-11T00:00:00Z,1765411200001,0.00006920
2025-12-11T08:00:00Z,1765440000000,0.00000138
2025-12-11T16:00:00Z,1765468800000,0.00002616
2025-12-12T00:00:00Z,1765497600005,-0.00000248
2025-12-12T08:00:00Z,1765526400007,0.00003217
2025-12-12T16:00:00Z,1765555200002,-0.00000236
2025-12-13T00:00:00Z,1765584000001,0.00000107
2025-12-13T08:00:00Z,1765612800006,-0.00001354
2025-12-13T16:00:00Z,1765641600000,0.00003292
2025-12-14T00:00:00Z,1765670400000,0.00008266
2025-12-14T08:00:00Z,1765699200003,0.00004872
2025-12-14T16:00:00Z,1765728000005,0.00008259
2025-12-15T00:00:00Z,1765756800000,0.00006154
2025-12-15T08:00:00Z,1765785600000,0.00003415
2025-12-15T16:00:00Z,1765814400000,0.00002051
2025-12-16T00:00:00Z,1765843200002,-0.00000641
2025-12-16T08:00:00Z,1765872000000,0.00002281
2025-12-16T16:00:00Z,1765900800002,-0.00001870
2025-12-17T00:00:00Z,1765929600004,0.00000352
2025-12-17T08:00:00Z,1765958400000,0.00003718
2025-12-17T16:00:00Z,1765987200000,0.00000086
2025-12-18T00:00:00Z,1766016000005,-0.00001833
2025-12-18T08:00:00Z,1766044800007,-0.00003186
2025-12-18T16:00:00Z,1766073600001,0.00005890
2025-12-19T00:00:00Z,1766102400000,0.00005783
2025-12-19T08:00:00Z,1766131200001,0.00007285
2025-12-19T16:00:00Z,1766160000000,0.00009196
2025-12-20T00:00:00Z,1766188800005,0.00001997
2025-12-20T08:00:00Z,1766217600000,0.00001909
2025-12-20T16:00:00Z,1766246400002,0.00000903
2025-12-21T00:00:00Z,1766275200000,0.00001836
2025-12-21T08:00:00Z,1766304000009,0.00004198
2025-12-21T16:00:00Z,1766332800000,0.00000337
2025-12-22T00:00:00Z,1766361600000,-0.00002332
2025-12-22T08:00:00Z,1766390400005,0.00000576
2025-12-22T16:00:00Z,1766419200009,-0.00000569
2025-12-23T00:00:00Z,1766448000000,0.00003812
2025-12-23T08:00:00Z,1766476800000,0.00006790
2025-12-23T16:00:00Z,1766505600001,0.00002640
2025-12-24T00:00:00Z,1766534400001,0.00002584
2025-12-24T08:00:00Z,1766563200001,0.00006186
2025-12-24T16:00:00Z,1766592000000,0.00005629
2025-12-25T00:00:00Z,1766620800000,0.00006527
2025-12-25T08:00:00Z,1766649600001,0.00006688
2025-12-25T16:00:00Z,1766678400005,0.00004970
2025-12-26T00:00:00Z,1766707200004,0.00005028
2025-12-26T08:00:00Z,1766736000001,0.00006473
2025-12-26T16:00:00Z,1766764800007,0.00003451
2025-12-27T00:00:00Z,1766793600000,0.00004038
2025-12-27T08:00:00Z,1766822400000,-0.00000519
2025-12-27T16:00:00Z,1766851200011,0.00008133
2025-12-28T00:00:00Z,1766880000008,0.00005105
2025-12-28T08:00:00Z,1766908800000,0.00007910
2025-12-28T16:00:00Z,1766937600000,0.00004862
2025-12-29T00:00:00Z,1766966400016,0.00009172
2025-12-29T08:00:00Z,1766995200001,0.00008496
2025-12-29T16:00:00Z,1767024000000,0.00001862
2025-12-30T00:00:00Z,1767052800005,-0.00001536
2025-12-30T08:00:00Z,1767081600001,0.00003920
2025-12-30T16:00:00Z,1767110400003,0.00010000
2025-12-31T00:00:00Z,1767139200004,0.00005157
2025-12-31T08:00:00Z,1767168000001,0.00001205
2025-12-31T16:00:00Z,1767196800001,0.00003527
2026-01-01T00:00:00Z,1767225600008,0.00010000
2026-01-01T08:00:00Z,1767254400002,0.00008799
2026-01-01T16:00:00Z,1767283200001,-0.00000560
2026-01-02T00:00:00Z,1767312000006,0.00005053
2026-01-02T08:00:00Z,1767340800007,0.00003090
2026-01-02T16:00:00Z,1767369600000,0.00010000
2026-01-03T00:00:00Z,1767398400001,0.00005187
2026-01-03T08:00:00Z,1767427200000,0.00003421
2026-01-03T16:00:00Z,1767456000000,0.00003231
2026-01-04T00:00:00Z,1767484800000,0.00007598
2026-01-04T08:00:00Z,1767513600000,0.00000212
2026-01-04T16:00:00Z,1767542400001,0.00007231
2026-01-05T00:00:00Z,1767571200000,0.00007926
2026-01-05T08:00:00Z,1767600000000,0.00000966
2026-01-05T16:00:00Z,1767628800000,0.00005085
2026-01-06T00:00:00Z,1767657600010,0.00008035
2026-01-06T08:00:00Z,1767686400000,0.00006876
2026-01-06T16:00:00Z,1767715200000,0.00004250
2026-01-07T00:00:00Z,1767744000001,0.00007658
2026-01-07T08:00:00Z,1767772800001,0.00007268
2026-01-07T16:00:00Z,1767801600001,0.00003902
2026-01-08T00:00:00Z,1767830400001,0.00007044
2026-01-08T08:00:00Z,1767859200000,0.00007658
2026-01-08T16:00:00Z,1767888000000,0.00000049
2026-01-09T00:00:00Z,1767916800003,0.00006634
2026-01-09T08:00:00Z,1767945600000,0.00003789
2026-01-09T16:00:00Z,1767974400001,0.00005562
2026-01-10T00:00:00Z,1768003200000,0.00008959
2026-01-10T08:00:00Z,1768032000002,0.00010000
2026-01-10T16:00:00Z,1768060800001,0.00005277
2026-01-11T00:00:00Z,1768089600003,0.00009824
2026-01-11T08:00:00Z,1768118400006,0.00006573
2026-01-11T16:00:00Z,1768147200000,0.00005876
2026-01-12T00:00:00Z,1768176000005,0.00010000
2026-01-12T08:00:00Z,1768204800000,0.00003472
2026-01-12T16:00:00Z,1768233600000,0.00006663
2026-01-13T00:00:00Z,1768262400007,0.00004704
2026-01-13T08:00:00Z,1768291200009,0.00009164
2026-01-13T16:00:00Z,1768320000002,0.00002672
2026-01-14T00:00:00Z,1768348800000,0.00010000
2026-01-14T08:00:00Z,1768377600001,0.00010000
2026-01-14T16:00:00Z,1768406400004,0.00008331
2026-01-15T00:00:00Z,1768435200000,0.00005358
2026-01-15T08:00:00Z,1768464000004,0.00000658
2026-01-15T16:00:00Z,1768492800002,0.00009722
2026-01-16T00:00:00Z,1768521600000,0.00003284
2026-01-16T08:00:00Z,1768550400000,0.00003558
2026-01-16T16:00:00Z,1768579200001,0.00002767
2026-01-17T00:00:00Z,1768608000000,0.00008371
2026-01-17T08:00:00Z,1768636800000,0.00008079
2026-01-17T16:00:00Z,1768665600002,0.00006017
2026-01-18T00:00:00Z,1768694400001,0.00003761
2026-01-18T08:00:00Z,1768723200000,0.00001351
2026-01-18T16:00:00Z,1768752000000,0.00002477
2026-01-19T00:00:00Z,1768780800007,0.00005221
2026-01-19T08:00:00Z,1768809600007,-0.00001140
2026-01-19T16:00:00Z,1768838400007,0.00001428
2026-01-20T00:00:00Z,1768867200005,0.00008611
2026-01-20T08:00:00Z,1768896000001,0.00006101
2026-01-20T16:00:00Z,1768924800009,0.00001232
2026-01-21T00:00:00Z,1768953600001,0.00000552
2026-01-21T08:00:00Z,1768982400011,0.00000530
2026-01-21T16:00:00Z,1769011200011,0.00001113
2026-01-22T00:00:00Z,1769040000010,0.00002119
2026-01-22T08:00:00Z,1769068800003,0.00007681
2026-01-22T16:00:00Z,1769097600005,-0.00002933
2026-01-23T00:00:00Z,1769126400005,0.00001674
2026-01-23T08:00:00Z,1769155200000,0.00002868
2026-01-23T16:00:00Z,1769184000011,0.00005045
2026-01-24T00:00:00Z,1769212800011,0.00003675
2026-01-24T08:00:00Z,1769241600002,0.00001171
2026-01-24T16:00:00Z,1769270400001,0.00001292
2026-01-25T00:00:00Z,1769299200002,0.00004065
2026-01-25T08:00:00Z,1769328000011,0.00006759
2026-01-25T16:00:00Z,1769356800005,0.00004059
2026-01-26T00:00:00Z,1769385600000,-0.00013629
2026-01-26T08:00:00Z,1769414400003,0.00006540
2026-01-26T16:00:00Z,1769443200000,0.00001326
2026-01-27T00:00:00Z,1769472000002,0.00007255
2026-01-27T08:00:00Z,1769500800000,0.00008694
2026-01-27T16:00:00Z,1769529600000,0.00009488
2026-01-28T00:00:00Z,1769558400000,0.00008698
2026-01-28T08:00:00Z,1769587200000,0.00009559
2026-01-28T16:00:00Z,1769616000000,0.00004501
2026-01-29T00:00:00Z,1769644800000,0.00004731
2026-01-29T08:00:00Z,1769673600009,0.00004078
2026-01-29T16:00:00Z,1769702400000,-0.00001167
2026-01-30T00:00:00Z,1769731200008,0.00000473
2026-01-30T08:00:00Z,1769760000000,-0.00000308
2026-01-30T16:00:00Z,1769788800001,-0.00000056
2026-01-31T00:00:00Z,1769817600000,-0.00007003
2026-01-31T08:00:00Z,1769846400001,0.00001854
2026-01-31T16:00:00Z,1769875200009,-0.00008908
2026-02-01T00:00:00Z,1769904000001,-0.00016427
2026-02-01T08:00:00Z,1769932800004,0.00001415
2026-02-01T16:00:00Z,1769961600000,-0.00007308
2026-02-02T00:00:00Z,1769990400000,-0.00015302
2026-02-02T08:00:00Z,1770019200014,-0.00008208
2026-02-02T16:00:00Z,1770048000000,-0.00010921
2026-02-03T00:00:00Z,1770076800000,-0.00015482
2026-02-03T08:00:00Z,1770105600007,0.00001010
2026-02-03T16:00:00Z,1770134400000,-0.00003903
2026-02-04T00:00:00Z,1770163200002,-0.00002474
2026-02-04T08:00:00Z,1770192000007,0.00002076
2026-02-04T16:00:00Z,1770220800000,-0.00006117
2026-02-05T00:00:00Z,1770249600011,0.00005503
2026-02-05T08:00:00Z,1770278400000,-0.00000504
2026-02-05T16:00:00Z,1770307200007,-0.00007797
2026-02-06T00:00:00Z,1770336000000,-0.00027709
2026-02-06T08:00:00Z,1770364800001,-0.00008430
2026-02-06T16:00:00Z,1770393600000,0.00001852
2026-02-07T00:00:00Z,1770422400003,0.00010000
2026-02-07T08:00:00Z,1770451200000,-0.00000183
2026-02-07T16:00:00Z,1770480000010,0.00001636
2026-02-08T00:00:00Z,1770508800003,0.00002665
2026-02-08T08:00:00Z,1770537600000,-0.00003046
2026-02-08T16:00:00Z,1770566400000,-0.00005398
2026-02-09T00:00:00Z,1770595200002,-0.00004033
2026-02-09T08:00:00Z,1770624000001,-0.00004865
2026-02-09T16:00:00Z,1770652800007,-0.00000334
2026-02-10T00:00:00Z,1770681600000,0.00004269
2026-02-10T08:00:00Z,1770710400007,-0.00015210
2026-02-10T16:00:00Z,1770739200000,-0.00019437
2026-02-11T00:00:00Z,1770768000000,-0.00008436
2026-02-11T08:00:00Z,1770796800006,-0.00012968
2026-02-11T16:00:00Z,1770825600000,-0.00012326
2026-02-12T00:00:00Z,1770854400000,-0.00002549
2026-02-12T08:00:00Z,1770883200001,0.00002239
2026-02-12T16:00:00Z,1770912000001,-0.00004103
2026-02-13T00:00:00Z,1770940800007,-0.00010652
2026-02-13T08:00:00Z,1770969600003,-0.00002874
2026-02-13T16:00:00Z,1770998400005,0.00004260
2026-02-14T00:00:00Z,1771027200002,-0.00000268
2026-02-14T08:00:00Z,1771056000004,0.00001442
2026-02-14T16:00:00Z,1771084800002,-0.00001921
2026-02-15T00:00:00Z,1771113600000,-0.00006367
2026-02-15T08:00:00Z,1771142400002,0.00006204
2026-02-15T16:00:00Z,1771171200000,-0.00007550
2026-02-16T00:00:00Z,1771200000001,-0.00005314
2026-02-16T08:00:00Z,1771228800003,-0.00005925
2026-02-16T16:00:00Z,1771257600000,-0.00003499
2026-02-17T00:00:00Z,1771286400008,0.00005298
2026-02-17T08:00:00Z,1771315200001,0.00000843
2026-02-17T16:00:00Z,1771344000002,-0.00004733
2026-02-18T00:00:00Z,1771372800000,0.00001121
2026-02-18T08:00:00Z,1771401600000,-0.00003783
2026-02-18T16:00:00Z,1771430400011,-0.00000866
2026-02-19T00:00:00Z,1771459200013,-0.00010561
2026-02-19T08:00:00Z,1771488000000,-0.00003009
2026-02-19T16:00:00Z,1771516800003,-0.00007865
2026-02-20T00:00:00Z,1771545600000,-0.00004637
2026-02-20T08:00:00Z,1771574400000,-0.00003190
2026-02-20T16:00:00Z,1771603200000,-0.00007160
2026-02-21T00:00:00Z,1771632000004,0.00003050
2026-02-21T08:00:00Z,1771660800000,0.00004592
2026-02-21T16:00:00Z,1771689600005,0.00006628
2026-02-22T00:00:00Z,1771718400001,0.00003845
2026-02-22T08:00:00Z,1771747200004,0.00001584
2026-02-22T16:00:00Z,1771776000000,-0.00004379
2026-02-23T00:00:00Z,1771804800001,-0.00003343
2026-02-23T08:00:00Z,1771833600000,-0.00036526
2026-02-23T16:00:00Z,1771862400000,0.00001654
2026-02-24T00:00:00Z,1771891200007,0.00002610
2026-02-24T08:00:00Z,1771920000000,-0.00004446
2026-02-24T16:00:00Z,1771948800001,-0.00002974
2026-02-25T00:00:00Z,1771977600001,-0.00002455
2026-02-25T08:00:00Z,1772006400007,0.00004558
2026-02-25T16:00:00Z,1772035200000,0.00005753
2026-02-26T00:00:00Z,1772064000000,0.00007787
2026-02-26T08:00:00Z,1772092800006,-0.00002591
2026-02-26T16:00:00Z,1772121600002,0.00003926
2026-02-27T00:00:00Z,1772150400007,0.00001390
2026-02-27T08:00:00Z,1772179200000,0.00000334
2026-02-27T16:00:00Z,1772208000001,-0.00011015
2026-02-28T00:00:00Z,1772236800000,-0.00008821
2026-02-28T08:00:00Z,1772265600000,-0.00009456
2026-02-28T16:00:00Z,1772294400004,-0.00007186
2026-03-01T00:00:00Z,1772323200005,-0.00003406
2026-03-01T08:00:00Z,1772352000000,0.00004986
2026-03-01T16:00:00Z,1772380800002,0.00005291
2026-03-02T00:00:00Z,1772409600001,-0.00007621
2026-03-02T08:00:00Z,1772438400007,-0.00004310
2026-03-02T16:00:00Z,1772467200000,-0.00006736
2026-03-03T00:00:00Z,1772496000000,0.00004930
2026-03-03T08:00:00Z,1772524800000,-0.00002809
2026-03-03T16:00:00Z,1772553600007,-0.00009532
2026-03-04T00:00:00Z,1772582400001,-0.00000392
2026-03-04T08:00:00Z,1772611200005,-0.00007107
2026-03-04T16:00:00Z,1772640000000,0.00006615
2026-03-05T00:00:00Z,1772668800000,-0.00001331
2026-03-05T08:00:00Z,1772697600000,-0.00000837
2026-03-05T16:00:00Z,1772726400004,-0.00001463
2026-03-06T00:00:00Z,1772755200001,0.00004376
2026-03-06T08:00:00Z,1772784000001,-0.00002383
2026-03-06T16:00:00Z,1772812800004,-0.00009858
2026-03-07T00:00:00Z,1772841600001,-0.00004995
2026-03-07T08:00:00Z,1772870400012,-0.00000916
2026-03-07T16:00:00Z,1772899200001,-0.00002260
2026-03-08T00:00:00Z,1772928000001,-0.00004775
2026-03-08T08:00:00Z,1772956800000,-0.00008766
2026-03-08T16:00:00Z,1772985600002,-0.00007522
2026-03-09T00:00:00Z,1773014400000,-0.00022545
2026-03-09T08:00:00Z,1773043200004,0.00002557
2026-03-09T16:00:00Z,1773072000003,0.00005482
2026-03-10T00:00:00Z,1773100800012,0.00004253
2026-03-10T08:00:00Z,1773129600002,0.00005082
2026-03-10T16:00:00Z,1773158400001,0.00002672
2026-03-11T00:00:00Z,1773187200000,-0.00000394
2026-03-11T08:00:00Z,1773216000007,-0.00000074
2026-03-11T16:00:00Z,1773244800010,0.00002992
2026-03-12T00:00:00Z,1773273600000,0.00000902
2026-03-12T08:00:00Z,1773302400000,-0.00006811
2026-03-12T16:00:00Z,1773331200000,-0.00001513
2026-03-13T00:00:00Z,1773360000006,0.00002264
2026-03-13T08:00:00Z,1773388800001,-0.00000063
2026-03-13T16:00:00Z,1773417600000,0.00002099
2026-03-14T00:00:00Z,1773446400001,0.00002679
2026-03-14T08:00:00Z,1773475200000,-0.00002367
2026-03-14T16:00:00Z,1773504000007,-0.00004100
2026-03-15T00:00:00Z,1773532800000,-0.00004662
2026-03-15T08:00:00Z,1773561600000,0.00001371
2026-03-15T16:00:00Z,1773590400000,0.00003459
2026-03-16T00:00:00Z,1773619200000,0.00007611
2026-03-16T08:00:00Z,1773648000010,0.00010000
2026-03-16T16:00:00Z,1773676800000,0.00007073
2026-03-17T00:00:00Z,1773705600000,0.00005155
2026-03-17T08:00:00Z,1773734400002,0.00001964
2026-03-17T16:00:00Z,1773763200011,-0.00001057
2026-03-18T00:00:00Z,1773792000002,0.00001504
2026-03-18T08:00:00Z,1773820800002,0.00001301
2026-03-18T16:00:00Z,1773849600005,-0.00001399
2026-03-19T00:00:00Z,1773878400000,-0.00000380
2026-03-19T08:00:00Z,1773907200003,-0.00000871
2026-03-19T16:00:00Z,1773936000003,0.00000066
2026-03-20T00:00:00Z,1773964800002,-0.00006348
2026-03-20T08:00:00Z,1773993600000,-0.00005947
2026-03-20T16:00:00Z,1774022400000,-0.00000072
2026-03-21T00:00:00Z,1774051200000,0.00002359
2026-03-21T08:00:00Z,1774080000000,0.00001136
2026-03-21T16:00:00Z,1774108800014,0.00002063
2026-03-22T00:00:00Z,1774137600012,-0.00001052
2026-03-22T08:00:00Z,1774166400007,0.00001140
2026-03-22T16:00:00Z,1774195200002,-0.00007418
2026-03-23T00:00:00Z,1774224000000,-0.00005929
2026-03-23T08:00:00Z,1774252800003,-0.00000316
2026-03-23T16:00:00Z,1774281600002,0.00006110
